{
  "type": "collection",
  "entry": [
    {
      "fullUrl": "urn:uuid:ffced508-ad6b-49b1-a8f9-438b610891f6",
      "resource": {
        "id": "ffced508-ad6b-49b1-a8f9-438b610891f6",
        "meta": {
          "profile": [
            "http://standardhealthrecord.org/fhir/StructureDefinition/shr-actor-Organization"
          ]
        },
        "type": [
          {
            "coding": [
              {
                "system": "http://hl7.org/fhir/organization-type",
                "code": "prov",
                "display": "Healthcare Provider"
              }
            ],
            "text": "Healthcare Provider"
          }
        ],
        "name": "HEALTHSOUTH NEW ENGLAND REH @BEVERL",
        "resourceType": "Organization"
      }
    },
    {
      "fullUrl": "urn:uuid:06eb35fc-09e6-48b4-a311-47633f6c4769",
      "resource": {
        "id": "06eb35fc-09e6-48b4-a311-47633f6c4769",
        "meta": {
          "profile": [
            "http://standardhealthrecord.org/fhir/StructureDefinition/shr-demographics-PersonOfRecord"
          ]
        },
        "text": {
          "status": "generated",
          "div": "<div xmlns=\"http://www.w3.org/1999/xhtml\">Generated by <a href=\"https://github.com/synthetichealth/synthea\">Synthea</a>. Version identifier: 368ac389f34cd3ce3986aa3a0a08e467bf574db3</div>"
        },
        "extension": [
          {
            "url": "http://hl7.org/fhir/us/core/StructureDefinition/us-core-race",
            "valueCodeableConcept": {
              "coding": [
                {
                  "system": "http://hl7.org/fhir/v3/Race",
                  "code": "2106-3",
                  "display": "White"
                }
              ],
              "text": "race"
            }
          },
          {
            "url": "http://hl7.org/fhir/us/core/StructureDefinition/us-core-ethnicity",
            "valueCodeableConcept": {
              "coding": [
                {
                  "system": "http://hl7.org/fhir/v3/Ethnicity",
                  "code": "2186-5",
                  "display": "Nonhispanic"
                }
              ],
              "text": "ethnicity"
            }
          },
          {
            "url": "http://hl7.org/fhir/StructureDefinition/birthPlace",
            "valueAddress": {
              "city": "Dover",
              "state": "MA",
              "country": "US"
            }
          },
          {
            "url": "http://hl7.org/fhir/StructureDefinition/patient-mothersMaidenName",
            "valueString": "Carolee931 Lubowitz132"
          },
          {
            "url": "http://hl7.org/fhir/us/core/StructureDefinition/us-core-birthsex",
            "valueCode": "M"
          },
          {
            "url": "http://hl7.org/fhir/StructureDefinition/patient-interpreterRequired",
            "valueBoolean": false
          },
          {
            "url": "http://standardhealthrecord.org/fhir/StructureDefinition/shr-actor-FictionalPerson-extension",
            "valueBoolean": true
          },
          {
            "url": "http://standardhealthrecord.org/fhir/StructureDefinition/shr-demographics-FathersName-extension",
            "valueHumanName": {
              "text": "Dylan775 Abbott701"
            }
          },
          {
            "url": "http://standardhealthrecord.org/fhir/StructureDefinition/shr-demographics-SocialSecurityNumber-extension",
            "valueString": "999-62-5092"
          }
        ],
        "identifier": [
          {
            "system": "https://github.com/synthetichealth/synthea",
            "value": "a7307a73-74dc-41eb-a45b-7968b561b003"
          },
          {
            "type": {
              "coding": [
                {
                  "system": "http://hl7.org/fhir/identifier-type",
                  "code": "SB"
                }
              ]
            },
            "system": "http://hl7.org/fhir/sid/us-ssn",
            "value": "999625092"
          },
          {
            "type": {
              "coding": [
                {
                  "system": "http://hl7.org/fhir/v2/0203",
                  "code": "DL"
                }
              ]
            },
            "system": "urn:oid:2.16.840.1.113883.4.3.25",
            "value": "S99980025"
          },
          {
            "type": {
              "coding": [
                {
                  "system": "http://hl7.org/fhir/v2/0203",
                  "code": "MR"
                }
              ]
            },
            "system": "http://hospital.smarthealthit.org",
            "value": "a7307a73-74dc-41eb-a45b-7968b561b003"
          }
        ],
        "name": [
          {
            "use": "official",
            "family": "Abbott701",
            "given": [
              "Norman373"
            ],
            "prefix": [
              "Mr."
            ]
          }
        ],
        "telecom": [
          {
            "system": "phone",
            "value": "1-111-783-0004",
            "use": "home"
          }
        ],
        "gender": "male",
        "birthDate": "1926-03-23",
        "deceasedDateTime": "2003-03-28T09:00:12-05:00",
        "address": [
          {
            "extension": [
              {
                "extension": [
                  {
                    "url": "latitude",
                    "valueDecimal": 42.560014297707056
                  },
                  {
                    "url": "longitude",
                    "valueDecimal": -70.88209971969428
                  }
                ],
                "url": "http://hl7.org/fhir/StructureDefinition/geolocation"
              }
            ],
            "line": [
              "25503 Willow Crossing",
              "Apt. 173"
            ],
            "city": "Beverly",
            "state": "MA",
            "postalCode": "01915",
            "country": "US"
          }
        ],
        "maritalStatus": {
          "coding": [
            {
              "system": "http://hl7.org/fhir/v3/MaritalStatus",
              "code": "M"
            }
          ],
          "text": "M"
        },
        "multipleBirthBoolean": false,
        "communication": [
          {
            "language": {
              "coding": [
                {
                  "system": "http://hl7.org/fhir/ValueSet/languages",
                  "code": "en-US",
                  "display": "English (United States)"
                }
              ]
            }
          }
        ],
        "generalPractitioner": [
          {
            "reference": "urn:uuid:ffced508-ad6b-49b1-a8f9-438b610891f6"
          }
        ],
        "resourceType": "Patient"
      }
    },
    {
      "fullUrl": "urn:uuid:051dba8c-dada-4668-954a-fc5cc8b9a09f",
      "resource": {
        "id": "051dba8c-dada-4668-954a-fc5cc8b9a09f",
        "meta": {
          "profile": [
            "http://standardhealthrecord.org/fhir/StructureDefinition/shr-encounter-Encounter"
          ]
        },
        "status": "finished",
        "class": {
          "code": "ambulatory"
        },
        "type": [
          {
            "coding": [
              {
                "system": "http://snomed.info/sct",
                "code": "308646001"
              }
            ],
            "text": "Death Certification"
          }
        ],
        "subject": {
          "reference": "urn:uuid:06eb35fc-09e6-48b4-a311-47633f6c4769"
        },
        "period": {
          "start": "2003-03-28T09:00:12-05:00",
          "end": "2003-03-28T09:15:12-05:00"
        },
        "serviceProvider": {
          "reference": "urn:uuid:ffced508-ad6b-49b1-a8f9-438b610891f6"
        },
        "resourceType": "Encounter"
      }
    },
    {
      "fullUrl": "urn:uuid:0c2f5d69-2519-43b5-acbe-d7f0aa13fcf3",
      "resource": {
        "id": "0c2f5d69-2519-43b5-acbe-d7f0aa13fcf3",
        "status": "active",
        "use": "complete",
        "patient": {
          "reference": "urn:uuid:06eb35fc-09e6-48b4-a311-47633f6c4769"
        },
        "billablePeriod": {
          "start": "2003-03-28T09:00:12-05:00",
          "end": "2003-03-28T09:15:12-05:00"
        },
        "organization": {
          "reference": {
            "reference": "urn:uuid:ffced508-ad6b-49b1-a8f9-438b610891f6"
          }
        },
        "diagnosis": [
          {
            "sequence": 1,
            "diagnosisReference": {
              "reference": "urn:uuid:9cf41ed0-522e-4dbf-b35a-5c00f466402a"
            }
          },
          {
            "sequence": 2,
            "diagnosisReference": {
              "reference": "urn:uuid:67f99b89-d104-488d-a9d0-131758139d3a"
            }
          },
          {
            "sequence": 3,
            "diagnosisReference": {
              "reference": "urn:uuid:e19daaff-b2aa-48dd-abeb-9f84d8a77883"
            }
          },
          {
            "sequence": 4,
            "diagnosisReference": {
              "reference": "urn:uuid:1ba913a9-6f14-4e89-8d1a-5791a2b9201a"
            }
          },
          {
            "sequence": 5,
            "diagnosisReference": {
              "reference": "urn:uuid:2fb5f2fb-5b9d-4634-92ed-a2fb092697b1"
            }
          },
          {
            "sequence": 6,
            "diagnosisReference": {
              "reference": "urn:uuid:a22fa701-38c2-4d5b-8511-0f61779de46a"
            }
          }
        ],
        "item": [
          {
            "sequence": 1,
            "net": {
              "value": 125.0,
              "system": "urn:iso:std:iso:4217",
              "code": "USD"
            },
            "encounter": [
              {
                "reference": {
                  "fullUrl": "urn:uuid:051dba8c-dada-4668-954a-fc5cc8b9a09f",
                  "resource": {
                    "id": "051dba8c-dada-4668-954a-fc5cc8b9a09f",
                    "meta": {
                      "profile": [
                        "http://standardhealthrecord.org/fhir/StructureDefinition/shr-encounter-Encounter"
                      ]
                    },
                    "status": "finished",
                    "class": {
                      "code": "ambulatory"
                    },
                    "type": [
                      {
                        "coding": [
                          {
                            "system": "http://snomed.info/sct",
                            "code": "308646001"
                          }
                        ],
                        "text": "Death Certification"
                      }
                    ],
                    "subject": {
                      "reference": "urn:uuid:06eb35fc-09e6-48b4-a311-47633f6c4769"
                    },
                    "period": {
                      "start": "2003-03-28T09:00:12-05:00",
                      "end": "2003-03-28T09:15:12-05:00"
                    },
                    "serviceProvider": {
                      "reference": "urn:uuid:ffced508-ad6b-49b1-a8f9-438b610891f6"
                    },
                    "resourceType": "Encounter"
                  }
                }
              }
            ]
          },
          {
            "sequence": 2,
            "diagnosisLinkId": [
              1
            ],
            "net": {
              "value": 0.0,
              "system": "urn:iso:std:iso:4217",
              "code": "USD"
            }
          },
          {
            "sequence": 3,
            "diagnosisLinkId": [
              2
            ],
            "net": {
              "value": 0.0,
              "system": "urn:iso:std:iso:4217",
              "code": "USD"
            }
          },
          {
            "sequence": 4,
            "diagnosisLinkId": [
              3
            ],
            "net": {
              "value": 0.0,
              "system": "urn:iso:std:iso:4217",
              "code": "USD"
            }
          },
          {
            "sequence": 5,
            "diagnosisLinkId": [
              4
            ],
            "net": {
              "value": 0.0,
              "system": "urn:iso:std:iso:4217",
              "code": "USD"
            }
          },
          {
            "sequence": 6,
            "diagnosisLinkId": [
              5
            ],
            "net": {
              "value": 0.0,
              "system": "urn:iso:std:iso:4217",
              "code": "USD"
            }
          },
          {
            "sequence": 7,
            "diagnosisLinkId": [
              6
            ],
            "net": {
              "value": 0.0,
              "system": "urn:iso:std:iso:4217",
              "code": "USD"
            }
          }
        ],
        "total": {
          "value": 125.0,
          "system": "urn:iso:std:iso:4217",
          "code": "USD"
        },
        "resourceType": "Claim"
      }
    },
    {
      "fullUrl": "urn:uuid:9cf41ed0-522e-4dbf-b35a-5c00f466402a",
      "resource": {
        "id": "9cf41ed0-522e-4dbf-b35a-5c00f466402a",
        "meta": {
          "profile": [
            "http://standardhealthrecord.org/fhir/StructureDefinition/shr-problem-Problem"
          ]
        },
        "clinicalStatus": "active",
        "verificationStatus": "confirmed",
        "code": {
          "coding": [
            {
              "system": "http://snomed.info/sct",
              "code": "40055000",
              "display": "Chronic sinusitis (disorder)"
            }
          ],
          "text": "Chronic sinusitis (disorder)"
        },
        "subject": {
          "reference": "urn:uuid:06eb35fc-09e6-48b4-a311-47633f6c4769"
        },
        "context": {
          "reference": "urn:uuid:051dba8c-dada-4668-954a-fc5cc8b9a09f"
        },
        "onsetDateTime": "1938-10-21T01:19:16-05:00",
        "assertedDate": "1938-10-21",
        "resourceType": "Condition"
      }
    },
    {
      "fullUrl": "urn:uuid:67f99b89-d104-488d-a9d0-131758139d3a",
      "resource": {
        "id": "67f99b89-d104-488d-a9d0-131758139d3a",
        "meta": {
          "profile": [
            "http://standardhealthrecord.org/fhir/StructureDefinition/shr-problem-Problem"
          ]
        },
        "clinicalStatus": "resolved",
        "verificationStatus": "confirmed",
        "code": {
          "coding": [
            {
              "system": "http://snomed.info/sct",
              "code": "68496003",
              "display": "Polyp of colon"
            }
          ],
          "text": "Polyp of colon"
        },
        "subject": {
          "reference": "urn:uuid:06eb35fc-09e6-48b4-a311-47633f6c4769"
        },
        "context": {
          "reference": "urn:uuid:051dba8c-dada-4668-954a-fc5cc8b9a09f"
        },
        "onsetDateTime": "1981-03-23T06:55:24-05:00",
        "abatementDateTime": "1982-05-11T21:42:17-04:00",
        "assertedDate": "1981-03-23",
        "resourceType": "Condition"
      }
    },
    {
      "fullUrl": "urn:uuid:e19daaff-b2aa-48dd-abeb-9f84d8a77883",
      "resource": {
        "id": "e19daaff-b2aa-48dd-abeb-9f84d8a77883",
        "meta": {
          "profile": [
            "http://standardhealthrecord.org/fhir/StructureDefinition/shr-problem-Problem"
          ]
        },
        "clinicalStatus": "active",
        "verificationStatus": "confirmed",
        "code": {
          "coding": [
            {
              "system": "http://snomed.info/sct",
              "code": "53741008",
              "display": "Coronary Heart Disease"
            }
          ],
          "text": "Coronary Heart Disease"
        },
        "subject": {
          "reference": "urn:uuid:06eb35fc-09e6-48b4-a311-47633f6c4769"
        },
        "context": {
          "reference": "urn:uuid:051dba8c-dada-4668-954a-fc5cc8b9a09f"
        },
        "onsetDateTime": "1990-03-04T12:13:44-05:00",
        "assertedDate": "1990-03-04",
        "resourceType": "Condition"
      }
    },
    {
      "fullUrl": "urn:uuid:1ba913a9-6f14-4e89-8d1a-5791a2b9201a",
      "resource": {
        "id": "1ba913a9-6f14-4e89-8d1a-5791a2b9201a",
        "meta": {
          "profile": [
            "http://standardhealthrecord.org/fhir/StructureDefinition/shr-problem-Problem"
          ]
        },
        "clinicalStatus": "active",
        "verificationStatus": "confirmed",
        "code": {
          "coding": [
            {
              "system": "http://snomed.info/sct",
              "code": "68496003",
              "display": "Polyp of colon"
            }
          ],
          "text": "Polyp of colon"
        },
        "subject": {
          "reference": "urn:uuid:06eb35fc-09e6-48b4-a311-47633f6c4769"
        },
        "context": {
          "reference": "urn:uuid:051dba8c-dada-4668-954a-fc5cc8b9a09f"
        },
        "onsetDateTime": "1997-05-11T23:19:44-04:00",
        "assertedDate": "1997-05-11",
        "resourceType": "Condition"
      }
    },
    {
      "fullUrl": "urn:uuid:2fb5f2fb-5b9d-4634-92ed-a2fb092697b1",
      "resource": {
        "id": "2fb5f2fb-5b9d-4634-92ed-a2fb092697b1",
        "meta": {
          "profile": [
            "http://standardhealthrecord.org/fhir/StructureDefinition/shr-problem-Problem"
          ]
        },
        "clinicalStatus": "active",
        "verificationStatus": "confirmed",
        "code": {
          "coding": [
            {
              "system": "http://snomed.info/sct",
              "code": "713197008",
              "display": "Recurrent rectal polyp"
            }
          ],
          "text": "Recurrent rectal polyp"
        },
        "subject": {
          "reference": "urn:uuid:06eb35fc-09e6-48b4-a311-47633f6c4769"
        },
        "context": {
          "reference": "urn:uuid:051dba8c-dada-4668-954a-fc5cc8b9a09f"
        },
        "onsetDateTime": "1998-06-25T10:12:18-04:00",
        "assertedDate": "1998-06-25",
        "resourceType": "Condition"
      }
    },
    {
      "fullUrl": "urn:uuid:a22fa701-38c2-4d5b-8511-0f61779de46a",
      "resource": {
        "id": "a22fa701-38c2-4d5b-8511-0f61779de46a",
        "meta": {
          "profile": [
            "http://standardhealthrecord.org/fhir/StructureDefinition/shr-problem-Problem"
          ]
        },
        "clinicalStatus": "active",
        "verificationStatus": "confirmed",
        "code": {
          "coding": [
            {
              "system": "http://snomed.info/sct",
              "code": "109838007",
              "display": "Overlapping malignant neoplasm of colon"
            }
          ],
          "text": "Overlapping malignant neoplasm of colon"
        },
        "subject": {
          "reference": "urn:uuid:06eb35fc-09e6-48b4-a311-47633f6c4769"
        },
        "context": {
          "reference": "urn:uuid:051dba8c-dada-4668-954a-fc5cc8b9a09f"
        },
        "onsetDateTime": "1998-07-02T06:59:43-04:00",
        "assertedDate": "1998-07-02",
        "resourceType": "Condition"
      }
    },
    {
      "fullUrl": "urn:uuid:61cc72f9-c1d7-4851-9fc4-c8f6e2c7a3db",
      "resource": {
        "id": "61cc72f9-c1d7-4851-9fc4-c8f6e2c7a3db",
        "meta": {
          "profile": [
            "http://standardhealthrecord.org/fhir/StructureDefinition/shr-observation-Observation"
          ]
        },
        "status": "final",
        "category": [
          {
            "coding": [
              {
                "system": "http://hl7.org/fhir/observation-category"
              }
            ]
          }
        ],
        "code": {
          "coding": [
            {
              "system": "http://loinc.org",
              "code": "69453-9",
              "display": "Cause of Death [US Standard Certificate of Death]"
            }
          ],
          "text": "Cause of Death [US Standard Certificate of Death]"
        },
        "subject": {
          "reference": "urn:uuid:06eb35fc-09e6-48b4-a311-47633f6c4769"
        },
        "context": {
          "reference": "urn:uuid:051dba8c-dada-4668-954a-fc5cc8b9a09f"
        },
        "effectiveDateTime": "2003-03-28T09:00:12-05:00",
        "issued": "2003-03-28T09:00:12-05:00",
        "valueCodeableConcept": {
          "coding": [
            {
              "system": "http://snomed.info/sct",
              "code": "109838007",
              "display": "Overlapping malignant neoplasm of colon"
            }
          ],
          "text": "Overlapping malignant neoplasm of colon"
        },
        "resourceType": "Observation"
      }
    },
    {
      "fullUrl": "urn:uuid:135acb27-767b-4de1-8061-5aa7d87a1a18",
      "resource": {
        "id": "135acb27-767b-4de1-8061-5aa7d87a1a18",
        "meta": {
          "profile": [
            "http://standardhealthrecord.org/fhir/StructureDefinition/shr-observation-Panel"
          ]
        },
        "status": "final",
        "code": {
          "coding": [
            {
              "system": "http://loinc.org",
              "code": "69409-1",
              "display": "U.S. standard certificate of death - 2003 revision"
            }
          ]
        },
        "subject": {
          "reference": "urn:uuid:06eb35fc-09e6-48b4-a311-47633f6c4769"
        },
        "context": {
          "reference": "urn:uuid:051dba8c-dada-4668-954a-fc5cc8b9a09f"
        },
        "effectiveDateTime": "2003-03-28T09:00:12-05:00",
        "issued": "2003-03-28T09:00:12-05:00",
        "result": [
          {
            "reference": "urn:uuid:61cc72f9-c1d7-4851-9fc4-c8f6e2c7a3db",
            "display": "Cause of Death [US Standard Certificate of Death]"
          }
        ],
        "resourceType": "DiagnosticReport"
      }
    },
    {
      "resource": {
        "status": "active",
        "intent": "order",
        "category": [
          {
            "coding": [
              {
                "system": "http://snomed.info/sct",
                "code": "698358001",
                "display": "Angina self management plan"
              }
            ]
          }
        ],
        "subject": {
          "reference": "urn:uuid:06eb35fc-09e6-48b4-a311-47633f6c4769"
        },
        "context": {
          "reference": "urn:uuid:051dba8c-dada-4668-954a-fc5cc8b9a09f"
        },
        "period": {
          "start": "1990-03-04"
        },
        "addresses": [
          {
            "reference": "urn:uuid:e19daaff-b2aa-48dd-abeb-9f84d8a77883"
          }
        ],
        "activity": [
          {
            "detail": {
              "code": {
                "coding": [
                  {
                    "system": "http://snomed.info/sct",
                    "code": "229065009",
                    "display": "Exercise therapy"
                  }
                ]
              },
              "status": "in-progress"
            }
          },
          {
            "detail": {
              "code": {
                "coding": [
                  {
                    "system": "http://snomed.info/sct",
                    "code": "226060000",
                    "display": "Stress management"
                  }
                ]
              },
              "status": "in-progress"
            }
          },
          {
            "detail": {
              "code": {
                "coding": [
                  {
                    "system": "http://snomed.info/sct",
                    "code": "710081004",
                    "display": "Smoking cessation therapy"
                  }
                ]
              },
              "status": "in-progress"
            }
          },
          {
            "detail": {
              "code": {
                "coding": [
                  {
                    "system": "http://snomed.info/sct",
                    "code": "226234005",
                    "display": "Healthy diet"
                  }
                ]
              },
              "status": "in-progress"
            }
          }
        ],
        "resourceType": "CarePlan"
      }
    },
    {
      "resource": {
        "status": "active",
        "intent": "order",
        "category": [
          {
            "coding": [
              {
                "system": "http://snomed.info/sct",
                "code": "395082007",
                "display": "Cancer care plan"
              }
            ]
          }
        ],
        "subject": {
          "reference": "urn:uuid:06eb35fc-09e6-48b4-a311-47633f6c4769"
        },
        "context": {
          "reference": "urn:uuid:051dba8c-dada-4668-954a-fc5cc8b9a09f"
        },
        "period": {
          "start": "1998-07-02"
        },
        "addresses": [
          {
            "reference": "urn:uuid:a22fa701-38c2-4d5b-8511-0f61779de46a"
          }
        ],
        "activity": [
          {
            "detail": {
              "code": {
                "coding": [
                  {
                    "system": "http://snomed.info/sct",
                    "code": "226234005",
                    "display": "Healthy diet"
                  }
                ]
              },
              "status": "in-progress"
            }
          },
          {
            "detail": {
              "code": {
                "coding": [
                  {
                    "system": "http://snomed.info/sct",
                    "code": "703993001",
                    "display": "Colonoscopy planned"
                  }
                ]
              },
              "status": "in-progress"
            }
          },
          {
            "detail": {
              "code": {
                "coding": [
                  {
                    "system": "http://snomed.info/sct",
                    "code": "243072006",
                    "display": "Cancer education"
                  }
                ]
              },
              "status": "in-progress"
            }
          }
        ],
        "resourceType": "CarePlan"
      }
    },
    {
      "fullUrl": "urn:uuid:f56b8b87-b6b3-4633-ac02-ea7496b4e83c",
      "resource": {
        "id": "f56b8b87-b6b3-4633-ac02-ea7496b4e83c",
        "meta": {
          "profile": [
            "http://standardhealthrecord.org/fhir/StructureDefinition/shr-medication-MedicationPrescription"
          ]
        },
        "extension": [
          {
            "url": "http://standardhealthrecord.org/fhir/StructureDefinition/shr-base-ActionCode-extension",
            "valueCodeableConcept": {
              "coding": [
                {
                  "system": "http://snomed.info/sct",
                  "code": "33633005",
                  "display": "Prescription of drug (procedure)"
                }
              ],
              "text": "Prescription of drug (procedure)"
            }
          }
        ],
        "status": "active",
        "intent": "order",
        "medicationCodeableConcept": {
          "coding": [
            {
              "system": "http://www.nlm.nih.gov/research/umls/rxnorm",
              "code": "834101",
              "display": "Penicillin V Potassium 500 MG"
            }
          ],
          "text": "Penicillin V Potassium 500 MG"
        },
        "subject": {
          "reference": "urn:uuid:06eb35fc-09e6-48b4-a311-47633f6c4769"
        },
        "context": {
          "reference": "urn:uuid:051dba8c-dada-4668-954a-fc5cc8b9a09f"
        },
        "authoredOn": "1983-07-23",
        "resourceType": "MedicationRequest"
      }
    },
    {
      "fullUrl": "urn:uuid:3f82d3d6-d69e-4112-bdd3-37bfdea9ee31",
      "resource": {
        "id": "3f82d3d6-d69e-4112-bdd3-37bfdea9ee31",
        "status": "active",
        "use": "complete",
        "patient": {
          "reference": "urn:uuid:06eb35fc-09e6-48b4-a311-47633f6c4769"
        },
        "billablePeriod": {
          "start": "2003-03-28T09:00:12-05:00",
          "end": "2003-03-28T09:15:12-05:00"
        },
        "organization": {
          "reference": {
            "reference": "urn:uuid:ffced508-ad6b-49b1-a8f9-438b610891f6"
          }
        },
        "prescription": {
          "reference": "urn:uuid:f56b8b87-b6b3-4633-ac02-ea7496b4e83c"
        },
        "item": [
          {
            "sequence": 1,
            "net": {
              "value": 125.0,
              "system": "urn:iso:std:iso:4217",
              "code": "USD"
            },
            "encounter": [
              {
                "reference": {
                  "fullUrl": "urn:uuid:051dba8c-dada-4668-954a-fc5cc8b9a09f",
                  "resource": {
                    "id": "051dba8c-dada-4668-954a-fc5cc8b9a09f",
                    "meta": {
                      "profile": [
                        "http://standardhealthrecord.org/fhir/StructureDefinition/shr-encounter-Encounter"
                      ]
                    },
                    "status": "finished",
                    "class": {
                      "code": "ambulatory"
                    },
                    "type": [
                      {
                        "coding": [
                          {
                            "system": "http://snomed.info/sct",
                            "code": "308646001"
                          }
                        ],
                        "text": "Death Certification"
                      }
                    ],
                    "subject": {
                      "reference": "urn:uuid:06eb35fc-09e6-48b4-a311-47633f6c4769"
                    },
                    "period": {
                      "start": "2003-03-28T09:00:12-05:00",
                      "end": "2003-03-28T09:15:12-05:00"
                    },
                    "serviceProvider": {
                      "reference": "urn:uuid:ffced508-ad6b-49b1-a8f9-438b610891f6"
                    },
                    "resourceType": "Encounter"
                  }
                }
              }
            ]
          },
          {
            "sequence": 1,
            "net": {
              "value": 255.0,
              "system": "urn:iso:std:iso:4217",
              "code": "USD"
            }
          }
        ],
        "total": {
          "value": 255.0,
          "system": "urn:iso:std:iso:4217",
          "code": "USD"
        },
        "resourceType": "Claim"
      }
    },
    {
      "fullUrl": "urn:uuid:57456c6d-1945-406c-af6f-c26f61a0f3d0",
      "resource": {
        "id": "57456c6d-1945-406c-af6f-c26f61a0f3d0",
        "meta": {
          "profile": [
            "http://standardhealthrecord.org/fhir/StructureDefinition/shr-medication-MedicationPrescription"
          ]
        },
        "extension": [
          {
            "url": "http://standardhealthrecord.org/fhir/StructureDefinition/shr-base-ActionCode-extension",
            "valueCodeableConcept": {
              "coding": [
                {
                  "system": "http://snomed.info/sct",
                  "code": "33633005",
                  "display": "Prescription of drug (procedure)"
                }
              ],
              "text": "Prescription of drug (procedure)"
            }
          }
        ],
        "status": "active",
        "intent": "order",
        "medicationCodeableConcept": {
          "coding": [
            {
              "system": "http://www.nlm.nih.gov/research/umls/rxnorm",
              "code": "564666",
              "display": "Nitroglycerin 0.4 MG/ACTUAT [Nitrolingual]"
            }
          ],
          "text": "Nitroglycerin 0.4 MG/ACTUAT [Nitrolingual]"
        },
        "subject": {
          "reference": "urn:uuid:06eb35fc-09e6-48b4-a311-47633f6c4769"
        },
        "context": {
          "reference": "urn:uuid:051dba8c-dada-4668-954a-fc5cc8b9a09f"
        },
        "authoredOn": "1990-03-04",
        "reasonReference": [
          {
            "reference": "urn:uuid:e19daaff-b2aa-48dd-abeb-9f84d8a77883"
          }
        ],
        "resourceType": "MedicationRequest"
      }
    },
    {
      "fullUrl": "urn:uuid:75405c45-cabd-4370-a1cf-9e9850a7aa77",
      "resource": {
        "id": "75405c45-cabd-4370-a1cf-9e9850a7aa77",
        "status": "active",
        "use": "complete",
        "patient": {
          "reference": "urn:uuid:06eb35fc-09e6-48b4-a311-47633f6c4769"
        },
        "billablePeriod": {
          "start": "2003-03-28T09:00:12-05:00",
          "end": "2003-03-28T09:15:12-05:00"
        },
        "organization": {
          "reference": {
            "reference": "urn:uuid:ffced508-ad6b-49b1-a8f9-438b610891f6"
          }
        },
        "prescription": {
          "reference": "urn:uuid:57456c6d-1945-406c-af6f-c26f61a0f3d0"
        },
        "item": [
          {
            "sequence": 1,
            "net": {
              "value": 125.0,
              "system": "urn:iso:std:iso:4217",
              "code": "USD"
            },
            "encounter": [
              {
                "reference": {
                  "fullUrl": "urn:uuid:051dba8c-dada-4668-954a-fc5cc8b9a09f",
                  "resource": {
                    "id": "051dba8c-dada-4668-954a-fc5cc8b9a09f",
                    "meta": {
                      "profile": [
                        "http://standardhealthrecord.org/fhir/StructureDefinition/shr-encounter-Encounter"
                      ]
                    },
                    "status": "finished",
                    "class": {
                      "code": "ambulatory"
                    },
                    "type": [
                      {
                        "coding": [
                          {
                            "system": "http://snomed.info/sct",
                            "code": "308646001"
                          }
                        ],
                        "text": "Death Certification"
                      }
                    ],
                    "subject": {
                      "reference": "urn:uuid:06eb35fc-09e6-48b4-a311-47633f6c4769"
                    },
                    "period": {
                      "start": "2003-03-28T09:00:12-05:00",
                      "end": "2003-03-28T09:15:12-05:00"
                    },
                    "serviceProvider": {
                      "reference": "urn:uuid:ffced508-ad6b-49b1-a8f9-438b610891f6"
                    },
                    "resourceType": "Encounter"
                  }
                }
              }
            ]
          },
          {
            "sequence": 1,
            "net": {
              "value": 255.0,
              "system": "urn:iso:std:iso:4217",
              "code": "USD"
            }
          }
        ],
        "total": {
          "value": 255.0,
          "system": "urn:iso:std:iso:4217",
          "code": "USD"
        },
        "resourceType": "Claim"
      }
    },
    {
      "fullUrl": "urn:uuid:d46a5c30-bc6f-43c9-9243-bde39bc05a13",
      "resource": {
        "id": "d46a5c30-bc6f-43c9-9243-bde39bc05a13",
        "meta": {
          "profile": [
            "http://standardhealthrecord.org/fhir/StructureDefinition/shr-medication-MedicationPrescription"
          ]
        },
        "extension": [
          {
            "url": "http://standardhealthrecord.org/fhir/StructureDefinition/shr-base-ActionCode-extension",
            "valueCodeableConcept": {
              "coding": [
                {
                  "system": "http://snomed.info/sct",
                  "code": "33633005",
                  "display": "Prescription of drug (procedure)"
                }
              ],
              "text": "Prescription of drug (procedure)"
            }
          }
        ],
        "status": "active",
        "intent": "order",
        "medicationCodeableConcept": {
          "coding": [
            {
              "system": "http://www.nlm.nih.gov/research/umls/rxnorm",
              "code": "312961",
              "display": "Simvastatin 20 MG Oral Tablet"
            }
          ],
          "text": "Simvastatin 20 MG Oral Tablet"
        },
        "subject": {
          "reference": "urn:uuid:06eb35fc-09e6-48b4-a311-47633f6c4769"
        },
        "context": {
          "reference": "urn:uuid:051dba8c-dada-4668-954a-fc5cc8b9a09f"
        },
        "authoredOn": "1991-04-17",
        "reasonReference": [
          {
            "reference": "urn:uuid:e19daaff-b2aa-48dd-abeb-9f84d8a77883"
          }
        ],
        "resourceType": "MedicationRequest"
      }
    },
    {
      "fullUrl": "urn:uuid:eaf3e9b8-1c4b-45ff-940f-f9e5b79993e9",
      "resource": {
        "id": "eaf3e9b8-1c4b-45ff-940f-f9e5b79993e9",
        "status": "active",
        "use": "complete",
        "patient": {
          "reference": "urn:uuid:06eb35fc-09e6-48b4-a311-47633f6c4769"
        },
        "billablePeriod": {
          "start": "2003-03-28T09:00:12-05:00",
          "end": "2003-03-28T09:15:12-05:00"
        },
        "organization": {
          "reference": {
            "reference": "urn:uuid:ffced508-ad6b-49b1-a8f9-438b610891f6"
          }
        },
        "prescription": {
          "reference": "urn:uuid:d46a5c30-bc6f-43c9-9243-bde39bc05a13"
        },
        "item": [
          {
            "sequence": 1,
            "net": {
              "value": 125.0,
              "system": "urn:iso:std:iso:4217",
              "code": "USD"
            },
            "encounter": [
              {
                "reference": {
                  "fullUrl": "urn:uuid:051dba8c-dada-4668-954a-fc5cc8b9a09f",
                  "resource": {
                    "id": "051dba8c-dada-4668-954a-fc5cc8b9a09f",
                    "meta": {
                      "profile": [
                        "http://standardhealthrecord.org/fhir/StructureDefinition/shr-encounter-Encounter"
                      ]
                    },
                    "status": "finished",
                    "class": {
                      "code": "ambulatory"
                    },
                    "type": [
                      {
                        "coding": [
                          {
                            "system": "http://snomed.info/sct",
                            "code": "308646001"
                          }
                        ],
                        "text": "Death Certification"
                      }
                    ],
                    "subject": {
                      "reference": "urn:uuid:06eb35fc-09e6-48b4-a311-47633f6c4769"
                    },
                    "period": {
                      "start": "2003-03-28T09:00:12-05:00",
                      "end": "2003-03-28T09:15:12-05:00"
                    },
                    "serviceProvider": {
                      "reference": "urn:uuid:ffced508-ad6b-49b1-a8f9-438b610891f6"
                    },
                    "resourceType": "Encounter"
                  }
                }
              }
            ]
          },
          {
            "sequence": 1,
            "net": {
              "value": 255.0,
              "system": "urn:iso:std:iso:4217",
              "code": "USD"
            }
          }
        ],
        "total": {
          "value": 255.0,
          "system": "urn:iso:std:iso:4217",
          "code": "USD"
        },
        "resourceType": "Claim"
      }
    },
    {
      "fullUrl": "urn:uuid:67ec707b-f22c-4851-8872-b9839372eeca",
      "resource": {
        "id": "67ec707b-f22c-4851-8872-b9839372eeca",
        "meta": {
          "profile": [
            "http://standardhealthrecord.org/fhir/StructureDefinition/shr-medication-MedicationPrescription"
          ]
        },
        "extension": [
          {
            "url": "http://standardhealthrecord.org/fhir/StructureDefinition/shr-base-ActionCode-extension",
            "valueCodeableConcept": {
              "coding": [
                {
                  "system": "http://snomed.info/sct",
                  "code": "33633005",
                  "display": "Prescription of drug (procedure)"
                }
              ],
              "text": "Prescription of drug (procedure)"
            }
          }
        ],
        "status": "active",
        "intent": "order",
        "medicationCodeableConcept": {
          "coding": [
            {
              "system": "http://www.nlm.nih.gov/research/umls/rxnorm",
              "code": "197361",
              "display": "Amlodipine 5 MG Oral Tablet"
            }
          ],
          "text": "Amlodipine 5 MG Oral Tablet"
        },
        "subject": {
          "reference": "urn:uuid:06eb35fc-09e6-48b4-a311-47633f6c4769"
        },
        "context": {
          "reference": "urn:uuid:051dba8c-dada-4668-954a-fc5cc8b9a09f"
        },
        "authoredOn": "1994-07-23",
        "reasonReference": [
          {
            "reference": "urn:uuid:e19daaff-b2aa-48dd-abeb-9f84d8a77883"
          }
        ],
        "resourceType": "MedicationRequest"
      }
    },
    {
      "fullUrl": "urn:uuid:86cf57e9-b566-4548-889c-a8bfee0fd539",
      "resource": {
        "id": "86cf57e9-b566-4548-889c-a8bfee0fd539",
        "status": "active",
        "use": "complete",
        "patient": {
          "reference": "urn:uuid:06eb35fc-09e6-48b4-a311-47633f6c4769"
        },
        "billablePeriod": {
          "start": "2003-03-28T09:00:12-05:00",
          "end": "2003-03-28T09:15:12-05:00"
        },
        "organization": {
          "reference": {
            "reference": "urn:uuid:ffced508-ad6b-49b1-a8f9-438b610891f6"
          }
        },
        "prescription": {
          "reference": "urn:uuid:67ec707b-f22c-4851-8872-b9839372eeca"
        },
        "item": [
          {
            "sequence": 1,
            "net": {
              "value": 125.0,
              "system": "urn:iso:std:iso:4217",
              "code": "USD"
            },
            "encounter": [
              {
                "reference": {
                  "fullUrl": "urn:uuid:051dba8c-dada-4668-954a-fc5cc8b9a09f",
                  "resource": {
                    "id": "051dba8c-dada-4668-954a-fc5cc8b9a09f",
                    "meta": {
                      "profile": [
                        "http://standardhealthrecord.org/fhir/StructureDefinition/shr-encounter-Encounter"
                      ]
                    },
                    "status": "finished",
                    "class": {
                      "code": "ambulatory"
                    },
                    "type": [
                      {
                        "coding": [
                          {
                            "system": "http://snomed.info/sct",
                            "code": "308646001"
                          }
                        ],
                        "text": "Death Certification"
                      }
                    ],
                    "subject": {
                      "reference": "urn:uuid:06eb35fc-09e6-48b4-a311-47633f6c4769"
                    },
                    "period": {
                      "start": "2003-03-28T09:00:12-05:00",
                      "end": "2003-03-28T09:15:12-05:00"
                    },
                    "serviceProvider": {
                      "reference": "urn:uuid:ffced508-ad6b-49b1-a8f9-438b610891f6"
                    },
                    "resourceType": "Encounter"
                  }
                }
              }
            ]
          },
          {
            "sequence": 1,
            "net": {
              "value": 255.0,
              "system": "urn:iso:std:iso:4217",
              "code": "USD"
            }
          }
        ],
        "total": {
          "value": 255.0,
          "system": "urn:iso:std:iso:4217",
          "code": "USD"
        },
        "resourceType": "Claim"
      }
    },
    {
      "fullUrl": "urn:uuid:fc5a0b92-738f-42ed-a675-68c1e1dd6dc4",
      "resource": {
        "id": "fc5a0b92-738f-42ed-a675-68c1e1dd6dc4",
        "meta": {
          "profile": [
            "http://standardhealthrecord.org/fhir/StructureDefinition/shr-medication-MedicationPrescription"
          ]
        },
        "extension": [
          {
            "url": "http://standardhealthrecord.org/fhir/StructureDefinition/shr-base-ActionCode-extension",
            "valueCodeableConcept": {
              "coding": [
                {
                  "system": "http://snomed.info/sct",
                  "code": "33633005",
                  "display": "Prescription of drug (procedure)"
                }
              ],
              "text": "Prescription of drug (procedure)"
            }
          }
        ],
        "status": "active",
        "intent": "order",
        "medicationCodeableConcept": {
          "coding": [
            {
              "system": "http://www.nlm.nih.gov/research/umls/rxnorm",
              "code": "309362",
              "display": "Clopidogrel 75 MG Oral Tablet"
            }
          ],
          "text": "Clopidogrel 75 MG Oral Tablet"
        },
        "subject": {
          "reference": "urn:uuid:06eb35fc-09e6-48b4-a311-47633f6c4769"
        },
        "context": {
          "reference": "urn:uuid:051dba8c-dada-4668-954a-fc5cc8b9a09f"
        },
        "authoredOn": "1997-08-13",
        "reasonReference": [
          {
            "reference": "urn:uuid:e19daaff-b2aa-48dd-abeb-9f84d8a77883"
          }
        ],
        "resourceType": "MedicationRequest"
      }
    },
    {
      "fullUrl": "urn:uuid:86b77908-2a2f-409d-89d0-9c5ee1bd7de2",
      "resource": {
        "id": "86b77908-2a2f-409d-89d0-9c5ee1bd7de2",
        "status": "active",
        "use": "complete",
        "patient": {
          "reference": "urn:uuid:06eb35fc-09e6-48b4-a311-47633f6c4769"
        },
        "billablePeriod": {
          "start": "2003-03-28T09:00:12-05:00",
          "end": "2003-03-28T09:15:12-05:00"
        },
        "organization": {
          "reference": {
            "reference": "urn:uuid:ffced508-ad6b-49b1-a8f9-438b610891f6"
          }
        },
        "prescription": {
          "reference": "urn:uuid:fc5a0b92-738f-42ed-a675-68c1e1dd6dc4"
        },
        "item": [
          {
            "sequence": 1,
            "net": {
              "value": 125.0,
              "system": "urn:iso:std:iso:4217",
              "code": "USD"
            },
            "encounter": [
              {
                "reference": {
                  "fullUrl": "urn:uuid:051dba8c-dada-4668-954a-fc5cc8b9a09f",
                  "resource": {
                    "id": "051dba8c-dada-4668-954a-fc5cc8b9a09f",
                    "meta": {
                      "profile": [
                        "http://standardhealthrecord.org/fhir/StructureDefinition/shr-encounter-Encounter"
                      ]
                    },
                    "status": "finished",
                    "class": {
                      "code": "ambulatory"
                    },
                    "type": [
                      {
                        "coding": [
                          {
                            "system": "http://snomed.info/sct",
                            "code": "308646001"
                          }
                        ],
                        "text": "Death Certification"
                      }
                    ],
                    "subject": {
                      "reference": "urn:uuid:06eb35fc-09e6-48b4-a311-47633f6c4769"
                    },
                    "period": {
                      "start": "2003-03-28T09:00:12-05:00",
                      "end": "2003-03-28T09:15:12-05:00"
                    },
                    "serviceProvider": {
                      "reference": "urn:uuid:ffced508-ad6b-49b1-a8f9-438b610891f6"
                    },
                    "resourceType": "Encounter"
                  }
                }
              }
            ]
          },
          {
            "sequence": 1,
            "net": {
              "value": 255.0,
              "system": "urn:iso:std:iso:4217",
              "code": "USD"
            }
          }
        ],
        "total": {
          "value": 255.0,
          "system": "urn:iso:std:iso:4217",
          "code": "USD"
        },
        "resourceType": "Claim"
      }
    },
    {
      "fullUrl": "urn:uuid:a76c060b-73c6-4090-94da-c95b15e07581",
      "resource": {
        "id": "a76c060b-73c6-4090-94da-c95b15e07581",
        "meta": {
          "profile": [
            "http://standardhealthrecord.org/fhir/StructureDefinition/shr-observation-Observation"
          ]
        },
        "status": "final",
        "category": [
          {
            "coding": [
              {
                "system": "http://hl7.org/fhir/observation-category",
                "code": "survey"
              }
            ]
          }
        ],
        "code": {
          "coding": [
            {
              "system": "http://snomed.info/sct",
              "code": "273724008",
              "display": "Quality adjusted life years"
            }
          ],
          "text": "Quality adjusted life years"
        },
        "subject": {
          "reference": "urn:uuid:06eb35fc-09e6-48b4-a311-47633f6c4769"
        },
        "effectiveDateTime": "2017-10-31T16:09:28-04:00",
        "issued": "2017-10-31T16:09:28-04:00",
        "valueQuantity": {
          "value": 76.44066791773606,
          "unit": "years",
          "system": "http://unitsofmeasure.org/",
          "code": "years"
        },
        "resourceType": "Observation"
      }
    },
    {
      "fullUrl": "urn:uuid:aa8c88ea-4d27-40c9-a75a-8388d63c1a10",
      "resource": {
        "id": "aa8c88ea-4d27-40c9-a75a-8388d63c1a10",
        "meta": {
          "profile": [
            "http://standardhealthrecord.org/fhir/StructureDefinition/shr-observation-Observation"
          ]
        },
        "status": "final",
        "category": [
          {
            "coding": [
              {
                "system": "http://hl7.org/fhir/observation-category",
                "code": "survey"
              }
            ]
          }
        ],
        "code": {
          "coding": [
            {
              "system": "http://snomed.info/sct",
              "code": "273421001",
              "display": "Disability rating scale"
            }
          ],
          "text": "Disability rating scale"
        },
        "subject": {
          "reference": "urn:uuid:06eb35fc-09e6-48b4-a311-47633f6c4769"
        },
        "effectiveDateTime": "2017-10-31T16:09:28-04:00",
        "issued": "2017-10-31T16:09:28-04:00",
        "valueQuantity": {
          "value": 16.629312082263926,
          "unit": "years",
          "system": "http://unitsofmeasure.org/",
          "code": "years"
        },
        "resourceType": "Observation"
      }
    }
  ],
  "resourceType": "Bundle"
}