{
  "type": "collection",
  "entry": [
    {
      "fullUrl": "urn:uuid:8ab6f086-8e72-4d39-8cd0-87b4abf38a2f",
      "resource": {
        "id": "8ab6f086-8e72-4d39-8cd0-87b4abf38a2f",
        "meta": {
          "profile": [
            "http://standardhealthrecord.org/fhir/StructureDefinition/shr-actor-Organization"
          ]
        },
        "type": [
          {
            "coding": [
              {
                "system": "http://hl7.org/fhir/organization-type",
                "code": "prov",
                "display": "Healthcare Provider"
              }
            ],
            "text": "Healthcare Provider"
          }
        ],
        "name": "VIBRA HOSPITAL OF SOUTHEASTERN MASSACHUSETTS",
        "resourceType": "Organization"
      }
    },
    {
      "fullUrl": "urn:uuid:195d9f51-161e-402d-bb72-8ecf4fa29f26",
      "resource": {
        "id": "195d9f51-161e-402d-bb72-8ecf4fa29f26",
        "meta": {
          "profile": [
            "http://standardhealthrecord.org/fhir/StructureDefinition/shr-demographics-PersonOfRecord"
          ]
        },
        "text": {
          "status": "generated",
          "div": "<div xmlns=\"http://www.w3.org/1999/xhtml\">Generated by <a href=\"https://github.com/synthetichealth/synthea\">Synthea</a>. Version identifier: 368ac389f34cd3ce3986aa3a0a08e467bf574db3</div>"
        },
        "extension": [
          {
            "url": "http://hl7.org/fhir/us/core/StructureDefinition/us-core-race",
            "valueCodeableConcept": {
              "coding": [
                {
                  "system": "http://hl7.org/fhir/v3/Race",
                  "code": "2106-3",
                  "display": "White"
                }
              ],
              "text": "race"
            }
          },
          {
            "url": "http://hl7.org/fhir/us/core/StructureDefinition/us-core-ethnicity",
            "valueCodeableConcept": {
              "coding": [
                {
                  "system": "http://hl7.org/fhir/v3/Ethnicity",
                  "code": "2186-5",
                  "display": "Nonhispanic"
                }
              ],
              "text": "ethnicity"
            }
          },
          {
            "url": "http://hl7.org/fhir/StructureDefinition/birthPlace",
            "valueAddress": {
              "city": "Cambridge",
              "state": "MA",
              "country": "US"
            }
          },
          {
            "url": "http://hl7.org/fhir/StructureDefinition/patient-mothersMaidenName",
            "valueString": "Joann994 MacGyver983"
          },
          {
            "url": "http://hl7.org/fhir/us/core/StructureDefinition/us-core-birthsex",
            "valueCode": "M"
          },
          {
            "url": "http://hl7.org/fhir/StructureDefinition/patient-interpreterRequired",
            "valueBoolean": false
          },
          {
            "url": "http://standardhealthrecord.org/fhir/StructureDefinition/shr-actor-FictionalPerson-extension",
            "valueBoolean": true
          },
          {
            "url": "http://standardhealthrecord.org/fhir/StructureDefinition/shr-demographics-FathersName-extension",
            "valueHumanName": {
              "text": "Henry980 Abernathy146"
            }
          },
          {
            "url": "http://standardhealthrecord.org/fhir/StructureDefinition/shr-demographics-SocialSecurityNumber-extension",
            "valueString": "999-86-5904"
          }
        ],
        "identifier": [
          {
            "system": "https://github.com/synthetichealth/synthea",
            "value": "cfd78c4f-a9cd-4a02-a479-9fa12b5ac9da"
          },
          {
            "type": {
              "coding": [
                {
                  "system": "http://hl7.org/fhir/identifier-type",
                  "code": "SB"
                }
              ]
            },
            "system": "http://hl7.org/fhir/sid/us-ssn",
            "value": "999865904"
          },
          {
            "type": {
              "coding": [
                {
                  "system": "http://hl7.org/fhir/v2/0203",
                  "code": "DL"
                }
              ]
            },
            "system": "urn:oid:2.16.840.1.113883.4.3.25",
            "value": "S99971701"
          },
          {
            "type": {
              "coding": [
                {
                  "system": "http://hl7.org/fhir/v2/0203",
                  "code": "PPN"
                }
              ]
            },
            "system": "http://standardhealthrecord.org/fhir/StructureDefinition/passportNumber",
            "value": "X41083813X"
          },
          {
            "type": {
              "coding": [
                {
                  "system": "http://hl7.org/fhir/v2/0203",
                  "code": "MR"
                }
              ]
            },
            "system": "http://hospital.smarthealthit.org",
            "value": "cfd78c4f-a9cd-4a02-a479-9fa12b5ac9da"
          }
        ],
        "name": [
          {
            "use": "official",
            "family": "Abernathy146",
            "given": [
              "Salvatore887"
            ],
            "prefix": [
              "Mr."
            ]
          }
        ],
        "telecom": [
          {
            "system": "phone",
            "value": "683.153.4248",
            "use": "home"
          }
        ],
        "gender": "male",
        "birthDate": "1928-01-27",
        "deceasedDateTime": "1985-11-22T01:59:24-05:00",
        "address": [
          {
            "extension": [
              {
                "extension": [
                  {
                    "url": "latitude",
                    "valueDecimal": 41.723648936688775
                  },
                  {
                    "url": "longitude",
                    "valueDecimal": -70.9379732195985
                  }
                ],
                "url": "http://hl7.org/fhir/StructureDefinition/geolocation"
              }
            ],
            "line": [
              "52324 Christian Divide",
              "Apt. 253"
            ],
            "city": "New Bedford",
            "state": "MA",
            "postalCode": "02743",
            "country": "US"
          }
        ],
        "maritalStatus": {
          "coding": [
            {
              "system": "http://hl7.org/fhir/v3/MaritalStatus",
              "code": "S"
            }
          ],
          "text": "S"
        },
        "multipleBirthBoolean": false,
        "communication": [
          {
            "language": {
              "coding": [
                {
                  "system": "http://hl7.org/fhir/ValueSet/languages",
                  "code": "en-US",
                  "display": "English (United States)"
                }
              ]
            }
          }
        ],
        "generalPractitioner": [
          {
            "reference": "urn:uuid:8ab6f086-8e72-4d39-8cd0-87b4abf38a2f"
          }
        ],
        "resourceType": "Patient"
      }
    },
    {
      "fullUrl": "urn:uuid:7b98d802-19a3-41ba-8a9b-f072899e6b3d",
      "resource": {
        "id": "7b98d802-19a3-41ba-8a9b-f072899e6b3d",
        "meta": {
          "profile": [
            "http://standardhealthrecord.org/fhir/StructureDefinition/shr-encounter-Encounter"
          ]
        },
        "status": "finished",
        "class": {
          "code": "ambulatory"
        },
        "type": [
          {
            "coding": [
              {
                "system": "http://snomed.info/sct",
                "code": "308646001"
              }
            ],
            "text": "Death Certification"
          }
        ],
        "subject": {
          "reference": "urn:uuid:195d9f51-161e-402d-bb72-8ecf4fa29f26"
        },
        "period": {
          "start": "1985-11-22T01:59:24-05:00",
          "end": "1985-11-22T02:14:24-05:00"
        },
        "serviceProvider": {
          "reference": "urn:uuid:8ab6f086-8e72-4d39-8cd0-87b4abf38a2f"
        },
        "resourceType": "Encounter"
      }
    },
    {
      "fullUrl": "urn:uuid:18f1cf5d-f61e-4553-b9c8-4cb67f1a89f3",
      "resource": {
        "id": "18f1cf5d-f61e-4553-b9c8-4cb67f1a89f3",
        "status": "active",
        "use": "complete",
        "patient": {
          "reference": "urn:uuid:195d9f51-161e-402d-bb72-8ecf4fa29f26"
        },
        "billablePeriod": {
          "start": "1985-11-22T01:59:24-05:00",
          "end": "1985-11-22T02:14:24-05:00"
        },
        "organization": {
          "reference": {
            "reference": "urn:uuid:8ab6f086-8e72-4d39-8cd0-87b4abf38a2f"
          }
        },
        "diagnosis": [
          {
            "sequence": 1,
            "diagnosisReference": {
              "reference": "urn:uuid:578e6ced-0079-455c-97c7-d7a047bc27ab"
            }
          },
          {
            "sequence": 2,
            "diagnosisReference": {
              "reference": "urn:uuid:e149cbcd-20be-4e8d-94ec-582f4c95376c"
            }
          }
        ],
        "item": [
          {
            "sequence": 1,
            "net": {
              "value": 125.0,
              "system": "urn:iso:std:iso:4217",
              "code": "USD"
            },
            "encounter": [
              {
                "reference": {
                  "fullUrl": "urn:uuid:7b98d802-19a3-41ba-8a9b-f072899e6b3d",
                  "resource": {
                    "id": "7b98d802-19a3-41ba-8a9b-f072899e6b3d",
                    "meta": {
                      "profile": [
                        "http://standardhealthrecord.org/fhir/StructureDefinition/shr-encounter-Encounter"
                      ]
                    },
                    "status": "finished",
                    "class": {
                      "code": "ambulatory"
                    },
                    "type": [
                      {
                        "coding": [
                          {
                            "system": "http://snomed.info/sct",
                            "code": "308646001"
                          }
                        ],
                        "text": "Death Certification"
                      }
                    ],
                    "subject": {
                      "reference": "urn:uuid:195d9f51-161e-402d-bb72-8ecf4fa29f26"
                    },
                    "period": {
                      "start": "1985-11-22T01:59:24-05:00",
                      "end": "1985-11-22T02:14:24-05:00"
                    },
                    "serviceProvider": {
                      "reference": "urn:uuid:8ab6f086-8e72-4d39-8cd0-87b4abf38a2f"
                    },
                    "resourceType": "Encounter"
                  }
                }
              }
            ]
          },
          {
            "sequence": 2,
            "diagnosisLinkId": [
              1
            ],
            "net": {
              "value": 0.0,
              "system": "urn:iso:std:iso:4217",
              "code": "USD"
            }
          },
          {
            "sequence": 3,
            "diagnosisLinkId": [
              2
            ],
            "net": {
              "value": 0.0,
              "system": "urn:iso:std:iso:4217",
              "code": "USD"
            }
          }
        ],
        "total": {
          "value": 125.0,
          "system": "urn:iso:std:iso:4217",
          "code": "USD"
        },
        "resourceType": "Claim"
      }
    },
    {
      "fullUrl": "urn:uuid:578e6ced-0079-455c-97c7-d7a047bc27ab",
      "resource": {
        "id": "578e6ced-0079-455c-97c7-d7a047bc27ab",
        "meta": {
          "profile": [
            "http://standardhealthrecord.org/fhir/StructureDefinition/shr-problem-Problem"
          ]
        },
        "clinicalStatus": "active",
        "verificationStatus": "confirmed",
        "code": {
          "coding": [
            {
              "system": "http://snomed.info/sct",
              "code": "38341003",
              "display": "Hypertension"
            }
          ],
          "text": "Hypertension"
        },
        "subject": {
          "reference": "urn:uuid:195d9f51-161e-402d-bb72-8ecf4fa29f26"
        },
        "context": {
          "reference": "urn:uuid:7b98d802-19a3-41ba-8a9b-f072899e6b3d"
        },
        "onsetDateTime": "1946-01-27T19:44:41-05:00",
        "assertedDate": "1946-01-27",
        "resourceType": "Condition"
      }
    },
    {
      "fullUrl": "urn:uuid:e149cbcd-20be-4e8d-94ec-582f4c95376c",
      "resource": {
        "id": "e149cbcd-20be-4e8d-94ec-582f4c95376c",
        "meta": {
          "profile": [
            "http://standardhealthrecord.org/fhir/StructureDefinition/shr-problem-Problem"
          ]
        },
        "clinicalStatus": "active",
        "verificationStatus": "confirmed",
        "code": {
          "coding": [
            {
              "system": "http://snomed.info/sct",
              "code": "230690007",
              "display": "Stroke"
            }
          ],
          "text": "Stroke"
        },
        "subject": {
          "reference": "urn:uuid:195d9f51-161e-402d-bb72-8ecf4fa29f26"
        },
        "context": {
          "reference": "urn:uuid:7b98d802-19a3-41ba-8a9b-f072899e6b3d"
        },
        "onsetDateTime": "1985-11-22T01:59:24-05:00",
        "assertedDate": "1985-11-22",
        "resourceType": "Condition"
      }
    },
    {
      "fullUrl": "urn:uuid:21b9c364-1114-4cca-b154-56a674744a02",
      "resource": {
        "id": "21b9c364-1114-4cca-b154-56a674744a02",
        "meta": {
          "profile": [
            "http://standardhealthrecord.org/fhir/StructureDefinition/shr-observation-Observation"
          ]
        },
        "status": "final",
        "category": [
          {
            "coding": [
              {
                "system": "http://hl7.org/fhir/observation-category"
              }
            ]
          }
        ],
        "code": {
          "coding": [
            {
              "system": "http://loinc.org",
              "code": "69453-9",
              "display": "Cause of Death [US Standard Certificate of Death]"
            }
          ],
          "text": "Cause of Death [US Standard Certificate of Death]"
        },
        "subject": {
          "reference": "urn:uuid:195d9f51-161e-402d-bb72-8ecf4fa29f26"
        },
        "context": {
          "reference": "urn:uuid:7b98d802-19a3-41ba-8a9b-f072899e6b3d"
        },
        "effectiveDateTime": "1985-11-22T01:59:24-05:00",
        "issued": "1985-11-22T01:59:24-05:00",
        "valueCodeableConcept": {
          "coding": [
            {
              "system": "http://snomed.info/sct",
              "code": "230690007",
              "display": "Stroke"
            }
          ],
          "text": "Stroke"
        },
        "resourceType": "Observation"
      }
    },
    {
      "fullUrl": "urn:uuid:fa427552-53d7-4e3e-9776-128c5752c8ef",
      "resource": {
        "id": "fa427552-53d7-4e3e-9776-128c5752c8ef",
        "meta": {
          "profile": [
            "http://standardhealthrecord.org/fhir/StructureDefinition/shr-observation-Panel"
          ]
        },
        "status": "final",
        "code": {
          "coding": [
            {
              "system": "http://loinc.org",
              "code": "69409-1",
              "display": "U.S. standard certificate of death - 2003 revision"
            }
          ]
        },
        "subject": {
          "reference": "urn:uuid:195d9f51-161e-402d-bb72-8ecf4fa29f26"
        },
        "context": {
          "reference": "urn:uuid:7b98d802-19a3-41ba-8a9b-f072899e6b3d"
        },
        "effectiveDateTime": "1985-11-22T01:59:24-05:00",
        "issued": "1985-11-22T01:59:24-05:00",
        "result": [
          {
            "reference": "urn:uuid:21b9c364-1114-4cca-b154-56a674744a02",
            "display": "Cause of Death [US Standard Certificate of Death]"
          }
        ],
        "resourceType": "DiagnosticReport"
      }
    },
    {
      "fullUrl": "urn:uuid:c78541fd-8138-4267-a8c8-c326551cc781",
      "resource": {
        "id": "c78541fd-8138-4267-a8c8-c326551cc781",
        "meta": {
          "profile": [
            "http://standardhealthrecord.org/fhir/StructureDefinition/shr-observation-Observation"
          ]
        },
        "status": "final",
        "category": [
          {
            "coding": [
              {
                "system": "http://hl7.org/fhir/observation-category",
                "code": "survey"
              }
            ]
          }
        ],
        "code": {
          "coding": [
            {
              "system": "http://snomed.info/sct",
              "code": "273724008",
              "display": "Quality adjusted life years"
            }
          ],
          "text": "Quality adjusted life years"
        },
        "subject": {
          "reference": "urn:uuid:195d9f51-161e-402d-bb72-8ecf4fa29f26"
        },
        "effectiveDateTime": "2017-10-31T16:09:28-04:00",
        "issued": "2017-10-31T16:09:28-04:00",
        "valueQuantity": {
          "value": 56.988596886065665,
          "unit": "years",
          "system": "http://unitsofmeasure.org/",
          "code": "years"
        },
        "resourceType": "Observation"
      }
    },
    {
      "fullUrl": "urn:uuid:0274daa3-26f7-4255-8ab2-bf2466a4acde",
      "resource": {
        "id": "0274daa3-26f7-4255-8ab2-bf2466a4acde",
        "meta": {
          "profile": [
            "http://standardhealthrecord.org/fhir/StructureDefinition/shr-observation-Observation"
          ]
        },
        "status": "final",
        "category": [
          {
            "coding": [
              {
                "system": "http://hl7.org/fhir/observation-category",
                "code": "survey"
              }
            ]
          }
        ],
        "code": {
          "coding": [
            {
              "system": "http://snomed.info/sct",
              "code": "273421001",
              "display": "Disability rating scale"
            }
          ],
          "text": "Disability rating scale"
        },
        "subject": {
          "reference": "urn:uuid:195d9f51-161e-402d-bb72-8ecf4fa29f26"
        },
        "effectiveDateTime": "2017-10-31T16:09:28-04:00",
        "issued": "2017-10-31T16:09:28-04:00",
        "valueQuantity": {
          "value": 31.276983113934335,
          "unit": "years",
          "system": "http://unitsofmeasure.org/",
          "code": "years"
        },
        "resourceType": "Observation"
      }
    }
  ],
  "resourceType": "Bundle"
}