{
  "type": "collection",
  "entry": [
    {
      "fullUrl": "urn:uuid:3316937c-e7b2-4fac-8e2d-2d755ff1fec4",
      "resource": {
        "id": "3316937c-e7b2-4fac-8e2d-2d755ff1fec4",
        "meta": {
          "profile": [
            "http://standardhealthrecord.org/fhir/StructureDefinition/shr-actor-Organization"
          ]
        },
        "type": [
          {
            "coding": [
              {
                "system": "http://hl7.org/fhir/organization-type",
                "code": "prov",
                "display": "Healthcare Provider"
              }
            ],
            "text": "Healthcare Provider"
          }
        ],
        "name": "ST ANNE'S HOSPITAL PAIN MANAGMT CTR",
        "resourceType": "Organization"
      }
    },
    {
      "fullUrl": "urn:uuid:4561b1b3-d8b1-4fea-84ac-3779d86cc88c",
      "resource": {
        "id": "4561b1b3-d8b1-4fea-84ac-3779d86cc88c",
        "meta": {
          "profile": [
            "http://standardhealthrecord.org/fhir/StructureDefinition/shr-demographics-PersonOfRecord"
          ]
        },
        "text": {
          "status": "generated",
          "div": "<div xmlns=\"http://www.w3.org/1999/xhtml\">Generated by <a href=\"https://github.com/synthetichealth/synthea\">Synthea</a>. Version identifier: 368ac389f34cd3ce3986aa3a0a08e467bf574db3</div>"
        },
        "extension": [
          {
            "url": "http://hl7.org/fhir/us/core/StructureDefinition/us-core-race",
            "valueCodeableConcept": {
              "coding": [
                {
                  "system": "http://hl7.org/fhir/v3/Race",
                  "code": "2106-3",
                  "display": "White"
                }
              ],
              "text": "race"
            }
          },
          {
            "url": "http://hl7.org/fhir/us/core/StructureDefinition/us-core-ethnicity",
            "valueCodeableConcept": {
              "coding": [
                {
                  "system": "http://hl7.org/fhir/v3/Ethnicity",
                  "code": "2186-5",
                  "display": "Nonhispanic"
                }
              ],
              "text": "ethnicity"
            }
          },
          {
            "url": "http://hl7.org/fhir/StructureDefinition/birthPlace",
            "valueAddress": {
              "city": "Taunton",
              "state": "MA",
              "country": "US"
            }
          },
          {
            "url": "http://hl7.org/fhir/StructureDefinition/patient-mothersMaidenName",
            "valueString": "Grayce448 Batz794"
          },
          {
            "url": "http://hl7.org/fhir/us/core/StructureDefinition/us-core-birthsex",
            "valueCode": "F"
          },
          {
            "url": "http://hl7.org/fhir/StructureDefinition/patient-interpreterRequired",
            "valueBoolean": false
          },
          {
            "url": "http://standardhealthrecord.org/fhir/StructureDefinition/shr-actor-FictionalPerson-extension",
            "valueBoolean": true
          },
          {
            "url": "http://standardhealthrecord.org/fhir/StructureDefinition/shr-demographics-FathersName-extension",
            "valueHumanName": {
              "text": "Tuan676 Lynch566"
            }
          },
          {
            "url": "http://standardhealthrecord.org/fhir/StructureDefinition/shr-demographics-SocialSecurityNumber-extension",
            "valueString": "999-57-5829"
          }
        ],
        "identifier": [
          {
            "system": "https://github.com/synthetichealth/synthea",
            "value": "a95c149c-c49e-4c25-b26e-a44c09e33d1f"
          },
          {
            "type": {
              "coding": [
                {
                  "system": "http://hl7.org/fhir/identifier-type",
                  "code": "SB"
                }
              ]
            },
            "system": "http://hl7.org/fhir/sid/us-ssn",
            "value": "999575829"
          },
          {
            "type": {
              "coding": [
                {
                  "system": "http://hl7.org/fhir/v2/0203",
                  "code": "DL"
                }
              ]
            },
            "system": "urn:oid:2.16.840.1.113883.4.3.25",
            "value": "S99952720"
          },
          {
            "type": {
              "coding": [
                {
                  "system": "http://hl7.org/fhir/v2/0203",
                  "code": "PPN"
                }
              ]
            },
            "system": "http://standardhealthrecord.org/fhir/StructureDefinition/passportNumber",
            "value": "X49703284X"
          },
          {
            "type": {
              "coding": [
                {
                  "system": "http://hl7.org/fhir/v2/0203",
                  "code": "MR"
                }
              ]
            },
            "system": "http://hospital.smarthealthit.org",
            "value": "a95c149c-c49e-4c25-b26e-a44c09e33d1f"
          }
        ],
        "name": [
          {
            "use": "official",
            "family": "Abshire734",
            "given": [
              "Jeane242"
            ],
            "prefix": [
              "Mrs."
            ]
          },
          {
            "use": "maiden",
            "family": "Lynch566",
            "given": [
              "Jeane242"
            ]
          }
        ],
        "telecom": [
          {
            "system": "phone",
            "value": "808.609.3968 x3068",
            "use": "home"
          }
        ],
        "gender": "female",
        "birthDate": "1933-08-15",
        "deceasedDateTime": "1991-10-29T18:10:12-05:00",
        "address": [
          {
            "extension": [
              {
                "extension": [
                  {
                    "url": "latitude",
                    "valueDecimal": 41.78712515986396
                  },
                  {
                    "url": "longitude",
                    "valueDecimal": -71.1420786924812
                  }
                ],
                "url": "http://hl7.org/fhir/StructureDefinition/geolocation"
              }
            ],
            "line": [
              "3614 Botsford Parkways"
            ],
            "city": "Somerset",
            "state": "MA",
            "postalCode": "02725",
            "country": "US"
          }
        ],
        "maritalStatus": {
          "coding": [
            {
              "system": "http://hl7.org/fhir/v3/MaritalStatus",
              "code": "M"
            }
          ],
          "text": "M"
        },
        "multipleBirthBoolean": false,
        "communication": [
          {
            "language": {
              "coding": [
                {
                  "system": "http://hl7.org/fhir/ValueSet/languages",
                  "code": "en-US",
                  "display": "English (United States)"
                }
              ]
            }
          }
        ],
        "generalPractitioner": [
          {
            "reference": "urn:uuid:3316937c-e7b2-4fac-8e2d-2d755ff1fec4"
          }
        ],
        "resourceType": "Patient"
      }
    },
    {
      "fullUrl": "urn:uuid:0cbeab94-65d0-413f-87ab-983cc5667862",
      "resource": {
        "id": "0cbeab94-65d0-413f-87ab-983cc5667862",
        "meta": {
          "profile": [
            "http://standardhealthrecord.org/fhir/StructureDefinition/shr-encounter-Encounter"
          ]
        },
        "status": "finished",
        "class": {
          "code": "ambulatory"
        },
        "type": [
          {
            "coding": [
              {
                "system": "http://snomed.info/sct",
                "code": "308646001"
              }
            ],
            "text": "Death Certification"
          }
        ],
        "subject": {
          "reference": "urn:uuid:4561b1b3-d8b1-4fea-84ac-3779d86cc88c"
        },
        "period": {
          "start": "1991-10-29T18:10:12-05:00",
          "end": "1991-10-29T18:25:12-05:00"
        },
        "serviceProvider": {
          "reference": "urn:uuid:3316937c-e7b2-4fac-8e2d-2d755ff1fec4"
        },
        "resourceType": "Encounter"
      }
    },
    {
      "fullUrl": "urn:uuid:ab5ba988-a8b2-4fd8-a99d-655cb3645945",
      "resource": {
        "id": "ab5ba988-a8b2-4fd8-a99d-655cb3645945",
        "status": "active",
        "use": "complete",
        "patient": {
          "reference": "urn:uuid:4561b1b3-d8b1-4fea-84ac-3779d86cc88c"
        },
        "billablePeriod": {
          "start": "1991-10-29T18:10:12-05:00",
          "end": "1991-10-29T18:25:12-05:00"
        },
        "organization": {
          "reference": {
            "reference": "urn:uuid:3316937c-e7b2-4fac-8e2d-2d755ff1fec4"
          }
        },
        "diagnosis": [
          {
            "sequence": 1,
            "diagnosisReference": {
              "reference": "urn:uuid:00416a41-29e5-4450-8d5e-42837439bcfe"
            }
          },
          {
            "sequence": 2,
            "diagnosisReference": {
              "reference": "urn:uuid:e42af067-9f37-4880-8339-dabaa2f95154"
            }
          },
          {
            "sequence": 3,
            "diagnosisReference": {
              "reference": "urn:uuid:eaa89d28-34a7-4065-987e-b83a82dbb564"
            }
          }
        ],
        "item": [
          {
            "sequence": 1,
            "net": {
              "value": 125.0,
              "system": "urn:iso:std:iso:4217",
              "code": "USD"
            },
            "encounter": [
              {
                "reference": {
                  "fullUrl": "urn:uuid:0cbeab94-65d0-413f-87ab-983cc5667862",
                  "resource": {
                    "id": "0cbeab94-65d0-413f-87ab-983cc5667862",
                    "meta": {
                      "profile": [
                        "http://standardhealthrecord.org/fhir/StructureDefinition/shr-encounter-Encounter"
                      ]
                    },
                    "status": "finished",
                    "class": {
                      "code": "ambulatory"
                    },
                    "type": [
                      {
                        "coding": [
                          {
                            "system": "http://snomed.info/sct",
                            "code": "308646001"
                          }
                        ],
                        "text": "Death Certification"
                      }
                    ],
                    "subject": {
                      "reference": "urn:uuid:4561b1b3-d8b1-4fea-84ac-3779d86cc88c"
                    },
                    "period": {
                      "start": "1991-10-29T18:10:12-05:00",
                      "end": "1991-10-29T18:25:12-05:00"
                    },
                    "serviceProvider": {
                      "reference": "urn:uuid:3316937c-e7b2-4fac-8e2d-2d755ff1fec4"
                    },
                    "resourceType": "Encounter"
                  }
                }
              }
            ]
          },
          {
            "sequence": 2,
            "diagnosisLinkId": [
              1
            ],
            "net": {
              "value": 0.0,
              "system": "urn:iso:std:iso:4217",
              "code": "USD"
            }
          },
          {
            "sequence": 3,
            "diagnosisLinkId": [
              2
            ],
            "net": {
              "value": 0.0,
              "system": "urn:iso:std:iso:4217",
              "code": "USD"
            }
          },
          {
            "sequence": 4,
            "diagnosisLinkId": [
              3
            ],
            "net": {
              "value": 0.0,
              "system": "urn:iso:std:iso:4217",
              "code": "USD"
            }
          }
        ],
        "total": {
          "value": 125.0,
          "system": "urn:iso:std:iso:4217",
          "code": "USD"
        },
        "resourceType": "Claim"
      }
    },
    {
      "fullUrl": "urn:uuid:00416a41-29e5-4450-8d5e-42837439bcfe",
      "resource": {
        "id": "00416a41-29e5-4450-8d5e-42837439bcfe",
        "meta": {
          "profile": [
            "http://standardhealthrecord.org/fhir/StructureDefinition/shr-problem-Problem"
          ]
        },
        "clinicalStatus": "active",
        "verificationStatus": "confirmed",
        "code": {
          "coding": [
            {
              "system": "http://snomed.info/sct",
              "code": "38341003",
              "display": "Hypertension"
            }
          ],
          "text": "Hypertension"
        },
        "subject": {
          "reference": "urn:uuid:4561b1b3-d8b1-4fea-84ac-3779d86cc88c"
        },
        "context": {
          "reference": "urn:uuid:0cbeab94-65d0-413f-87ab-983cc5667862"
        },
        "onsetDateTime": "1952-04-10T21:17:37-05:00",
        "assertedDate": "1952-04-10",
        "resourceType": "Condition"
      }
    },
    {
      "fullUrl": "urn:uuid:e42af067-9f37-4880-8339-dabaa2f95154",
      "resource": {
        "id": "e42af067-9f37-4880-8339-dabaa2f95154",
        "meta": {
          "profile": [
            "http://standardhealthrecord.org/fhir/StructureDefinition/shr-problem-Problem"
          ]
        },
        "clinicalStatus": "active",
        "verificationStatus": "confirmed",
        "code": {
          "coding": [
            {
              "system": "http://snomed.info/sct",
              "code": "239872002",
              "display": "Osteoarthritis of hip"
            }
          ],
          "text": "Osteoarthritis of hip"
        },
        "subject": {
          "reference": "urn:uuid:4561b1b3-d8b1-4fea-84ac-3779d86cc88c"
        },
        "context": {
          "reference": "urn:uuid:0cbeab94-65d0-413f-87ab-983cc5667862"
        },
        "onsetDateTime": "1962-06-21T02:41:08-04:00",
        "assertedDate": "1962-06-21",
        "resourceType": "Condition"
      }
    },
    {
      "fullUrl": "urn:uuid:eaa89d28-34a7-4065-987e-b83a82dbb564",
      "resource": {
        "id": "eaa89d28-34a7-4065-987e-b83a82dbb564",
        "meta": {
          "profile": [
            "http://standardhealthrecord.org/fhir/StructureDefinition/shr-problem-Problem"
          ]
        },
        "clinicalStatus": "active",
        "verificationStatus": "confirmed",
        "code": {
          "coding": [
            {
              "system": "http://snomed.info/sct",
              "code": "15777000",
              "display": "Prediabetes"
            }
          ],
          "text": "Prediabetes"
        },
        "subject": {
          "reference": "urn:uuid:4561b1b3-d8b1-4fea-84ac-3779d86cc88c"
        },
        "context": {
          "reference": "urn:uuid:0cbeab94-65d0-413f-87ab-983cc5667862"
        },
        "onsetDateTime": "1982-02-20T17:43:48-05:00",
        "assertedDate": "1982-02-20",
        "resourceType": "Condition"
      }
    },
    {
      "fullUrl": "urn:uuid:bb9c2f16-37ba-4ce5-aa3a-18451cc00b88",
      "resource": {
        "id": "bb9c2f16-37ba-4ce5-aa3a-18451cc00b88",
        "meta": {
          "profile": [
            "http://standardhealthrecord.org/fhir/StructureDefinition/shr-observation-Observation"
          ]
        },
        "status": "final",
        "category": [
          {
            "coding": [
              {
                "system": "http://hl7.org/fhir/observation-category"
              }
            ]
          }
        ],
        "code": {
          "coding": [
            {
              "system": "http://loinc.org",
              "code": "69453-9",
              "display": "Cause of Death [US Standard Certificate of Death]"
            }
          ],
          "text": "Cause of Death [US Standard Certificate of Death]"
        },
        "subject": {
          "reference": "urn:uuid:4561b1b3-d8b1-4fea-84ac-3779d86cc88c"
        },
        "context": {
          "reference": "urn:uuid:0cbeab94-65d0-413f-87ab-983cc5667862"
        },
        "effectiveDateTime": "1991-10-29T18:10:12-05:00",
        "issued": "1991-10-29T18:10:12-05:00",
        "valueCodeableConcept": {
          "coding": [
            {
              "system": "http://snomed.info/sct",
              "code": "9855000",
              "display": "Natural death with unknown cause"
            }
          ],
          "text": "Natural death with unknown cause"
        },
        "resourceType": "Observation"
      }
    },
    {
      "fullUrl": "urn:uuid:8ff59f54-ef2c-4e73-a4db-20c82512067c",
      "resource": {
        "id": "8ff59f54-ef2c-4e73-a4db-20c82512067c",
        "meta": {
          "profile": [
            "http://standardhealthrecord.org/fhir/StructureDefinition/shr-observation-Panel"
          ]
        },
        "status": "final",
        "code": {
          "coding": [
            {
              "system": "http://loinc.org",
              "code": "69409-1",
              "display": "U.S. standard certificate of death - 2003 revision"
            }
          ]
        },
        "subject": {
          "reference": "urn:uuid:4561b1b3-d8b1-4fea-84ac-3779d86cc88c"
        },
        "context": {
          "reference": "urn:uuid:0cbeab94-65d0-413f-87ab-983cc5667862"
        },
        "effectiveDateTime": "1991-10-29T18:10:12-05:00",
        "issued": "1991-10-29T18:10:12-05:00",
        "result": [
          {
            "reference": "urn:uuid:bb9c2f16-37ba-4ce5-aa3a-18451cc00b88",
            "display": "Cause of Death [US Standard Certificate of Death]"
          }
        ],
        "resourceType": "DiagnosticReport"
      }
    },
    {
      "resource": {
        "status": "completed",
        "intent": "order",
        "category": [
          {
            "coding": [
              {
                "system": "http://snomed.info/sct",
                "code": "134435003",
                "display": "Routine antenatal care"
              }
            ]
          }
        ],
        "subject": {
          "reference": "urn:uuid:4561b1b3-d8b1-4fea-84ac-3779d86cc88c"
        },
        "context": {
          "reference": "urn:uuid:0cbeab94-65d0-413f-87ab-983cc5667862"
        },
        "period": {
          "start": "1951-03-27",
          "end": "1958-09-02"
        },
        "activity": [
          {
            "detail": {
              "code": {
                "coding": [
                  {
                    "system": "http://snomed.info/sct",
                    "code": "135892000",
                    "display": "Antenatal education"
                  }
                ]
              },
              "status": "completed"
            }
          },
          {
            "detail": {
              "code": {
                "coding": [
                  {
                    "system": "http://snomed.info/sct",
                    "code": "226060000",
                    "display": "Stress management"
                  }
                ]
              },
              "status": "completed"
            }
          },
          {
            "detail": {
              "code": {
                "coding": [
                  {
                    "system": "http://snomed.info/sct",
                    "code": "171054004",
                    "display": "Pregnancy diet education"
                  }
                ]
              },
              "status": "completed"
            }
          }
        ],
        "resourceType": "CarePlan"
      }
    },
    {
      "resource": {
        "status": "completed",
        "intent": "order",
        "category": [
          {
            "coding": [
              {
                "system": "http://snomed.info/sct",
                "code": "134435003",
                "display": "Routine antenatal care"
              }
            ]
          }
        ],
        "subject": {
          "reference": "urn:uuid:4561b1b3-d8b1-4fea-84ac-3779d86cc88c"
        },
        "context": {
          "reference": "urn:uuid:0cbeab94-65d0-413f-87ab-983cc5667862"
        },
        "period": {
          "start": "1958-01-21",
          "end": "1962-07-31"
        },
        "activity": [
          {
            "detail": {
              "code": {
                "coding": [
                  {
                    "system": "http://snomed.info/sct",
                    "code": "135892000",
                    "display": "Antenatal education"
                  }
                ]
              },
              "status": "completed"
            }
          },
          {
            "detail": {
              "code": {
                "coding": [
                  {
                    "system": "http://snomed.info/sct",
                    "code": "226060000",
                    "display": "Stress management"
                  }
                ]
              },
              "status": "completed"
            }
          },
          {
            "detail": {
              "code": {
                "coding": [
                  {
                    "system": "http://snomed.info/sct",
                    "code": "171054004",
                    "display": "Pregnancy diet education"
                  }
                ]
              },
              "status": "completed"
            }
          }
        ],
        "resourceType": "CarePlan"
      }
    },
    {
      "resource": {
        "status": "completed",
        "intent": "order",
        "category": [
          {
            "coding": [
              {
                "system": "http://snomed.info/sct",
                "code": "134435003",
                "display": "Routine antenatal care"
              }
            ]
          }
        ],
        "subject": {
          "reference": "urn:uuid:4561b1b3-d8b1-4fea-84ac-3779d86cc88c"
        },
        "context": {
          "reference": "urn:uuid:0cbeab94-65d0-413f-87ab-983cc5667862"
        },
        "period": {
          "start": "1962-01-02",
          "end": "1963-09-10"
        },
        "activity": [
          {
            "detail": {
              "code": {
                "coding": [
                  {
                    "system": "http://snomed.info/sct",
                    "code": "135892000",
                    "display": "Antenatal education"
                  }
                ]
              },
              "status": "completed"
            }
          },
          {
            "detail": {
              "code": {
                "coding": [
                  {
                    "system": "http://snomed.info/sct",
                    "code": "226060000",
                    "display": "Stress management"
                  }
                ]
              },
              "status": "completed"
            }
          },
          {
            "detail": {
              "code": {
                "coding": [
                  {
                    "system": "http://snomed.info/sct",
                    "code": "171054004",
                    "display": "Pregnancy diet education"
                  }
                ]
              },
              "status": "completed"
            }
          }
        ],
        "resourceType": "CarePlan"
      }
    },
    {
      "resource": {
        "status": "active",
        "intent": "order",
        "category": [
          {
            "coding": [
              {
                "system": "http://snomed.info/sct",
                "code": "872781000000100",
                "display": "Musculoskeletal care"
              }
            ]
          }
        ],
        "subject": {
          "reference": "urn:uuid:4561b1b3-d8b1-4fea-84ac-3779d86cc88c"
        },
        "context": {
          "reference": "urn:uuid:0cbeab94-65d0-413f-87ab-983cc5667862"
        },
        "period": {
          "start": "1962-06-21"
        },
        "addresses": [
          {
            "reference": "urn:uuid:e42af067-9f37-4880-8339-dabaa2f95154"
          }
        ],
        "activity": [
          {
            "detail": {
              "code": {
                "coding": [
                  {
                    "system": "http://snomed.info/sct",
                    "code": "872781000000100",
                    "display": "Joint mobility exercises"
                  }
                ]
              },
              "status": "in-progress"
            }
          },
          {
            "detail": {
              "code": {
                "coding": [
                  {
                    "system": "http://snomed.info/sct",
                    "code": "266694003",
                    "display": "Heat therapy"
                  }
                ]
              },
              "status": "in-progress"
            }
          }
        ],
        "resourceType": "CarePlan"
      }
    },
    {
      "resource": {
        "status": "completed",
        "intent": "order",
        "category": [
          {
            "coding": [
              {
                "system": "http://snomed.info/sct",
                "code": "134435003",
                "display": "Routine antenatal care"
              }
            ]
          }
        ],
        "subject": {
          "reference": "urn:uuid:4561b1b3-d8b1-4fea-84ac-3779d86cc88c"
        },
        "context": {
          "reference": "urn:uuid:0cbeab94-65d0-413f-87ab-983cc5667862"
        },
        "period": {
          "start": "1963-02-05",
          "end": "1967-08-29"
        },
        "activity": [
          {
            "detail": {
              "code": {
                "coding": [
                  {
                    "system": "http://snomed.info/sct",
                    "code": "135892000",
                    "display": "Antenatal education"
                  }
                ]
              },
              "status": "completed"
            }
          },
          {
            "detail": {
              "code": {
                "coding": [
                  {
                    "system": "http://snomed.info/sct",
                    "code": "226060000",
                    "display": "Stress management"
                  }
                ]
              },
              "status": "completed"
            }
          },
          {
            "detail": {
              "code": {
                "coding": [
                  {
                    "system": "http://snomed.info/sct",
                    "code": "171054004",
                    "display": "Pregnancy diet education"
                  }
                ]
              },
              "status": "completed"
            }
          }
        ],
        "resourceType": "CarePlan"
      }
    },
    {
      "resource": {
        "status": "active",
        "intent": "order",
        "category": [
          {
            "coding": [
              {
                "system": "http://snomed.info/sct",
                "code": "134435003",
                "display": "Routine antenatal care"
              }
            ]
          }
        ],
        "subject": {
          "reference": "urn:uuid:4561b1b3-d8b1-4fea-84ac-3779d86cc88c"
        },
        "context": {
          "reference": "urn:uuid:0cbeab94-65d0-413f-87ab-983cc5667862"
        },
        "period": {
          "start": "1967-01-17"
        },
        "activity": [
          {
            "detail": {
              "code": {
                "coding": [
                  {
                    "system": "http://snomed.info/sct",
                    "code": "135892000",
                    "display": "Antenatal education"
                  }
                ]
              },
              "status": "in-progress"
            }
          },
          {
            "detail": {
              "code": {
                "coding": [
                  {
                    "system": "http://snomed.info/sct",
                    "code": "226060000",
                    "display": "Stress management"
                  }
                ]
              },
              "status": "in-progress"
            }
          },
          {
            "detail": {
              "code": {
                "coding": [
                  {
                    "system": "http://snomed.info/sct",
                    "code": "171054004",
                    "display": "Pregnancy diet education"
                  }
                ]
              },
              "status": "in-progress"
            }
          }
        ],
        "resourceType": "CarePlan"
      }
    },
    {
      "fullUrl": "urn:uuid:92ffb2e1-19eb-4e66-83a1-023e366045cc",
      "resource": {
        "id": "92ffb2e1-19eb-4e66-83a1-023e366045cc",
        "status": "in-progress",
        "description": {
          "text": "Hemoglobin A1c total in Blood < 7.0"
        },
        "addresses": [
          {
            "reference": "urn:uuid:eaa89d28-34a7-4065-987e-b83a82dbb564"
          }
        ],
        "resourceType": "Goal"
      }
    },
    {
      "fullUrl": "urn:uuid:9b64b706-7d19-4c13-a70c-b8cfcb3d869b",
      "resource": {
        "id": "9b64b706-7d19-4c13-a70c-b8cfcb3d869b",
        "status": "in-progress",
        "description": {
          "text": "Glucose [Mass/volume] in Blood < 108"
        },
        "addresses": [
          {
            "reference": "urn:uuid:eaa89d28-34a7-4065-987e-b83a82dbb564"
          }
        ],
        "resourceType": "Goal"
      }
    },
    {
      "fullUrl": "urn:uuid:70aa3f72-e68e-40af-88e3-31810c280d28",
      "resource": {
        "id": "70aa3f72-e68e-40af-88e3-31810c280d28",
        "status": "in-progress",
        "description": {
          "text": "Maintain blood pressure below 140/90 mmHg"
        },
        "addresses": [
          {
            "reference": "urn:uuid:eaa89d28-34a7-4065-987e-b83a82dbb564"
          }
        ],
        "resourceType": "Goal"
      }
    },
    {
      "fullUrl": "urn:uuid:20d7164f-c47a-4b42-bf57-4cfbd26aa3f0",
      "resource": {
        "id": "20d7164f-c47a-4b42-bf57-4cfbd26aa3f0",
        "status": "in-progress",
        "description": {
          "text": "Improve and maintenance of optimal foot health: aim at early detection of peripheral vascular problems and neuropathy presumed due to diabetes; and prevention of diabetic foot ulcer, gangrene"
        },
        "addresses": [
          {
            "reference": "urn:uuid:eaa89d28-34a7-4065-987e-b83a82dbb564"
          }
        ],
        "resourceType": "Goal"
      }
    },
    {
      "fullUrl": "urn:uuid:48153599-f952-49c3-bb26-e67c5dc0d6f3",
      "resource": {
        "id": "48153599-f952-49c3-bb26-e67c5dc0d6f3",
        "status": "in-progress",
        "description": {
          "text": "Address patient knowledge deficit on diabetic self-care"
        },
        "addresses": [
          {
            "reference": "urn:uuid:eaa89d28-34a7-4065-987e-b83a82dbb564"
          }
        ],
        "resourceType": "Goal"
      }
    },
    {
      "resource": {
        "status": "active",
        "intent": "order",
        "category": [
          {
            "coding": [
              {
                "system": "http://snomed.info/sct",
                "code": "698360004",
                "display": "Diabetes self management plan"
              }
            ]
          }
        ],
        "subject": {
          "reference": "urn:uuid:4561b1b3-d8b1-4fea-84ac-3779d86cc88c"
        },
        "context": {
          "reference": "urn:uuid:0cbeab94-65d0-413f-87ab-983cc5667862"
        },
        "period": {
          "start": "1982-02-20"
        },
        "addresses": [
          {
            "reference": "urn:uuid:eaa89d28-34a7-4065-987e-b83a82dbb564"
          }
        ],
        "goal": [
          {
            "reference": "urn:uuid:92ffb2e1-19eb-4e66-83a1-023e366045cc"
          },
          {
            "reference": "urn:uuid:9b64b706-7d19-4c13-a70c-b8cfcb3d869b"
          },
          {
            "reference": "urn:uuid:70aa3f72-e68e-40af-88e3-31810c280d28"
          },
          {
            "reference": "urn:uuid:20d7164f-c47a-4b42-bf57-4cfbd26aa3f0"
          },
          {
            "reference": "urn:uuid:48153599-f952-49c3-bb26-e67c5dc0d6f3"
          }
        ],
        "activity": [
          {
            "detail": {
              "code": {
                "coding": [
                  {
                    "system": "http://snomed.info/sct",
                    "code": "160670007",
                    "display": "Diabetic diet"
                  }
                ]
              },
              "status": "in-progress"
            }
          },
          {
            "detail": {
              "code": {
                "coding": [
                  {
                    "system": "http://snomed.info/sct",
                    "code": "229065009",
                    "display": "Exercise therapy"
                  }
                ]
              },
              "status": "in-progress"
            }
          }
        ],
        "resourceType": "CarePlan"
      }
    },
    {
      "fullUrl": "urn:uuid:4f6d61cf-ad05-4bdf-ade6-a86e33dcd932",
      "resource": {
        "id": "4f6d61cf-ad05-4bdf-ade6-a86e33dcd932",
        "meta": {
          "profile": [
            "http://standardhealthrecord.org/fhir/StructureDefinition/shr-medication-MedicationPrescription"
          ]
        },
        "extension": [
          {
            "url": "http://standardhealthrecord.org/fhir/StructureDefinition/shr-base-ActionCode-extension",
            "valueCodeableConcept": {
              "coding": [
                {
                  "system": "http://snomed.info/sct",
                  "code": "33633005",
                  "display": "Prescription of drug (procedure)"
                }
              ],
              "text": "Prescription of drug (procedure)"
            }
          }
        ],
        "status": "active",
        "intent": "order",
        "medicationCodeableConcept": {
          "coding": [
            {
              "system": "http://www.nlm.nih.gov/research/umls/rxnorm",
              "code": "834060",
              "display": "Penicillin V Potassium 250 MG"
            }
          ],
          "text": "Penicillin V Potassium 250 MG"
        },
        "subject": {
          "reference": "urn:uuid:4561b1b3-d8b1-4fea-84ac-3779d86cc88c"
        },
        "context": {
          "reference": "urn:uuid:0cbeab94-65d0-413f-87ab-983cc5667862"
        },
        "authoredOn": "1947-10-24",
        "resourceType": "MedicationRequest"
      }
    },
    {
      "fullUrl": "urn:uuid:6955a8c4-3bee-4912-ac17-36215eac91f8",
      "resource": {
        "id": "6955a8c4-3bee-4912-ac17-36215eac91f8",
        "status": "active",
        "use": "complete",
        "patient": {
          "reference": "urn:uuid:4561b1b3-d8b1-4fea-84ac-3779d86cc88c"
        },
        "billablePeriod": {
          "start": "1991-10-29T18:10:12-05:00",
          "end": "1991-10-29T18:25:12-05:00"
        },
        "organization": {
          "reference": {
            "reference": "urn:uuid:3316937c-e7b2-4fac-8e2d-2d755ff1fec4"
          }
        },
        "prescription": {
          "reference": "urn:uuid:4f6d61cf-ad05-4bdf-ade6-a86e33dcd932"
        },
        "item": [
          {
            "sequence": 1,
            "net": {
              "value": 125.0,
              "system": "urn:iso:std:iso:4217",
              "code": "USD"
            },
            "encounter": [
              {
                "reference": {
                  "fullUrl": "urn:uuid:0cbeab94-65d0-413f-87ab-983cc5667862",
                  "resource": {
                    "id": "0cbeab94-65d0-413f-87ab-983cc5667862",
                    "meta": {
                      "profile": [
                        "http://standardhealthrecord.org/fhir/StructureDefinition/shr-encounter-Encounter"
                      ]
                    },
                    "status": "finished",
                    "class": {
                      "code": "ambulatory"
                    },
                    "type": [
                      {
                        "coding": [
                          {
                            "system": "http://snomed.info/sct",
                            "code": "308646001"
                          }
                        ],
                        "text": "Death Certification"
                      }
                    ],
                    "subject": {
                      "reference": "urn:uuid:4561b1b3-d8b1-4fea-84ac-3779d86cc88c"
                    },
                    "period": {
                      "start": "1991-10-29T18:10:12-05:00",
                      "end": "1991-10-29T18:25:12-05:00"
                    },
                    "serviceProvider": {
                      "reference": "urn:uuid:3316937c-e7b2-4fac-8e2d-2d755ff1fec4"
                    },
                    "resourceType": "Encounter"
                  }
                }
              }
            ]
          },
          {
            "sequence": 1,
            "net": {
              "value": 255.0,
              "system": "urn:iso:std:iso:4217",
              "code": "USD"
            }
          }
        ],
        "total": {
          "value": 255.0,
          "system": "urn:iso:std:iso:4217",
          "code": "USD"
        },
        "resourceType": "Claim"
      }
    },
    {
      "fullUrl": "urn:uuid:9cc40d17-9f30-43d2-b535-e1e693330277",
      "resource": {
        "id": "9cc40d17-9f30-43d2-b535-e1e693330277",
        "meta": {
          "profile": [
            "http://standardhealthrecord.org/fhir/StructureDefinition/shr-medication-MedicationPrescription"
          ]
        },
        "extension": [
          {
            "url": "http://standardhealthrecord.org/fhir/StructureDefinition/shr-base-ActionCode-extension",
            "valueCodeableConcept": {
              "coding": [
                {
                  "system": "http://snomed.info/sct",
                  "code": "33633005",
                  "display": "Prescription of drug (procedure)"
                }
              ],
              "text": "Prescription of drug (procedure)"
            }
          }
        ],
        "status": "active",
        "intent": "order",
        "medicationCodeableConcept": {
          "coding": [
            {
              "system": "http://www.nlm.nih.gov/research/umls/rxnorm",
              "code": "834101",
              "display": "Penicillin V Potassium 500 MG"
            }
          ],
          "text": "Penicillin V Potassium 500 MG"
        },
        "subject": {
          "reference": "urn:uuid:4561b1b3-d8b1-4fea-84ac-3779d86cc88c"
        },
        "context": {
          "reference": "urn:uuid:0cbeab94-65d0-413f-87ab-983cc5667862"
        },
        "authoredOn": "1951-12-01",
        "resourceType": "MedicationRequest"
      }
    },
    {
      "fullUrl": "urn:uuid:7db5b0db-84b6-40b1-86c4-dd6173010465",
      "resource": {
        "id": "7db5b0db-84b6-40b1-86c4-dd6173010465",
        "status": "active",
        "use": "complete",
        "patient": {
          "reference": "urn:uuid:4561b1b3-d8b1-4fea-84ac-3779d86cc88c"
        },
        "billablePeriod": {
          "start": "1991-10-29T18:10:12-05:00",
          "end": "1991-10-29T18:25:12-05:00"
        },
        "organization": {
          "reference": {
            "reference": "urn:uuid:3316937c-e7b2-4fac-8e2d-2d755ff1fec4"
          }
        },
        "prescription": {
          "reference": "urn:uuid:9cc40d17-9f30-43d2-b535-e1e693330277"
        },
        "item": [
          {
            "sequence": 1,
            "net": {
              "value": 125.0,
              "system": "urn:iso:std:iso:4217",
              "code": "USD"
            },
            "encounter": [
              {
                "reference": {
                  "fullUrl": "urn:uuid:0cbeab94-65d0-413f-87ab-983cc5667862",
                  "resource": {
                    "id": "0cbeab94-65d0-413f-87ab-983cc5667862",
                    "meta": {
                      "profile": [
                        "http://standardhealthrecord.org/fhir/StructureDefinition/shr-encounter-Encounter"
                      ]
                    },
                    "status": "finished",
                    "class": {
                      "code": "ambulatory"
                    },
                    "type": [
                      {
                        "coding": [
                          {
                            "system": "http://snomed.info/sct",
                            "code": "308646001"
                          }
                        ],
                        "text": "Death Certification"
                      }
                    ],
                    "subject": {
                      "reference": "urn:uuid:4561b1b3-d8b1-4fea-84ac-3779d86cc88c"
                    },
                    "period": {
                      "start": "1991-10-29T18:10:12-05:00",
                      "end": "1991-10-29T18:25:12-05:00"
                    },
                    "serviceProvider": {
                      "reference": "urn:uuid:3316937c-e7b2-4fac-8e2d-2d755ff1fec4"
                    },
                    "resourceType": "Encounter"
                  }
                }
              }
            ]
          },
          {
            "sequence": 1,
            "net": {
              "value": 255.0,
              "system": "urn:iso:std:iso:4217",
              "code": "USD"
            }
          }
        ],
        "total": {
          "value": 255.0,
          "system": "urn:iso:std:iso:4217",
          "code": "USD"
        },
        "resourceType": "Claim"
      }
    },
    {
      "fullUrl": "urn:uuid:676cfc8a-5f56-41a5-aa8c-1d440282a4be",
      "resource": {
        "id": "676cfc8a-5f56-41a5-aa8c-1d440282a4be",
        "meta": {
          "profile": [
            "http://standardhealthrecord.org/fhir/StructureDefinition/shr-medication-MedicationPrescription"
          ]
        },
        "extension": [
          {
            "url": "http://standardhealthrecord.org/fhir/StructureDefinition/shr-base-ActionCode-extension",
            "valueCodeableConcept": {
              "coding": [
                {
                  "system": "http://snomed.info/sct",
                  "code": "33633005",
                  "display": "Prescription of drug (procedure)"
                }
              ],
              "text": "Prescription of drug (procedure)"
            }
          }
        ],
        "status": "active",
        "intent": "order",
        "medicationCodeableConcept": {
          "coding": [
            {
              "system": "http://www.nlm.nih.gov/research/umls/rxnorm",
              "code": "849727",
              "display": "Naproxen sodium 220 MG [Aleve]"
            }
          ],
          "text": "Naproxen sodium 220 MG [Aleve]"
        },
        "subject": {
          "reference": "urn:uuid:4561b1b3-d8b1-4fea-84ac-3779d86cc88c"
        },
        "context": {
          "reference": "urn:uuid:0cbeab94-65d0-413f-87ab-983cc5667862"
        },
        "authoredOn": "1962-06-21",
        "reasonReference": [
          {
            "reference": "urn:uuid:e42af067-9f37-4880-8339-dabaa2f95154"
          }
        ],
        "resourceType": "MedicationRequest"
      }
    },
    {
      "fullUrl": "urn:uuid:20cc688f-0559-4ebc-a9cf-e15aa8a17a9b",
      "resource": {
        "id": "20cc688f-0559-4ebc-a9cf-e15aa8a17a9b",
        "status": "active",
        "use": "complete",
        "patient": {
          "reference": "urn:uuid:4561b1b3-d8b1-4fea-84ac-3779d86cc88c"
        },
        "billablePeriod": {
          "start": "1991-10-29T18:10:12-05:00",
          "end": "1991-10-29T18:25:12-05:00"
        },
        "organization": {
          "reference": {
            "reference": "urn:uuid:3316937c-e7b2-4fac-8e2d-2d755ff1fec4"
          }
        },
        "prescription": {
          "reference": "urn:uuid:676cfc8a-5f56-41a5-aa8c-1d440282a4be"
        },
        "item": [
          {
            "sequence": 1,
            "net": {
              "value": 125.0,
              "system": "urn:iso:std:iso:4217",
              "code": "USD"
            },
            "encounter": [
              {
                "reference": {
                  "fullUrl": "urn:uuid:0cbeab94-65d0-413f-87ab-983cc5667862",
                  "resource": {
                    "id": "0cbeab94-65d0-413f-87ab-983cc5667862",
                    "meta": {
                      "profile": [
                        "http://standardhealthrecord.org/fhir/StructureDefinition/shr-encounter-Encounter"
                      ]
                    },
                    "status": "finished",
                    "class": {
                      "code": "ambulatory"
                    },
                    "type": [
                      {
                        "coding": [
                          {
                            "system": "http://snomed.info/sct",
                            "code": "308646001"
                          }
                        ],
                        "text": "Death Certification"
                      }
                    ],
                    "subject": {
                      "reference": "urn:uuid:4561b1b3-d8b1-4fea-84ac-3779d86cc88c"
                    },
                    "period": {
                      "start": "1991-10-29T18:10:12-05:00",
                      "end": "1991-10-29T18:25:12-05:00"
                    },
                    "serviceProvider": {
                      "reference": "urn:uuid:3316937c-e7b2-4fac-8e2d-2d755ff1fec4"
                    },
                    "resourceType": "Encounter"
                  }
                }
              }
            ]
          },
          {
            "sequence": 1,
            "net": {
              "value": 255.0,
              "system": "urn:iso:std:iso:4217",
              "code": "USD"
            }
          }
        ],
        "total": {
          "value": 255.0,
          "system": "urn:iso:std:iso:4217",
          "code": "USD"
        },
        "resourceType": "Claim"
      }
    },
    {
      "fullUrl": "urn:uuid:8874d5bc-85ea-46d8-99ba-2c64152e04a9",
      "resource": {
        "id": "8874d5bc-85ea-46d8-99ba-2c64152e04a9",
        "meta": {
          "profile": [
            "http://standardhealthrecord.org/fhir/StructureDefinition/shr-medication-MedicationPrescription"
          ]
        },
        "extension": [
          {
            "url": "http://standardhealthrecord.org/fhir/StructureDefinition/shr-base-ActionCode-extension",
            "valueCodeableConcept": {
              "coding": [
                {
                  "system": "http://snomed.info/sct",
                  "code": "33633005",
                  "display": "Prescription of drug (procedure)"
                }
              ],
              "text": "Prescription of drug (procedure)"
            }
          }
        ],
        "status": "active",
        "intent": "order",
        "medicationCodeableConcept": {
          "coding": [
            {
              "system": "http://www.nlm.nih.gov/research/umls/rxnorm",
              "code": "834101",
              "display": "Penicillin V Potassium 500 MG"
            }
          ],
          "text": "Penicillin V Potassium 500 MG"
        },
        "subject": {
          "reference": "urn:uuid:4561b1b3-d8b1-4fea-84ac-3779d86cc88c"
        },
        "context": {
          "reference": "urn:uuid:0cbeab94-65d0-413f-87ab-983cc5667862"
        },
        "authoredOn": "1966-07-16",
        "resourceType": "MedicationRequest"
      }
    },
    {
      "fullUrl": "urn:uuid:bd77c816-4d9e-492d-a9cf-07edde20e75a",
      "resource": {
        "id": "bd77c816-4d9e-492d-a9cf-07edde20e75a",
        "status": "active",
        "use": "complete",
        "patient": {
          "reference": "urn:uuid:4561b1b3-d8b1-4fea-84ac-3779d86cc88c"
        },
        "billablePeriod": {
          "start": "1991-10-29T18:10:12-05:00",
          "end": "1991-10-29T18:25:12-05:00"
        },
        "organization": {
          "reference": {
            "reference": "urn:uuid:3316937c-e7b2-4fac-8e2d-2d755ff1fec4"
          }
        },
        "prescription": {
          "reference": "urn:uuid:8874d5bc-85ea-46d8-99ba-2c64152e04a9"
        },
        "item": [
          {
            "sequence": 1,
            "net": {
              "value": 125.0,
              "system": "urn:iso:std:iso:4217",
              "code": "USD"
            },
            "encounter": [
              {
                "reference": {
                  "fullUrl": "urn:uuid:0cbeab94-65d0-413f-87ab-983cc5667862",
                  "resource": {
                    "id": "0cbeab94-65d0-413f-87ab-983cc5667862",
                    "meta": {
                      "profile": [
                        "http://standardhealthrecord.org/fhir/StructureDefinition/shr-encounter-Encounter"
                      ]
                    },
                    "status": "finished",
                    "class": {
                      "code": "ambulatory"
                    },
                    "type": [
                      {
                        "coding": [
                          {
                            "system": "http://snomed.info/sct",
                            "code": "308646001"
                          }
                        ],
                        "text": "Death Certification"
                      }
                    ],
                    "subject": {
                      "reference": "urn:uuid:4561b1b3-d8b1-4fea-84ac-3779d86cc88c"
                    },
                    "period": {
                      "start": "1991-10-29T18:10:12-05:00",
                      "end": "1991-10-29T18:25:12-05:00"
                    },
                    "serviceProvider": {
                      "reference": "urn:uuid:3316937c-e7b2-4fac-8e2d-2d755ff1fec4"
                    },
                    "resourceType": "Encounter"
                  }
                }
              }
            ]
          },
          {
            "sequence": 1,
            "net": {
              "value": 255.0,
              "system": "urn:iso:std:iso:4217",
              "code": "USD"
            }
          }
        ],
        "total": {
          "value": 255.0,
          "system": "urn:iso:std:iso:4217",
          "code": "USD"
        },
        "resourceType": "Claim"
      }
    },
    {
      "fullUrl": "urn:uuid:4ea51e09-1d22-40a0-b7a1-0455c4997f12",
      "resource": {
        "id": "4ea51e09-1d22-40a0-b7a1-0455c4997f12",
        "meta": {
          "profile": [
            "http://standardhealthrecord.org/fhir/StructureDefinition/shr-observation-Observation"
          ]
        },
        "status": "final",
        "category": [
          {
            "coding": [
              {
                "system": "http://hl7.org/fhir/observation-category",
                "code": "survey"
              }
            ]
          }
        ],
        "code": {
          "coding": [
            {
              "system": "http://snomed.info/sct",
              "code": "273724008",
              "display": "Quality adjusted life years"
            }
          ],
          "text": "Quality adjusted life years"
        },
        "subject": {
          "reference": "urn:uuid:4561b1b3-d8b1-4fea-84ac-3779d86cc88c"
        },
        "effectiveDateTime": "2017-10-31T16:09:28-04:00",
        "issued": "2017-10-31T16:09:28-04:00",
        "valueQuantity": {
          "value": 54.67686340633739,
          "unit": "years",
          "system": "http://unitsofmeasure.org/",
          "code": "years"
        },
        "resourceType": "Observation"
      }
    },
    {
      "fullUrl": "urn:uuid:648b891e-c302-41f9-87b2-60a3289bd55e",
      "resource": {
        "id": "648b891e-c302-41f9-87b2-60a3289bd55e",
        "meta": {
          "profile": [
            "http://standardhealthrecord.org/fhir/StructureDefinition/shr-observation-Observation"
          ]
        },
        "status": "final",
        "category": [
          {
            "coding": [
              {
                "system": "http://hl7.org/fhir/observation-category",
                "code": "survey"
              }
            ]
          }
        ],
        "code": {
          "coding": [
            {
              "system": "http://snomed.info/sct",
              "code": "273421001",
              "display": "Disability rating scale"
            }
          ],
          "text": "Disability rating scale"
        },
        "subject": {
          "reference": "urn:uuid:4561b1b3-d8b1-4fea-84ac-3779d86cc88c"
        },
        "effectiveDateTime": "2017-10-31T16:09:28-04:00",
        "issued": "2017-10-31T16:09:28-04:00",
        "valueQuantity": {
          "value": 33.71265659366261,
          "unit": "years",
          "system": "http://unitsofmeasure.org/",
          "code": "years"
        },
        "resourceType": "Observation"
      }
    }
  ],
  "resourceType": "Bundle"
}