{
  "type": "collection",
  "entry": [
    {
      "fullUrl": "urn:uuid:576818dc-b7b8-4086-8547-bfa99f3babfb",
      "resource": {
        "id": "576818dc-b7b8-4086-8547-bfa99f3babfb",
        "meta": {
          "profile": [
            "http://standardhealthrecord.org/fhir/StructureDefinition/shr-actor-Organization"
          ]
        },
        "type": [
          {
            "coding": [
              {
                "system": "http://hl7.org/fhir/organization-type",
                "code": "prov",
                "display": "Healthcare Provider"
              }
            ],
            "text": "Healthcare Provider"
          }
        ],
        "name": "HEALTHSOUTH NEW ENGLAND REH @LOWELL",
        "resourceType": "Organization"
      }
    },
    {
      "fullUrl": "urn:uuid:6640d1e7-0881-4f8e-bd8a-634356230a22",
      "resource": {
        "id": "6640d1e7-0881-4f8e-bd8a-634356230a22",
        "meta": {
          "profile": [
            "http://standardhealthrecord.org/fhir/StructureDefinition/shr-demographics-PersonOfRecord"
          ]
        },
        "text": {
          "status": "generated",
          "div": "<div xmlns=\"http://www.w3.org/1999/xhtml\">Generated by <a href=\"https://github.com/synthetichealth/synthea\">Synthea</a>. Version identifier: 368ac389f34cd3ce3986aa3a0a08e467bf574db3</div>"
        },
        "extension": [
          {
            "url": "http://hl7.org/fhir/us/core/StructureDefinition/us-core-race",
            "valueCodeableConcept": {
              "coding": [
                {
                  "system": "http://hl7.org/fhir/v3/Race",
                  "code": "2106-3",
                  "display": "White"
                }
              ],
              "text": "race"
            }
          },
          {
            "url": "http://hl7.org/fhir/us/core/StructureDefinition/us-core-ethnicity",
            "valueCodeableConcept": {
              "coding": [
                {
                  "system": "http://hl7.org/fhir/v3/Ethnicity",
                  "code": "2186-5",
                  "display": "Nonhispanic"
                }
              ],
              "text": "ethnicity"
            }
          },
          {
            "url": "http://hl7.org/fhir/StructureDefinition/birthPlace",
            "valueAddress": {
              "city": "Marblehead",
              "state": "MA",
              "country": "US"
            }
          },
          {
            "url": "http://hl7.org/fhir/StructureDefinition/patient-mothersMaidenName",
            "valueString": "Detra449 Conroy4"
          },
          {
            "url": "http://hl7.org/fhir/us/core/StructureDefinition/us-core-birthsex",
            "valueCode": "M"
          },
          {
            "url": "http://hl7.org/fhir/StructureDefinition/patient-interpreterRequired",
            "valueBoolean": false
          },
          {
            "url": "http://standardhealthrecord.org/fhir/StructureDefinition/shr-actor-FictionalPerson-extension",
            "valueBoolean": true
          },
          {
            "url": "http://standardhealthrecord.org/fhir/StructureDefinition/shr-demographics-FathersName-extension",
            "valueHumanName": {
              "text": "Frederic523 Altenwerth840"
            }
          },
          {
            "url": "http://standardhealthrecord.org/fhir/StructureDefinition/shr-demographics-SocialSecurityNumber-extension",
            "valueString": "999-18-9078"
          }
        ],
        "identifier": [
          {
            "system": "https://github.com/synthetichealth/synthea",
            "value": "a6a2ac4c-5808-494a-a195-1d38ccfcf4d6"
          },
          {
            "type": {
              "coding": [
                {
                  "system": "http://hl7.org/fhir/identifier-type",
                  "code": "SB"
                }
              ]
            },
            "system": "http://hl7.org/fhir/sid/us-ssn",
            "value": "999189078"
          },
          {
            "type": {
              "coding": [
                {
                  "system": "http://hl7.org/fhir/v2/0203",
                  "code": "DL"
                }
              ]
            },
            "system": "urn:oid:2.16.840.1.113883.4.3.25",
            "value": "S99979014"
          },
          {
            "type": {
              "coding": [
                {
                  "system": "http://hl7.org/fhir/v2/0203",
                  "code": "MR"
                }
              ]
            },
            "system": "http://hospital.smarthealthit.org",
            "value": "a6a2ac4c-5808-494a-a195-1d38ccfcf4d6"
          }
        ],
        "name": [
          {
            "use": "official",
            "family": "Altenwerth840",
            "given": [
              "Thomas602"
            ],
            "prefix": [
              "Mr."
            ]
          }
        ],
        "telecom": [
          {
            "system": "phone",
            "value": "1-582-406-2141 x70050",
            "use": "home"
          }
        ],
        "gender": "male",
        "birthDate": "1985-12-19",
        "address": [
          {
            "extension": [
              {
                "extension": [
                  {
                    "url": "latitude",
                    "valueDecimal": 42.640116917451884
                  },
                  {
                    "url": "longitude",
                    "valueDecimal": -71.37023502560943
                  }
                ],
                "url": "http://hl7.org/fhir/StructureDefinition/geolocation"
              }
            ],
            "line": [
              "64559 Serena Motorway"
            ],
            "city": "Lowell",
            "state": "MA",
            "postalCode": "01854",
            "country": "US"
          }
        ],
        "maritalStatus": {
          "coding": [
            {
              "system": "http://hl7.org/fhir/v3/MaritalStatus",
              "code": "M"
            }
          ],
          "text": "M"
        },
        "multipleBirthBoolean": false,
        "communication": [
          {
            "language": {
              "coding": [
                {
                  "system": "http://hl7.org/fhir/ValueSet/languages",
                  "code": "en-US",
                  "display": "English (United States)"
                }
              ]
            }
          }
        ],
        "generalPractitioner": [
          {
            "reference": "urn:uuid:576818dc-b7b8-4086-8547-bfa99f3babfb"
          }
        ],
        "resourceType": "Patient"
      }
    },
    {
      "fullUrl": "urn:uuid:6c83d97b-d43b-4164-a4dc-a862fdf43141",
      "resource": {
        "id": "6c83d97b-d43b-4164-a4dc-a862fdf43141",
        "meta": {
          "profile": [
            "http://standardhealthrecord.org/fhir/StructureDefinition/shr-encounter-Encounter"
          ]
        },
        "status": "finished",
        "class": {
          "code": "outpatient"
        },
        "type": [
          {
            "coding": [
              {
                "system": "http://snomed.info/sct",
                "code": "185349003"
              }
            ],
            "text": "Outpatient Encounter"
          }
        ],
        "subject": {
          "reference": "urn:uuid:6640d1e7-0881-4f8e-bd8a-634356230a22"
        },
        "period": {
          "start": "2009-08-04T20:11:10-04:00",
          "end": "2009-08-04T21:11:10-04:00"
        },
        "serviceProvider": {
          "reference": "urn:uuid:576818dc-b7b8-4086-8547-bfa99f3babfb"
        },
        "resourceType": "Encounter"
      }
    },
    {
      "fullUrl": "urn:uuid:61813611-cc31-4797-af9b-5ef26de6768b",
      "resource": {
        "id": "61813611-cc31-4797-af9b-5ef26de6768b",
        "status": "active",
        "use": "complete",
        "patient": {
          "reference": "urn:uuid:6640d1e7-0881-4f8e-bd8a-634356230a22"
        },
        "billablePeriod": {
          "start": "2009-08-04T20:11:10-04:00",
          "end": "2009-08-04T21:11:10-04:00"
        },
        "organization": {
          "reference": {
            "reference": "urn:uuid:576818dc-b7b8-4086-8547-bfa99f3babfb"
          }
        },
        "diagnosis": [
          {
            "sequence": 1,
            "diagnosisReference": {
              "reference": "urn:uuid:6170fd5f-41f1-43d6-86b4-54739966d2b6"
            }
          }
        ],
        "item": [
          {
            "sequence": 1,
            "net": {
              "value": 125.0,
              "system": "urn:iso:std:iso:4217",
              "code": "USD"
            },
            "encounter": [
              {
                "reference": {
                  "fullUrl": "urn:uuid:6c83d97b-d43b-4164-a4dc-a862fdf43141",
                  "resource": {
                    "id": "6c83d97b-d43b-4164-a4dc-a862fdf43141",
                    "meta": {
                      "profile": [
                        "http://standardhealthrecord.org/fhir/StructureDefinition/shr-encounter-Encounter"
                      ]
                    },
                    "status": "finished",
                    "class": {
                      "code": "outpatient"
                    },
                    "type": [
                      {
                        "coding": [
                          {
                            "system": "http://snomed.info/sct",
                            "code": "185349003"
                          }
                        ],
                        "text": "Outpatient Encounter"
                      }
                    ],
                    "subject": {
                      "reference": "urn:uuid:6640d1e7-0881-4f8e-bd8a-634356230a22"
                    },
                    "period": {
                      "start": "2009-08-04T20:11:10-04:00",
                      "end": "2009-08-04T21:11:10-04:00"
                    },
                    "serviceProvider": {
                      "reference": "urn:uuid:576818dc-b7b8-4086-8547-bfa99f3babfb"
                    },
                    "resourceType": "Encounter"
                  }
                }
              }
            ]
          },
          {
            "sequence": 2,
            "diagnosisLinkId": [
              1
            ],
            "net": {
              "value": 0.0,
              "system": "urn:iso:std:iso:4217",
              "code": "USD"
            }
          },
          {
            "sequence": 3,
            "category": {
              "coding": [
                {
                  "system": "http://hl7.org/fhir/sid/cvx",
                  "code": "140",
                  "display": "Influenza, seasonal, injectable, preservative free"
                }
              ],
              "text": "Influenza, seasonal, injectable, preservative free"
            },
            "net": {
              "value": 136.0,
              "system": "urn:iso:std:iso:4217",
              "code": "USD"
            }
          },
          {
            "sequence": 4,
            "category": {
              "coding": [
                {
                  "system": "http://hl7.org/fhir/sid/cvx",
                  "code": "113",
                  "display": "Td (adult) preservative free"
                }
              ],
              "text": "Td (adult) preservative free"
            },
            "net": {
              "value": 136.0,
              "system": "urn:iso:std:iso:4217",
              "code": "USD"
            }
          }
        ],
        "total": {
          "value": 397.0,
          "system": "urn:iso:std:iso:4217",
          "code": "USD"
        },
        "resourceType": "Claim"
      }
    },
    {
      "fullUrl": "urn:uuid:6170fd5f-41f1-43d6-86b4-54739966d2b6",
      "resource": {
        "id": "6170fd5f-41f1-43d6-86b4-54739966d2b6",
        "meta": {
          "profile": [
            "http://standardhealthrecord.org/fhir/StructureDefinition/shr-problem-Problem"
          ]
        },
        "clinicalStatus": "active",
        "verificationStatus": "confirmed",
        "code": {
          "coding": [
            {
              "system": "http://snomed.info/sct",
              "code": "40055000",
              "display": "Chronic sinusitis (disorder)"
            }
          ],
          "text": "Chronic sinusitis (disorder)"
        },
        "subject": {
          "reference": "urn:uuid:6640d1e7-0881-4f8e-bd8a-634356230a22"
        },
        "context": {
          "reference": "urn:uuid:6c83d97b-d43b-4164-a4dc-a862fdf43141"
        },
        "onsetDateTime": "2005-04-25T22:27:32-04:00",
        "assertedDate": "2005-04-25",
        "resourceType": "Condition"
      }
    },
    {
      "fullUrl": "urn:uuid:6e0df479-394f-4fb1-af77-7f04293501e5",
      "resource": {
        "id": "6e0df479-394f-4fb1-af77-7f04293501e5",
        "meta": {
          "profile": [
            "http://standardhealthrecord.org/fhir/StructureDefinition/shr-observation-Observation",
            "http://standardhealthrecord.org/fhir/StructureDefinition/shr-vital-VitalSign",
            "http://standardhealthrecord.org/fhir/StructureDefinition/shr-vital-BodyHeight"
          ]
        },
        "status": "final",
        "category": [
          {
            "coding": [
              {
                "system": "http://hl7.org/fhir/observation-category",
                "code": "vital-signs"
              }
            ]
          }
        ],
        "code": {
          "coding": [
            {
              "system": "http://loinc.org",
              "code": "8302-2",
              "display": "Body Height"
            }
          ],
          "text": "Body Height"
        },
        "subject": {
          "reference": "urn:uuid:6640d1e7-0881-4f8e-bd8a-634356230a22"
        },
        "context": {
          "reference": "urn:uuid:6c83d97b-d43b-4164-a4dc-a862fdf43141"
        },
        "effectiveDateTime": "2009-08-04T20:11:10-04:00",
        "issued": "2009-08-04T20:11:10-04:00",
        "valueQuantity": {
          "value": 172.94037035039463,
          "unit": "cm",
          "system": "http://unitsofmeasure.org/",
          "code": "cm"
        },
        "resourceType": "Observation"
      }
    },
    {
      "fullUrl": "urn:uuid:6120d5f1-7e63-4ef5-819b-bdaf3d108a17",
      "resource": {
        "id": "6120d5f1-7e63-4ef5-819b-bdaf3d108a17",
        "meta": {
          "profile": [
            "http://standardhealthrecord.org/fhir/StructureDefinition/shr-observation-Observation",
            "http://standardhealthrecord.org/fhir/StructureDefinition/shr-vital-VitalSign",
            "http://standardhealthrecord.org/fhir/StructureDefinition/shr-vital-BodyWeight"
          ]
        },
        "status": "final",
        "category": [
          {
            "coding": [
              {
                "system": "http://hl7.org/fhir/observation-category",
                "code": "vital-signs"
              }
            ]
          }
        ],
        "code": {
          "coding": [
            {
              "system": "http://loinc.org",
              "code": "29463-7",
              "display": "Body Weight"
            }
          ],
          "text": "Body Weight"
        },
        "subject": {
          "reference": "urn:uuid:6640d1e7-0881-4f8e-bd8a-634356230a22"
        },
        "context": {
          "reference": "urn:uuid:6c83d97b-d43b-4164-a4dc-a862fdf43141"
        },
        "effectiveDateTime": "2009-08-04T20:11:10-04:00",
        "issued": "2009-08-04T20:11:10-04:00",
        "valueQuantity": {
          "value": 70.92178848577086,
          "unit": "kg",
          "system": "http://unitsofmeasure.org/",
          "code": "kg"
        },
        "resourceType": "Observation"
      }
    },
    {
      "fullUrl": "urn:uuid:9e35aa52-52b4-4bfc-938a-2767d7e3e1e2",
      "resource": {
        "id": "9e35aa52-52b4-4bfc-938a-2767d7e3e1e2",
        "meta": {
          "profile": [
            "http://standardhealthrecord.org/fhir/StructureDefinition/shr-observation-Observation",
            "http://standardhealthrecord.org/fhir/StructureDefinition/shr-vital-VitalSign",
            "http://standardhealthrecord.org/fhir/StructureDefinition/shr-vital-BodyMassIndex"
          ]
        },
        "status": "final",
        "category": [
          {
            "coding": [
              {
                "system": "http://hl7.org/fhir/observation-category",
                "code": "vital-signs"
              }
            ]
          }
        ],
        "code": {
          "coding": [
            {
              "system": "http://loinc.org",
              "code": "39156-5",
              "display": "Body Mass Index"
            }
          ],
          "text": "Body Mass Index"
        },
        "subject": {
          "reference": "urn:uuid:6640d1e7-0881-4f8e-bd8a-634356230a22"
        },
        "context": {
          "reference": "urn:uuid:6c83d97b-d43b-4164-a4dc-a862fdf43141"
        },
        "effectiveDateTime": "2009-08-04T20:11:10-04:00",
        "issued": "2009-08-04T20:11:10-04:00",
        "valueQuantity": {
          "value": 23.713022295040837,
          "unit": "kg/m2",
          "system": "http://unitsofmeasure.org/",
          "code": "kg/m2"
        },
        "resourceType": "Observation"
      }
    },
    {
      "fullUrl": "urn:uuid:aeff2a66-1c91-432c-9bed-f0ddfe130193",
      "resource": {
        "id": "aeff2a66-1c91-432c-9bed-f0ddfe130193",
        "meta": {
          "profile": [
            "http://standardhealthrecord.org/fhir/StructureDefinition/shr-observation-Observation",
            "http://standardhealthrecord.org/fhir/StructureDefinition/shr-vital-BloodPressure"
          ]
        },
        "status": "final",
        "category": [
          {
            "coding": [
              {
                "system": "http://hl7.org/fhir/observation-category",
                "code": "vital-signs"
              }
            ]
          }
        ],
        "code": {
          "coding": [
            {
              "system": "http://loinc.org",
              "code": "55284-4",
              "display": "Blood Pressure"
            }
          ]
        },
        "subject": {
          "reference": "urn:uuid:6640d1e7-0881-4f8e-bd8a-634356230a22"
        },
        "context": {
          "reference": "urn:uuid:6c83d97b-d43b-4164-a4dc-a862fdf43141"
        },
        "effectiveDateTime": "2009-08-04T20:11:10-04:00",
        "issued": "2009-08-04T20:11:10-04:00",
        "component": [
          {
            "code": {
              "coding": [
                {
                  "system": "http://loinc.org",
                  "code": "8480-6",
                  "display": "Systolic Blood Pressure"
                }
              ],
              "text": "Systolic Blood Pressure"
            },
            "valueQuantity": {
              "value": 130,
              "unit": "mmHg",
              "system": "http://unitsofmeasure.org/",
              "code": "mmHg"
            }
          },
          {
            "code": {
              "coding": [
                {
                  "system": "http://loinc.org",
                  "code": "8462-4",
                  "display": "Diastolic Blood Pressure"
                }
              ],
              "text": "Diastolic Blood Pressure"
            },
            "valueQuantity": {
              "value": 75,
              "unit": "mmHg",
              "system": "http://unitsofmeasure.org/",
              "code": "mmHg"
            }
          }
        ],
        "resourceType": "Observation"
      }
    },
    {
      "resource": {
        "meta": {
          "profile": [
            "http://standardhealthrecord.org/fhir/StructureDefinition/shr-immunization-Immunization"
          ]
        },
        "status": "completed",
        "notGiven": false,
        "vaccineCode": {
          "coding": [
            {
              "system": "http://hl7.org/fhir/sid/cvx",
              "code": "140",
              "display": "Influenza, seasonal, injectable, preservative free"
            }
          ],
          "text": "Influenza, seasonal, injectable, preservative free"
        },
        "patient": {
          "reference": "urn:uuid:6640d1e7-0881-4f8e-bd8a-634356230a22"
        },
        "encounter": {
          "reference": "urn:uuid:6c83d97b-d43b-4164-a4dc-a862fdf43141"
        },
        "date": "2009-08-04T20:11:10-04:00",
        "primarySource": true,
        "resourceType": "Immunization"
      }
    },
    {
      "resource": {
        "meta": {
          "profile": [
            "http://standardhealthrecord.org/fhir/StructureDefinition/shr-immunization-Immunization"
          ]
        },
        "status": "completed",
        "notGiven": false,
        "vaccineCode": {
          "coding": [
            {
              "system": "http://hl7.org/fhir/sid/cvx",
              "code": "113",
              "display": "Td (adult) preservative free"
            }
          ],
          "text": "Td (adult) preservative free"
        },
        "patient": {
          "reference": "urn:uuid:6640d1e7-0881-4f8e-bd8a-634356230a22"
        },
        "encounter": {
          "reference": "urn:uuid:6c83d97b-d43b-4164-a4dc-a862fdf43141"
        },
        "date": "2009-08-04T20:11:10-04:00",
        "primarySource": true,
        "resourceType": "Immunization"
      }
    },
    {
      "fullUrl": "urn:uuid:3c0e7cff-9d3b-454b-acf0-058ae856787c",
      "resource": {
        "id": "3c0e7cff-9d3b-454b-acf0-058ae856787c",
        "meta": {
          "profile": [
            "http://standardhealthrecord.org/fhir/StructureDefinition/shr-medication-MedicationPrescription"
          ]
        },
        "extension": [
          {
            "url": "http://standardhealthrecord.org/fhir/StructureDefinition/shr-base-ActionCode-extension",
            "valueCodeableConcept": {
              "coding": [
                {
                  "system": "http://snomed.info/sct",
                  "code": "33633005",
                  "display": "Prescription of drug (procedure)"
                }
              ],
              "text": "Prescription of drug (procedure)"
            }
          }
        ],
        "status": "active",
        "intent": "order",
        "medicationCodeableConcept": {
          "coding": [
            {
              "system": "http://www.nlm.nih.gov/research/umls/rxnorm",
              "code": "834060",
              "display": "Penicillin V Potassium 250 MG"
            }
          ],
          "text": "Penicillin V Potassium 250 MG"
        },
        "subject": {
          "reference": "urn:uuid:6640d1e7-0881-4f8e-bd8a-634356230a22"
        },
        "context": {
          "reference": "urn:uuid:6c83d97b-d43b-4164-a4dc-a862fdf43141"
        },
        "authoredOn": "1996-04-13",
        "resourceType": "MedicationRequest"
      }
    },
    {
      "fullUrl": "urn:uuid:3e23eb73-7ef1-4146-9ef1-9a6453719254",
      "resource": {
        "id": "3e23eb73-7ef1-4146-9ef1-9a6453719254",
        "status": "active",
        "use": "complete",
        "patient": {
          "reference": "urn:uuid:6640d1e7-0881-4f8e-bd8a-634356230a22"
        },
        "billablePeriod": {
          "start": "2009-08-04T20:11:10-04:00",
          "end": "2009-08-04T21:11:10-04:00"
        },
        "organization": {
          "reference": {
            "reference": "urn:uuid:576818dc-b7b8-4086-8547-bfa99f3babfb"
          }
        },
        "prescription": {
          "reference": "urn:uuid:3c0e7cff-9d3b-454b-acf0-058ae856787c"
        },
        "item": [
          {
            "sequence": 1,
            "net": {
              "value": 125.0,
              "system": "urn:iso:std:iso:4217",
              "code": "USD"
            },
            "encounter": [
              {
                "reference": {
                  "fullUrl": "urn:uuid:6c83d97b-d43b-4164-a4dc-a862fdf43141",
                  "resource": {
                    "id": "6c83d97b-d43b-4164-a4dc-a862fdf43141",
                    "meta": {
                      "profile": [
                        "http://standardhealthrecord.org/fhir/StructureDefinition/shr-encounter-Encounter"
                      ]
                    },
                    "status": "finished",
                    "class": {
                      "code": "outpatient"
                    },
                    "type": [
                      {
                        "coding": [
                          {
                            "system": "http://snomed.info/sct",
                            "code": "185349003"
                          }
                        ],
                        "text": "Outpatient Encounter"
                      }
                    ],
                    "subject": {
                      "reference": "urn:uuid:6640d1e7-0881-4f8e-bd8a-634356230a22"
                    },
                    "period": {
                      "start": "2009-08-04T20:11:10-04:00",
                      "end": "2009-08-04T21:11:10-04:00"
                    },
                    "serviceProvider": {
                      "reference": "urn:uuid:576818dc-b7b8-4086-8547-bfa99f3babfb"
                    },
                    "resourceType": "Encounter"
                  }
                }
              }
            ]
          },
          {
            "sequence": 1,
            "net": {
              "value": 255.0,
              "system": "urn:iso:std:iso:4217",
              "code": "USD"
            }
          }
        ],
        "total": {
          "value": 255.0,
          "system": "urn:iso:std:iso:4217",
          "code": "USD"
        },
        "resourceType": "Claim"
      }
    },
    {
      "fullUrl": "urn:uuid:67d8e816-5c53-486e-9aaa-3fdf39ca258c",
      "resource": {
        "id": "67d8e816-5c53-486e-9aaa-3fdf39ca258c",
        "meta": {
          "profile": [
            "http://standardhealthrecord.org/fhir/StructureDefinition/shr-encounter-Encounter"
          ]
        },
        "status": "finished",
        "class": {
          "code": "ambulatory"
        },
        "type": [
          {
            "coding": [
              {
                "system": "http://snomed.info/sct",
                "code": "185345009"
              }
            ],
            "text": "Encounter for symptom"
          }
        ],
        "subject": {
          "reference": "urn:uuid:6640d1e7-0881-4f8e-bd8a-634356230a22"
        },
        "period": {
          "start": "2009-10-18T05:21:58-04:00",
          "end": "2014-06-18T13:41:52-04:00"
        },
        "reason": [
          {
            "coding": [
              {
                "system": "http://snomed.info/sct",
                "code": "65363002",
                "display": "Otitis media"
              }
            ]
          }
        ],
        "serviceProvider": {
          "reference": "urn:uuid:576818dc-b7b8-4086-8547-bfa99f3babfb"
        },
        "resourceType": "Encounter"
      }
    },
    {
      "fullUrl": "urn:uuid:6c59d367-e710-4a23-84f3-7f94aafe41e9",
      "resource": {
        "id": "6c59d367-e710-4a23-84f3-7f94aafe41e9",
        "status": "active",
        "use": "complete",
        "patient": {
          "reference": "urn:uuid:6640d1e7-0881-4f8e-bd8a-634356230a22"
        },
        "billablePeriod": {
          "start": "2009-10-18T05:21:58-04:00",
          "end": "2014-06-18T13:41:52-04:00"
        },
        "organization": {
          "reference": {
            "reference": "urn:uuid:576818dc-b7b8-4086-8547-bfa99f3babfb"
          }
        },
        "diagnosis": [
          {
            "sequence": 1,
            "diagnosisReference": {
              "reference": "urn:uuid:7ff14177-d019-4c56-b820-6a54e06b5836"
            }
          },
          {
            "sequence": 2,
            "diagnosisReference": {
              "reference": "urn:uuid:64822b64-aeac-4f05-857f-492dab048389"
            }
          }
        ],
        "procedure": [
          {
            "sequence": 1,
            "procedureReference": {
              "reference": "urn:uuid:3d686d0f-b771-4ee3-a769-0471414e6271"
            }
          }
        ],
        "item": [
          {
            "sequence": 1,
            "net": {
              "value": 125.0,
              "system": "urn:iso:std:iso:4217",
              "code": "USD"
            },
            "encounter": [
              {
                "reference": {
                  "fullUrl": "urn:uuid:67d8e816-5c53-486e-9aaa-3fdf39ca258c",
                  "resource": {
                    "id": "67d8e816-5c53-486e-9aaa-3fdf39ca258c",
                    "meta": {
                      "profile": [
                        "http://standardhealthrecord.org/fhir/StructureDefinition/shr-encounter-Encounter"
                      ]
                    },
                    "status": "finished",
                    "class": {
                      "code": "ambulatory"
                    },
                    "type": [
                      {
                        "coding": [
                          {
                            "system": "http://snomed.info/sct",
                            "code": "185345009"
                          }
                        ],
                        "text": "Encounter for symptom"
                      }
                    ],
                    "subject": {
                      "reference": "urn:uuid:6640d1e7-0881-4f8e-bd8a-634356230a22"
                    },
                    "period": {
                      "start": "2009-10-18T05:21:58-04:00",
                      "end": "2014-06-18T13:41:52-04:00"
                    },
                    "reason": [
                      {
                        "coding": [
                          {
                            "system": "http://snomed.info/sct",
                            "code": "65363002",
                            "display": "Otitis media"
                          }
                        ]
                      }
                    ],
                    "serviceProvider": {
                      "reference": "urn:uuid:576818dc-b7b8-4086-8547-bfa99f3babfb"
                    },
                    "resourceType": "Encounter"
                  }
                }
              }
            ]
          },
          {
            "sequence": 2,
            "diagnosisLinkId": [
              1
            ],
            "net": {
              "value": 0.0,
              "system": "urn:iso:std:iso:4217",
              "code": "USD"
            }
          },
          {
            "sequence": 3,
            "diagnosisLinkId": [
              2
            ],
            "net": {
              "value": 0.0,
              "system": "urn:iso:std:iso:4217",
              "code": "USD"
            }
          },
          {
            "sequence": 4,
            "procedureLinkId": [
              2
            ],
            "net": {
              "value": 1508.6649932999997,
              "system": "urn:iso:std:iso:4217",
              "code": "USD"
            }
          },
          {
            "sequence": 5,
            "category": {
              "coding": [
                {
                  "system": "http://hl7.org/fhir/sid/cvx",
                  "code": "140",
                  "display": "Influenza, seasonal, injectable, preservative free"
                }
              ],
              "text": "Influenza, seasonal, injectable, preservative free"
            },
            "net": {
              "value": 136.0,
              "system": "urn:iso:std:iso:4217",
              "code": "USD"
            }
          }
        ],
        "total": {
          "value": 1769.6649932999997,
          "system": "urn:iso:std:iso:4217",
          "code": "USD"
        },
        "resourceType": "Claim"
      }
    },
    {
      "fullUrl": "urn:uuid:7ff14177-d019-4c56-b820-6a54e06b5836",
      "resource": {
        "id": "7ff14177-d019-4c56-b820-6a54e06b5836",
        "meta": {
          "profile": [
            "http://standardhealthrecord.org/fhir/StructureDefinition/shr-problem-Problem"
          ]
        },
        "clinicalStatus": "resolved",
        "verificationStatus": "confirmed",
        "code": {
          "coding": [
            {
              "system": "http://snomed.info/sct",
              "code": "65363002",
              "display": "Otitis media"
            }
          ],
          "text": "Otitis media"
        },
        "subject": {
          "reference": "urn:uuid:6640d1e7-0881-4f8e-bd8a-634356230a22"
        },
        "context": {
          "reference": "urn:uuid:67d8e816-5c53-486e-9aaa-3fdf39ca258c"
        },
        "onsetDateTime": "2009-10-18T05:21:58-04:00",
        "abatementDateTime": "2012-06-07T11:11:52-04:00",
        "assertedDate": "2009-10-18",
        "resourceType": "Condition"
      }
    },
    {
      "fullUrl": "urn:uuid:64822b64-aeac-4f05-857f-492dab048389",
      "resource": {
        "id": "64822b64-aeac-4f05-857f-492dab048389",
        "meta": {
          "profile": [
            "http://standardhealthrecord.org/fhir/StructureDefinition/shr-problem-Problem"
          ]
        },
        "clinicalStatus": "resolved",
        "verificationStatus": "confirmed",
        "code": {
          "coding": [
            {
              "system": "http://snomed.info/sct",
              "code": "444814009",
              "display": "Viral sinusitis (disorder)"
            }
          ],
          "text": "Viral sinusitis (disorder)"
        },
        "subject": {
          "reference": "urn:uuid:6640d1e7-0881-4f8e-bd8a-634356230a22"
        },
        "context": {
          "reference": "urn:uuid:67d8e816-5c53-486e-9aaa-3fdf39ca258c"
        },
        "onsetDateTime": "2014-06-11T22:27:32-04:00",
        "abatementDateTime": "2014-07-10T02:12:09-04:00",
        "assertedDate": "2014-06-11",
        "resourceType": "Condition"
      }
    },
    {
      "fullUrl": "urn:uuid:7c11f8e3-b1b5-4b8c-8439-b70e2ec322e1",
      "resource": {
        "id": "7c11f8e3-b1b5-4b8c-8439-b70e2ec322e1",
        "meta": {
          "profile": [
            "http://standardhealthrecord.org/fhir/StructureDefinition/shr-observation-Observation",
            "http://standardhealthrecord.org/fhir/StructureDefinition/shr-vital-VitalSign",
            "http://standardhealthrecord.org/fhir/StructureDefinition/shr-vital-BodyHeight"
          ]
        },
        "status": "final",
        "category": [
          {
            "coding": [
              {
                "system": "http://hl7.org/fhir/observation-category",
                "code": "vital-signs"
              }
            ]
          }
        ],
        "code": {
          "coding": [
            {
              "system": "http://loinc.org",
              "code": "8302-2",
              "display": "Body Height"
            }
          ],
          "text": "Body Height"
        },
        "subject": {
          "reference": "urn:uuid:6640d1e7-0881-4f8e-bd8a-634356230a22"
        },
        "context": {
          "reference": "urn:uuid:67d8e816-5c53-486e-9aaa-3fdf39ca258c"
        },
        "effectiveDateTime": "2012-06-07T11:11:52-04:00",
        "issued": "2012-06-07T11:11:52-04:00",
        "valueQuantity": {
          "value": 172.94037035039463,
          "unit": "cm",
          "system": "http://unitsofmeasure.org/",
          "code": "cm"
        },
        "resourceType": "Observation"
      }
    },
    {
      "fullUrl": "urn:uuid:add6c7e9-917e-48a7-a21a-1cd338ccb8b2",
      "resource": {
        "id": "add6c7e9-917e-48a7-a21a-1cd338ccb8b2",
        "meta": {
          "profile": [
            "http://standardhealthrecord.org/fhir/StructureDefinition/shr-observation-Observation",
            "http://standardhealthrecord.org/fhir/StructureDefinition/shr-vital-VitalSign",
            "http://standardhealthrecord.org/fhir/StructureDefinition/shr-vital-BodyWeight"
          ]
        },
        "status": "final",
        "category": [
          {
            "coding": [
              {
                "system": "http://hl7.org/fhir/observation-category",
                "code": "vital-signs"
              }
            ]
          }
        ],
        "code": {
          "coding": [
            {
              "system": "http://loinc.org",
              "code": "29463-7",
              "display": "Body Weight"
            }
          ],
          "text": "Body Weight"
        },
        "subject": {
          "reference": "urn:uuid:6640d1e7-0881-4f8e-bd8a-634356230a22"
        },
        "context": {
          "reference": "urn:uuid:67d8e816-5c53-486e-9aaa-3fdf39ca258c"
        },
        "effectiveDateTime": "2012-06-07T11:11:52-04:00",
        "issued": "2012-06-07T11:11:52-04:00",
        "valueQuantity": {
          "value": 74.93241174682466,
          "unit": "kg",
          "system": "http://unitsofmeasure.org/",
          "code": "kg"
        },
        "resourceType": "Observation"
      }
    },
    {
      "fullUrl": "urn:uuid:dbcc05f7-66de-4dae-a9d7-fdf9e8dbcc32",
      "resource": {
        "id": "dbcc05f7-66de-4dae-a9d7-fdf9e8dbcc32",
        "meta": {
          "profile": [
            "http://standardhealthrecord.org/fhir/StructureDefinition/shr-observation-Observation",
            "http://standardhealthrecord.org/fhir/StructureDefinition/shr-vital-VitalSign",
            "http://standardhealthrecord.org/fhir/StructureDefinition/shr-vital-BodyMassIndex"
          ]
        },
        "status": "final",
        "category": [
          {
            "coding": [
              {
                "system": "http://hl7.org/fhir/observation-category",
                "code": "vital-signs"
              }
            ]
          }
        ],
        "code": {
          "coding": [
            {
              "system": "http://loinc.org",
              "code": "39156-5",
              "display": "Body Mass Index"
            }
          ],
          "text": "Body Mass Index"
        },
        "subject": {
          "reference": "urn:uuid:6640d1e7-0881-4f8e-bd8a-634356230a22"
        },
        "context": {
          "reference": "urn:uuid:67d8e816-5c53-486e-9aaa-3fdf39ca258c"
        },
        "effectiveDateTime": "2012-06-07T11:11:52-04:00",
        "issued": "2012-06-07T11:11:52-04:00",
        "valueQuantity": {
          "value": 25.05399240925981,
          "unit": "kg/m2",
          "system": "http://unitsofmeasure.org/",
          "code": "kg/m2"
        },
        "resourceType": "Observation"
      }
    },
    {
      "fullUrl": "urn:uuid:f925282b-6ec2-46e3-af52-9218d3a00cb4",
      "resource": {
        "id": "f925282b-6ec2-46e3-af52-9218d3a00cb4",
        "meta": {
          "profile": [
            "http://standardhealthrecord.org/fhir/StructureDefinition/shr-observation-Observation",
            "http://standardhealthrecord.org/fhir/StructureDefinition/shr-vital-BloodPressure"
          ]
        },
        "status": "final",
        "category": [
          {
            "coding": [
              {
                "system": "http://hl7.org/fhir/observation-category",
                "code": "vital-signs"
              }
            ]
          }
        ],
        "code": {
          "coding": [
            {
              "system": "http://loinc.org",
              "code": "55284-4",
              "display": "Blood Pressure"
            }
          ]
        },
        "subject": {
          "reference": "urn:uuid:6640d1e7-0881-4f8e-bd8a-634356230a22"
        },
        "context": {
          "reference": "urn:uuid:67d8e816-5c53-486e-9aaa-3fdf39ca258c"
        },
        "effectiveDateTime": "2012-06-07T11:11:52-04:00",
        "issued": "2012-06-07T11:11:52-04:00",
        "component": [
          {
            "code": {
              "coding": [
                {
                  "system": "http://loinc.org",
                  "code": "8480-6",
                  "display": "Systolic Blood Pressure"
                }
              ],
              "text": "Systolic Blood Pressure"
            },
            "valueQuantity": {
              "value": 130,
              "unit": "mmHg",
              "system": "http://unitsofmeasure.org/",
              "code": "mmHg"
            }
          },
          {
            "code": {
              "coding": [
                {
                  "system": "http://loinc.org",
                  "code": "8462-4",
                  "display": "Diastolic Blood Pressure"
                }
              ],
              "text": "Diastolic Blood Pressure"
            },
            "valueQuantity": {
              "value": 74,
              "unit": "mmHg",
              "system": "http://unitsofmeasure.org/",
              "code": "mmHg"
            }
          }
        ],
        "resourceType": "Observation"
      }
    },
    {
      "fullUrl": "urn:uuid:3d686d0f-b771-4ee3-a769-0471414e6271",
      "resource": {
        "id": "3d686d0f-b771-4ee3-a769-0471414e6271",
        "meta": {
          "profile": [
            "http://standardhealthrecord.org/fhir/StructureDefinition/shr-procedure-Procedure"
          ]
        },
        "extension": [
          {
            "url": "http://standardhealthrecord.org/fhir/StructureDefinition/shr-core-CodeableConcept-extension",
            "valueCodeableConcept": {
              "coding": [
                {
                  "system": "http://snomed.info/sct",
                  "code": "428191000124101",
                  "display": "Documentation of current medications"
                }
              ],
              "text": "Documentation of current medications"
            }
          }
        ],
        "status": "completed",
        "code": {
          "coding": [
            {
              "system": "http://snomed.info/sct",
              "code": "428191000124101",
              "display": "Documentation of current medications"
            }
          ],
          "text": "Documentation of current medications"
        },
        "subject": {
          "reference": "urn:uuid:6640d1e7-0881-4f8e-bd8a-634356230a22"
        },
        "context": {
          "reference": "urn:uuid:67d8e816-5c53-486e-9aaa-3fdf39ca258c"
        },
        "performedDateTime": "2012-06-07T11:11:52-04:00",
        "resourceType": "Procedure"
      }
    },
    {
      "resource": {
        "meta": {
          "profile": [
            "http://standardhealthrecord.org/fhir/StructureDefinition/shr-immunization-Immunization"
          ]
        },
        "status": "completed",
        "notGiven": false,
        "vaccineCode": {
          "coding": [
            {
              "system": "http://hl7.org/fhir/sid/cvx",
              "code": "140",
              "display": "Influenza, seasonal, injectable, preservative free"
            }
          ],
          "text": "Influenza, seasonal, injectable, preservative free"
        },
        "patient": {
          "reference": "urn:uuid:6640d1e7-0881-4f8e-bd8a-634356230a22"
        },
        "encounter": {
          "reference": "urn:uuid:67d8e816-5c53-486e-9aaa-3fdf39ca258c"
        },
        "date": "2012-06-07T11:11:52-04:00",
        "primarySource": true,
        "resourceType": "Immunization"
      }
    },
    {
      "fullUrl": "urn:uuid:fc6b7fba-f9a3-4aa0-8b5d-517429ff2600",
      "resource": {
        "id": "fc6b7fba-f9a3-4aa0-8b5d-517429ff2600",
        "meta": {
          "profile": [
            "http://standardhealthrecord.org/fhir/StructureDefinition/shr-medication-MedicationPrescription"
          ]
        },
        "extension": [
          {
            "url": "http://standardhealthrecord.org/fhir/StructureDefinition/shr-base-ActionCode-extension",
            "valueCodeableConcept": {
              "coding": [
                {
                  "system": "http://snomed.info/sct",
                  "code": "33633005",
                  "display": "Prescription of drug (procedure)"
                }
              ],
              "text": "Prescription of drug (procedure)"
            }
          }
        ],
        "status": "stopped",
        "intent": "order",
        "medicationCodeableConcept": {
          "coding": [
            {
              "system": "http://www.nlm.nih.gov/research/umls/rxnorm",
              "code": "313782",
              "display": "Acetaminophen 325 MG Oral Tablet"
            }
          ],
          "text": "Acetaminophen 325 MG Oral Tablet"
        },
        "subject": {
          "reference": "urn:uuid:6640d1e7-0881-4f8e-bd8a-634356230a22"
        },
        "context": {
          "reference": "urn:uuid:67d8e816-5c53-486e-9aaa-3fdf39ca258c"
        },
        "authoredOn": "2009-10-18",
        "dosageInstruction": [
          {
            "sequence": 1,
            "asNeededBoolean": true
          }
        ],
        "resourceType": "MedicationRequest"
      }
    },
    {
      "fullUrl": "urn:uuid:f72308f2-e425-4f8a-aa17-b67fcc108f11",
      "resource": {
        "id": "f72308f2-e425-4f8a-aa17-b67fcc108f11",
        "status": "active",
        "use": "complete",
        "patient": {
          "reference": "urn:uuid:6640d1e7-0881-4f8e-bd8a-634356230a22"
        },
        "billablePeriod": {
          "start": "2009-10-18T05:21:58-04:00",
          "end": "2014-06-18T13:41:52-04:00"
        },
        "organization": {
          "reference": {
            "reference": "urn:uuid:576818dc-b7b8-4086-8547-bfa99f3babfb"
          }
        },
        "prescription": {
          "reference": "urn:uuid:fc6b7fba-f9a3-4aa0-8b5d-517429ff2600"
        },
        "item": [
          {
            "sequence": 1,
            "net": {
              "value": 125.0,
              "system": "urn:iso:std:iso:4217",
              "code": "USD"
            },
            "encounter": [
              {
                "reference": {
                  "fullUrl": "urn:uuid:67d8e816-5c53-486e-9aaa-3fdf39ca258c",
                  "resource": {
                    "id": "67d8e816-5c53-486e-9aaa-3fdf39ca258c",
                    "meta": {
                      "profile": [
                        "http://standardhealthrecord.org/fhir/StructureDefinition/shr-encounter-Encounter"
                      ]
                    },
                    "status": "finished",
                    "class": {
                      "code": "ambulatory"
                    },
                    "type": [
                      {
                        "coding": [
                          {
                            "system": "http://snomed.info/sct",
                            "code": "185345009"
                          }
                        ],
                        "text": "Encounter for symptom"
                      }
                    ],
                    "subject": {
                      "reference": "urn:uuid:6640d1e7-0881-4f8e-bd8a-634356230a22"
                    },
                    "period": {
                      "start": "2009-10-18T05:21:58-04:00",
                      "end": "2014-06-18T13:41:52-04:00"
                    },
                    "reason": [
                      {
                        "coding": [
                          {
                            "system": "http://snomed.info/sct",
                            "code": "65363002",
                            "display": "Otitis media"
                          }
                        ]
                      }
                    ],
                    "serviceProvider": {
                      "reference": "urn:uuid:576818dc-b7b8-4086-8547-bfa99f3babfb"
                    },
                    "resourceType": "Encounter"
                  }
                }
              }
            ]
          },
          {
            "sequence": 1,
            "net": {
              "value": 255.0,
              "system": "urn:iso:std:iso:4217",
              "code": "USD"
            }
          }
        ],
        "total": {
          "value": 255.0,
          "system": "urn:iso:std:iso:4217",
          "code": "USD"
        },
        "resourceType": "Claim"
      }
    },
    {
      "fullUrl": "urn:uuid:58d4aa1e-0800-4eb0-8bed-0bf108b1c013",
      "resource": {
        "id": "58d4aa1e-0800-4eb0-8bed-0bf108b1c013",
        "meta": {
          "profile": [
            "http://standardhealthrecord.org/fhir/StructureDefinition/shr-encounter-Encounter"
          ]
        },
        "status": "finished",
        "class": {
          "code": "outpatient"
        },
        "type": [
          {
            "coding": [
              {
                "system": "http://snomed.info/sct",
                "code": "185349003"
              }
            ],
            "text": "Outpatient Encounter"
          }
        ],
        "subject": {
          "reference": "urn:uuid:6640d1e7-0881-4f8e-bd8a-634356230a22"
        },
        "period": {
          "start": "2012-06-07T11:11:52-04:00",
          "end": "2012-06-07T12:11:52-04:00"
        },
        "serviceProvider": {
          "reference": "urn:uuid:576818dc-b7b8-4086-8547-bfa99f3babfb"
        },
        "resourceType": "Encounter"
      }
    },
    {
      "fullUrl": "urn:uuid:b323b6fd-59e7-4f23-b5bb-8c7c6c982632",
      "resource": {
        "id": "b323b6fd-59e7-4f23-b5bb-8c7c6c982632",
        "status": "active",
        "use": "complete",
        "patient": {
          "reference": "urn:uuid:6640d1e7-0881-4f8e-bd8a-634356230a22"
        },
        "billablePeriod": {
          "start": "2012-06-07T11:11:52-04:00",
          "end": "2012-06-07T12:11:52-04:00"
        },
        "organization": {
          "reference": {
            "reference": "urn:uuid:576818dc-b7b8-4086-8547-bfa99f3babfb"
          }
        },
        "item": [
          {
            "sequence": 1,
            "net": {
              "value": 125.0,
              "system": "urn:iso:std:iso:4217",
              "code": "USD"
            },
            "encounter": [
              {
                "reference": {
                  "fullUrl": "urn:uuid:58d4aa1e-0800-4eb0-8bed-0bf108b1c013",
                  "resource": {
                    "id": "58d4aa1e-0800-4eb0-8bed-0bf108b1c013",
                    "meta": {
                      "profile": [
                        "http://standardhealthrecord.org/fhir/StructureDefinition/shr-encounter-Encounter"
                      ]
                    },
                    "status": "finished",
                    "class": {
                      "code": "outpatient"
                    },
                    "type": [
                      {
                        "coding": [
                          {
                            "system": "http://snomed.info/sct",
                            "code": "185349003"
                          }
                        ],
                        "text": "Outpatient Encounter"
                      }
                    ],
                    "subject": {
                      "reference": "urn:uuid:6640d1e7-0881-4f8e-bd8a-634356230a22"
                    },
                    "period": {
                      "start": "2012-06-07T11:11:52-04:00",
                      "end": "2012-06-07T12:11:52-04:00"
                    },
                    "serviceProvider": {
                      "reference": "urn:uuid:576818dc-b7b8-4086-8547-bfa99f3babfb"
                    },
                    "resourceType": "Encounter"
                  }
                }
              }
            ]
          }
        ],
        "total": {
          "value": 125.0,
          "system": "urn:iso:std:iso:4217",
          "code": "USD"
        },
        "resourceType": "Claim"
      }
    },
    {
      "fullUrl": "urn:uuid:2be79fef-5763-4bfc-86ec-6cac26bfdb8b",
      "resource": {
        "id": "2be79fef-5763-4bfc-86ec-6cac26bfdb8b",
        "meta": {
          "profile": [
            "http://standardhealthrecord.org/fhir/StructureDefinition/shr-encounter-Encounter"
          ]
        },
        "status": "finished",
        "class": {
          "code": "ambulatory"
        },
        "type": [
          {
            "coding": [
              {
                "system": "http://snomed.info/sct",
                "code": "185345009"
              }
            ],
            "text": "Encounter for symptom"
          }
        ],
        "subject": {
          "reference": "urn:uuid:6640d1e7-0881-4f8e-bd8a-634356230a22"
        },
        "period": {
          "start": "2014-06-18T13:41:52-04:00",
          "end": "2014-06-18T13:41:52-04:00"
        },
        "reason": [
          {
            "coding": [
              {
                "system": "http://snomed.info/sct",
                "code": "444814009",
                "display": "Viral sinusitis (disorder)"
              }
            ]
          }
        ],
        "serviceProvider": {
          "reference": "urn:uuid:576818dc-b7b8-4086-8547-bfa99f3babfb"
        },
        "resourceType": "Encounter"
      }
    },
    {
      "fullUrl": "urn:uuid:af7a7524-b3a4-4418-a35d-6cdb12d71411",
      "resource": {
        "id": "af7a7524-b3a4-4418-a35d-6cdb12d71411",
        "status": "active",
        "use": "complete",
        "patient": {
          "reference": "urn:uuid:6640d1e7-0881-4f8e-bd8a-634356230a22"
        },
        "billablePeriod": {
          "start": "2014-06-18T13:41:52-04:00",
          "end": "2014-06-18T13:41:52-04:00"
        },
        "organization": {
          "reference": {
            "reference": "urn:uuid:576818dc-b7b8-4086-8547-bfa99f3babfb"
          }
        },
        "item": [
          {
            "sequence": 1,
            "net": {
              "value": 125.0,
              "system": "urn:iso:std:iso:4217",
              "code": "USD"
            },
            "encounter": [
              {
                "reference": {
                  "fullUrl": "urn:uuid:2be79fef-5763-4bfc-86ec-6cac26bfdb8b",
                  "resource": {
                    "id": "2be79fef-5763-4bfc-86ec-6cac26bfdb8b",
                    "meta": {
                      "profile": [
                        "http://standardhealthrecord.org/fhir/StructureDefinition/shr-encounter-Encounter"
                      ]
                    },
                    "status": "finished",
                    "class": {
                      "code": "ambulatory"
                    },
                    "type": [
                      {
                        "coding": [
                          {
                            "system": "http://snomed.info/sct",
                            "code": "185345009"
                          }
                        ],
                        "text": "Encounter for symptom"
                      }
                    ],
                    "subject": {
                      "reference": "urn:uuid:6640d1e7-0881-4f8e-bd8a-634356230a22"
                    },
                    "period": {
                      "start": "2014-06-18T13:41:52-04:00",
                      "end": "2014-06-18T13:41:52-04:00"
                    },
                    "reason": [
                      {
                        "coding": [
                          {
                            "system": "http://snomed.info/sct",
                            "code": "444814009",
                            "display": "Viral sinusitis (disorder)"
                          }
                        ]
                      }
                    ],
                    "serviceProvider": {
                      "reference": "urn:uuid:576818dc-b7b8-4086-8547-bfa99f3babfb"
                    },
                    "resourceType": "Encounter"
                  }
                }
              }
            ]
          }
        ],
        "total": {
          "value": 125.0,
          "system": "urn:iso:std:iso:4217",
          "code": "USD"
        },
        "resourceType": "Claim"
      }
    },
    {
      "fullUrl": "urn:uuid:9b3895f7-7933-4e7b-874a-c8f01f5515eb",
      "resource": {
        "id": "9b3895f7-7933-4e7b-874a-c8f01f5515eb",
        "meta": {
          "profile": [
            "http://standardhealthrecord.org/fhir/StructureDefinition/shr-encounter-Encounter"
          ]
        },
        "status": "finished",
        "class": {
          "code": "outpatient"
        },
        "type": [
          {
            "coding": [
              {
                "system": "http://snomed.info/sct",
                "code": "185349003"
              }
            ],
            "text": "Outpatient Encounter"
          }
        ],
        "subject": {
          "reference": "urn:uuid:6640d1e7-0881-4f8e-bd8a-634356230a22"
        },
        "period": {
          "start": "2015-05-17T01:35:18-04:00",
          "end": "2015-05-17T02:35:18-04:00"
        },
        "serviceProvider": {
          "reference": "urn:uuid:576818dc-b7b8-4086-8547-bfa99f3babfb"
        },
        "resourceType": "Encounter"
      }
    },
    {
      "fullUrl": "urn:uuid:68f3e5ba-a931-4788-bd23-aa5d01b868ae",
      "resource": {
        "id": "68f3e5ba-a931-4788-bd23-aa5d01b868ae",
        "status": "active",
        "use": "complete",
        "patient": {
          "reference": "urn:uuid:6640d1e7-0881-4f8e-bd8a-634356230a22"
        },
        "billablePeriod": {
          "start": "2015-05-17T01:35:18-04:00",
          "end": "2015-05-17T02:35:18-04:00"
        },
        "organization": {
          "reference": {
            "reference": "urn:uuid:576818dc-b7b8-4086-8547-bfa99f3babfb"
          }
        },
        "item": [
          {
            "sequence": 1,
            "net": {
              "value": 125.0,
              "system": "urn:iso:std:iso:4217",
              "code": "USD"
            },
            "encounter": [
              {
                "reference": {
                  "fullUrl": "urn:uuid:9b3895f7-7933-4e7b-874a-c8f01f5515eb",
                  "resource": {
                    "id": "9b3895f7-7933-4e7b-874a-c8f01f5515eb",
                    "meta": {
                      "profile": [
                        "http://standardhealthrecord.org/fhir/StructureDefinition/shr-encounter-Encounter"
                      ]
                    },
                    "status": "finished",
                    "class": {
                      "code": "outpatient"
                    },
                    "type": [
                      {
                        "coding": [
                          {
                            "system": "http://snomed.info/sct",
                            "code": "185349003"
                          }
                        ],
                        "text": "Outpatient Encounter"
                      }
                    ],
                    "subject": {
                      "reference": "urn:uuid:6640d1e7-0881-4f8e-bd8a-634356230a22"
                    },
                    "period": {
                      "start": "2015-05-17T01:35:18-04:00",
                      "end": "2015-05-17T02:35:18-04:00"
                    },
                    "serviceProvider": {
                      "reference": "urn:uuid:576818dc-b7b8-4086-8547-bfa99f3babfb"
                    },
                    "resourceType": "Encounter"
                  }
                }
              }
            ]
          },
          {
            "sequence": 2,
            "category": {
              "coding": [
                {
                  "system": "http://hl7.org/fhir/sid/cvx",
                  "code": "140",
                  "display": "Influenza, seasonal, injectable, preservative free"
                }
              ],
              "text": "Influenza, seasonal, injectable, preservative free"
            },
            "net": {
              "value": 136.0,
              "system": "urn:iso:std:iso:4217",
              "code": "USD"
            }
          }
        ],
        "total": {
          "value": 261.0,
          "system": "urn:iso:std:iso:4217",
          "code": "USD"
        },
        "resourceType": "Claim"
      }
    },
    {
      "fullUrl": "urn:uuid:42509119-f71a-4da6-8d42-04539c39937e",
      "resource": {
        "id": "42509119-f71a-4da6-8d42-04539c39937e",
        "meta": {
          "profile": [
            "http://standardhealthrecord.org/fhir/StructureDefinition/shr-observation-Observation",
            "http://standardhealthrecord.org/fhir/StructureDefinition/shr-vital-VitalSign",
            "http://standardhealthrecord.org/fhir/StructureDefinition/shr-vital-BodyHeight"
          ]
        },
        "status": "final",
        "category": [
          {
            "coding": [
              {
                "system": "http://hl7.org/fhir/observation-category",
                "code": "vital-signs"
              }
            ]
          }
        ],
        "code": {
          "coding": [
            {
              "system": "http://loinc.org",
              "code": "8302-2",
              "display": "Body Height"
            }
          ],
          "text": "Body Height"
        },
        "subject": {
          "reference": "urn:uuid:6640d1e7-0881-4f8e-bd8a-634356230a22"
        },
        "context": {
          "reference": "urn:uuid:9b3895f7-7933-4e7b-874a-c8f01f5515eb"
        },
        "effectiveDateTime": "2015-05-17T01:35:18-04:00",
        "issued": "2015-05-17T01:35:18-04:00",
        "valueQuantity": {
          "value": 172.94037035039463,
          "unit": "cm",
          "system": "http://unitsofmeasure.org/",
          "code": "cm"
        },
        "resourceType": "Observation"
      }
    },
    {
      "fullUrl": "urn:uuid:6c12f017-fba3-4074-bdb8-e005a07ef0fb",
      "resource": {
        "id": "6c12f017-fba3-4074-bdb8-e005a07ef0fb",
        "meta": {
          "profile": [
            "http://standardhealthrecord.org/fhir/StructureDefinition/shr-observation-Observation",
            "http://standardhealthrecord.org/fhir/StructureDefinition/shr-vital-VitalSign",
            "http://standardhealthrecord.org/fhir/StructureDefinition/shr-vital-BodyWeight"
          ]
        },
        "status": "final",
        "category": [
          {
            "coding": [
              {
                "system": "http://hl7.org/fhir/observation-category",
                "code": "vital-signs"
              }
            ]
          }
        ],
        "code": {
          "coding": [
            {
              "system": "http://loinc.org",
              "code": "29463-7",
              "display": "Body Weight"
            }
          ],
          "text": "Body Weight"
        },
        "subject": {
          "reference": "urn:uuid:6640d1e7-0881-4f8e-bd8a-634356230a22"
        },
        "context": {
          "reference": "urn:uuid:9b3895f7-7933-4e7b-874a-c8f01f5515eb"
        },
        "effectiveDateTime": "2015-05-17T01:35:18-04:00",
        "issued": "2015-05-17T01:35:18-04:00",
        "valueQuantity": {
          "value": 79.22145246634751,
          "unit": "kg",
          "system": "http://unitsofmeasure.org/",
          "code": "kg"
        },
        "resourceType": "Observation"
      }
    },
    {
      "fullUrl": "urn:uuid:c398a1d6-2b6b-44e9-8346-40a422834137",
      "resource": {
        "id": "c398a1d6-2b6b-44e9-8346-40a422834137",
        "meta": {
          "profile": [
            "http://standardhealthrecord.org/fhir/StructureDefinition/shr-observation-Observation",
            "http://standardhealthrecord.org/fhir/StructureDefinition/shr-vital-VitalSign",
            "http://standardhealthrecord.org/fhir/StructureDefinition/shr-vital-BodyMassIndex"
          ]
        },
        "status": "final",
        "category": [
          {
            "coding": [
              {
                "system": "http://hl7.org/fhir/observation-category",
                "code": "vital-signs"
              }
            ]
          }
        ],
        "code": {
          "coding": [
            {
              "system": "http://loinc.org",
              "code": "39156-5",
              "display": "Body Mass Index"
            }
          ],
          "text": "Body Mass Index"
        },
        "subject": {
          "reference": "urn:uuid:6640d1e7-0881-4f8e-bd8a-634356230a22"
        },
        "context": {
          "reference": "urn:uuid:9b3895f7-7933-4e7b-874a-c8f01f5515eb"
        },
        "effectiveDateTime": "2015-05-17T01:35:18-04:00",
        "issued": "2015-05-17T01:35:18-04:00",
        "valueQuantity": {
          "value": 26.488052666028278,
          "unit": "kg/m2",
          "system": "http://unitsofmeasure.org/",
          "code": "kg/m2"
        },
        "resourceType": "Observation"
      }
    },
    {
      "fullUrl": "urn:uuid:49f20381-1b3c-45b5-99d0-c3e25a6daab7",
      "resource": {
        "id": "49f20381-1b3c-45b5-99d0-c3e25a6daab7",
        "meta": {
          "profile": [
            "http://standardhealthrecord.org/fhir/StructureDefinition/shr-observation-Observation",
            "http://standardhealthrecord.org/fhir/StructureDefinition/shr-vital-BloodPressure"
          ]
        },
        "status": "final",
        "category": [
          {
            "coding": [
              {
                "system": "http://hl7.org/fhir/observation-category",
                "code": "vital-signs"
              }
            ]
          }
        ],
        "code": {
          "coding": [
            {
              "system": "http://loinc.org",
              "code": "55284-4",
              "display": "Blood Pressure"
            }
          ]
        },
        "subject": {
          "reference": "urn:uuid:6640d1e7-0881-4f8e-bd8a-634356230a22"
        },
        "context": {
          "reference": "urn:uuid:9b3895f7-7933-4e7b-874a-c8f01f5515eb"
        },
        "effectiveDateTime": "2015-05-17T01:35:18-04:00",
        "issued": "2015-05-17T01:35:18-04:00",
        "component": [
          {
            "code": {
              "coding": [
                {
                  "system": "http://loinc.org",
                  "code": "8480-6",
                  "display": "Systolic Blood Pressure"
                }
              ],
              "text": "Systolic Blood Pressure"
            },
            "valueQuantity": {
              "value": 106,
              "unit": "mmHg",
              "system": "http://unitsofmeasure.org/",
              "code": "mmHg"
            }
          },
          {
            "code": {
              "coding": [
                {
                  "system": "http://loinc.org",
                  "code": "8462-4",
                  "display": "Diastolic Blood Pressure"
                }
              ],
              "text": "Diastolic Blood Pressure"
            },
            "valueQuantity": {
              "value": 87,
              "unit": "mmHg",
              "system": "http://unitsofmeasure.org/",
              "code": "mmHg"
            }
          }
        ],
        "resourceType": "Observation"
      }
    },
    {
      "resource": {
        "meta": {
          "profile": [
            "http://standardhealthrecord.org/fhir/StructureDefinition/shr-immunization-Immunization"
          ]
        },
        "status": "completed",
        "notGiven": false,
        "vaccineCode": {
          "coding": [
            {
              "system": "http://hl7.org/fhir/sid/cvx",
              "code": "140",
              "display": "Influenza, seasonal, injectable, preservative free"
            }
          ],
          "text": "Influenza, seasonal, injectable, preservative free"
        },
        "patient": {
          "reference": "urn:uuid:6640d1e7-0881-4f8e-bd8a-634356230a22"
        },
        "encounter": {
          "reference": "urn:uuid:9b3895f7-7933-4e7b-874a-c8f01f5515eb"
        },
        "date": "2015-05-17T01:35:18-04:00",
        "primarySource": true,
        "resourceType": "Immunization"
      }
    },
    {
      "fullUrl": "urn:uuid:b5229bd6-5f57-42fe-b90d-15dd84c3a0b2",
      "resource": {
        "id": "b5229bd6-5f57-42fe-b90d-15dd84c3a0b2",
        "meta": {
          "profile": [
            "http://standardhealthrecord.org/fhir/StructureDefinition/shr-observation-Observation"
          ]
        },
        "status": "final",
        "category": [
          {
            "coding": [
              {
                "system": "http://hl7.org/fhir/observation-category",
                "code": "survey"
              }
            ]
          }
        ],
        "code": {
          "coding": [
            {
              "system": "http://snomed.info/sct",
              "code": "273724008",
              "display": "Quality adjusted life years"
            }
          ],
          "text": "Quality adjusted life years"
        },
        "subject": {
          "reference": "urn:uuid:6640d1e7-0881-4f8e-bd8a-634356230a22"
        },
        "effectiveDateTime": "2017-10-31T16:09:28-04:00",
        "issued": "2017-10-31T16:09:28-04:00",
        "valueQuantity": {
          "value": 30.931782579936385,
          "unit": "years",
          "system": "http://unitsofmeasure.org/",
          "code": "years"
        },
        "resourceType": "Observation"
      }
    },
    {
      "fullUrl": "urn:uuid:b3711fdf-4799-4ea3-8822-05db60904618",
      "resource": {
        "id": "b3711fdf-4799-4ea3-8822-05db60904618",
        "meta": {
          "profile": [
            "http://standardhealthrecord.org/fhir/StructureDefinition/shr-observation-Observation"
          ]
        },
        "status": "final",
        "category": [
          {
            "coding": [
              {
                "system": "http://hl7.org/fhir/observation-category",
                "code": "survey"
              }
            ]
          }
        ],
        "code": {
          "coding": [
            {
              "system": "http://snomed.info/sct",
              "code": "273421001",
              "display": "Disability rating scale"
            }
          ],
          "text": "Disability rating scale"
        },
        "subject": {
          "reference": "urn:uuid:6640d1e7-0881-4f8e-bd8a-634356230a22"
        },
        "effectiveDateTime": "2017-10-31T16:09:28-04:00",
        "issued": "2017-10-31T16:09:28-04:00",
        "valueQuantity": {
          "value": 0.06821742006361514,
          "unit": "years",
          "system": "http://unitsofmeasure.org/",
          "code": "years"
        },
        "resourceType": "Observation"
      }
    }
  ],
  "resourceType": "Bundle"
}