{
  "type": "collection",
  "entry": [
    {
      "fullUrl": "urn:uuid:122a7c36-4f1b-46d1-8dba-e2fe5118bd2d",
      "resource": {
        "id": "122a7c36-4f1b-46d1-8dba-e2fe5118bd2d",
        "meta": {
          "profile": [
            "http://standardhealthrecord.org/fhir/StructureDefinition/shr-actor-Organization"
          ]
        },
        "type": [
          {
            "coding": [
              {
                "system": "http://hl7.org/fhir/organization-type",
                "code": "prov",
                "display": "Healthcare Provider"
              }
            ],
            "text": "Healthcare Provider"
          }
        ],
        "name": "MANCHESTER RADIOLOGY SERVICES",
        "resourceType": "Organization"
      }
    },
    {
      "fullUrl": "urn:uuid:df1df798-dc4c-4eb3-9147-34f027e72110",
      "resource": {
        "id": "df1df798-dc4c-4eb3-9147-34f027e72110",
        "meta": {
          "profile": [
            "http://standardhealthrecord.org/fhir/StructureDefinition/shr-demographics-PersonOfRecord"
          ]
        },
        "text": {
          "status": "generated",
          "div": "<div xmlns=\"http://www.w3.org/1999/xhtml\">Generated by <a href=\"https://github.com/synthetichealth/synthea\">Synthea</a>. Version identifier: 368ac389f34cd3ce3986aa3a0a08e467bf574db3</div>"
        },
        "extension": [
          {
            "url": "http://hl7.org/fhir/us/core/StructureDefinition/us-core-race",
            "valueCodeableConcept": {
              "coding": [
                {
                  "system": "http://hl7.org/fhir/v3/Race",
                  "code": "2106-3",
                  "display": "White"
                }
              ],
              "text": "race"
            }
          },
          {
            "url": "http://hl7.org/fhir/us/core/StructureDefinition/us-core-ethnicity",
            "valueCodeableConcept": {
              "coding": [
                {
                  "system": "http://hl7.org/fhir/v3/Ethnicity",
                  "code": "2186-5",
                  "display": "Nonhispanic"
                }
              ],
              "text": "ethnicity"
            }
          },
          {
            "url": "http://hl7.org/fhir/StructureDefinition/birthPlace",
            "valueAddress": {
              "city": "Millbury",
              "state": "MA",
              "country": "US"
            }
          },
          {
            "url": "http://hl7.org/fhir/StructureDefinition/patient-mothersMaidenName",
            "valueString": "Terrell35 Schneider534"
          },
          {
            "url": "http://hl7.org/fhir/us/core/StructureDefinition/us-core-birthsex",
            "valueCode": "F"
          },
          {
            "url": "http://hl7.org/fhir/StructureDefinition/patient-interpreterRequired",
            "valueBoolean": false
          },
          {
            "url": "http://standardhealthrecord.org/fhir/StructureDefinition/shr-actor-FictionalPerson-extension",
            "valueBoolean": true
          },
          {
            "url": "http://standardhealthrecord.org/fhir/StructureDefinition/shr-demographics-FathersName-extension",
            "valueHumanName": {
              "text": "Herman171 Casper161"
            }
          },
          {
            "url": "http://standardhealthrecord.org/fhir/StructureDefinition/shr-demographics-SocialSecurityNumber-extension",
            "valueString": "999-76-9075"
          }
        ],
        "identifier": [
          {
            "system": "https://github.com/synthetichealth/synthea",
            "value": "023ebca2-2bb8-48fb-95c6-3ec1dadbc321"
          },
          {
            "type": {
              "coding": [
                {
                  "system": "http://hl7.org/fhir/identifier-type",
                  "code": "SB"
                }
              ]
            },
            "system": "http://hl7.org/fhir/sid/us-ssn",
            "value": "999769075"
          },
          {
            "type": {
              "coding": [
                {
                  "system": "http://hl7.org/fhir/v2/0203",
                  "code": "DL"
                }
              ]
            },
            "system": "urn:oid:2.16.840.1.113883.4.3.25",
            "value": "S99931777"
          },
          {
            "type": {
              "coding": [
                {
                  "system": "http://hl7.org/fhir/v2/0203",
                  "code": "MR"
                }
              ]
            },
            "system": "http://hospital.smarthealthit.org",
            "value": "023ebca2-2bb8-48fb-95c6-3ec1dadbc321"
          }
        ],
        "name": [
          {
            "use": "official",
            "family": "Altenwerth840",
            "given": [
              "Audie911"
            ],
            "prefix": [
              "Mrs."
            ]
          },
          {
            "use": "maiden",
            "family": "Casper161",
            "given": [
              "Audie911"
            ]
          }
        ],
        "telecom": [
          {
            "system": "phone",
            "value": "838-317-5369",
            "use": "home"
          }
        ],
        "gender": "female",
        "birthDate": "1929-04-10",
        "deceasedDateTime": "2009-07-20T01:23:01-04:00",
        "address": [
          {
            "extension": [
              {
                "extension": [
                  {
                    "url": "latitude",
                    "valueDecimal": 42.53650630921476
                  },
                  {
                    "url": "longitude",
                    "valueDecimal": -70.78640131123227
                  }
                ],
                "url": "http://hl7.org/fhir/StructureDefinition/geolocation"
              }
            ],
            "line": [
              "3741 Lura Camp",
              "Apt. 858"
            ],
            "city": "Salem",
            "state": "MA",
            "postalCode": "01971",
            "country": "US"
          }
        ],
        "maritalStatus": {
          "coding": [
            {
              "system": "http://hl7.org/fhir/v3/MaritalStatus",
              "code": "M"
            }
          ],
          "text": "M"
        },
        "multipleBirthBoolean": false,
        "communication": [
          {
            "language": {
              "coding": [
                {
                  "system": "http://hl7.org/fhir/ValueSet/languages",
                  "code": "en-US",
                  "display": "English (United States)"
                }
              ]
            }
          }
        ],
        "generalPractitioner": [
          {
            "reference": "urn:uuid:122a7c36-4f1b-46d1-8dba-e2fe5118bd2d"
          }
        ],
        "resourceType": "Patient"
      }
    },
    {
      "fullUrl": "urn:uuid:082d2c58-e084-47ac-a560-aa47223f8b54",
      "resource": {
        "id": "082d2c58-e084-47ac-a560-aa47223f8b54",
        "meta": {
          "profile": [
            "http://standardhealthrecord.org/fhir/StructureDefinition/shr-encounter-Encounter"
          ]
        },
        "status": "finished",
        "class": {
          "code": "outpatient"
        },
        "type": [
          {
            "coding": [
              {
                "system": "http://snomed.info/sct",
                "code": "185349003"
              }
            ],
            "text": "Outpatient Encounter"
          }
        ],
        "subject": {
          "reference": "urn:uuid:df1df798-dc4c-4eb3-9147-34f027e72110"
        },
        "period": {
          "start": "2008-11-12T00:38:28-05:00",
          "end": "2008-11-12T01:38:28-05:00"
        },
        "serviceProvider": {
          "reference": "urn:uuid:122a7c36-4f1b-46d1-8dba-e2fe5118bd2d"
        },
        "resourceType": "Encounter"
      }
    },
    {
      "fullUrl": "urn:uuid:1dbdfd78-a477-4312-8707-08f4b7ecaf86",
      "resource": {
        "id": "1dbdfd78-a477-4312-8707-08f4b7ecaf86",
        "status": "active",
        "use": "complete",
        "patient": {
          "reference": "urn:uuid:df1df798-dc4c-4eb3-9147-34f027e72110"
        },
        "billablePeriod": {
          "start": "2008-11-12T00:38:28-05:00",
          "end": "2008-11-12T01:38:28-05:00"
        },
        "organization": {
          "reference": {
            "reference": "urn:uuid:122a7c36-4f1b-46d1-8dba-e2fe5118bd2d"
          }
        },
        "diagnosis": [
          {
            "sequence": 1,
            "diagnosisReference": {
              "reference": "urn:uuid:97313aaf-704d-4fe6-af20-67d654b23c28"
            }
          },
          {
            "sequence": 2,
            "diagnosisReference": {
              "reference": "urn:uuid:d6285164-11ac-4847-908e-a5d335b50643"
            }
          }
        ],
        "procedure": [
          {
            "sequence": 1,
            "procedureReference": {
              "reference": "urn:uuid:7f68a4ce-a15c-477f-898f-e0fc42c93c99"
            }
          }
        ],
        "item": [
          {
            "sequence": 1,
            "net": {
              "value": 125.0,
              "system": "urn:iso:std:iso:4217",
              "code": "USD"
            },
            "encounter": [
              {
                "reference": {
                  "fullUrl": "urn:uuid:082d2c58-e084-47ac-a560-aa47223f8b54",
                  "resource": {
                    "id": "082d2c58-e084-47ac-a560-aa47223f8b54",
                    "meta": {
                      "profile": [
                        "http://standardhealthrecord.org/fhir/StructureDefinition/shr-encounter-Encounter"
                      ]
                    },
                    "status": "finished",
                    "class": {
                      "code": "outpatient"
                    },
                    "type": [
                      {
                        "coding": [
                          {
                            "system": "http://snomed.info/sct",
                            "code": "185349003"
                          }
                        ],
                        "text": "Outpatient Encounter"
                      }
                    ],
                    "subject": {
                      "reference": "urn:uuid:df1df798-dc4c-4eb3-9147-34f027e72110"
                    },
                    "period": {
                      "start": "2008-11-12T00:38:28-05:00",
                      "end": "2008-11-12T01:38:28-05:00"
                    },
                    "serviceProvider": {
                      "reference": "urn:uuid:122a7c36-4f1b-46d1-8dba-e2fe5118bd2d"
                    },
                    "resourceType": "Encounter"
                  }
                }
              }
            ]
          },
          {
            "sequence": 2,
            "diagnosisLinkId": [
              1
            ],
            "net": {
              "value": 0.0,
              "system": "urn:iso:std:iso:4217",
              "code": "USD"
            }
          },
          {
            "sequence": 3,
            "diagnosisLinkId": [
              2
            ],
            "net": {
              "value": 0.0,
              "system": "urn:iso:std:iso:4217",
              "code": "USD"
            }
          },
          {
            "sequence": 4,
            "procedureLinkId": [
              2
            ],
            "net": {
              "value": 1508.6649932999997,
              "system": "urn:iso:std:iso:4217",
              "code": "USD"
            }
          },
          {
            "sequence": 5,
            "category": {
              "coding": [
                {
                  "system": "http://hl7.org/fhir/sid/cvx",
                  "code": "140",
                  "display": "Influenza, seasonal, injectable, preservative free"
                }
              ],
              "text": "Influenza, seasonal, injectable, preservative free"
            },
            "net": {
              "value": 136.0,
              "system": "urn:iso:std:iso:4217",
              "code": "USD"
            }
          }
        ],
        "total": {
          "value": 1769.6649932999997,
          "system": "urn:iso:std:iso:4217",
          "code": "USD"
        },
        "resourceType": "Claim"
      }
    },
    {
      "fullUrl": "urn:uuid:97313aaf-704d-4fe6-af20-67d654b23c28",
      "resource": {
        "id": "97313aaf-704d-4fe6-af20-67d654b23c28",
        "meta": {
          "profile": [
            "http://standardhealthrecord.org/fhir/StructureDefinition/shr-problem-Problem"
          ]
        },
        "clinicalStatus": "active",
        "verificationStatus": "confirmed",
        "code": {
          "coding": [
            {
              "system": "http://snomed.info/sct",
              "code": "15777000",
              "display": "Prediabetes"
            }
          ],
          "text": "Prediabetes"
        },
        "subject": {
          "reference": "urn:uuid:df1df798-dc4c-4eb3-9147-34f027e72110"
        },
        "context": {
          "reference": "urn:uuid:082d2c58-e084-47ac-a560-aa47223f8b54"
        },
        "onsetDateTime": "1979-05-08T09:00:04-04:00",
        "assertedDate": "1979-05-08",
        "resourceType": "Condition"
      }
    },
    {
      "fullUrl": "urn:uuid:d6285164-11ac-4847-908e-a5d335b50643",
      "resource": {
        "id": "d6285164-11ac-4847-908e-a5d335b50643",
        "meta": {
          "profile": [
            "http://standardhealthrecord.org/fhir/StructureDefinition/shr-problem-Problem"
          ]
        },
        "clinicalStatus": "active",
        "verificationStatus": "confirmed",
        "code": {
          "coding": [
            {
              "system": "http://snomed.info/sct",
              "code": "64859006",
              "display": "Osteoporosis (disorder)"
            }
          ],
          "text": "Osteoporosis (disorder)"
        },
        "subject": {
          "reference": "urn:uuid:df1df798-dc4c-4eb3-9147-34f027e72110"
        },
        "context": {
          "reference": "urn:uuid:082d2c58-e084-47ac-a560-aa47223f8b54"
        },
        "onsetDateTime": "1989-10-05T02:09:43-04:00",
        "assertedDate": "1989-10-05",
        "resourceType": "Condition"
      }
    },
    {
      "fullUrl": "urn:uuid:5abb8a5b-dcff-477e-840c-79978f74136d",
      "resource": {
        "id": "5abb8a5b-dcff-477e-840c-79978f74136d",
        "meta": {
          "profile": [
            "http://standardhealthrecord.org/fhir/StructureDefinition/shr-observation-Observation"
          ]
        },
        "status": "final",
        "category": [
          {
            "coding": [
              {
                "system": "http://hl7.org/fhir/observation-category",
                "code": "laboratory"
              }
            ]
          }
        ],
        "code": {
          "coding": [
            {
              "system": "http://loinc.org",
              "code": "4548-4",
              "display": "Hemoglobin A1c/Hemoglobin.total in Blood"
            }
          ],
          "text": "Hemoglobin A1c/Hemoglobin.total in Blood"
        },
        "subject": {
          "reference": "urn:uuid:df1df798-dc4c-4eb3-9147-34f027e72110"
        },
        "context": {
          "reference": "urn:uuid:082d2c58-e084-47ac-a560-aa47223f8b54"
        },
        "effectiveDateTime": "2008-11-12T00:38:28-05:00",
        "issued": "2008-11-12T00:38:28-05:00",
        "valueQuantity": {
          "value": 5.9,
          "unit": "%",
          "system": "http://unitsofmeasure.org/",
          "code": "%"
        },
        "resourceType": "Observation"
      }
    },
    {
      "fullUrl": "urn:uuid:f2d5ee74-814d-4c5c-ba83-0f9434bd9938",
      "resource": {
        "id": "f2d5ee74-814d-4c5c-ba83-0f9434bd9938",
        "meta": {
          "profile": [
            "http://standardhealthrecord.org/fhir/StructureDefinition/shr-observation-Observation",
            "http://standardhealthrecord.org/fhir/StructureDefinition/shr-vital-VitalSign",
            "http://standardhealthrecord.org/fhir/StructureDefinition/shr-vital-BodyHeight"
          ]
        },
        "status": "final",
        "category": [
          {
            "coding": [
              {
                "system": "http://hl7.org/fhir/observation-category",
                "code": "vital-signs"
              }
            ]
          }
        ],
        "code": {
          "coding": [
            {
              "system": "http://loinc.org",
              "code": "8302-2",
              "display": "Body Height"
            }
          ],
          "text": "Body Height"
        },
        "subject": {
          "reference": "urn:uuid:df1df798-dc4c-4eb3-9147-34f027e72110"
        },
        "context": {
          "reference": "urn:uuid:082d2c58-e084-47ac-a560-aa47223f8b54"
        },
        "effectiveDateTime": "2008-11-12T00:38:28-05:00",
        "issued": "2008-11-12T00:38:28-05:00",
        "valueQuantity": {
          "value": 162.1727999850557,
          "unit": "cm",
          "system": "http://unitsofmeasure.org/",
          "code": "cm"
        },
        "resourceType": "Observation"
      }
    },
    {
      "fullUrl": "urn:uuid:3911c13a-7ac2-4e9b-b26a-68298a8282a6",
      "resource": {
        "id": "3911c13a-7ac2-4e9b-b26a-68298a8282a6",
        "meta": {
          "profile": [
            "http://standardhealthrecord.org/fhir/StructureDefinition/shr-observation-Observation",
            "http://standardhealthrecord.org/fhir/StructureDefinition/shr-vital-VitalSign",
            "http://standardhealthrecord.org/fhir/StructureDefinition/shr-vital-BodyWeight"
          ]
        },
        "status": "final",
        "category": [
          {
            "coding": [
              {
                "system": "http://hl7.org/fhir/observation-category",
                "code": "vital-signs"
              }
            ]
          }
        ],
        "code": {
          "coding": [
            {
              "system": "http://loinc.org",
              "code": "29463-7",
              "display": "Body Weight"
            }
          ],
          "text": "Body Weight"
        },
        "subject": {
          "reference": "urn:uuid:df1df798-dc4c-4eb3-9147-34f027e72110"
        },
        "context": {
          "reference": "urn:uuid:082d2c58-e084-47ac-a560-aa47223f8b54"
        },
        "effectiveDateTime": "2008-11-12T00:38:28-05:00",
        "issued": "2008-11-12T00:38:28-05:00",
        "valueQuantity": {
          "value": 79.17169518927827,
          "unit": "kg",
          "system": "http://unitsofmeasure.org/",
          "code": "kg"
        },
        "resourceType": "Observation"
      }
    },
    {
      "fullUrl": "urn:uuid:8d0aab4e-5743-4c28-958c-fb1ab01bfffd",
      "resource": {
        "id": "8d0aab4e-5743-4c28-958c-fb1ab01bfffd",
        "meta": {
          "profile": [
            "http://standardhealthrecord.org/fhir/StructureDefinition/shr-observation-Observation",
            "http://standardhealthrecord.org/fhir/StructureDefinition/shr-vital-VitalSign",
            "http://standardhealthrecord.org/fhir/StructureDefinition/shr-vital-BodyMassIndex"
          ]
        },
        "status": "final",
        "category": [
          {
            "coding": [
              {
                "system": "http://hl7.org/fhir/observation-category",
                "code": "vital-signs"
              }
            ]
          }
        ],
        "code": {
          "coding": [
            {
              "system": "http://loinc.org",
              "code": "39156-5",
              "display": "Body Mass Index"
            }
          ],
          "text": "Body Mass Index"
        },
        "subject": {
          "reference": "urn:uuid:df1df798-dc4c-4eb3-9147-34f027e72110"
        },
        "context": {
          "reference": "urn:uuid:082d2c58-e084-47ac-a560-aa47223f8b54"
        },
        "effectiveDateTime": "2008-11-12T00:38:28-05:00",
        "issued": "2008-11-12T00:38:28-05:00",
        "valueQuantity": {
          "value": 30.103286634275417,
          "unit": "kg/m2",
          "system": "http://unitsofmeasure.org/",
          "code": "kg/m2"
        },
        "resourceType": "Observation"
      }
    },
    {
      "fullUrl": "urn:uuid:3e58a891-ded3-4635-8a24-4a974d3b3554",
      "resource": {
        "id": "3e58a891-ded3-4635-8a24-4a974d3b3554",
        "meta": {
          "profile": [
            "http://standardhealthrecord.org/fhir/StructureDefinition/shr-observation-Observation",
            "http://standardhealthrecord.org/fhir/StructureDefinition/shr-vital-BloodPressure"
          ]
        },
        "status": "final",
        "category": [
          {
            "coding": [
              {
                "system": "http://hl7.org/fhir/observation-category",
                "code": "vital-signs"
              }
            ]
          }
        ],
        "code": {
          "coding": [
            {
              "system": "http://loinc.org",
              "code": "55284-4",
              "display": "Blood Pressure"
            }
          ]
        },
        "subject": {
          "reference": "urn:uuid:df1df798-dc4c-4eb3-9147-34f027e72110"
        },
        "context": {
          "reference": "urn:uuid:082d2c58-e084-47ac-a560-aa47223f8b54"
        },
        "effectiveDateTime": "2008-11-12T00:38:28-05:00",
        "issued": "2008-11-12T00:38:28-05:00",
        "component": [
          {
            "code": {
              "coding": [
                {
                  "system": "http://loinc.org",
                  "code": "8480-6",
                  "display": "Systolic Blood Pressure"
                }
              ],
              "text": "Systolic Blood Pressure"
            },
            "valueQuantity": {
              "value": 118,
              "unit": "mmHg",
              "system": "http://unitsofmeasure.org/",
              "code": "mmHg"
            }
          },
          {
            "code": {
              "coding": [
                {
                  "system": "http://loinc.org",
                  "code": "8462-4",
                  "display": "Diastolic Blood Pressure"
                }
              ],
              "text": "Diastolic Blood Pressure"
            },
            "valueQuantity": {
              "value": 86,
              "unit": "mmHg",
              "system": "http://unitsofmeasure.org/",
              "code": "mmHg"
            }
          }
        ],
        "resourceType": "Observation"
      }
    },
    {
      "fullUrl": "urn:uuid:08838765-9acf-4707-bce5-d689db7b0634",
      "resource": {
        "id": "08838765-9acf-4707-bce5-d689db7b0634",
        "meta": {
          "profile": [
            "http://standardhealthrecord.org/fhir/StructureDefinition/shr-observation-Observation"
          ]
        },
        "status": "final",
        "category": [
          {
            "coding": [
              {
                "system": "http://hl7.org/fhir/observation-category",
                "code": "laboratory"
              }
            ]
          }
        ],
        "code": {
          "coding": [
            {
              "system": "http://loinc.org",
              "code": "4548-4",
              "display": "Hemoglobin A1c/Hemoglobin.total in Blood"
            }
          ],
          "text": "Hemoglobin A1c/Hemoglobin.total in Blood"
        },
        "subject": {
          "reference": "urn:uuid:df1df798-dc4c-4eb3-9147-34f027e72110"
        },
        "context": {
          "reference": "urn:uuid:082d2c58-e084-47ac-a560-aa47223f8b54"
        },
        "effectiveDateTime": "2008-11-12T00:38:28-05:00",
        "issued": "2008-11-12T00:38:28-05:00",
        "valueQuantity": {
          "value": 5.9,
          "unit": "%",
          "system": "http://unitsofmeasure.org/",
          "code": "%"
        },
        "resourceType": "Observation"
      }
    },
    {
      "fullUrl": "urn:uuid:ce906706-52e4-4d2f-b710-c6f69bf00b72",
      "resource": {
        "id": "ce906706-52e4-4d2f-b710-c6f69bf00b72",
        "meta": {
          "profile": [
            "http://standardhealthrecord.org/fhir/StructureDefinition/shr-observation-Observation"
          ]
        },
        "status": "final",
        "category": [
          {
            "coding": [
              {
                "system": "http://hl7.org/fhir/observation-category",
                "code": "laboratory"
              }
            ]
          }
        ],
        "code": {
          "coding": [
            {
              "system": "http://loinc.org",
              "code": "2339-0",
              "display": "Glucose"
            }
          ],
          "text": "Glucose"
        },
        "subject": {
          "reference": "urn:uuid:df1df798-dc4c-4eb3-9147-34f027e72110"
        },
        "context": {
          "reference": "urn:uuid:082d2c58-e084-47ac-a560-aa47223f8b54"
        },
        "effectiveDateTime": "2008-11-12T00:38:28-05:00",
        "issued": "2008-11-12T00:38:28-05:00",
        "valueQuantity": {
          "value": 98,
          "unit": "mg/dL",
          "system": "http://unitsofmeasure.org/",
          "code": "mg/dL"
        },
        "resourceType": "Observation"
      }
    },
    {
      "fullUrl": "urn:uuid:013b2ebe-2554-40c8-bb23-0a653afc06fd",
      "resource": {
        "id": "013b2ebe-2554-40c8-bb23-0a653afc06fd",
        "meta": {
          "profile": [
            "http://standardhealthrecord.org/fhir/StructureDefinition/shr-observation-Observation"
          ]
        },
        "status": "final",
        "category": [
          {
            "coding": [
              {
                "system": "http://hl7.org/fhir/observation-category",
                "code": "laboratory"
              }
            ]
          }
        ],
        "code": {
          "coding": [
            {
              "system": "http://loinc.org",
              "code": "6299-2",
              "display": "Urea Nitrogen"
            }
          ],
          "text": "Urea Nitrogen"
        },
        "subject": {
          "reference": "urn:uuid:df1df798-dc4c-4eb3-9147-34f027e72110"
        },
        "context": {
          "reference": "urn:uuid:082d2c58-e084-47ac-a560-aa47223f8b54"
        },
        "effectiveDateTime": "2008-11-12T00:38:28-05:00",
        "issued": "2008-11-12T00:38:28-05:00",
        "valueQuantity": {
          "value": 10,
          "unit": "mg/dL",
          "system": "http://unitsofmeasure.org/",
          "code": "mg/dL"
        },
        "resourceType": "Observation"
      }
    },
    {
      "fullUrl": "urn:uuid:270656f9-1f99-487c-8b86-bcdf0f1683d3",
      "resource": {
        "id": "270656f9-1f99-487c-8b86-bcdf0f1683d3",
        "meta": {
          "profile": [
            "http://standardhealthrecord.org/fhir/StructureDefinition/shr-observation-Observation"
          ]
        },
        "status": "final",
        "category": [
          {
            "coding": [
              {
                "system": "http://hl7.org/fhir/observation-category",
                "code": "laboratory"
              }
            ]
          }
        ],
        "code": {
          "coding": [
            {
              "system": "http://loinc.org",
              "code": "38483-4",
              "display": "Creatinine"
            }
          ],
          "text": "Creatinine"
        },
        "subject": {
          "reference": "urn:uuid:df1df798-dc4c-4eb3-9147-34f027e72110"
        },
        "context": {
          "reference": "urn:uuid:082d2c58-e084-47ac-a560-aa47223f8b54"
        },
        "effectiveDateTime": "2008-11-12T00:38:28-05:00",
        "issued": "2008-11-12T00:38:28-05:00",
        "valueQuantity": {
          "value": 1.0,
          "unit": "mg/dL",
          "system": "http://unitsofmeasure.org/",
          "code": "mg/dL"
        },
        "resourceType": "Observation"
      }
    },
    {
      "fullUrl": "urn:uuid:8b41a8c1-2536-4d08-865b-e72bcdb21c1d",
      "resource": {
        "id": "8b41a8c1-2536-4d08-865b-e72bcdb21c1d",
        "meta": {
          "profile": [
            "http://standardhealthrecord.org/fhir/StructureDefinition/shr-observation-Observation"
          ]
        },
        "status": "final",
        "category": [
          {
            "coding": [
              {
                "system": "http://hl7.org/fhir/observation-category",
                "code": "laboratory"
              }
            ]
          }
        ],
        "code": {
          "coding": [
            {
              "system": "http://loinc.org",
              "code": "49765-1",
              "display": "Calcium"
            }
          ],
          "text": "Calcium"
        },
        "subject": {
          "reference": "urn:uuid:df1df798-dc4c-4eb3-9147-34f027e72110"
        },
        "context": {
          "reference": "urn:uuid:082d2c58-e084-47ac-a560-aa47223f8b54"
        },
        "effectiveDateTime": "2008-11-12T00:38:28-05:00",
        "issued": "2008-11-12T00:38:28-05:00",
        "valueQuantity": {
          "value": 9.233230313854214,
          "unit": "mg/dL",
          "system": "http://unitsofmeasure.org/",
          "code": "mg/dL"
        },
        "resourceType": "Observation"
      }
    },
    {
      "fullUrl": "urn:uuid:97d6bfaa-dd2d-4db6-a136-36897114f42f",
      "resource": {
        "id": "97d6bfaa-dd2d-4db6-a136-36897114f42f",
        "meta": {
          "profile": [
            "http://standardhealthrecord.org/fhir/StructureDefinition/shr-observation-Observation"
          ]
        },
        "status": "final",
        "category": [
          {
            "coding": [
              {
                "system": "http://hl7.org/fhir/observation-category",
                "code": "laboratory"
              }
            ]
          }
        ],
        "code": {
          "coding": [
            {
              "system": "http://loinc.org",
              "code": "2947-0",
              "display": "Sodium"
            }
          ],
          "text": "Sodium"
        },
        "subject": {
          "reference": "urn:uuid:df1df798-dc4c-4eb3-9147-34f027e72110"
        },
        "context": {
          "reference": "urn:uuid:082d2c58-e084-47ac-a560-aa47223f8b54"
        },
        "effectiveDateTime": "2008-11-12T00:38:28-05:00",
        "issued": "2008-11-12T00:38:28-05:00",
        "valueQuantity": {
          "value": 141,
          "unit": "mmol/L",
          "system": "http://unitsofmeasure.org/",
          "code": "mmol/L"
        },
        "resourceType": "Observation"
      }
    },
    {
      "fullUrl": "urn:uuid:a135be98-0cd1-48a4-9e87-0e5eb63dd568",
      "resource": {
        "id": "a135be98-0cd1-48a4-9e87-0e5eb63dd568",
        "meta": {
          "profile": [
            "http://standardhealthrecord.org/fhir/StructureDefinition/shr-observation-Observation"
          ]
        },
        "status": "final",
        "category": [
          {
            "coding": [
              {
                "system": "http://hl7.org/fhir/observation-category",
                "code": "laboratory"
              }
            ]
          }
        ],
        "code": {
          "coding": [
            {
              "system": "http://loinc.org",
              "code": "6298-4",
              "display": "Potassium"
            }
          ],
          "text": "Potassium"
        },
        "subject": {
          "reference": "urn:uuid:df1df798-dc4c-4eb3-9147-34f027e72110"
        },
        "context": {
          "reference": "urn:uuid:082d2c58-e084-47ac-a560-aa47223f8b54"
        },
        "effectiveDateTime": "2008-11-12T00:38:28-05:00",
        "issued": "2008-11-12T00:38:28-05:00",
        "valueQuantity": {
          "value": 4.492643365316978,
          "unit": "mmol/L",
          "system": "http://unitsofmeasure.org/",
          "code": "mmol/L"
        },
        "resourceType": "Observation"
      }
    },
    {
      "fullUrl": "urn:uuid:585af80b-7f54-4b15-bb8a-23a9d132e41f",
      "resource": {
        "id": "585af80b-7f54-4b15-bb8a-23a9d132e41f",
        "meta": {
          "profile": [
            "http://standardhealthrecord.org/fhir/StructureDefinition/shr-observation-Observation"
          ]
        },
        "status": "final",
        "category": [
          {
            "coding": [
              {
                "system": "http://hl7.org/fhir/observation-category",
                "code": "laboratory"
              }
            ]
          }
        ],
        "code": {
          "coding": [
            {
              "system": "http://loinc.org",
              "code": "2069-3",
              "display": "Chloride"
            }
          ],
          "text": "Chloride"
        },
        "subject": {
          "reference": "urn:uuid:df1df798-dc4c-4eb3-9147-34f027e72110"
        },
        "context": {
          "reference": "urn:uuid:082d2c58-e084-47ac-a560-aa47223f8b54"
        },
        "effectiveDateTime": "2008-11-12T00:38:28-05:00",
        "issued": "2008-11-12T00:38:28-05:00",
        "valueQuantity": {
          "value": 110,
          "unit": "mmol/L",
          "system": "http://unitsofmeasure.org/",
          "code": "mmol/L"
        },
        "resourceType": "Observation"
      }
    },
    {
      "fullUrl": "urn:uuid:fe9e49ca-b300-435b-8d09-dad0724034ff",
      "resource": {
        "id": "fe9e49ca-b300-435b-8d09-dad0724034ff",
        "meta": {
          "profile": [
            "http://standardhealthrecord.org/fhir/StructureDefinition/shr-observation-Observation"
          ]
        },
        "status": "final",
        "category": [
          {
            "coding": [
              {
                "system": "http://hl7.org/fhir/observation-category",
                "code": "laboratory"
              }
            ]
          }
        ],
        "code": {
          "coding": [
            {
              "system": "http://loinc.org",
              "code": "20565-8",
              "display": "Carbon Dioxide"
            }
          ],
          "text": "Carbon Dioxide"
        },
        "subject": {
          "reference": "urn:uuid:df1df798-dc4c-4eb3-9147-34f027e72110"
        },
        "context": {
          "reference": "urn:uuid:082d2c58-e084-47ac-a560-aa47223f8b54"
        },
        "effectiveDateTime": "2008-11-12T00:38:28-05:00",
        "issued": "2008-11-12T00:38:28-05:00",
        "valueQuantity": {
          "value": 20,
          "unit": "mmol/L",
          "system": "http://unitsofmeasure.org/",
          "code": "mmol/L"
        },
        "resourceType": "Observation"
      }
    },
    {
      "fullUrl": "urn:uuid:2ed29bc8-05f8-4a79-bd4d-0d3fa93db7d1",
      "resource": {
        "id": "2ed29bc8-05f8-4a79-bd4d-0d3fa93db7d1",
        "meta": {
          "profile": [
            "http://standardhealthrecord.org/fhir/StructureDefinition/shr-observation-Panel"
          ]
        },
        "status": "final",
        "code": {
          "coding": [
            {
              "system": "http://loinc.org",
              "code": "51990-0",
              "display": "Basic Metabolic Panel"
            }
          ]
        },
        "subject": {
          "reference": "urn:uuid:df1df798-dc4c-4eb3-9147-34f027e72110"
        },
        "context": {
          "reference": "urn:uuid:082d2c58-e084-47ac-a560-aa47223f8b54"
        },
        "effectiveDateTime": "2008-11-12T00:38:28-05:00",
        "issued": "2008-11-12T00:38:28-05:00",
        "result": [
          {
            "reference": "urn:uuid:ce906706-52e4-4d2f-b710-c6f69bf00b72",
            "display": "Glucose"
          },
          {
            "reference": "urn:uuid:013b2ebe-2554-40c8-bb23-0a653afc06fd",
            "display": "Urea Nitrogen"
          },
          {
            "reference": "urn:uuid:270656f9-1f99-487c-8b86-bcdf0f1683d3",
            "display": "Creatinine"
          },
          {
            "reference": "urn:uuid:8b41a8c1-2536-4d08-865b-e72bcdb21c1d",
            "display": "Calcium"
          },
          {
            "reference": "urn:uuid:97d6bfaa-dd2d-4db6-a136-36897114f42f",
            "display": "Sodium"
          },
          {
            "reference": "urn:uuid:a135be98-0cd1-48a4-9e87-0e5eb63dd568",
            "display": "Potassium"
          },
          {
            "reference": "urn:uuid:585af80b-7f54-4b15-bb8a-23a9d132e41f",
            "display": "Chloride"
          },
          {
            "reference": "urn:uuid:fe9e49ca-b300-435b-8d09-dad0724034ff",
            "display": "Carbon Dioxide"
          }
        ],
        "resourceType": "DiagnosticReport"
      }
    },
    {
      "fullUrl": "urn:uuid:7f68a4ce-a15c-477f-898f-e0fc42c93c99",
      "resource": {
        "id": "7f68a4ce-a15c-477f-898f-e0fc42c93c99",
        "meta": {
          "profile": [
            "http://standardhealthrecord.org/fhir/StructureDefinition/shr-procedure-Procedure"
          ]
        },
        "extension": [
          {
            "url": "http://standardhealthrecord.org/fhir/StructureDefinition/shr-core-CodeableConcept-extension",
            "valueCodeableConcept": {
              "coding": [
                {
                  "system": "http://snomed.info/sct",
                  "code": "428191000124101",
                  "display": "Documentation of current medications"
                }
              ],
              "text": "Documentation of current medications"
            }
          }
        ],
        "status": "completed",
        "code": {
          "coding": [
            {
              "system": "http://snomed.info/sct",
              "code": "428191000124101",
              "display": "Documentation of current medications"
            }
          ],
          "text": "Documentation of current medications"
        },
        "subject": {
          "reference": "urn:uuid:df1df798-dc4c-4eb3-9147-34f027e72110"
        },
        "context": {
          "reference": "urn:uuid:082d2c58-e084-47ac-a560-aa47223f8b54"
        },
        "performedDateTime": "2008-11-12T00:38:28-05:00",
        "resourceType": "Procedure"
      }
    },
    {
      "resource": {
        "meta": {
          "profile": [
            "http://standardhealthrecord.org/fhir/StructureDefinition/shr-immunization-Immunization"
          ]
        },
        "status": "completed",
        "notGiven": false,
        "vaccineCode": {
          "coding": [
            {
              "system": "http://hl7.org/fhir/sid/cvx",
              "code": "140",
              "display": "Influenza, seasonal, injectable, preservative free"
            }
          ],
          "text": "Influenza, seasonal, injectable, preservative free"
        },
        "patient": {
          "reference": "urn:uuid:df1df798-dc4c-4eb3-9147-34f027e72110"
        },
        "encounter": {
          "reference": "urn:uuid:082d2c58-e084-47ac-a560-aa47223f8b54"
        },
        "date": "2008-11-12T00:38:28-05:00",
        "primarySource": true,
        "resourceType": "Immunization"
      }
    },
    {
      "fullUrl": "urn:uuid:c80d55ff-4494-49eb-b0c3-c3ef3a8569df",
      "resource": {
        "id": "c80d55ff-4494-49eb-b0c3-c3ef3a8569df",
        "status": "in-progress",
        "description": {
          "text": "Hemoglobin A1c total in Blood < 7.0"
        },
        "addresses": [
          {
            "reference": "urn:uuid:97313aaf-704d-4fe6-af20-67d654b23c28"
          }
        ],
        "resourceType": "Goal"
      }
    },
    {
      "fullUrl": "urn:uuid:459abaed-8117-4451-8e93-5eb9b2676212",
      "resource": {
        "id": "459abaed-8117-4451-8e93-5eb9b2676212",
        "status": "in-progress",
        "description": {
          "text": "Glucose [Mass/volume] in Blood < 108"
        },
        "addresses": [
          {
            "reference": "urn:uuid:97313aaf-704d-4fe6-af20-67d654b23c28"
          }
        ],
        "resourceType": "Goal"
      }
    },
    {
      "fullUrl": "urn:uuid:d8036d80-9091-4a67-8612-9899778c8cef",
      "resource": {
        "id": "d8036d80-9091-4a67-8612-9899778c8cef",
        "status": "in-progress",
        "description": {
          "text": "Maintain blood pressure below 140/90 mmHg"
        },
        "addresses": [
          {
            "reference": "urn:uuid:97313aaf-704d-4fe6-af20-67d654b23c28"
          }
        ],
        "resourceType": "Goal"
      }
    },
    {
      "fullUrl": "urn:uuid:6562787c-7430-419c-9dd3-32224a1afef3",
      "resource": {
        "id": "6562787c-7430-419c-9dd3-32224a1afef3",
        "status": "in-progress",
        "description": {
          "text": "Improve and maintenance of optimal foot health: aim at early detection of peripheral vascular problems and neuropathy presumed due to diabetes; and prevention of diabetic foot ulcer, gangrene"
        },
        "addresses": [
          {
            "reference": "urn:uuid:97313aaf-704d-4fe6-af20-67d654b23c28"
          }
        ],
        "resourceType": "Goal"
      }
    },
    {
      "fullUrl": "urn:uuid:e770d23f-23aa-4056-b3ae-843a0d15f186",
      "resource": {
        "id": "e770d23f-23aa-4056-b3ae-843a0d15f186",
        "status": "in-progress",
        "description": {
          "text": "Address patient knowledge deficit on diabetic self-care"
        },
        "addresses": [
          {
            "reference": "urn:uuid:97313aaf-704d-4fe6-af20-67d654b23c28"
          }
        ],
        "resourceType": "Goal"
      }
    },
    {
      "resource": {
        "status": "active",
        "intent": "order",
        "category": [
          {
            "coding": [
              {
                "system": "http://snomed.info/sct",
                "code": "698360004",
                "display": "Diabetes self management plan"
              }
            ]
          }
        ],
        "subject": {
          "reference": "urn:uuid:df1df798-dc4c-4eb3-9147-34f027e72110"
        },
        "context": {
          "reference": "urn:uuid:082d2c58-e084-47ac-a560-aa47223f8b54"
        },
        "period": {
          "start": "1979-05-08"
        },
        "addresses": [
          {
            "reference": "urn:uuid:97313aaf-704d-4fe6-af20-67d654b23c28"
          }
        ],
        "goal": [
          {
            "reference": "urn:uuid:c80d55ff-4494-49eb-b0c3-c3ef3a8569df"
          },
          {
            "reference": "urn:uuid:459abaed-8117-4451-8e93-5eb9b2676212"
          },
          {
            "reference": "urn:uuid:d8036d80-9091-4a67-8612-9899778c8cef"
          },
          {
            "reference": "urn:uuid:6562787c-7430-419c-9dd3-32224a1afef3"
          },
          {
            "reference": "urn:uuid:e770d23f-23aa-4056-b3ae-843a0d15f186"
          }
        ],
        "activity": [
          {
            "detail": {
              "code": {
                "coding": [
                  {
                    "system": "http://snomed.info/sct",
                    "code": "160670007",
                    "display": "Diabetic diet"
                  }
                ]
              },
              "status": "in-progress"
            }
          },
          {
            "detail": {
              "code": {
                "coding": [
                  {
                    "system": "http://snomed.info/sct",
                    "code": "229065009",
                    "display": "Exercise therapy"
                  }
                ]
              },
              "status": "in-progress"
            }
          }
        ],
        "resourceType": "CarePlan"
      }
    },
    {
      "fullUrl": "urn:uuid:31da9f60-d378-4a52-bbbd-c65b235ca9ce",
      "resource": {
        "id": "31da9f60-d378-4a52-bbbd-c65b235ca9ce",
        "meta": {
          "profile": [
            "http://standardhealthrecord.org/fhir/StructureDefinition/shr-medication-MedicationPrescription"
          ]
        },
        "extension": [
          {
            "url": "http://standardhealthrecord.org/fhir/StructureDefinition/shr-base-ActionCode-extension",
            "valueCodeableConcept": {
              "coding": [
                {
                  "system": "http://snomed.info/sct",
                  "code": "33633005",
                  "display": "Prescription of drug (procedure)"
                }
              ],
              "text": "Prescription of drug (procedure)"
            }
          }
        ],
        "status": "active",
        "intent": "order",
        "medicationCodeableConcept": {
          "coding": [
            {
              "system": "http://www.nlm.nih.gov/research/umls/rxnorm",
              "code": "834101",
              "display": "Penicillin V Potassium 500 MG"
            }
          ],
          "text": "Penicillin V Potassium 500 MG"
        },
        "subject": {
          "reference": "urn:uuid:df1df798-dc4c-4eb3-9147-34f027e72110"
        },
        "context": {
          "reference": "urn:uuid:082d2c58-e084-47ac-a560-aa47223f8b54"
        },
        "authoredOn": "1949-12-28",
        "resourceType": "MedicationRequest"
      }
    },
    {
      "fullUrl": "urn:uuid:8ceb18f1-e7d7-4a73-a68e-210c58e03267",
      "resource": {
        "id": "8ceb18f1-e7d7-4a73-a68e-210c58e03267",
        "status": "active",
        "use": "complete",
        "patient": {
          "reference": "urn:uuid:df1df798-dc4c-4eb3-9147-34f027e72110"
        },
        "billablePeriod": {
          "start": "2008-11-12T00:38:28-05:00",
          "end": "2008-11-12T01:38:28-05:00"
        },
        "organization": {
          "reference": {
            "reference": "urn:uuid:122a7c36-4f1b-46d1-8dba-e2fe5118bd2d"
          }
        },
        "prescription": {
          "reference": "urn:uuid:31da9f60-d378-4a52-bbbd-c65b235ca9ce"
        },
        "item": [
          {
            "sequence": 1,
            "net": {
              "value": 125.0,
              "system": "urn:iso:std:iso:4217",
              "code": "USD"
            },
            "encounter": [
              {
                "reference": {
                  "fullUrl": "urn:uuid:082d2c58-e084-47ac-a560-aa47223f8b54",
                  "resource": {
                    "id": "082d2c58-e084-47ac-a560-aa47223f8b54",
                    "meta": {
                      "profile": [
                        "http://standardhealthrecord.org/fhir/StructureDefinition/shr-encounter-Encounter"
                      ]
                    },
                    "status": "finished",
                    "class": {
                      "code": "outpatient"
                    },
                    "type": [
                      {
                        "coding": [
                          {
                            "system": "http://snomed.info/sct",
                            "code": "185349003"
                          }
                        ],
                        "text": "Outpatient Encounter"
                      }
                    ],
                    "subject": {
                      "reference": "urn:uuid:df1df798-dc4c-4eb3-9147-34f027e72110"
                    },
                    "period": {
                      "start": "2008-11-12T00:38:28-05:00",
                      "end": "2008-11-12T01:38:28-05:00"
                    },
                    "serviceProvider": {
                      "reference": "urn:uuid:122a7c36-4f1b-46d1-8dba-e2fe5118bd2d"
                    },
                    "resourceType": "Encounter"
                  }
                }
              }
            ]
          },
          {
            "sequence": 1,
            "net": {
              "value": 255.0,
              "system": "urn:iso:std:iso:4217",
              "code": "USD"
            }
          }
        ],
        "total": {
          "value": 255.0,
          "system": "urn:iso:std:iso:4217",
          "code": "USD"
        },
        "resourceType": "Claim"
      }
    },
    {
      "fullUrl": "urn:uuid:1bd28688-160a-4b6f-b03e-fa085cd91080",
      "resource": {
        "id": "1bd28688-160a-4b6f-b03e-fa085cd91080",
        "meta": {
          "profile": [
            "http://standardhealthrecord.org/fhir/StructureDefinition/shr-actor-Organization"
          ]
        },
        "type": [
          {
            "coding": [
              {
                "system": "http://hl7.org/fhir/organization-type",
                "code": "prov",
                "display": "Healthcare Provider"
              }
            ],
            "text": "Healthcare Provider"
          }
        ],
        "name": "BEVERLY HOSP/BEVERLY CAMPUS",
        "resourceType": "Organization"
      }
    },
    {
      "fullUrl": "urn:uuid:5551ef62-d30a-459e-8fc6-15972a1d4369",
      "resource": {
        "id": "5551ef62-d30a-459e-8fc6-15972a1d4369",
        "meta": {
          "profile": [
            "http://standardhealthrecord.org/fhir/StructureDefinition/shr-encounter-Encounter"
          ]
        },
        "status": "finished",
        "class": {
          "code": "emergency"
        },
        "type": [
          {
            "coding": [
              {
                "system": "http://snomed.info/sct",
                "code": "50849002"
              }
            ],
            "text": "Emergency room admission"
          }
        ],
        "subject": {
          "reference": "urn:uuid:df1df798-dc4c-4eb3-9147-34f027e72110"
        },
        "period": {
          "start": "2009-07-20T01:23:01-04:00",
          "end": "2009-07-20T01:38:01-04:00"
        },
        "serviceProvider": {
          "reference": "urn:uuid:1bd28688-160a-4b6f-b03e-fa085cd91080"
        },
        "resourceType": "Encounter"
      }
    },
    {
      "fullUrl": "urn:uuid:e608e1ab-b62c-495a-a928-57384982a959",
      "resource": {
        "id": "e608e1ab-b62c-495a-a928-57384982a959",
        "status": "active",
        "use": "complete",
        "patient": {
          "reference": "urn:uuid:df1df798-dc4c-4eb3-9147-34f027e72110"
        },
        "billablePeriod": {
          "start": "2009-07-20T01:23:01-04:00",
          "end": "2009-07-20T01:38:01-04:00"
        },
        "organization": {
          "reference": {
            "reference": "urn:uuid:1bd28688-160a-4b6f-b03e-fa085cd91080"
          }
        },
        "diagnosis": [
          {
            "sequence": 1,
            "diagnosisReference": {
              "reference": "urn:uuid:82313132-5941-4bd3-9199-526fce65d8d6"
            }
          }
        ],
        "item": [
          {
            "sequence": 1,
            "net": {
              "value": 125.0,
              "system": "urn:iso:std:iso:4217",
              "code": "USD"
            },
            "encounter": [
              {
                "reference": {
                  "fullUrl": "urn:uuid:5551ef62-d30a-459e-8fc6-15972a1d4369",
                  "resource": {
                    "id": "5551ef62-d30a-459e-8fc6-15972a1d4369",
                    "meta": {
                      "profile": [
                        "http://standardhealthrecord.org/fhir/StructureDefinition/shr-encounter-Encounter"
                      ]
                    },
                    "status": "finished",
                    "class": {
                      "code": "emergency"
                    },
                    "type": [
                      {
                        "coding": [
                          {
                            "system": "http://snomed.info/sct",
                            "code": "50849002"
                          }
                        ],
                        "text": "Emergency room admission"
                      }
                    ],
                    "subject": {
                      "reference": "urn:uuid:df1df798-dc4c-4eb3-9147-34f027e72110"
                    },
                    "period": {
                      "start": "2009-07-20T01:23:01-04:00",
                      "end": "2009-07-20T01:38:01-04:00"
                    },
                    "serviceProvider": {
                      "reference": "urn:uuid:1bd28688-160a-4b6f-b03e-fa085cd91080"
                    },
                    "resourceType": "Encounter"
                  }
                }
              }
            ]
          },
          {
            "sequence": 2,
            "diagnosisLinkId": [
              1
            ],
            "net": {
              "value": 0.0,
              "system": "urn:iso:std:iso:4217",
              "code": "USD"
            }
          }
        ],
        "total": {
          "value": 125.0,
          "system": "urn:iso:std:iso:4217",
          "code": "USD"
        },
        "resourceType": "Claim"
      }
    },
    {
      "fullUrl": "urn:uuid:82313132-5941-4bd3-9199-526fce65d8d6",
      "resource": {
        "id": "82313132-5941-4bd3-9199-526fce65d8d6",
        "meta": {
          "profile": [
            "http://standardhealthrecord.org/fhir/StructureDefinition/shr-problem-Problem"
          ]
        },
        "clinicalStatus": "active",
        "verificationStatus": "confirmed",
        "code": {
          "coding": [
            {
              "system": "http://snomed.info/sct",
              "code": "262574004",
              "display": "Bullet wound"
            }
          ],
          "text": "Bullet wound"
        },
        "subject": {
          "reference": "urn:uuid:df1df798-dc4c-4eb3-9147-34f027e72110"
        },
        "context": {
          "reference": "urn:uuid:5551ef62-d30a-459e-8fc6-15972a1d4369"
        },
        "onsetDateTime": "2009-07-20T01:23:01-04:00",
        "assertedDate": "2009-07-20",
        "resourceType": "Condition"
      }
    },
    {
      "fullUrl": "urn:uuid:92086205-f1f2-4c11-a462-e1bef0f2d494",
      "resource": {
        "id": "92086205-f1f2-4c11-a462-e1bef0f2d494",
        "meta": {
          "profile": [
            "http://standardhealthrecord.org/fhir/StructureDefinition/shr-observation-Observation"
          ]
        },
        "status": "final",
        "category": [
          {
            "coding": [
              {
                "system": "http://hl7.org/fhir/observation-category"
              }
            ]
          }
        ],
        "code": {
          "coding": [
            {
              "system": "http://loinc.org",
              "code": "69453-9",
              "display": "Cause of Death [US Standard Certificate of Death]"
            }
          ],
          "text": "Cause of Death [US Standard Certificate of Death]"
        },
        "subject": {
          "reference": "urn:uuid:df1df798-dc4c-4eb3-9147-34f027e72110"
        },
        "context": {
          "reference": "urn:uuid:5551ef62-d30a-459e-8fc6-15972a1d4369"
        },
        "effectiveDateTime": "2009-07-20T01:23:01-04:00",
        "issued": "2009-07-20T01:23:01-04:00",
        "valueCodeableConcept": {
          "coding": [
            {
              "system": "http://snomed.info/sct",
              "code": "262574004",
              "display": "Bullet wound"
            }
          ],
          "text": "Bullet wound"
        },
        "resourceType": "Observation"
      }
    },
    {
      "fullUrl": "urn:uuid:8cef08f1-7a02-4d1c-a6d1-a192d7eced98",
      "resource": {
        "id": "8cef08f1-7a02-4d1c-a6d1-a192d7eced98",
        "meta": {
          "profile": [
            "http://standardhealthrecord.org/fhir/StructureDefinition/shr-observation-Panel"
          ]
        },
        "status": "final",
        "code": {
          "coding": [
            {
              "system": "http://loinc.org",
              "code": "69409-1",
              "display": "U.S. standard certificate of death - 2003 revision"
            }
          ]
        },
        "subject": {
          "reference": "urn:uuid:df1df798-dc4c-4eb3-9147-34f027e72110"
        },
        "context": {
          "reference": "urn:uuid:5551ef62-d30a-459e-8fc6-15972a1d4369"
        },
        "effectiveDateTime": "2009-07-20T01:23:01-04:00",
        "issued": "2009-07-20T01:23:01-04:00",
        "result": [
          {
            "reference": "urn:uuid:92086205-f1f2-4c11-a462-e1bef0f2d494",
            "display": "Cause of Death [US Standard Certificate of Death]"
          }
        ],
        "resourceType": "DiagnosticReport"
      }
    },
    {
      "fullUrl": "urn:uuid:cbf58164-038c-486b-b567-9f8b32ca4231",
      "resource": {
        "id": "cbf58164-038c-486b-b567-9f8b32ca4231",
        "meta": {
          "profile": [
            "http://standardhealthrecord.org/fhir/StructureDefinition/shr-encounter-Encounter"
          ]
        },
        "status": "finished",
        "class": {
          "code": "ambulatory"
        },
        "type": [
          {
            "coding": [
              {
                "system": "http://snomed.info/sct",
                "code": "308646001"
              }
            ],
            "text": "Death Certification"
          }
        ],
        "subject": {
          "reference": "urn:uuid:df1df798-dc4c-4eb3-9147-34f027e72110"
        },
        "period": {
          "start": "2009-07-20T01:23:01-04:00",
          "end": "2009-07-20T01:38:01-04:00"
        },
        "serviceProvider": {
          "reference": "urn:uuid:122a7c36-4f1b-46d1-8dba-e2fe5118bd2d"
        },
        "resourceType": "Encounter"
      }
    },
    {
      "fullUrl": "urn:uuid:eba30340-1485-432a-a984-5dded9422825",
      "resource": {
        "id": "eba30340-1485-432a-a984-5dded9422825",
        "status": "active",
        "use": "complete",
        "patient": {
          "reference": "urn:uuid:df1df798-dc4c-4eb3-9147-34f027e72110"
        },
        "billablePeriod": {
          "start": "2009-07-20T01:23:01-04:00",
          "end": "2009-07-20T01:38:01-04:00"
        },
        "organization": {
          "reference": {
            "reference": "urn:uuid:122a7c36-4f1b-46d1-8dba-e2fe5118bd2d"
          }
        },
        "item": [
          {
            "sequence": 1,
            "net": {
              "value": 125.0,
              "system": "urn:iso:std:iso:4217",
              "code": "USD"
            },
            "encounter": [
              {
                "reference": {
                  "fullUrl": "urn:uuid:cbf58164-038c-486b-b567-9f8b32ca4231",
                  "resource": {
                    "id": "cbf58164-038c-486b-b567-9f8b32ca4231",
                    "meta": {
                      "profile": [
                        "http://standardhealthrecord.org/fhir/StructureDefinition/shr-encounter-Encounter"
                      ]
                    },
                    "status": "finished",
                    "class": {
                      "code": "ambulatory"
                    },
                    "type": [
                      {
                        "coding": [
                          {
                            "system": "http://snomed.info/sct",
                            "code": "308646001"
                          }
                        ],
                        "text": "Death Certification"
                      }
                    ],
                    "subject": {
                      "reference": "urn:uuid:df1df798-dc4c-4eb3-9147-34f027e72110"
                    },
                    "period": {
                      "start": "2009-07-20T01:23:01-04:00",
                      "end": "2009-07-20T01:38:01-04:00"
                    },
                    "serviceProvider": {
                      "reference": "urn:uuid:122a7c36-4f1b-46d1-8dba-e2fe5118bd2d"
                    },
                    "resourceType": "Encounter"
                  }
                }
              }
            ]
          }
        ],
        "total": {
          "value": 125.0,
          "system": "urn:iso:std:iso:4217",
          "code": "USD"
        },
        "resourceType": "Claim"
      }
    },
    {
      "fullUrl": "urn:uuid:d8ea0b78-790e-4a7f-9029-f9b1fa2b34c2",
      "resource": {
        "id": "d8ea0b78-790e-4a7f-9029-f9b1fa2b34c2",
        "meta": {
          "profile": [
            "http://standardhealthrecord.org/fhir/StructureDefinition/shr-observation-Observation"
          ]
        },
        "status": "final",
        "category": [
          {
            "coding": [
              {
                "system": "http://hl7.org/fhir/observation-category",
                "code": "survey"
              }
            ]
          }
        ],
        "code": {
          "coding": [
            {
              "system": "http://snomed.info/sct",
              "code": "273724008",
              "display": "Quality adjusted life years"
            }
          ],
          "text": "Quality adjusted life years"
        },
        "subject": {
          "reference": "urn:uuid:df1df798-dc4c-4eb3-9147-34f027e72110"
        },
        "effectiveDateTime": "2017-10-31T16:09:28-04:00",
        "issued": "2017-10-31T16:09:28-04:00",
        "valueQuantity": {
          "value": 78.80170047176777,
          "unit": "years",
          "system": "http://unitsofmeasure.org/",
          "code": "years"
        },
        "resourceType": "Observation"
      }
    },
    {
      "fullUrl": "urn:uuid:ad9014b7-0c31-4067-bbf4-b9cfe0643d0b",
      "resource": {
        "id": "ad9014b7-0c31-4067-bbf4-b9cfe0643d0b",
        "meta": {
          "profile": [
            "http://standardhealthrecord.org/fhir/StructureDefinition/shr-observation-Observation"
          ]
        },
        "status": "final",
        "category": [
          {
            "coding": [
              {
                "system": "http://hl7.org/fhir/observation-category",
                "code": "survey"
              }
            ]
          }
        ],
        "code": {
          "coding": [
            {
              "system": "http://snomed.info/sct",
              "code": "273421001",
              "display": "Disability rating scale"
            }
          ],
          "text": "Disability rating scale"
        },
        "subject": {
          "reference": "urn:uuid:df1df798-dc4c-4eb3-9147-34f027e72110"
        },
        "effectiveDateTime": "2017-10-31T16:09:28-04:00",
        "issued": "2017-10-31T16:09:28-04:00",
        "valueQuantity": {
          "value": 15.50229952823223,
          "unit": "years",
          "system": "http://unitsofmeasure.org/",
          "code": "years"
        },
        "resourceType": "Observation"
      }
    }
  ],
  "resourceType": "Bundle"
}