{
  "type": "collection",
  "entry": [
    {
      "fullUrl": "urn:uuid:8ffebdf9-c93f-49f7-8fa8-3c589e55a640",
      "resource": {
        "id": "8ffebdf9-c93f-49f7-8fa8-3c589e55a640",
        "meta": {
          "profile": [
            "http://standardhealthrecord.org/fhir/StructureDefinition/shr-actor-Organization"
          ]
        },
        "type": [
          {
            "coding": [
              {
                "system": "http://hl7.org/fhir/organization-type",
                "code": "prov",
                "display": "Healthcare Provider"
              }
            ],
            "text": "Healthcare Provider"
          }
        ],
        "name": "LOWELL GENERAL HOSP OUTP SERVICES",
        "resourceType": "Organization"
      }
    },
    {
      "fullUrl": "urn:uuid:2f3f111f-edcc-4063-8b06-d34a6a1047a6",
      "resource": {
        "id": "2f3f111f-edcc-4063-8b06-d34a6a1047a6",
        "meta": {
          "profile": [
            "http://standardhealthrecord.org/fhir/StructureDefinition/shr-demographics-PersonOfRecord"
          ]
        },
        "text": {
          "status": "generated",
          "div": "<div xmlns=\"http://www.w3.org/1999/xhtml\">Generated by <a href=\"https://github.com/synthetichealth/synthea\">Synthea</a>. Version identifier: 368ac389f34cd3ce3986aa3a0a08e467bf574db3</div>"
        },
        "extension": [
          {
            "url": "http://hl7.org/fhir/us/core/StructureDefinition/us-core-race",
            "valueCodeableConcept": {
              "coding": [
                {
                  "system": "http://hl7.org/fhir/v3/Race",
                  "code": "2106-3",
                  "display": "White"
                }
              ],
              "text": "race"
            }
          },
          {
            "url": "http://hl7.org/fhir/us/core/StructureDefinition/us-core-ethnicity",
            "valueCodeableConcept": {
              "coding": [
                {
                  "system": "http://hl7.org/fhir/v3/Ethnicity",
                  "code": "2186-5",
                  "display": "Nonhispanic"
                }
              ],
              "text": "ethnicity"
            }
          },
          {
            "url": "http://hl7.org/fhir/StructureDefinition/birthPlace",
            "valueAddress": {
              "city": "Brockton",
              "state": "MA",
              "country": "US"
            }
          },
          {
            "url": "http://hl7.org/fhir/StructureDefinition/patient-mothersMaidenName",
            "valueString": "Ona594 Mills655"
          },
          {
            "url": "http://hl7.org/fhir/us/core/StructureDefinition/us-core-birthsex",
            "valueCode": "F"
          },
          {
            "url": "http://hl7.org/fhir/StructureDefinition/patient-interpreterRequired",
            "valueBoolean": false
          },
          {
            "url": "http://standardhealthrecord.org/fhir/StructureDefinition/shr-actor-FictionalPerson-extension",
            "valueBoolean": true
          },
          {
            "url": "http://standardhealthrecord.org/fhir/StructureDefinition/shr-demographics-FathersName-extension",
            "valueHumanName": {
              "text": "Edgardo363 Schamberger666"
            }
          },
          {
            "url": "http://standardhealthrecord.org/fhir/StructureDefinition/shr-demographics-SocialSecurityNumber-extension",
            "valueString": "999-27-2153"
          }
        ],
        "identifier": [
          {
            "system": "https://github.com/synthetichealth/synthea",
            "value": "eb82bc07-a2b5-40bc-b79c-d555880e8efb"
          },
          {
            "type": {
              "coding": [
                {
                  "system": "http://hl7.org/fhir/identifier-type",
                  "code": "SB"
                }
              ]
            },
            "system": "http://hl7.org/fhir/sid/us-ssn",
            "value": "999272153"
          },
          {
            "type": {
              "coding": [
                {
                  "system": "http://hl7.org/fhir/v2/0203",
                  "code": "DL"
                }
              ]
            },
            "system": "urn:oid:2.16.840.1.113883.4.3.25",
            "value": "S99975202"
          },
          {
            "type": {
              "coding": [
                {
                  "system": "http://hl7.org/fhir/v2/0203",
                  "code": "MR"
                }
              ]
            },
            "system": "http://hospital.smarthealthit.org",
            "value": "eb82bc07-a2b5-40bc-b79c-d555880e8efb"
          }
        ],
        "name": [
          {
            "use": "official",
            "family": "Anderson596",
            "given": [
              "Corie626"
            ],
            "prefix": [
              "Mrs."
            ]
          },
          {
            "use": "maiden",
            "family": "Schamberger666",
            "given": [
              "Corie626"
            ]
          }
        ],
        "telecom": [
          {
            "system": "phone",
            "value": "(783) 727-8070 x596",
            "use": "home"
          }
        ],
        "gender": "female",
        "birthDate": "1920-12-01",
        "deceasedDateTime": "2009-04-01T04:49:34-04:00",
        "address": [
          {
            "extension": [
              {
                "extension": [
                  {
                    "url": "latitude",
                    "valueDecimal": 42.632167740464034
                  },
                  {
                    "url": "longitude",
                    "valueDecimal": -71.32077969607018
                  }
                ],
                "url": "http://hl7.org/fhir/StructureDefinition/geolocation"
              }
            ],
            "line": [
              "7672 Gloria Alley"
            ],
            "city": "Lowell",
            "state": "MA",
            "postalCode": "01853",
            "country": "US"
          }
        ],
        "maritalStatus": {
          "coding": [
            {
              "system": "http://hl7.org/fhir/v3/MaritalStatus",
              "code": "M"
            }
          ],
          "text": "M"
        },
        "multipleBirthBoolean": false,
        "communication": [
          {
            "language": {
              "coding": [
                {
                  "system": "http://hl7.org/fhir/ValueSet/languages",
                  "code": "en-US",
                  "display": "English (United States)"
                }
              ]
            }
          }
        ],
        "generalPractitioner": [
          {
            "reference": "urn:uuid:8ffebdf9-c93f-49f7-8fa8-3c589e55a640"
          }
        ],
        "resourceType": "Patient"
      }
    },
    {
      "fullUrl": "urn:uuid:ec576e8e-fe57-406b-a602-44d16453f416",
      "resource": {
        "id": "ec576e8e-fe57-406b-a602-44d16453f416",
        "meta": {
          "profile": [
            "http://standardhealthrecord.org/fhir/StructureDefinition/shr-encounter-Encounter"
          ]
        },
        "status": "finished",
        "class": {
          "code": "outpatient"
        },
        "type": [
          {
            "coding": [
              {
                "system": "http://snomed.info/sct",
                "code": "185349003"
              }
            ],
            "text": "Outpatient Encounter"
          }
        ],
        "subject": {
          "reference": "urn:uuid:2f3f111f-edcc-4063-8b06-d34a6a1047a6"
        },
        "period": {
          "start": "2008-03-31T11:45:43-04:00",
          "end": "2008-03-31T12:45:43-04:00"
        },
        "serviceProvider": {
          "reference": "urn:uuid:8ffebdf9-c93f-49f7-8fa8-3c589e55a640"
        },
        "resourceType": "Encounter"
      }
    },
    {
      "fullUrl": "urn:uuid:759830e4-52e8-4d55-bbf9-e3e416782460",
      "resource": {
        "id": "759830e4-52e8-4d55-bbf9-e3e416782460",
        "status": "active",
        "use": "complete",
        "patient": {
          "reference": "urn:uuid:2f3f111f-edcc-4063-8b06-d34a6a1047a6"
        },
        "billablePeriod": {
          "start": "2008-03-31T11:45:43-04:00",
          "end": "2008-03-31T12:45:43-04:00"
        },
        "organization": {
          "reference": {
            "reference": "urn:uuid:8ffebdf9-c93f-49f7-8fa8-3c589e55a640"
          }
        },
        "diagnosis": [
          {
            "sequence": 1,
            "diagnosisReference": {
              "reference": "urn:uuid:0b9eb0b7-3736-4355-a0a0-3ea88278ded3"
            }
          },
          {
            "sequence": 2,
            "diagnosisReference": {
              "reference": "urn:uuid:0661e8dc-2aac-40c5-9eb1-e20066d86999"
            }
          }
        ],
        "procedure": [
          {
            "sequence": 1,
            "procedureReference": {
              "reference": "urn:uuid:06b9bad5-0e9f-488b-a7a4-90f1163cadea"
            }
          }
        ],
        "item": [
          {
            "sequence": 1,
            "net": {
              "value": 125.0,
              "system": "urn:iso:std:iso:4217",
              "code": "USD"
            },
            "encounter": [
              {
                "reference": {
                  "fullUrl": "urn:uuid:ec576e8e-fe57-406b-a602-44d16453f416",
                  "resource": {
                    "id": "ec576e8e-fe57-406b-a602-44d16453f416",
                    "meta": {
                      "profile": [
                        "http://standardhealthrecord.org/fhir/StructureDefinition/shr-encounter-Encounter"
                      ]
                    },
                    "status": "finished",
                    "class": {
                      "code": "outpatient"
                    },
                    "type": [
                      {
                        "coding": [
                          {
                            "system": "http://snomed.info/sct",
                            "code": "185349003"
                          }
                        ],
                        "text": "Outpatient Encounter"
                      }
                    ],
                    "subject": {
                      "reference": "urn:uuid:2f3f111f-edcc-4063-8b06-d34a6a1047a6"
                    },
                    "period": {
                      "start": "2008-03-31T11:45:43-04:00",
                      "end": "2008-03-31T12:45:43-04:00"
                    },
                    "serviceProvider": {
                      "reference": "urn:uuid:8ffebdf9-c93f-49f7-8fa8-3c589e55a640"
                    },
                    "resourceType": "Encounter"
                  }
                }
              }
            ]
          },
          {
            "sequence": 2,
            "diagnosisLinkId": [
              1
            ],
            "net": {
              "value": 0.0,
              "system": "urn:iso:std:iso:4217",
              "code": "USD"
            }
          },
          {
            "sequence": 3,
            "diagnosisLinkId": [
              2
            ],
            "net": {
              "value": 0.0,
              "system": "urn:iso:std:iso:4217",
              "code": "USD"
            }
          },
          {
            "sequence": 4,
            "procedureLinkId": [
              2
            ],
            "net": {
              "value": 1508.6649932999997,
              "system": "urn:iso:std:iso:4217",
              "code": "USD"
            }
          },
          {
            "sequence": 5,
            "category": {
              "coding": [
                {
                  "system": "http://hl7.org/fhir/sid/cvx",
                  "code": "140",
                  "display": "Influenza, seasonal, injectable, preservative free"
                }
              ],
              "text": "Influenza, seasonal, injectable, preservative free"
            },
            "net": {
              "value": 136.0,
              "system": "urn:iso:std:iso:4217",
              "code": "USD"
            }
          }
        ],
        "total": {
          "value": 1769.6649932999997,
          "system": "urn:iso:std:iso:4217",
          "code": "USD"
        },
        "resourceType": "Claim"
      }
    },
    {
      "fullUrl": "urn:uuid:0b9eb0b7-3736-4355-a0a0-3ea88278ded3",
      "resource": {
        "id": "0b9eb0b7-3736-4355-a0a0-3ea88278ded3",
        "meta": {
          "profile": [
            "http://standardhealthrecord.org/fhir/StructureDefinition/shr-problem-Problem"
          ]
        },
        "clinicalStatus": "active",
        "verificationStatus": "confirmed",
        "code": {
          "coding": [
            {
              "system": "http://snomed.info/sct",
              "code": "40055000",
              "display": "Chronic sinusitis (disorder)"
            }
          ],
          "text": "Chronic sinusitis (disorder)"
        },
        "subject": {
          "reference": "urn:uuid:2f3f111f-edcc-4063-8b06-d34a6a1047a6"
        },
        "context": {
          "reference": "urn:uuid:ec576e8e-fe57-406b-a602-44d16453f416"
        },
        "onsetDateTime": "1960-08-22T00:41:42-04:00",
        "assertedDate": "1960-08-22",
        "resourceType": "Condition"
      }
    },
    {
      "fullUrl": "urn:uuid:0661e8dc-2aac-40c5-9eb1-e20066d86999",
      "resource": {
        "id": "0661e8dc-2aac-40c5-9eb1-e20066d86999",
        "meta": {
          "profile": [
            "http://standardhealthrecord.org/fhir/StructureDefinition/shr-problem-Problem"
          ]
        },
        "clinicalStatus": "active",
        "verificationStatus": "confirmed",
        "code": {
          "coding": [
            {
              "system": "http://snomed.info/sct",
              "code": "53741008",
              "display": "Coronary Heart Disease"
            }
          ],
          "text": "Coronary Heart Disease"
        },
        "subject": {
          "reference": "urn:uuid:2f3f111f-edcc-4063-8b06-d34a6a1047a6"
        },
        "context": {
          "reference": "urn:uuid:ec576e8e-fe57-406b-a602-44d16453f416"
        },
        "onsetDateTime": "1994-10-05T10:08:21-04:00",
        "assertedDate": "1994-10-05",
        "resourceType": "Condition"
      }
    },
    {
      "fullUrl": "urn:uuid:bb764528-dc14-4942-8095-6cdc19074e76",
      "resource": {
        "id": "bb764528-dc14-4942-8095-6cdc19074e76",
        "meta": {
          "profile": [
            "http://standardhealthrecord.org/fhir/StructureDefinition/shr-observation-Observation",
            "http://standardhealthrecord.org/fhir/StructureDefinition/shr-vital-VitalSign",
            "http://standardhealthrecord.org/fhir/StructureDefinition/shr-vital-BodyHeight"
          ]
        },
        "status": "final",
        "category": [
          {
            "coding": [
              {
                "system": "http://hl7.org/fhir/observation-category",
                "code": "vital-signs"
              }
            ]
          }
        ],
        "code": {
          "coding": [
            {
              "system": "http://loinc.org",
              "code": "8302-2",
              "display": "Body Height"
            }
          ],
          "text": "Body Height"
        },
        "subject": {
          "reference": "urn:uuid:2f3f111f-edcc-4063-8b06-d34a6a1047a6"
        },
        "context": {
          "reference": "urn:uuid:ec576e8e-fe57-406b-a602-44d16453f416"
        },
        "effectiveDateTime": "2008-03-31T11:45:43-04:00",
        "issued": "2008-03-31T11:45:43-04:00",
        "valueQuantity": {
          "value": 172.06957397731838,
          "unit": "cm",
          "system": "http://unitsofmeasure.org/",
          "code": "cm"
        },
        "resourceType": "Observation"
      }
    },
    {
      "fullUrl": "urn:uuid:cb6d1213-f0ef-4855-9c18-7ab190cf8fe4",
      "resource": {
        "id": "cb6d1213-f0ef-4855-9c18-7ab190cf8fe4",
        "meta": {
          "profile": [
            "http://standardhealthrecord.org/fhir/StructureDefinition/shr-observation-Observation",
            "http://standardhealthrecord.org/fhir/StructureDefinition/shr-vital-VitalSign",
            "http://standardhealthrecord.org/fhir/StructureDefinition/shr-vital-BodyWeight"
          ]
        },
        "status": "final",
        "category": [
          {
            "coding": [
              {
                "system": "http://hl7.org/fhir/observation-category",
                "code": "vital-signs"
              }
            ]
          }
        ],
        "code": {
          "coding": [
            {
              "system": "http://loinc.org",
              "code": "29463-7",
              "display": "Body Weight"
            }
          ],
          "text": "Body Weight"
        },
        "subject": {
          "reference": "urn:uuid:2f3f111f-edcc-4063-8b06-d34a6a1047a6"
        },
        "context": {
          "reference": "urn:uuid:ec576e8e-fe57-406b-a602-44d16453f416"
        },
        "effectiveDateTime": "2008-03-31T11:45:43-04:00",
        "issued": "2008-03-31T11:45:43-04:00",
        "valueQuantity": {
          "value": 94.290509117862,
          "unit": "kg",
          "system": "http://unitsofmeasure.org/",
          "code": "kg"
        },
        "resourceType": "Observation"
      }
    },
    {
      "fullUrl": "urn:uuid:1d1ea5be-18c4-4b24-803d-c57993359dca",
      "resource": {
        "id": "1d1ea5be-18c4-4b24-803d-c57993359dca",
        "meta": {
          "profile": [
            "http://standardhealthrecord.org/fhir/StructureDefinition/shr-observation-Observation",
            "http://standardhealthrecord.org/fhir/StructureDefinition/shr-vital-VitalSign",
            "http://standardhealthrecord.org/fhir/StructureDefinition/shr-vital-BodyMassIndex"
          ]
        },
        "status": "final",
        "category": [
          {
            "coding": [
              {
                "system": "http://hl7.org/fhir/observation-category",
                "code": "vital-signs"
              }
            ]
          }
        ],
        "code": {
          "coding": [
            {
              "system": "http://loinc.org",
              "code": "39156-5",
              "display": "Body Mass Index"
            }
          ],
          "text": "Body Mass Index"
        },
        "subject": {
          "reference": "urn:uuid:2f3f111f-edcc-4063-8b06-d34a6a1047a6"
        },
        "context": {
          "reference": "urn:uuid:ec576e8e-fe57-406b-a602-44d16453f416"
        },
        "effectiveDateTime": "2008-03-31T11:45:43-04:00",
        "issued": "2008-03-31T11:45:43-04:00",
        "valueQuantity": {
          "value": 31.846360998980543,
          "unit": "kg/m2",
          "system": "http://unitsofmeasure.org/",
          "code": "kg/m2"
        },
        "resourceType": "Observation"
      }
    },
    {
      "fullUrl": "urn:uuid:b048cf24-5058-42cd-a183-c68965c192ad",
      "resource": {
        "id": "b048cf24-5058-42cd-a183-c68965c192ad",
        "meta": {
          "profile": [
            "http://standardhealthrecord.org/fhir/StructureDefinition/shr-observation-Observation",
            "http://standardhealthrecord.org/fhir/StructureDefinition/shr-vital-BloodPressure"
          ]
        },
        "status": "final",
        "category": [
          {
            "coding": [
              {
                "system": "http://hl7.org/fhir/observation-category",
                "code": "vital-signs"
              }
            ]
          }
        ],
        "code": {
          "coding": [
            {
              "system": "http://loinc.org",
              "code": "55284-4",
              "display": "Blood Pressure"
            }
          ]
        },
        "subject": {
          "reference": "urn:uuid:2f3f111f-edcc-4063-8b06-d34a6a1047a6"
        },
        "context": {
          "reference": "urn:uuid:ec576e8e-fe57-406b-a602-44d16453f416"
        },
        "effectiveDateTime": "2008-03-31T11:45:43-04:00",
        "issued": "2008-03-31T11:45:43-04:00",
        "component": [
          {
            "code": {
              "coding": [
                {
                  "system": "http://loinc.org",
                  "code": "8480-6",
                  "display": "Systolic Blood Pressure"
                }
              ],
              "text": "Systolic Blood Pressure"
            },
            "valueQuantity": {
              "value": 134,
              "unit": "mmHg",
              "system": "http://unitsofmeasure.org/",
              "code": "mmHg"
            }
          },
          {
            "code": {
              "coding": [
                {
                  "system": "http://loinc.org",
                  "code": "8462-4",
                  "display": "Diastolic Blood Pressure"
                }
              ],
              "text": "Diastolic Blood Pressure"
            },
            "valueQuantity": {
              "value": 74,
              "unit": "mmHg",
              "system": "http://unitsofmeasure.org/",
              "code": "mmHg"
            }
          }
        ],
        "resourceType": "Observation"
      }
    },
    {
      "fullUrl": "urn:uuid:52d3b979-0521-4cdb-ba2f-539984295967",
      "resource": {
        "id": "52d3b979-0521-4cdb-ba2f-539984295967",
        "meta": {
          "profile": [
            "http://standardhealthrecord.org/fhir/StructureDefinition/shr-observation-Observation"
          ]
        },
        "status": "final",
        "category": [
          {
            "coding": [
              {
                "system": "http://hl7.org/fhir/observation-category",
                "code": "laboratory"
              }
            ]
          }
        ],
        "code": {
          "coding": [
            {
              "system": "http://loinc.org",
              "code": "2093-3",
              "display": "Total Cholesterol"
            }
          ],
          "text": "Total Cholesterol"
        },
        "subject": {
          "reference": "urn:uuid:2f3f111f-edcc-4063-8b06-d34a6a1047a6"
        },
        "context": {
          "reference": "urn:uuid:ec576e8e-fe57-406b-a602-44d16453f416"
        },
        "effectiveDateTime": "2008-03-31T11:45:43-04:00",
        "issued": "2008-03-31T11:45:43-04:00",
        "valueQuantity": {
          "value": 180,
          "unit": "mg/dL",
          "system": "http://unitsofmeasure.org/",
          "code": "mg/dL"
        },
        "resourceType": "Observation"
      }
    },
    {
      "fullUrl": "urn:uuid:69da6cfc-5491-456d-acd6-d202f191ccdd",
      "resource": {
        "id": "69da6cfc-5491-456d-acd6-d202f191ccdd",
        "meta": {
          "profile": [
            "http://standardhealthrecord.org/fhir/StructureDefinition/shr-observation-Observation"
          ]
        },
        "status": "final",
        "category": [
          {
            "coding": [
              {
                "system": "http://hl7.org/fhir/observation-category",
                "code": "laboratory"
              }
            ]
          }
        ],
        "code": {
          "coding": [
            {
              "system": "http://loinc.org",
              "code": "2571-8",
              "display": "Triglycerides"
            }
          ],
          "text": "Triglycerides"
        },
        "subject": {
          "reference": "urn:uuid:2f3f111f-edcc-4063-8b06-d34a6a1047a6"
        },
        "context": {
          "reference": "urn:uuid:ec576e8e-fe57-406b-a602-44d16453f416"
        },
        "effectiveDateTime": "2008-03-31T11:45:43-04:00",
        "issued": "2008-03-31T11:45:43-04:00",
        "valueQuantity": {
          "value": 147,
          "unit": "mg/dL",
          "system": "http://unitsofmeasure.org/",
          "code": "mg/dL"
        },
        "resourceType": "Observation"
      }
    },
    {
      "fullUrl": "urn:uuid:97b0b973-0916-4626-bfa0-5a7a725221d1",
      "resource": {
        "id": "97b0b973-0916-4626-bfa0-5a7a725221d1",
        "meta": {
          "profile": [
            "http://standardhealthrecord.org/fhir/StructureDefinition/shr-observation-Observation"
          ]
        },
        "status": "final",
        "category": [
          {
            "coding": [
              {
                "system": "http://hl7.org/fhir/observation-category",
                "code": "laboratory"
              }
            ]
          }
        ],
        "code": {
          "coding": [
            {
              "system": "http://loinc.org",
              "code": "18262-6",
              "display": "Low Density Lipoprotein Cholesterol"
            }
          ],
          "text": "Low Density Lipoprotein Cholesterol"
        },
        "subject": {
          "reference": "urn:uuid:2f3f111f-edcc-4063-8b06-d34a6a1047a6"
        },
        "context": {
          "reference": "urn:uuid:ec576e8e-fe57-406b-a602-44d16453f416"
        },
        "effectiveDateTime": "2008-03-31T11:45:43-04:00",
        "issued": "2008-03-31T11:45:43-04:00",
        "valueQuantity": {
          "value": 86,
          "unit": "mg/dL",
          "system": "http://unitsofmeasure.org/",
          "code": "mg/dL"
        },
        "resourceType": "Observation"
      }
    },
    {
      "fullUrl": "urn:uuid:46e97b6d-3cf1-45d9-8235-804e2a6987e5",
      "resource": {
        "id": "46e97b6d-3cf1-45d9-8235-804e2a6987e5",
        "meta": {
          "profile": [
            "http://standardhealthrecord.org/fhir/StructureDefinition/shr-observation-Observation"
          ]
        },
        "status": "final",
        "category": [
          {
            "coding": [
              {
                "system": "http://hl7.org/fhir/observation-category",
                "code": "laboratory"
              }
            ]
          }
        ],
        "code": {
          "coding": [
            {
              "system": "http://loinc.org",
              "code": "2085-9",
              "display": "High Density Lipoprotein Cholesterol"
            }
          ],
          "text": "High Density Lipoprotein Cholesterol"
        },
        "subject": {
          "reference": "urn:uuid:2f3f111f-edcc-4063-8b06-d34a6a1047a6"
        },
        "context": {
          "reference": "urn:uuid:ec576e8e-fe57-406b-a602-44d16453f416"
        },
        "effectiveDateTime": "2008-03-31T11:45:43-04:00",
        "issued": "2008-03-31T11:45:43-04:00",
        "valueQuantity": {
          "value": 64,
          "unit": "mg/dL",
          "system": "http://unitsofmeasure.org/",
          "code": "mg/dL"
        },
        "resourceType": "Observation"
      }
    },
    {
      "fullUrl": "urn:uuid:a1038cbf-fb38-49be-9f4c-040f81133277",
      "resource": {
        "id": "a1038cbf-fb38-49be-9f4c-040f81133277",
        "meta": {
          "profile": [
            "http://standardhealthrecord.org/fhir/StructureDefinition/shr-observation-Panel"
          ]
        },
        "status": "final",
        "code": {
          "coding": [
            {
              "system": "http://loinc.org",
              "code": "57698-3",
              "display": "Lipid Panel"
            }
          ]
        },
        "subject": {
          "reference": "urn:uuid:2f3f111f-edcc-4063-8b06-d34a6a1047a6"
        },
        "context": {
          "reference": "urn:uuid:ec576e8e-fe57-406b-a602-44d16453f416"
        },
        "effectiveDateTime": "2008-03-31T11:45:43-04:00",
        "issued": "2008-03-31T11:45:43-04:00",
        "result": [
          {
            "reference": "urn:uuid:52d3b979-0521-4cdb-ba2f-539984295967",
            "display": "Total Cholesterol"
          },
          {
            "reference": "urn:uuid:69da6cfc-5491-456d-acd6-d202f191ccdd",
            "display": "Triglycerides"
          },
          {
            "reference": "urn:uuid:97b0b973-0916-4626-bfa0-5a7a725221d1",
            "display": "Low Density Lipoprotein Cholesterol"
          },
          {
            "reference": "urn:uuid:46e97b6d-3cf1-45d9-8235-804e2a6987e5",
            "display": "High Density Lipoprotein Cholesterol"
          }
        ],
        "resourceType": "DiagnosticReport"
      }
    },
    {
      "fullUrl": "urn:uuid:06b9bad5-0e9f-488b-a7a4-90f1163cadea",
      "resource": {
        "id": "06b9bad5-0e9f-488b-a7a4-90f1163cadea",
        "meta": {
          "profile": [
            "http://standardhealthrecord.org/fhir/StructureDefinition/shr-procedure-Procedure"
          ]
        },
        "extension": [
          {
            "url": "http://standardhealthrecord.org/fhir/StructureDefinition/shr-core-CodeableConcept-extension",
            "valueCodeableConcept": {
              "coding": [
                {
                  "system": "http://snomed.info/sct",
                  "code": "428191000124101",
                  "display": "Documentation of current medications"
                }
              ],
              "text": "Documentation of current medications"
            }
          }
        ],
        "status": "completed",
        "code": {
          "coding": [
            {
              "system": "http://snomed.info/sct",
              "code": "428191000124101",
              "display": "Documentation of current medications"
            }
          ],
          "text": "Documentation of current medications"
        },
        "subject": {
          "reference": "urn:uuid:2f3f111f-edcc-4063-8b06-d34a6a1047a6"
        },
        "context": {
          "reference": "urn:uuid:ec576e8e-fe57-406b-a602-44d16453f416"
        },
        "performedDateTime": "2008-03-31T11:45:43-04:00",
        "resourceType": "Procedure"
      }
    },
    {
      "resource": {
        "meta": {
          "profile": [
            "http://standardhealthrecord.org/fhir/StructureDefinition/shr-immunization-Immunization"
          ]
        },
        "status": "completed",
        "notGiven": false,
        "vaccineCode": {
          "coding": [
            {
              "system": "http://hl7.org/fhir/sid/cvx",
              "code": "140",
              "display": "Influenza, seasonal, injectable, preservative free"
            }
          ],
          "text": "Influenza, seasonal, injectable, preservative free"
        },
        "patient": {
          "reference": "urn:uuid:2f3f111f-edcc-4063-8b06-d34a6a1047a6"
        },
        "encounter": {
          "reference": "urn:uuid:ec576e8e-fe57-406b-a602-44d16453f416"
        },
        "date": "2008-03-31T11:45:43-04:00",
        "primarySource": true,
        "resourceType": "Immunization"
      }
    },
    {
      "resource": {
        "status": "completed",
        "intent": "order",
        "category": [
          {
            "coding": [
              {
                "system": "http://snomed.info/sct",
                "code": "134435003",
                "display": "Routine antenatal care"
              }
            ]
          }
        ],
        "subject": {
          "reference": "urn:uuid:2f3f111f-edcc-4063-8b06-d34a6a1047a6"
        },
        "context": {
          "reference": "urn:uuid:ec576e8e-fe57-406b-a602-44d16453f416"
        },
        "period": {
          "start": "1940-05-29",
          "end": "1941-01-08"
        },
        "activity": [
          {
            "detail": {
              "code": {
                "coding": [
                  {
                    "system": "http://snomed.info/sct",
                    "code": "135892000",
                    "display": "Antenatal education"
                  }
                ]
              },
              "status": "completed"
            }
          },
          {
            "detail": {
              "code": {
                "coding": [
                  {
                    "system": "http://snomed.info/sct",
                    "code": "226060000",
                    "display": "Stress management"
                  }
                ]
              },
              "status": "completed"
            }
          },
          {
            "detail": {
              "code": {
                "coding": [
                  {
                    "system": "http://snomed.info/sct",
                    "code": "171054004",
                    "display": "Pregnancy diet education"
                  }
                ]
              },
              "status": "completed"
            }
          }
        ],
        "resourceType": "CarePlan"
      }
    },
    {
      "resource": {
        "status": "completed",
        "intent": "order",
        "category": [
          {
            "coding": [
              {
                "system": "http://snomed.info/sct",
                "code": "134435003",
                "display": "Routine antenatal care"
              }
            ]
          }
        ],
        "subject": {
          "reference": "urn:uuid:2f3f111f-edcc-4063-8b06-d34a6a1047a6"
        },
        "context": {
          "reference": "urn:uuid:ec576e8e-fe57-406b-a602-44d16453f416"
        },
        "period": {
          "start": "1949-05-18",
          "end": "1949-12-28"
        },
        "activity": [
          {
            "detail": {
              "code": {
                "coding": [
                  {
                    "system": "http://snomed.info/sct",
                    "code": "135892000",
                    "display": "Antenatal education"
                  }
                ]
              },
              "status": "completed"
            }
          },
          {
            "detail": {
              "code": {
                "coding": [
                  {
                    "system": "http://snomed.info/sct",
                    "code": "226060000",
                    "display": "Stress management"
                  }
                ]
              },
              "status": "completed"
            }
          },
          {
            "detail": {
              "code": {
                "coding": [
                  {
                    "system": "http://snomed.info/sct",
                    "code": "171054004",
                    "display": "Pregnancy diet education"
                  }
                ]
              },
              "status": "completed"
            }
          }
        ],
        "resourceType": "CarePlan"
      }
    },
    {
      "resource": {
        "status": "completed",
        "intent": "order",
        "category": [
          {
            "coding": [
              {
                "system": "http://snomed.info/sct",
                "code": "134435003",
                "display": "Routine antenatal care"
              }
            ]
          }
        ],
        "subject": {
          "reference": "urn:uuid:2f3f111f-edcc-4063-8b06-d34a6a1047a6"
        },
        "context": {
          "reference": "urn:uuid:ec576e8e-fe57-406b-a602-44d16453f416"
        },
        "period": {
          "start": "1953-04-22",
          "end": "1953-11-11"
        },
        "activity": [
          {
            "detail": {
              "code": {
                "coding": [
                  {
                    "system": "http://snomed.info/sct",
                    "code": "135892000",
                    "display": "Antenatal education"
                  }
                ]
              },
              "status": "completed"
            }
          },
          {
            "detail": {
              "code": {
                "coding": [
                  {
                    "system": "http://snomed.info/sct",
                    "code": "226060000",
                    "display": "Stress management"
                  }
                ]
              },
              "status": "completed"
            }
          },
          {
            "detail": {
              "code": {
                "coding": [
                  {
                    "system": "http://snomed.info/sct",
                    "code": "171054004",
                    "display": "Pregnancy diet education"
                  }
                ]
              },
              "status": "completed"
            }
          }
        ],
        "resourceType": "CarePlan"
      }
    },
    {
      "resource": {
        "status": "completed",
        "intent": "order",
        "category": [
          {
            "coding": [
              {
                "system": "http://snomed.info/sct",
                "code": "134435003",
                "display": "Routine antenatal care"
              }
            ]
          }
        ],
        "subject": {
          "reference": "urn:uuid:2f3f111f-edcc-4063-8b06-d34a6a1047a6"
        },
        "context": {
          "reference": "urn:uuid:ec576e8e-fe57-406b-a602-44d16453f416"
        },
        "period": {
          "start": "1954-05-19",
          "end": "1954-12-22"
        },
        "activity": [
          {
            "detail": {
              "code": {
                "coding": [
                  {
                    "system": "http://snomed.info/sct",
                    "code": "135892000",
                    "display": "Antenatal education"
                  }
                ]
              },
              "status": "completed"
            }
          },
          {
            "detail": {
              "code": {
                "coding": [
                  {
                    "system": "http://snomed.info/sct",
                    "code": "226060000",
                    "display": "Stress management"
                  }
                ]
              },
              "status": "completed"
            }
          },
          {
            "detail": {
              "code": {
                "coding": [
                  {
                    "system": "http://snomed.info/sct",
                    "code": "171054004",
                    "display": "Pregnancy diet education"
                  }
                ]
              },
              "status": "completed"
            }
          }
        ],
        "resourceType": "CarePlan"
      }
    },
    {
      "resource": {
        "status": "completed",
        "intent": "order",
        "category": [
          {
            "coding": [
              {
                "system": "http://snomed.info/sct",
                "code": "134435003",
                "display": "Routine antenatal care"
              }
            ]
          }
        ],
        "subject": {
          "reference": "urn:uuid:2f3f111f-edcc-4063-8b06-d34a6a1047a6"
        },
        "context": {
          "reference": "urn:uuid:ec576e8e-fe57-406b-a602-44d16453f416"
        },
        "period": {
          "start": "1956-01-04",
          "end": "1956-07-25"
        },
        "activity": [
          {
            "detail": {
              "code": {
                "coding": [
                  {
                    "system": "http://snomed.info/sct",
                    "code": "135892000",
                    "display": "Antenatal education"
                  }
                ]
              },
              "status": "completed"
            }
          },
          {
            "detail": {
              "code": {
                "coding": [
                  {
                    "system": "http://snomed.info/sct",
                    "code": "226060000",
                    "display": "Stress management"
                  }
                ]
              },
              "status": "completed"
            }
          },
          {
            "detail": {
              "code": {
                "coding": [
                  {
                    "system": "http://snomed.info/sct",
                    "code": "171054004",
                    "display": "Pregnancy diet education"
                  }
                ]
              },
              "status": "completed"
            }
          }
        ],
        "resourceType": "CarePlan"
      }
    },
    {
      "resource": {
        "status": "active",
        "intent": "order",
        "category": [
          {
            "coding": [
              {
                "system": "http://snomed.info/sct",
                "code": "134435003",
                "display": "Routine antenatal care"
              }
            ]
          }
        ],
        "subject": {
          "reference": "urn:uuid:2f3f111f-edcc-4063-8b06-d34a6a1047a6"
        },
        "context": {
          "reference": "urn:uuid:ec576e8e-fe57-406b-a602-44d16453f416"
        },
        "period": {
          "start": "1960-02-17"
        },
        "activity": [
          {
            "detail": {
              "code": {
                "coding": [
                  {
                    "system": "http://snomed.info/sct",
                    "code": "135892000",
                    "display": "Antenatal education"
                  }
                ]
              },
              "status": "in-progress"
            }
          },
          {
            "detail": {
              "code": {
                "coding": [
                  {
                    "system": "http://snomed.info/sct",
                    "code": "226060000",
                    "display": "Stress management"
                  }
                ]
              },
              "status": "in-progress"
            }
          },
          {
            "detail": {
              "code": {
                "coding": [
                  {
                    "system": "http://snomed.info/sct",
                    "code": "171054004",
                    "display": "Pregnancy diet education"
                  }
                ]
              },
              "status": "in-progress"
            }
          }
        ],
        "resourceType": "CarePlan"
      }
    },
    {
      "resource": {
        "status": "active",
        "intent": "order",
        "category": [
          {
            "coding": [
              {
                "system": "http://snomed.info/sct",
                "code": "698358001",
                "display": "Angina self management plan"
              }
            ]
          }
        ],
        "subject": {
          "reference": "urn:uuid:2f3f111f-edcc-4063-8b06-d34a6a1047a6"
        },
        "context": {
          "reference": "urn:uuid:ec576e8e-fe57-406b-a602-44d16453f416"
        },
        "period": {
          "start": "1994-10-05"
        },
        "addresses": [
          {
            "reference": "urn:uuid:0661e8dc-2aac-40c5-9eb1-e20066d86999"
          }
        ],
        "activity": [
          {
            "detail": {
              "code": {
                "coding": [
                  {
                    "system": "http://snomed.info/sct",
                    "code": "229065009",
                    "display": "Exercise therapy"
                  }
                ]
              },
              "status": "in-progress"
            }
          },
          {
            "detail": {
              "code": {
                "coding": [
                  {
                    "system": "http://snomed.info/sct",
                    "code": "226060000",
                    "display": "Stress management"
                  }
                ]
              },
              "status": "in-progress"
            }
          },
          {
            "detail": {
              "code": {
                "coding": [
                  {
                    "system": "http://snomed.info/sct",
                    "code": "710081004",
                    "display": "Smoking cessation therapy"
                  }
                ]
              },
              "status": "in-progress"
            }
          },
          {
            "detail": {
              "code": {
                "coding": [
                  {
                    "system": "http://snomed.info/sct",
                    "code": "226234005",
                    "display": "Healthy diet"
                  }
                ]
              },
              "status": "in-progress"
            }
          }
        ],
        "resourceType": "CarePlan"
      }
    },
    {
      "fullUrl": "urn:uuid:c1628b00-66c3-43c6-b72d-14937b82c00e",
      "resource": {
        "id": "c1628b00-66c3-43c6-b72d-14937b82c00e",
        "meta": {
          "profile": [
            "http://standardhealthrecord.org/fhir/StructureDefinition/shr-medication-MedicationPrescription"
          ]
        },
        "extension": [
          {
            "url": "http://standardhealthrecord.org/fhir/StructureDefinition/shr-base-ActionCode-extension",
            "valueCodeableConcept": {
              "coding": [
                {
                  "system": "http://snomed.info/sct",
                  "code": "33633005",
                  "display": "Prescription of drug (procedure)"
                }
              ],
              "text": "Prescription of drug (procedure)"
            }
          }
        ],
        "status": "active",
        "intent": "order",
        "medicationCodeableConcept": {
          "coding": [
            {
              "system": "http://www.nlm.nih.gov/research/umls/rxnorm",
              "code": "312961",
              "display": "Simvastatin 20 MG Oral Tablet"
            }
          ],
          "text": "Simvastatin 20 MG Oral Tablet"
        },
        "subject": {
          "reference": "urn:uuid:2f3f111f-edcc-4063-8b06-d34a6a1047a6"
        },
        "context": {
          "reference": "urn:uuid:ec576e8e-fe57-406b-a602-44d16453f416"
        },
        "authoredOn": "1994-10-05",
        "reasonReference": [
          {
            "reference": "urn:uuid:0661e8dc-2aac-40c5-9eb1-e20066d86999"
          }
        ],
        "resourceType": "MedicationRequest"
      }
    },
    {
      "fullUrl": "urn:uuid:34809967-8cec-4005-946c-76adb48d12ed",
      "resource": {
        "id": "34809967-8cec-4005-946c-76adb48d12ed",
        "status": "active",
        "use": "complete",
        "patient": {
          "reference": "urn:uuid:2f3f111f-edcc-4063-8b06-d34a6a1047a6"
        },
        "billablePeriod": {
          "start": "2008-03-31T11:45:43-04:00",
          "end": "2008-03-31T12:45:43-04:00"
        },
        "organization": {
          "reference": {
            "reference": "urn:uuid:8ffebdf9-c93f-49f7-8fa8-3c589e55a640"
          }
        },
        "prescription": {
          "reference": "urn:uuid:c1628b00-66c3-43c6-b72d-14937b82c00e"
        },
        "item": [
          {
            "sequence": 1,
            "net": {
              "value": 125.0,
              "system": "urn:iso:std:iso:4217",
              "code": "USD"
            },
            "encounter": [
              {
                "reference": {
                  "fullUrl": "urn:uuid:ec576e8e-fe57-406b-a602-44d16453f416",
                  "resource": {
                    "id": "ec576e8e-fe57-406b-a602-44d16453f416",
                    "meta": {
                      "profile": [
                        "http://standardhealthrecord.org/fhir/StructureDefinition/shr-encounter-Encounter"
                      ]
                    },
                    "status": "finished",
                    "class": {
                      "code": "outpatient"
                    },
                    "type": [
                      {
                        "coding": [
                          {
                            "system": "http://snomed.info/sct",
                            "code": "185349003"
                          }
                        ],
                        "text": "Outpatient Encounter"
                      }
                    ],
                    "subject": {
                      "reference": "urn:uuid:2f3f111f-edcc-4063-8b06-d34a6a1047a6"
                    },
                    "period": {
                      "start": "2008-03-31T11:45:43-04:00",
                      "end": "2008-03-31T12:45:43-04:00"
                    },
                    "serviceProvider": {
                      "reference": "urn:uuid:8ffebdf9-c93f-49f7-8fa8-3c589e55a640"
                    },
                    "resourceType": "Encounter"
                  }
                }
              }
            ]
          },
          {
            "sequence": 1,
            "net": {
              "value": 255.0,
              "system": "urn:iso:std:iso:4217",
              "code": "USD"
            }
          }
        ],
        "total": {
          "value": 255.0,
          "system": "urn:iso:std:iso:4217",
          "code": "USD"
        },
        "resourceType": "Claim"
      }
    },
    {
      "fullUrl": "urn:uuid:b23b58b1-eeb7-4bd6-a69e-ef1c11621815",
      "resource": {
        "id": "b23b58b1-eeb7-4bd6-a69e-ef1c11621815",
        "meta": {
          "profile": [
            "http://standardhealthrecord.org/fhir/StructureDefinition/shr-medication-MedicationPrescription"
          ]
        },
        "extension": [
          {
            "url": "http://standardhealthrecord.org/fhir/StructureDefinition/shr-base-ActionCode-extension",
            "valueCodeableConcept": {
              "coding": [
                {
                  "system": "http://snomed.info/sct",
                  "code": "33633005",
                  "display": "Prescription of drug (procedure)"
                }
              ],
              "text": "Prescription of drug (procedure)"
            }
          }
        ],
        "status": "active",
        "intent": "order",
        "medicationCodeableConcept": {
          "coding": [
            {
              "system": "http://www.nlm.nih.gov/research/umls/rxnorm",
              "code": "197361",
              "display": "Amlodipine 5 MG Oral Tablet"
            }
          ],
          "text": "Amlodipine 5 MG Oral Tablet"
        },
        "subject": {
          "reference": "urn:uuid:2f3f111f-edcc-4063-8b06-d34a6a1047a6"
        },
        "context": {
          "reference": "urn:uuid:ec576e8e-fe57-406b-a602-44d16453f416"
        },
        "authoredOn": "1994-10-05",
        "reasonReference": [
          {
            "reference": "urn:uuid:0661e8dc-2aac-40c5-9eb1-e20066d86999"
          }
        ],
        "resourceType": "MedicationRequest"
      }
    },
    {
      "fullUrl": "urn:uuid:afbe3e48-317e-4c23-b07b-58e1945f8e87",
      "resource": {
        "id": "afbe3e48-317e-4c23-b07b-58e1945f8e87",
        "status": "active",
        "use": "complete",
        "patient": {
          "reference": "urn:uuid:2f3f111f-edcc-4063-8b06-d34a6a1047a6"
        },
        "billablePeriod": {
          "start": "2008-03-31T11:45:43-04:00",
          "end": "2008-03-31T12:45:43-04:00"
        },
        "organization": {
          "reference": {
            "reference": "urn:uuid:8ffebdf9-c93f-49f7-8fa8-3c589e55a640"
          }
        },
        "prescription": {
          "reference": "urn:uuid:b23b58b1-eeb7-4bd6-a69e-ef1c11621815"
        },
        "item": [
          {
            "sequence": 1,
            "net": {
              "value": 125.0,
              "system": "urn:iso:std:iso:4217",
              "code": "USD"
            },
            "encounter": [
              {
                "reference": {
                  "fullUrl": "urn:uuid:ec576e8e-fe57-406b-a602-44d16453f416",
                  "resource": {
                    "id": "ec576e8e-fe57-406b-a602-44d16453f416",
                    "meta": {
                      "profile": [
                        "http://standardhealthrecord.org/fhir/StructureDefinition/shr-encounter-Encounter"
                      ]
                    },
                    "status": "finished",
                    "class": {
                      "code": "outpatient"
                    },
                    "type": [
                      {
                        "coding": [
                          {
                            "system": "http://snomed.info/sct",
                            "code": "185349003"
                          }
                        ],
                        "text": "Outpatient Encounter"
                      }
                    ],
                    "subject": {
                      "reference": "urn:uuid:2f3f111f-edcc-4063-8b06-d34a6a1047a6"
                    },
                    "period": {
                      "start": "2008-03-31T11:45:43-04:00",
                      "end": "2008-03-31T12:45:43-04:00"
                    },
                    "serviceProvider": {
                      "reference": "urn:uuid:8ffebdf9-c93f-49f7-8fa8-3c589e55a640"
                    },
                    "resourceType": "Encounter"
                  }
                }
              }
            ]
          },
          {
            "sequence": 1,
            "net": {
              "value": 255.0,
              "system": "urn:iso:std:iso:4217",
              "code": "USD"
            }
          }
        ],
        "total": {
          "value": 255.0,
          "system": "urn:iso:std:iso:4217",
          "code": "USD"
        },
        "resourceType": "Claim"
      }
    },
    {
      "fullUrl": "urn:uuid:1d8c4029-6bca-4f80-97fe-264ca8627d86",
      "resource": {
        "id": "1d8c4029-6bca-4f80-97fe-264ca8627d86",
        "meta": {
          "profile": [
            "http://standardhealthrecord.org/fhir/StructureDefinition/shr-medication-MedicationPrescription"
          ]
        },
        "extension": [
          {
            "url": "http://standardhealthrecord.org/fhir/StructureDefinition/shr-base-ActionCode-extension",
            "valueCodeableConcept": {
              "coding": [
                {
                  "system": "http://snomed.info/sct",
                  "code": "33633005",
                  "display": "Prescription of drug (procedure)"
                }
              ],
              "text": "Prescription of drug (procedure)"
            }
          }
        ],
        "status": "active",
        "intent": "order",
        "medicationCodeableConcept": {
          "coding": [
            {
              "system": "http://www.nlm.nih.gov/research/umls/rxnorm",
              "code": "564666",
              "display": "Nitroglycerin 0.4 MG/ACTUAT [Nitrolingual]"
            }
          ],
          "text": "Nitroglycerin 0.4 MG/ACTUAT [Nitrolingual]"
        },
        "subject": {
          "reference": "urn:uuid:2f3f111f-edcc-4063-8b06-d34a6a1047a6"
        },
        "context": {
          "reference": "urn:uuid:ec576e8e-fe57-406b-a602-44d16453f416"
        },
        "authoredOn": "1994-10-05",
        "reasonReference": [
          {
            "reference": "urn:uuid:0661e8dc-2aac-40c5-9eb1-e20066d86999"
          }
        ],
        "resourceType": "MedicationRequest"
      }
    },
    {
      "fullUrl": "urn:uuid:314b736d-0105-4625-b4d6-31eda570f069",
      "resource": {
        "id": "314b736d-0105-4625-b4d6-31eda570f069",
        "status": "active",
        "use": "complete",
        "patient": {
          "reference": "urn:uuid:2f3f111f-edcc-4063-8b06-d34a6a1047a6"
        },
        "billablePeriod": {
          "start": "2008-03-31T11:45:43-04:00",
          "end": "2008-03-31T12:45:43-04:00"
        },
        "organization": {
          "reference": {
            "reference": "urn:uuid:8ffebdf9-c93f-49f7-8fa8-3c589e55a640"
          }
        },
        "prescription": {
          "reference": "urn:uuid:1d8c4029-6bca-4f80-97fe-264ca8627d86"
        },
        "item": [
          {
            "sequence": 1,
            "net": {
              "value": 125.0,
              "system": "urn:iso:std:iso:4217",
              "code": "USD"
            },
            "encounter": [
              {
                "reference": {
                  "fullUrl": "urn:uuid:ec576e8e-fe57-406b-a602-44d16453f416",
                  "resource": {
                    "id": "ec576e8e-fe57-406b-a602-44d16453f416",
                    "meta": {
                      "profile": [
                        "http://standardhealthrecord.org/fhir/StructureDefinition/shr-encounter-Encounter"
                      ]
                    },
                    "status": "finished",
                    "class": {
                      "code": "outpatient"
                    },
                    "type": [
                      {
                        "coding": [
                          {
                            "system": "http://snomed.info/sct",
                            "code": "185349003"
                          }
                        ],
                        "text": "Outpatient Encounter"
                      }
                    ],
                    "subject": {
                      "reference": "urn:uuid:2f3f111f-edcc-4063-8b06-d34a6a1047a6"
                    },
                    "period": {
                      "start": "2008-03-31T11:45:43-04:00",
                      "end": "2008-03-31T12:45:43-04:00"
                    },
                    "serviceProvider": {
                      "reference": "urn:uuid:8ffebdf9-c93f-49f7-8fa8-3c589e55a640"
                    },
                    "resourceType": "Encounter"
                  }
                }
              }
            ]
          },
          {
            "sequence": 1,
            "net": {
              "value": 255.0,
              "system": "urn:iso:std:iso:4217",
              "code": "USD"
            }
          }
        ],
        "total": {
          "value": 255.0,
          "system": "urn:iso:std:iso:4217",
          "code": "USD"
        },
        "resourceType": "Claim"
      }
    },
    {
      "fullUrl": "urn:uuid:45c70601-6535-46f6-953c-fea877c02a80",
      "resource": {
        "id": "45c70601-6535-46f6-953c-fea877c02a80",
        "meta": {
          "profile": [
            "http://standardhealthrecord.org/fhir/StructureDefinition/shr-medication-MedicationPrescription"
          ]
        },
        "extension": [
          {
            "url": "http://standardhealthrecord.org/fhir/StructureDefinition/shr-base-ActionCode-extension",
            "valueCodeableConcept": {
              "coding": [
                {
                  "system": "http://snomed.info/sct",
                  "code": "33633005",
                  "display": "Prescription of drug (procedure)"
                }
              ],
              "text": "Prescription of drug (procedure)"
            }
          }
        ],
        "status": "active",
        "intent": "order",
        "medicationCodeableConcept": {
          "coding": [
            {
              "system": "http://www.nlm.nih.gov/research/umls/rxnorm",
              "code": "309362",
              "display": "Clopidogrel 75 MG Oral Tablet"
            }
          ],
          "text": "Clopidogrel 75 MG Oral Tablet"
        },
        "subject": {
          "reference": "urn:uuid:2f3f111f-edcc-4063-8b06-d34a6a1047a6"
        },
        "context": {
          "reference": "urn:uuid:ec576e8e-fe57-406b-a602-44d16453f416"
        },
        "authoredOn": "1997-01-02",
        "reasonReference": [
          {
            "reference": "urn:uuid:0661e8dc-2aac-40c5-9eb1-e20066d86999"
          }
        ],
        "resourceType": "MedicationRequest"
      }
    },
    {
      "fullUrl": "urn:uuid:a9f32e32-3941-4e07-923b-66ae09797e58",
      "resource": {
        "id": "a9f32e32-3941-4e07-923b-66ae09797e58",
        "status": "active",
        "use": "complete",
        "patient": {
          "reference": "urn:uuid:2f3f111f-edcc-4063-8b06-d34a6a1047a6"
        },
        "billablePeriod": {
          "start": "2008-03-31T11:45:43-04:00",
          "end": "2008-03-31T12:45:43-04:00"
        },
        "organization": {
          "reference": {
            "reference": "urn:uuid:8ffebdf9-c93f-49f7-8fa8-3c589e55a640"
          }
        },
        "prescription": {
          "reference": "urn:uuid:45c70601-6535-46f6-953c-fea877c02a80"
        },
        "item": [
          {
            "sequence": 1,
            "net": {
              "value": 125.0,
              "system": "urn:iso:std:iso:4217",
              "code": "USD"
            },
            "encounter": [
              {
                "reference": {
                  "fullUrl": "urn:uuid:ec576e8e-fe57-406b-a602-44d16453f416",
                  "resource": {
                    "id": "ec576e8e-fe57-406b-a602-44d16453f416",
                    "meta": {
                      "profile": [
                        "http://standardhealthrecord.org/fhir/StructureDefinition/shr-encounter-Encounter"
                      ]
                    },
                    "status": "finished",
                    "class": {
                      "code": "outpatient"
                    },
                    "type": [
                      {
                        "coding": [
                          {
                            "system": "http://snomed.info/sct",
                            "code": "185349003"
                          }
                        ],
                        "text": "Outpatient Encounter"
                      }
                    ],
                    "subject": {
                      "reference": "urn:uuid:2f3f111f-edcc-4063-8b06-d34a6a1047a6"
                    },
                    "period": {
                      "start": "2008-03-31T11:45:43-04:00",
                      "end": "2008-03-31T12:45:43-04:00"
                    },
                    "serviceProvider": {
                      "reference": "urn:uuid:8ffebdf9-c93f-49f7-8fa8-3c589e55a640"
                    },
                    "resourceType": "Encounter"
                  }
                }
              }
            ]
          },
          {
            "sequence": 1,
            "net": {
              "value": 255.0,
              "system": "urn:iso:std:iso:4217",
              "code": "USD"
            }
          }
        ],
        "total": {
          "value": 255.0,
          "system": "urn:iso:std:iso:4217",
          "code": "USD"
        },
        "resourceType": "Claim"
      }
    },
    {
      "fullUrl": "urn:uuid:5fc419bb-5ddb-46c3-8c4a-f9386bb5da01",
      "resource": {
        "id": "5fc419bb-5ddb-46c3-8c4a-f9386bb5da01",
        "meta": {
          "profile": [
            "http://standardhealthrecord.org/fhir/StructureDefinition/shr-encounter-Encounter"
          ]
        },
        "status": "finished",
        "class": {
          "code": "ambulatory"
        },
        "type": [
          {
            "coding": [
              {
                "system": "http://snomed.info/sct",
                "code": "308646001"
              }
            ],
            "text": "Death Certification"
          }
        ],
        "subject": {
          "reference": "urn:uuid:2f3f111f-edcc-4063-8b06-d34a6a1047a6"
        },
        "period": {
          "start": "2009-04-01T04:49:34-04:00",
          "end": "2009-04-01T05:04:34-04:00"
        },
        "serviceProvider": {
          "reference": "urn:uuid:8ffebdf9-c93f-49f7-8fa8-3c589e55a640"
        },
        "resourceType": "Encounter"
      }
    },
    {
      "fullUrl": "urn:uuid:ef3d21d9-d6d7-45d8-97a7-7f7f95bab795",
      "resource": {
        "id": "ef3d21d9-d6d7-45d8-97a7-7f7f95bab795",
        "status": "active",
        "use": "complete",
        "patient": {
          "reference": "urn:uuid:2f3f111f-edcc-4063-8b06-d34a6a1047a6"
        },
        "billablePeriod": {
          "start": "2009-04-01T04:49:34-04:00",
          "end": "2009-04-01T05:04:34-04:00"
        },
        "organization": {
          "reference": {
            "reference": "urn:uuid:8ffebdf9-c93f-49f7-8fa8-3c589e55a640"
          }
        },
        "item": [
          {
            "sequence": 1,
            "net": {
              "value": 125.0,
              "system": "urn:iso:std:iso:4217",
              "code": "USD"
            },
            "encounter": [
              {
                "reference": {
                  "fullUrl": "urn:uuid:5fc419bb-5ddb-46c3-8c4a-f9386bb5da01",
                  "resource": {
                    "id": "5fc419bb-5ddb-46c3-8c4a-f9386bb5da01",
                    "meta": {
                      "profile": [
                        "http://standardhealthrecord.org/fhir/StructureDefinition/shr-encounter-Encounter"
                      ]
                    },
                    "status": "finished",
                    "class": {
                      "code": "ambulatory"
                    },
                    "type": [
                      {
                        "coding": [
                          {
                            "system": "http://snomed.info/sct",
                            "code": "308646001"
                          }
                        ],
                        "text": "Death Certification"
                      }
                    ],
                    "subject": {
                      "reference": "urn:uuid:2f3f111f-edcc-4063-8b06-d34a6a1047a6"
                    },
                    "period": {
                      "start": "2009-04-01T04:49:34-04:00",
                      "end": "2009-04-01T05:04:34-04:00"
                    },
                    "serviceProvider": {
                      "reference": "urn:uuid:8ffebdf9-c93f-49f7-8fa8-3c589e55a640"
                    },
                    "resourceType": "Encounter"
                  }
                }
              }
            ]
          }
        ],
        "total": {
          "value": 125.0,
          "system": "urn:iso:std:iso:4217",
          "code": "USD"
        },
        "resourceType": "Claim"
      }
    },
    {
      "fullUrl": "urn:uuid:84074b68-c631-412e-818c-58d003eba815",
      "resource": {
        "id": "84074b68-c631-412e-818c-58d003eba815",
        "meta": {
          "profile": [
            "http://standardhealthrecord.org/fhir/StructureDefinition/shr-observation-Observation"
          ]
        },
        "status": "final",
        "category": [
          {
            "coding": [
              {
                "system": "http://hl7.org/fhir/observation-category"
              }
            ]
          }
        ],
        "code": {
          "coding": [
            {
              "system": "http://loinc.org",
              "code": "69453-9",
              "display": "Cause of Death [US Standard Certificate of Death]"
            }
          ],
          "text": "Cause of Death [US Standard Certificate of Death]"
        },
        "subject": {
          "reference": "urn:uuid:2f3f111f-edcc-4063-8b06-d34a6a1047a6"
        },
        "context": {
          "reference": "urn:uuid:5fc419bb-5ddb-46c3-8c4a-f9386bb5da01"
        },
        "effectiveDateTime": "2009-04-01T04:49:34-04:00",
        "issued": "2009-04-01T04:49:34-04:00",
        "valueCodeableConcept": {
          "coding": [
            {
              "system": "http://snomed.info/sct",
              "code": "9855000",
              "display": "Natural death with unknown cause"
            }
          ],
          "text": "Natural death with unknown cause"
        },
        "resourceType": "Observation"
      }
    },
    {
      "fullUrl": "urn:uuid:91089f33-a747-4c0c-8e47-dad3d800c7d0",
      "resource": {
        "id": "91089f33-a747-4c0c-8e47-dad3d800c7d0",
        "meta": {
          "profile": [
            "http://standardhealthrecord.org/fhir/StructureDefinition/shr-observation-Panel"
          ]
        },
        "status": "final",
        "code": {
          "coding": [
            {
              "system": "http://loinc.org",
              "code": "69409-1",
              "display": "U.S. standard certificate of death - 2003 revision"
            }
          ]
        },
        "subject": {
          "reference": "urn:uuid:2f3f111f-edcc-4063-8b06-d34a6a1047a6"
        },
        "context": {
          "reference": "urn:uuid:5fc419bb-5ddb-46c3-8c4a-f9386bb5da01"
        },
        "effectiveDateTime": "2009-04-01T04:49:34-04:00",
        "issued": "2009-04-01T04:49:34-04:00",
        "result": [
          {
            "reference": "urn:uuid:84074b68-c631-412e-818c-58d003eba815",
            "display": "Cause of Death [US Standard Certificate of Death]"
          }
        ],
        "resourceType": "DiagnosticReport"
      }
    },
    {
      "fullUrl": "urn:uuid:0798e0cc-8ac1-4a99-b2de-ebf887a52d52",
      "resource": {
        "id": "0798e0cc-8ac1-4a99-b2de-ebf887a52d52",
        "meta": {
          "profile": [
            "http://standardhealthrecord.org/fhir/StructureDefinition/shr-observation-Observation"
          ]
        },
        "status": "final",
        "category": [
          {
            "coding": [
              {
                "system": "http://hl7.org/fhir/observation-category",
                "code": "survey"
              }
            ]
          }
        ],
        "code": {
          "coding": [
            {
              "system": "http://snomed.info/sct",
              "code": "273724008",
              "display": "Quality adjusted life years"
            }
          ],
          "text": "Quality adjusted life years"
        },
        "subject": {
          "reference": "urn:uuid:2f3f111f-edcc-4063-8b06-d34a6a1047a6"
        },
        "effectiveDateTime": "2017-10-31T16:09:28-04:00",
        "issued": "2017-10-31T16:09:28-04:00",
        "valueQuantity": {
          "value": 87.63663170908302,
          "unit": "years",
          "system": "http://unitsofmeasure.org/",
          "code": "years"
        },
        "resourceType": "Observation"
      }
    },
    {
      "fullUrl": "urn:uuid:6617f153-5e6b-4d02-9615-8f9a97d98680",
      "resource": {
        "id": "6617f153-5e6b-4d02-9615-8f9a97d98680",
        "meta": {
          "profile": [
            "http://standardhealthrecord.org/fhir/StructureDefinition/shr-observation-Observation"
          ]
        },
        "status": "final",
        "category": [
          {
            "coding": [
              {
                "system": "http://hl7.org/fhir/observation-category",
                "code": "survey"
              }
            ]
          }
        ],
        "code": {
          "coding": [
            {
              "system": "http://snomed.info/sct",
              "code": "273421001",
              "display": "Disability rating scale"
            }
          ],
          "text": "Disability rating scale"
        },
        "subject": {
          "reference": "urn:uuid:2f3f111f-edcc-4063-8b06-d34a6a1047a6"
        },
        "effectiveDateTime": "2017-10-31T16:09:28-04:00",
        "issued": "2017-10-31T16:09:28-04:00",
        "valueQuantity": {
          "value": 10.776488290916966,
          "unit": "years",
          "system": "http://unitsofmeasure.org/",
          "code": "years"
        },
        "resourceType": "Observation"
      }
    }
  ],
  "resourceType": "Bundle"
}