{
  "type": "collection",
  "entry": [
    {
      "fullUrl": "urn:uuid:20fe085c-2e8d-4e9f-ab28-fcaf6c8d0fca",
      "resource": {
        "id": "20fe085c-2e8d-4e9f-ab28-fcaf6c8d0fca",
        "meta": {
          "profile": [
            "http://standardhealthrecord.org/fhir/StructureDefinition/shr-actor-Organization"
          ]
        },
        "type": [
          {
            "coding": [
              {
                "system": "http://hl7.org/fhir/organization-type",
                "code": "prov",
                "display": "Healthcare Provider"
              }
            ],
            "text": "Healthcare Provider"
          }
        ],
        "name": "BOURNE HEALTH CENTER",
        "resourceType": "Organization"
      }
    },
    {
      "fullUrl": "urn:uuid:4a924342-2b65-42f3-9285-18f71bca67c1",
      "resource": {
        "id": "4a924342-2b65-42f3-9285-18f71bca67c1",
        "meta": {
          "profile": [
            "http://standardhealthrecord.org/fhir/StructureDefinition/shr-demographics-PersonOfRecord"
          ]
        },
        "text": {
          "status": "generated",
          "div": "<div xmlns=\"http://www.w3.org/1999/xhtml\">Generated by <a href=\"https://github.com/synthetichealth/synthea\">Synthea</a>. Version identifier: 368ac389f34cd3ce3986aa3a0a08e467bf574db3</div>"
        },
        "extension": [
          {
            "url": "http://hl7.org/fhir/us/core/StructureDefinition/us-core-race",
            "valueCodeableConcept": {
              "coding": [
                {
                  "system": "http://hl7.org/fhir/v3/Race",
                  "code": "2106-3",
                  "display": "White"
                }
              ],
              "text": "race"
            }
          },
          {
            "url": "http://hl7.org/fhir/us/core/StructureDefinition/us-core-ethnicity",
            "valueCodeableConcept": {
              "coding": [
                {
                  "system": "http://hl7.org/fhir/v3/Ethnicity",
                  "code": "2186-5",
                  "display": "Nonhispanic"
                }
              ],
              "text": "ethnicity"
            }
          },
          {
            "url": "http://hl7.org/fhir/StructureDefinition/birthPlace",
            "valueAddress": {
              "city": "Worcester",
              "state": "MA",
              "country": "US"
            }
          },
          {
            "url": "http://hl7.org/fhir/StructureDefinition/patient-mothersMaidenName",
            "valueString": "Misti209 Boyle181"
          },
          {
            "url": "http://hl7.org/fhir/us/core/StructureDefinition/us-core-birthsex",
            "valueCode": "M"
          },
          {
            "url": "http://hl7.org/fhir/StructureDefinition/patient-interpreterRequired",
            "valueBoolean": false
          },
          {
            "url": "http://standardhealthrecord.org/fhir/StructureDefinition/shr-actor-FictionalPerson-extension",
            "valueBoolean": true
          },
          {
            "url": "http://standardhealthrecord.org/fhir/StructureDefinition/shr-demographics-FathersName-extension",
            "valueHumanName": {
              "text": "Teddy187 Ankunding307"
            }
          },
          {
            "url": "http://standardhealthrecord.org/fhir/StructureDefinition/shr-demographics-SocialSecurityNumber-extension",
            "valueString": "999-41-5345"
          }
        ],
        "identifier": [
          {
            "system": "https://github.com/synthetichealth/synthea",
            "value": "e27c4ad4-6271-474b-826e-54b3902c8548"
          },
          {
            "type": {
              "coding": [
                {
                  "system": "http://hl7.org/fhir/identifier-type",
                  "code": "SB"
                }
              ]
            },
            "system": "http://hl7.org/fhir/sid/us-ssn",
            "value": "999415345"
          },
          {
            "type": {
              "coding": [
                {
                  "system": "http://hl7.org/fhir/v2/0203",
                  "code": "DL"
                }
              ]
            },
            "system": "urn:oid:2.16.840.1.113883.4.3.25",
            "value": "S99998042"
          },
          {
            "type": {
              "coding": [
                {
                  "system": "http://hl7.org/fhir/v2/0203",
                  "code": "PPN"
                }
              ]
            },
            "system": "http://standardhealthrecord.org/fhir/StructureDefinition/passportNumber",
            "value": "X17390772X"
          },
          {
            "type": {
              "coding": [
                {
                  "system": "http://hl7.org/fhir/v2/0203",
                  "code": "MR"
                }
              ]
            },
            "system": "http://hospital.smarthealthit.org",
            "value": "e27c4ad4-6271-474b-826e-54b3902c8548"
          }
        ],
        "name": [
          {
            "use": "official",
            "family": "Ankunding307",
            "given": [
              "Kevin849"
            ],
            "prefix": [
              "Mr."
            ]
          }
        ],
        "telecom": [
          {
            "system": "phone",
            "value": "394-050-0849",
            "use": "home"
          }
        ],
        "gender": "male",
        "birthDate": "1977-03-04",
        "address": [
          {
            "extension": [
              {
                "extension": [
                  {
                    "url": "latitude",
                    "valueDecimal": 41.72406562961085
                  },
                  {
                    "url": "longitude",
                    "valueDecimal": -70.59878794112679
                  }
                ],
                "url": "http://hl7.org/fhir/StructureDefinition/geolocation"
              }
            ],
            "line": [
              "1810 Veum Underpass"
            ],
            "city": "Bourne",
            "state": "MA",
            "postalCode": "02559",
            "country": "US"
          }
        ],
        "maritalStatus": {
          "coding": [
            {
              "system": "http://hl7.org/fhir/v3/MaritalStatus",
              "code": "S"
            }
          ],
          "text": "S"
        },
        "multipleBirthBoolean": false,
        "communication": [
          {
            "language": {
              "coding": [
                {
                  "system": "http://hl7.org/fhir/ValueSet/languages",
                  "code": "en-US",
                  "display": "English (United States)"
                }
              ]
            }
          }
        ],
        "generalPractitioner": [
          {
            "reference": "urn:uuid:20fe085c-2e8d-4e9f-ab28-fcaf6c8d0fca"
          }
        ],
        "resourceType": "Patient"
      }
    },
    {
      "fullUrl": "urn:uuid:0ccda3e4-1ae1-4b0a-ad43-6025cb2ba277",
      "resource": {
        "id": "0ccda3e4-1ae1-4b0a-ad43-6025cb2ba277",
        "meta": {
          "profile": [
            "http://standardhealthrecord.org/fhir/StructureDefinition/shr-encounter-Encounter"
          ]
        },
        "status": "finished",
        "class": {
          "code": "outpatient"
        },
        "type": [
          {
            "coding": [
              {
                "system": "http://snomed.info/sct",
                "code": "185349003"
              }
            ],
            "text": "Outpatient Encounter"
          }
        ],
        "subject": {
          "reference": "urn:uuid:4a924342-2b65-42f3-9285-18f71bca67c1"
        },
        "period": {
          "start": "2008-12-31T05:11:36-05:00",
          "end": "2008-12-31T06:11:36-05:00"
        },
        "serviceProvider": {
          "reference": "urn:uuid:20fe085c-2e8d-4e9f-ab28-fcaf6c8d0fca"
        },
        "resourceType": "Encounter"
      }
    },
    {
      "fullUrl": "urn:uuid:6abd9094-8c34-4cb4-9e1b-45bdcba4e11e",
      "resource": {
        "id": "6abd9094-8c34-4cb4-9e1b-45bdcba4e11e",
        "status": "active",
        "use": "complete",
        "patient": {
          "reference": "urn:uuid:4a924342-2b65-42f3-9285-18f71bca67c1"
        },
        "billablePeriod": {
          "start": "2008-12-31T05:11:36-05:00",
          "end": "2008-12-31T06:11:36-05:00"
        },
        "organization": {
          "reference": {
            "reference": "urn:uuid:20fe085c-2e8d-4e9f-ab28-fcaf6c8d0fca"
          }
        },
        "diagnosis": [
          {
            "sequence": 1,
            "diagnosisReference": {
              "reference": "urn:uuid:d1d488a7-f5ce-408b-bef9-82213efec6ff"
            }
          }
        ],
        "item": [
          {
            "sequence": 1,
            "net": {
              "value": 125.0,
              "system": "urn:iso:std:iso:4217",
              "code": "USD"
            },
            "encounter": [
              {
                "reference": {
                  "fullUrl": "urn:uuid:0ccda3e4-1ae1-4b0a-ad43-6025cb2ba277",
                  "resource": {
                    "id": "0ccda3e4-1ae1-4b0a-ad43-6025cb2ba277",
                    "meta": {
                      "profile": [
                        "http://standardhealthrecord.org/fhir/StructureDefinition/shr-encounter-Encounter"
                      ]
                    },
                    "status": "finished",
                    "class": {
                      "code": "outpatient"
                    },
                    "type": [
                      {
                        "coding": [
                          {
                            "system": "http://snomed.info/sct",
                            "code": "185349003"
                          }
                        ],
                        "text": "Outpatient Encounter"
                      }
                    ],
                    "subject": {
                      "reference": "urn:uuid:4a924342-2b65-42f3-9285-18f71bca67c1"
                    },
                    "period": {
                      "start": "2008-12-31T05:11:36-05:00",
                      "end": "2008-12-31T06:11:36-05:00"
                    },
                    "serviceProvider": {
                      "reference": "urn:uuid:20fe085c-2e8d-4e9f-ab28-fcaf6c8d0fca"
                    },
                    "resourceType": "Encounter"
                  }
                }
              }
            ]
          },
          {
            "sequence": 2,
            "diagnosisLinkId": [
              1
            ],
            "net": {
              "value": 0.0,
              "system": "urn:iso:std:iso:4217",
              "code": "USD"
            }
          },
          {
            "sequence": 3,
            "category": {
              "coding": [
                {
                  "system": "http://hl7.org/fhir/sid/cvx",
                  "code": "140",
                  "display": "Influenza, seasonal, injectable, preservative free"
                }
              ],
              "text": "Influenza, seasonal, injectable, preservative free"
            },
            "net": {
              "value": 136.0,
              "system": "urn:iso:std:iso:4217",
              "code": "USD"
            }
          },
          {
            "sequence": 4,
            "category": {
              "coding": [
                {
                  "system": "http://hl7.org/fhir/sid/cvx",
                  "code": "113",
                  "display": "Td (adult) preservative free"
                }
              ],
              "text": "Td (adult) preservative free"
            },
            "net": {
              "value": 136.0,
              "system": "urn:iso:std:iso:4217",
              "code": "USD"
            }
          }
        ],
        "total": {
          "value": 397.0,
          "system": "urn:iso:std:iso:4217",
          "code": "USD"
        },
        "resourceType": "Claim"
      }
    },
    {
      "fullUrl": "urn:uuid:d1d488a7-f5ce-408b-bef9-82213efec6ff",
      "resource": {
        "id": "d1d488a7-f5ce-408b-bef9-82213efec6ff",
        "meta": {
          "profile": [
            "http://standardhealthrecord.org/fhir/StructureDefinition/shr-problem-Problem"
          ]
        },
        "clinicalStatus": "active",
        "verificationStatus": "confirmed",
        "code": {
          "coding": [
            {
              "system": "http://snomed.info/sct",
              "code": "40055000",
              "display": "Chronic sinusitis (disorder)"
            }
          ],
          "text": "Chronic sinusitis (disorder)"
        },
        "subject": {
          "reference": "urn:uuid:4a924342-2b65-42f3-9285-18f71bca67c1"
        },
        "context": {
          "reference": "urn:uuid:0ccda3e4-1ae1-4b0a-ad43-6025cb2ba277"
        },
        "onsetDateTime": "1977-05-20T15:16:24-04:00",
        "assertedDate": "1977-05-20",
        "resourceType": "Condition"
      }
    },
    {
      "fullUrl": "urn:uuid:d73305da-e2b5-405e-a57c-bba34e7ac8f1",
      "resource": {
        "id": "d73305da-e2b5-405e-a57c-bba34e7ac8f1",
        "meta": {
          "profile": [
            "http://standardhealthrecord.org/fhir/StructureDefinition/shr-observation-Observation",
            "http://standardhealthrecord.org/fhir/StructureDefinition/shr-vital-VitalSign",
            "http://standardhealthrecord.org/fhir/StructureDefinition/shr-vital-BodyHeight"
          ]
        },
        "status": "final",
        "category": [
          {
            "coding": [
              {
                "system": "http://hl7.org/fhir/observation-category",
                "code": "vital-signs"
              }
            ]
          }
        ],
        "code": {
          "coding": [
            {
              "system": "http://loinc.org",
              "code": "8302-2",
              "display": "Body Height"
            }
          ],
          "text": "Body Height"
        },
        "subject": {
          "reference": "urn:uuid:4a924342-2b65-42f3-9285-18f71bca67c1"
        },
        "context": {
          "reference": "urn:uuid:0ccda3e4-1ae1-4b0a-ad43-6025cb2ba277"
        },
        "effectiveDateTime": "2008-12-31T05:11:36-05:00",
        "issued": "2008-12-31T05:11:36-05:00",
        "valueQuantity": {
          "value": 190.18486578628978,
          "unit": "cm",
          "system": "http://unitsofmeasure.org/",
          "code": "cm"
        },
        "resourceType": "Observation"
      }
    },
    {
      "fullUrl": "urn:uuid:4f363952-5f83-47cc-9e31-3412521eabab",
      "resource": {
        "id": "4f363952-5f83-47cc-9e31-3412521eabab",
        "meta": {
          "profile": [
            "http://standardhealthrecord.org/fhir/StructureDefinition/shr-observation-Observation",
            "http://standardhealthrecord.org/fhir/StructureDefinition/shr-vital-VitalSign",
            "http://standardhealthrecord.org/fhir/StructureDefinition/shr-vital-BodyWeight"
          ]
        },
        "status": "final",
        "category": [
          {
            "coding": [
              {
                "system": "http://hl7.org/fhir/observation-category",
                "code": "vital-signs"
              }
            ]
          }
        ],
        "code": {
          "coding": [
            {
              "system": "http://loinc.org",
              "code": "29463-7",
              "display": "Body Weight"
            }
          ],
          "text": "Body Weight"
        },
        "subject": {
          "reference": "urn:uuid:4a924342-2b65-42f3-9285-18f71bca67c1"
        },
        "context": {
          "reference": "urn:uuid:0ccda3e4-1ae1-4b0a-ad43-6025cb2ba277"
        },
        "effectiveDateTime": "2008-12-31T05:11:36-05:00",
        "issued": "2008-12-31T05:11:36-05:00",
        "valueQuantity": {
          "value": 79.85365977719255,
          "unit": "kg",
          "system": "http://unitsofmeasure.org/",
          "code": "kg"
        },
        "resourceType": "Observation"
      }
    },
    {
      "fullUrl": "urn:uuid:82833564-7e4a-4e28-9c4d-9c2f410f8930",
      "resource": {
        "id": "82833564-7e4a-4e28-9c4d-9c2f410f8930",
        "meta": {
          "profile": [
            "http://standardhealthrecord.org/fhir/StructureDefinition/shr-observation-Observation",
            "http://standardhealthrecord.org/fhir/StructureDefinition/shr-vital-VitalSign",
            "http://standardhealthrecord.org/fhir/StructureDefinition/shr-vital-BodyMassIndex"
          ]
        },
        "status": "final",
        "category": [
          {
            "coding": [
              {
                "system": "http://hl7.org/fhir/observation-category",
                "code": "vital-signs"
              }
            ]
          }
        ],
        "code": {
          "coding": [
            {
              "system": "http://loinc.org",
              "code": "39156-5",
              "display": "Body Mass Index"
            }
          ],
          "text": "Body Mass Index"
        },
        "subject": {
          "reference": "urn:uuid:4a924342-2b65-42f3-9285-18f71bca67c1"
        },
        "context": {
          "reference": "urn:uuid:0ccda3e4-1ae1-4b0a-ad43-6025cb2ba277"
        },
        "effectiveDateTime": "2008-12-31T05:11:36-05:00",
        "issued": "2008-12-31T05:11:36-05:00",
        "valueQuantity": {
          "value": 22.077145316424854,
          "unit": "kg/m2",
          "system": "http://unitsofmeasure.org/",
          "code": "kg/m2"
        },
        "resourceType": "Observation"
      }
    },
    {
      "fullUrl": "urn:uuid:9a57ed02-6bc7-4937-a702-dd0caa99960c",
      "resource": {
        "id": "9a57ed02-6bc7-4937-a702-dd0caa99960c",
        "meta": {
          "profile": [
            "http://standardhealthrecord.org/fhir/StructureDefinition/shr-observation-Observation",
            "http://standardhealthrecord.org/fhir/StructureDefinition/shr-vital-BloodPressure"
          ]
        },
        "status": "final",
        "category": [
          {
            "coding": [
              {
                "system": "http://hl7.org/fhir/observation-category",
                "code": "vital-signs"
              }
            ]
          }
        ],
        "code": {
          "coding": [
            {
              "system": "http://loinc.org",
              "code": "55284-4",
              "display": "Blood Pressure"
            }
          ]
        },
        "subject": {
          "reference": "urn:uuid:4a924342-2b65-42f3-9285-18f71bca67c1"
        },
        "context": {
          "reference": "urn:uuid:0ccda3e4-1ae1-4b0a-ad43-6025cb2ba277"
        },
        "effectiveDateTime": "2008-12-31T05:11:36-05:00",
        "issued": "2008-12-31T05:11:36-05:00",
        "component": [
          {
            "code": {
              "coding": [
                {
                  "system": "http://loinc.org",
                  "code": "8480-6",
                  "display": "Systolic Blood Pressure"
                }
              ],
              "text": "Systolic Blood Pressure"
            },
            "valueQuantity": {
              "value": 118,
              "unit": "mmHg",
              "system": "http://unitsofmeasure.org/",
              "code": "mmHg"
            }
          },
          {
            "code": {
              "coding": [
                {
                  "system": "http://loinc.org",
                  "code": "8462-4",
                  "display": "Diastolic Blood Pressure"
                }
              ],
              "text": "Diastolic Blood Pressure"
            },
            "valueQuantity": {
              "value": 72,
              "unit": "mmHg",
              "system": "http://unitsofmeasure.org/",
              "code": "mmHg"
            }
          }
        ],
        "resourceType": "Observation"
      }
    },
    {
      "fullUrl": "urn:uuid:35cb219c-f6a6-4a4c-a311-8b7df763ce9f",
      "resource": {
        "id": "35cb219c-f6a6-4a4c-a311-8b7df763ce9f",
        "meta": {
          "profile": [
            "http://standardhealthrecord.org/fhir/StructureDefinition/shr-observation-Observation"
          ]
        },
        "status": "final",
        "category": [
          {
            "coding": [
              {
                "system": "http://hl7.org/fhir/observation-category",
                "code": "laboratory"
              }
            ]
          }
        ],
        "code": {
          "coding": [
            {
              "system": "http://loinc.org",
              "code": "2093-3",
              "display": "Total Cholesterol"
            }
          ],
          "text": "Total Cholesterol"
        },
        "subject": {
          "reference": "urn:uuid:4a924342-2b65-42f3-9285-18f71bca67c1"
        },
        "context": {
          "reference": "urn:uuid:0ccda3e4-1ae1-4b0a-ad43-6025cb2ba277"
        },
        "effectiveDateTime": "2008-12-31T05:11:36-05:00",
        "issued": "2008-12-31T05:11:36-05:00",
        "valueQuantity": {
          "value": 182,
          "unit": "mg/dL",
          "system": "http://unitsofmeasure.org/",
          "code": "mg/dL"
        },
        "resourceType": "Observation"
      }
    },
    {
      "fullUrl": "urn:uuid:c0b531f8-22f7-41c4-a09d-a3a3763dc437",
      "resource": {
        "id": "c0b531f8-22f7-41c4-a09d-a3a3763dc437",
        "meta": {
          "profile": [
            "http://standardhealthrecord.org/fhir/StructureDefinition/shr-observation-Observation"
          ]
        },
        "status": "final",
        "category": [
          {
            "coding": [
              {
                "system": "http://hl7.org/fhir/observation-category",
                "code": "laboratory"
              }
            ]
          }
        ],
        "code": {
          "coding": [
            {
              "system": "http://loinc.org",
              "code": "2571-8",
              "display": "Triglycerides"
            }
          ],
          "text": "Triglycerides"
        },
        "subject": {
          "reference": "urn:uuid:4a924342-2b65-42f3-9285-18f71bca67c1"
        },
        "context": {
          "reference": "urn:uuid:0ccda3e4-1ae1-4b0a-ad43-6025cb2ba277"
        },
        "effectiveDateTime": "2008-12-31T05:11:36-05:00",
        "issued": "2008-12-31T05:11:36-05:00",
        "valueQuantity": {
          "value": 101,
          "unit": "mg/dL",
          "system": "http://unitsofmeasure.org/",
          "code": "mg/dL"
        },
        "resourceType": "Observation"
      }
    },
    {
      "fullUrl": "urn:uuid:56fc076f-0e42-43c1-a27c-7045bddc8c97",
      "resource": {
        "id": "56fc076f-0e42-43c1-a27c-7045bddc8c97",
        "meta": {
          "profile": [
            "http://standardhealthrecord.org/fhir/StructureDefinition/shr-observation-Observation"
          ]
        },
        "status": "final",
        "category": [
          {
            "coding": [
              {
                "system": "http://hl7.org/fhir/observation-category",
                "code": "laboratory"
              }
            ]
          }
        ],
        "code": {
          "coding": [
            {
              "system": "http://loinc.org",
              "code": "18262-6",
              "display": "Low Density Lipoprotein Cholesterol"
            }
          ],
          "text": "Low Density Lipoprotein Cholesterol"
        },
        "subject": {
          "reference": "urn:uuid:4a924342-2b65-42f3-9285-18f71bca67c1"
        },
        "context": {
          "reference": "urn:uuid:0ccda3e4-1ae1-4b0a-ad43-6025cb2ba277"
        },
        "effectiveDateTime": "2008-12-31T05:11:36-05:00",
        "issued": "2008-12-31T05:11:36-05:00",
        "valueQuantity": {
          "value": 85,
          "unit": "mg/dL",
          "system": "http://unitsofmeasure.org/",
          "code": "mg/dL"
        },
        "resourceType": "Observation"
      }
    },
    {
      "fullUrl": "urn:uuid:6112b471-bd83-425e-b5f6-1c9a89282b92",
      "resource": {
        "id": "6112b471-bd83-425e-b5f6-1c9a89282b92",
        "meta": {
          "profile": [
            "http://standardhealthrecord.org/fhir/StructureDefinition/shr-observation-Observation"
          ]
        },
        "status": "final",
        "category": [
          {
            "coding": [
              {
                "system": "http://hl7.org/fhir/observation-category",
                "code": "laboratory"
              }
            ]
          }
        ],
        "code": {
          "coding": [
            {
              "system": "http://loinc.org",
              "code": "2085-9",
              "display": "High Density Lipoprotein Cholesterol"
            }
          ],
          "text": "High Density Lipoprotein Cholesterol"
        },
        "subject": {
          "reference": "urn:uuid:4a924342-2b65-42f3-9285-18f71bca67c1"
        },
        "context": {
          "reference": "urn:uuid:0ccda3e4-1ae1-4b0a-ad43-6025cb2ba277"
        },
        "effectiveDateTime": "2008-12-31T05:11:36-05:00",
        "issued": "2008-12-31T05:11:36-05:00",
        "valueQuantity": {
          "value": 76,
          "unit": "mg/dL",
          "system": "http://unitsofmeasure.org/",
          "code": "mg/dL"
        },
        "resourceType": "Observation"
      }
    },
    {
      "fullUrl": "urn:uuid:a7584341-90e2-4fb1-a8f7-0d45d21778d4",
      "resource": {
        "id": "a7584341-90e2-4fb1-a8f7-0d45d21778d4",
        "meta": {
          "profile": [
            "http://standardhealthrecord.org/fhir/StructureDefinition/shr-observation-Panel"
          ]
        },
        "status": "final",
        "code": {
          "coding": [
            {
              "system": "http://loinc.org",
              "code": "57698-3",
              "display": "Lipid Panel"
            }
          ]
        },
        "subject": {
          "reference": "urn:uuid:4a924342-2b65-42f3-9285-18f71bca67c1"
        },
        "context": {
          "reference": "urn:uuid:0ccda3e4-1ae1-4b0a-ad43-6025cb2ba277"
        },
        "effectiveDateTime": "2008-12-31T05:11:36-05:00",
        "issued": "2008-12-31T05:11:36-05:00",
        "result": [
          {
            "reference": "urn:uuid:35cb219c-f6a6-4a4c-a311-8b7df763ce9f",
            "display": "Total Cholesterol"
          },
          {
            "reference": "urn:uuid:c0b531f8-22f7-41c4-a09d-a3a3763dc437",
            "display": "Triglycerides"
          },
          {
            "reference": "urn:uuid:56fc076f-0e42-43c1-a27c-7045bddc8c97",
            "display": "Low Density Lipoprotein Cholesterol"
          },
          {
            "reference": "urn:uuid:6112b471-bd83-425e-b5f6-1c9a89282b92",
            "display": "High Density Lipoprotein Cholesterol"
          }
        ],
        "resourceType": "DiagnosticReport"
      }
    },
    {
      "resource": {
        "meta": {
          "profile": [
            "http://standardhealthrecord.org/fhir/StructureDefinition/shr-immunization-Immunization"
          ]
        },
        "status": "completed",
        "notGiven": false,
        "vaccineCode": {
          "coding": [
            {
              "system": "http://hl7.org/fhir/sid/cvx",
              "code": "140",
              "display": "Influenza, seasonal, injectable, preservative free"
            }
          ],
          "text": "Influenza, seasonal, injectable, preservative free"
        },
        "patient": {
          "reference": "urn:uuid:4a924342-2b65-42f3-9285-18f71bca67c1"
        },
        "encounter": {
          "reference": "urn:uuid:0ccda3e4-1ae1-4b0a-ad43-6025cb2ba277"
        },
        "date": "2008-12-31T05:11:36-05:00",
        "primarySource": true,
        "resourceType": "Immunization"
      }
    },
    {
      "resource": {
        "meta": {
          "profile": [
            "http://standardhealthrecord.org/fhir/StructureDefinition/shr-immunization-Immunization"
          ]
        },
        "status": "completed",
        "notGiven": false,
        "vaccineCode": {
          "coding": [
            {
              "system": "http://hl7.org/fhir/sid/cvx",
              "code": "113",
              "display": "Td (adult) preservative free"
            }
          ],
          "text": "Td (adult) preservative free"
        },
        "patient": {
          "reference": "urn:uuid:4a924342-2b65-42f3-9285-18f71bca67c1"
        },
        "encounter": {
          "reference": "urn:uuid:0ccda3e4-1ae1-4b0a-ad43-6025cb2ba277"
        },
        "date": "2008-12-31T05:11:36-05:00",
        "primarySource": true,
        "resourceType": "Immunization"
      }
    },
    {
      "fullUrl": "urn:uuid:9622448c-0ada-439e-be1e-4deb53549bbc",
      "resource": {
        "id": "9622448c-0ada-439e-be1e-4deb53549bbc",
        "meta": {
          "profile": [
            "http://standardhealthrecord.org/fhir/StructureDefinition/shr-encounter-Encounter"
          ]
        },
        "status": "finished",
        "class": {
          "code": "ambulatory"
        },
        "type": [
          {
            "coding": [
              {
                "system": "http://snomed.info/sct",
                "code": "185345009"
              }
            ],
            "text": "Encounter for symptom"
          }
        ],
        "subject": {
          "reference": "urn:uuid:4a924342-2b65-42f3-9285-18f71bca67c1"
        },
        "period": {
          "start": "2009-11-27T09:28:26-05:00",
          "end": "2016-10-12T09:46:35-04:00"
        },
        "reason": [
          {
            "coding": [
              {
                "system": "http://snomed.info/sct",
                "code": "195662009",
                "display": "Acute viral pharyngitis (disorder)"
              }
            ]
          }
        ],
        "serviceProvider": {
          "reference": "urn:uuid:20fe085c-2e8d-4e9f-ab28-fcaf6c8d0fca"
        },
        "resourceType": "Encounter"
      }
    },
    {
      "fullUrl": "urn:uuid:ba67c358-df2b-437f-bce4-13c3f7e66904",
      "resource": {
        "id": "ba67c358-df2b-437f-bce4-13c3f7e66904",
        "status": "active",
        "use": "complete",
        "patient": {
          "reference": "urn:uuid:4a924342-2b65-42f3-9285-18f71bca67c1"
        },
        "billablePeriod": {
          "start": "2009-11-27T09:28:26-05:00",
          "end": "2016-10-12T09:46:35-04:00"
        },
        "organization": {
          "reference": {
            "reference": "urn:uuid:20fe085c-2e8d-4e9f-ab28-fcaf6c8d0fca"
          }
        },
        "diagnosis": [
          {
            "sequence": 1,
            "diagnosisReference": {
              "reference": "urn:uuid:9a348c39-17b6-43f3-9e06-419c44c62524"
            }
          },
          {
            "sequence": 2,
            "diagnosisReference": {
              "reference": "urn:uuid:5277f183-35e7-422b-9b65-56121ccafc2e"
            }
          }
        ],
        "procedure": [
          {
            "sequence": 1,
            "procedureReference": {
              "reference": "urn:uuid:f454d2dc-5d45-40b1-93e0-4705f92e984f"
            }
          }
        ],
        "item": [
          {
            "sequence": 1,
            "net": {
              "value": 125.0,
              "system": "urn:iso:std:iso:4217",
              "code": "USD"
            },
            "encounter": [
              {
                "reference": {
                  "fullUrl": "urn:uuid:9622448c-0ada-439e-be1e-4deb53549bbc",
                  "resource": {
                    "id": "9622448c-0ada-439e-be1e-4deb53549bbc",
                    "meta": {
                      "profile": [
                        "http://standardhealthrecord.org/fhir/StructureDefinition/shr-encounter-Encounter"
                      ]
                    },
                    "status": "finished",
                    "class": {
                      "code": "ambulatory"
                    },
                    "type": [
                      {
                        "coding": [
                          {
                            "system": "http://snomed.info/sct",
                            "code": "185345009"
                          }
                        ],
                        "text": "Encounter for symptom"
                      }
                    ],
                    "subject": {
                      "reference": "urn:uuid:4a924342-2b65-42f3-9285-18f71bca67c1"
                    },
                    "period": {
                      "start": "2009-11-27T09:28:26-05:00",
                      "end": "2016-10-12T09:46:35-04:00"
                    },
                    "reason": [
                      {
                        "coding": [
                          {
                            "system": "http://snomed.info/sct",
                            "code": "195662009",
                            "display": "Acute viral pharyngitis (disorder)"
                          }
                        ]
                      }
                    ],
                    "serviceProvider": {
                      "reference": "urn:uuid:20fe085c-2e8d-4e9f-ab28-fcaf6c8d0fca"
                    },
                    "resourceType": "Encounter"
                  }
                }
              }
            ]
          },
          {
            "sequence": 2,
            "diagnosisLinkId": [
              1
            ],
            "net": {
              "value": 0.0,
              "system": "urn:iso:std:iso:4217",
              "code": "USD"
            }
          },
          {
            "sequence": 3,
            "diagnosisLinkId": [
              2
            ],
            "net": {
              "value": 0.0,
              "system": "urn:iso:std:iso:4217",
              "code": "USD"
            }
          },
          {
            "sequence": 4,
            "procedureLinkId": [
              2
            ],
            "net": {
              "value": 1508.6649932999997,
              "system": "urn:iso:std:iso:4217",
              "code": "USD"
            }
          },
          {
            "sequence": 5,
            "category": {
              "coding": [
                {
                  "system": "http://hl7.org/fhir/sid/cvx",
                  "code": "140",
                  "display": "Influenza, seasonal, injectable, preservative free"
                }
              ],
              "text": "Influenza, seasonal, injectable, preservative free"
            },
            "net": {
              "value": 136.0,
              "system": "urn:iso:std:iso:4217",
              "code": "USD"
            }
          },
          {
            "sequence": 6,
            "category": {
              "coding": [
                {
                  "system": "http://hl7.org/fhir/sid/cvx",
                  "code": "140",
                  "display": "Influenza, seasonal, injectable, preservative free"
                }
              ],
              "text": "Influenza, seasonal, injectable, preservative free"
            },
            "net": {
              "value": 136.0,
              "system": "urn:iso:std:iso:4217",
              "code": "USD"
            }
          }
        ],
        "total": {
          "value": 1905.6649932999997,
          "system": "urn:iso:std:iso:4217",
          "code": "USD"
        },
        "resourceType": "Claim"
      }
    },
    {
      "fullUrl": "urn:uuid:9a348c39-17b6-43f3-9e06-419c44c62524",
      "resource": {
        "id": "9a348c39-17b6-43f3-9e06-419c44c62524",
        "meta": {
          "profile": [
            "http://standardhealthrecord.org/fhir/StructureDefinition/shr-problem-Problem"
          ]
        },
        "clinicalStatus": "resolved",
        "verificationStatus": "confirmed",
        "code": {
          "coding": [
            {
              "system": "http://snomed.info/sct",
              "code": "195662009",
              "display": "Acute viral pharyngitis (disorder)"
            }
          ],
          "text": "Acute viral pharyngitis (disorder)"
        },
        "subject": {
          "reference": "urn:uuid:4a924342-2b65-42f3-9285-18f71bca67c1"
        },
        "context": {
          "reference": "urn:uuid:9622448c-0ada-439e-be1e-4deb53549bbc"
        },
        "onsetDateTime": "2009-11-25T02:52:28-05:00",
        "abatementDateTime": "2009-12-04T12:18:34-05:00",
        "assertedDate": "2009-11-25",
        "resourceType": "Condition"
      }
    },
    {
      "fullUrl": "urn:uuid:5277f183-35e7-422b-9b65-56121ccafc2e",
      "resource": {
        "id": "5277f183-35e7-422b-9b65-56121ccafc2e",
        "meta": {
          "profile": [
            "http://standardhealthrecord.org/fhir/StructureDefinition/shr-problem-Problem"
          ]
        },
        "clinicalStatus": "resolved",
        "verificationStatus": "confirmed",
        "code": {
          "coding": [
            {
              "system": "http://snomed.info/sct",
              "code": "444814009",
              "display": "Viral sinusitis (disorder)"
            }
          ],
          "text": "Viral sinusitis (disorder)"
        },
        "subject": {
          "reference": "urn:uuid:4a924342-2b65-42f3-9285-18f71bca67c1"
        },
        "context": {
          "reference": "urn:uuid:9622448c-0ada-439e-be1e-4deb53549bbc"
        },
        "onsetDateTime": "2016-10-07T03:14:28-04:00",
        "abatementDateTime": "2016-10-31T15:23:18-04:00",
        "assertedDate": "2016-10-07",
        "resourceType": "Condition"
      }
    },
    {
      "fullUrl": "urn:uuid:d49ff283-a18a-436b-8dee-bd07a5a429d2",
      "resource": {
        "id": "d49ff283-a18a-436b-8dee-bd07a5a429d2",
        "meta": {
          "profile": [
            "http://standardhealthrecord.org/fhir/StructureDefinition/shr-observation-Observation",
            "http://standardhealthrecord.org/fhir/StructureDefinition/shr-vital-VitalSign"
          ]
        },
        "status": "final",
        "category": [
          {
            "coding": [
              {
                "system": "http://hl7.org/fhir/observation-category",
                "code": "vital-signs"
              }
            ]
          }
        ],
        "code": {
          "coding": [
            {
              "system": "http://loinc.org",
              "code": "8331-1",
              "display": "Oral temperature"
            }
          ],
          "text": "Oral temperature"
        },
        "subject": {
          "reference": "urn:uuid:4a924342-2b65-42f3-9285-18f71bca67c1"
        },
        "context": {
          "reference": "urn:uuid:9622448c-0ada-439e-be1e-4deb53549bbc"
        },
        "effectiveDateTime": "2009-11-27T09:28:26-05:00",
        "issued": "2009-11-27T09:28:26-05:00",
        "valueQuantity": {
          "value": 37,
          "unit": "Cel",
          "system": "http://unitsofmeasure.org/",
          "code": "Cel"
        },
        "resourceType": "Observation"
      }
    },
    {
      "fullUrl": "urn:uuid:b0f382d9-bf74-4260-8bdb-47ddcfe1dc24",
      "resource": {
        "id": "b0f382d9-bf74-4260-8bdb-47ddcfe1dc24",
        "meta": {
          "profile": [
            "http://standardhealthrecord.org/fhir/StructureDefinition/shr-observation-Observation",
            "http://standardhealthrecord.org/fhir/StructureDefinition/shr-vital-VitalSign",
            "http://standardhealthrecord.org/fhir/StructureDefinition/shr-vital-BodyHeight"
          ]
        },
        "status": "final",
        "category": [
          {
            "coding": [
              {
                "system": "http://hl7.org/fhir/observation-category",
                "code": "vital-signs"
              }
            ]
          }
        ],
        "code": {
          "coding": [
            {
              "system": "http://loinc.org",
              "code": "8302-2",
              "display": "Body Height"
            }
          ],
          "text": "Body Height"
        },
        "subject": {
          "reference": "urn:uuid:4a924342-2b65-42f3-9285-18f71bca67c1"
        },
        "context": {
          "reference": "urn:uuid:9622448c-0ada-439e-be1e-4deb53549bbc"
        },
        "effectiveDateTime": "2012-03-11T00:11:48-05:00",
        "issued": "2012-03-11T00:11:48-05:00",
        "valueQuantity": {
          "value": 190.18486578628978,
          "unit": "cm",
          "system": "http://unitsofmeasure.org/",
          "code": "cm"
        },
        "resourceType": "Observation"
      }
    },
    {
      "fullUrl": "urn:uuid:ba2780e2-91af-4add-aecc-726597a2f2ac",
      "resource": {
        "id": "ba2780e2-91af-4add-aecc-726597a2f2ac",
        "meta": {
          "profile": [
            "http://standardhealthrecord.org/fhir/StructureDefinition/shr-observation-Observation",
            "http://standardhealthrecord.org/fhir/StructureDefinition/shr-vital-VitalSign",
            "http://standardhealthrecord.org/fhir/StructureDefinition/shr-vital-BodyWeight"
          ]
        },
        "status": "final",
        "category": [
          {
            "coding": [
              {
                "system": "http://hl7.org/fhir/observation-category",
                "code": "vital-signs"
              }
            ]
          }
        ],
        "code": {
          "coding": [
            {
              "system": "http://loinc.org",
              "code": "29463-7",
              "display": "Body Weight"
            }
          ],
          "text": "Body Weight"
        },
        "subject": {
          "reference": "urn:uuid:4a924342-2b65-42f3-9285-18f71bca67c1"
        },
        "context": {
          "reference": "urn:uuid:9622448c-0ada-439e-be1e-4deb53549bbc"
        },
        "effectiveDateTime": "2012-03-11T00:11:48-05:00",
        "issued": "2012-03-11T00:11:48-05:00",
        "valueQuantity": {
          "value": 85.88586427268054,
          "unit": "kg",
          "system": "http://unitsofmeasure.org/",
          "code": "kg"
        },
        "resourceType": "Observation"
      }
    },
    {
      "fullUrl": "urn:uuid:f8192796-068e-4786-b0ef-490e7576dcd7",
      "resource": {
        "id": "f8192796-068e-4786-b0ef-490e7576dcd7",
        "meta": {
          "profile": [
            "http://standardhealthrecord.org/fhir/StructureDefinition/shr-observation-Observation",
            "http://standardhealthrecord.org/fhir/StructureDefinition/shr-vital-VitalSign",
            "http://standardhealthrecord.org/fhir/StructureDefinition/shr-vital-BodyMassIndex"
          ]
        },
        "status": "final",
        "category": [
          {
            "coding": [
              {
                "system": "http://hl7.org/fhir/observation-category",
                "code": "vital-signs"
              }
            ]
          }
        ],
        "code": {
          "coding": [
            {
              "system": "http://loinc.org",
              "code": "39156-5",
              "display": "Body Mass Index"
            }
          ],
          "text": "Body Mass Index"
        },
        "subject": {
          "reference": "urn:uuid:4a924342-2b65-42f3-9285-18f71bca67c1"
        },
        "context": {
          "reference": "urn:uuid:9622448c-0ada-439e-be1e-4deb53549bbc"
        },
        "effectiveDateTime": "2012-03-11T00:11:48-05:00",
        "issued": "2012-03-11T00:11:48-05:00",
        "valueQuantity": {
          "value": 23.74486919529103,
          "unit": "kg/m2",
          "system": "http://unitsofmeasure.org/",
          "code": "kg/m2"
        },
        "resourceType": "Observation"
      }
    },
    {
      "fullUrl": "urn:uuid:40ad72fd-e49e-44ca-b157-77e6c449a7c2",
      "resource": {
        "id": "40ad72fd-e49e-44ca-b157-77e6c449a7c2",
        "meta": {
          "profile": [
            "http://standardhealthrecord.org/fhir/StructureDefinition/shr-observation-Observation",
            "http://standardhealthrecord.org/fhir/StructureDefinition/shr-vital-BloodPressure"
          ]
        },
        "status": "final",
        "category": [
          {
            "coding": [
              {
                "system": "http://hl7.org/fhir/observation-category",
                "code": "vital-signs"
              }
            ]
          }
        ],
        "code": {
          "coding": [
            {
              "system": "http://loinc.org",
              "code": "55284-4",
              "display": "Blood Pressure"
            }
          ]
        },
        "subject": {
          "reference": "urn:uuid:4a924342-2b65-42f3-9285-18f71bca67c1"
        },
        "context": {
          "reference": "urn:uuid:9622448c-0ada-439e-be1e-4deb53549bbc"
        },
        "effectiveDateTime": "2012-03-11T00:11:48-05:00",
        "issued": "2012-03-11T00:11:48-05:00",
        "component": [
          {
            "code": {
              "coding": [
                {
                  "system": "http://loinc.org",
                  "code": "8480-6",
                  "display": "Systolic Blood Pressure"
                }
              ],
              "text": "Systolic Blood Pressure"
            },
            "valueQuantity": {
              "value": 136,
              "unit": "mmHg",
              "system": "http://unitsofmeasure.org/",
              "code": "mmHg"
            }
          },
          {
            "code": {
              "coding": [
                {
                  "system": "http://loinc.org",
                  "code": "8462-4",
                  "display": "Diastolic Blood Pressure"
                }
              ],
              "text": "Diastolic Blood Pressure"
            },
            "valueQuantity": {
              "value": 85,
              "unit": "mmHg",
              "system": "http://unitsofmeasure.org/",
              "code": "mmHg"
            }
          }
        ],
        "resourceType": "Observation"
      }
    },
    {
      "fullUrl": "urn:uuid:240c6fcf-0f71-482d-a92c-f42163ec87ed",
      "resource": {
        "id": "240c6fcf-0f71-482d-a92c-f42163ec87ed",
        "meta": {
          "profile": [
            "http://standardhealthrecord.org/fhir/StructureDefinition/shr-observation-Observation"
          ]
        },
        "status": "final",
        "category": [
          {
            "coding": [
              {
                "system": "http://hl7.org/fhir/observation-category",
                "code": "laboratory"
              }
            ]
          }
        ],
        "code": {
          "coding": [
            {
              "system": "http://loinc.org",
              "code": "2093-3",
              "display": "Total Cholesterol"
            }
          ],
          "text": "Total Cholesterol"
        },
        "subject": {
          "reference": "urn:uuid:4a924342-2b65-42f3-9285-18f71bca67c1"
        },
        "context": {
          "reference": "urn:uuid:9622448c-0ada-439e-be1e-4deb53549bbc"
        },
        "effectiveDateTime": "2012-03-11T00:11:48-05:00",
        "issued": "2012-03-11T00:11:48-05:00",
        "valueQuantity": {
          "value": 187,
          "unit": "mg/dL",
          "system": "http://unitsofmeasure.org/",
          "code": "mg/dL"
        },
        "resourceType": "Observation"
      }
    },
    {
      "fullUrl": "urn:uuid:b2abccbc-1327-4183-88cb-a21e7bae0603",
      "resource": {
        "id": "b2abccbc-1327-4183-88cb-a21e7bae0603",
        "meta": {
          "profile": [
            "http://standardhealthrecord.org/fhir/StructureDefinition/shr-observation-Observation"
          ]
        },
        "status": "final",
        "category": [
          {
            "coding": [
              {
                "system": "http://hl7.org/fhir/observation-category",
                "code": "laboratory"
              }
            ]
          }
        ],
        "code": {
          "coding": [
            {
              "system": "http://loinc.org",
              "code": "2571-8",
              "display": "Triglycerides"
            }
          ],
          "text": "Triglycerides"
        },
        "subject": {
          "reference": "urn:uuid:4a924342-2b65-42f3-9285-18f71bca67c1"
        },
        "context": {
          "reference": "urn:uuid:9622448c-0ada-439e-be1e-4deb53549bbc"
        },
        "effectiveDateTime": "2012-03-11T00:11:48-05:00",
        "issued": "2012-03-11T00:11:48-05:00",
        "valueQuantity": {
          "value": 120,
          "unit": "mg/dL",
          "system": "http://unitsofmeasure.org/",
          "code": "mg/dL"
        },
        "resourceType": "Observation"
      }
    },
    {
      "fullUrl": "urn:uuid:d131c090-b3a4-4505-a65c-6c50d96893f2",
      "resource": {
        "id": "d131c090-b3a4-4505-a65c-6c50d96893f2",
        "meta": {
          "profile": [
            "http://standardhealthrecord.org/fhir/StructureDefinition/shr-observation-Observation"
          ]
        },
        "status": "final",
        "category": [
          {
            "coding": [
              {
                "system": "http://hl7.org/fhir/observation-category",
                "code": "laboratory"
              }
            ]
          }
        ],
        "code": {
          "coding": [
            {
              "system": "http://loinc.org",
              "code": "18262-6",
              "display": "Low Density Lipoprotein Cholesterol"
            }
          ],
          "text": "Low Density Lipoprotein Cholesterol"
        },
        "subject": {
          "reference": "urn:uuid:4a924342-2b65-42f3-9285-18f71bca67c1"
        },
        "context": {
          "reference": "urn:uuid:9622448c-0ada-439e-be1e-4deb53549bbc"
        },
        "effectiveDateTime": "2012-03-11T00:11:48-05:00",
        "issued": "2012-03-11T00:11:48-05:00",
        "valueQuantity": {
          "value": 104,
          "unit": "mg/dL",
          "system": "http://unitsofmeasure.org/",
          "code": "mg/dL"
        },
        "resourceType": "Observation"
      }
    },
    {
      "fullUrl": "urn:uuid:d1cb9b0f-ba76-4048-b4e3-17e372b82b03",
      "resource": {
        "id": "d1cb9b0f-ba76-4048-b4e3-17e372b82b03",
        "meta": {
          "profile": [
            "http://standardhealthrecord.org/fhir/StructureDefinition/shr-observation-Observation"
          ]
        },
        "status": "final",
        "category": [
          {
            "coding": [
              {
                "system": "http://hl7.org/fhir/observation-category",
                "code": "laboratory"
              }
            ]
          }
        ],
        "code": {
          "coding": [
            {
              "system": "http://loinc.org",
              "code": "2085-9",
              "display": "High Density Lipoprotein Cholesterol"
            }
          ],
          "text": "High Density Lipoprotein Cholesterol"
        },
        "subject": {
          "reference": "urn:uuid:4a924342-2b65-42f3-9285-18f71bca67c1"
        },
        "context": {
          "reference": "urn:uuid:9622448c-0ada-439e-be1e-4deb53549bbc"
        },
        "effectiveDateTime": "2012-03-11T00:11:48-05:00",
        "issued": "2012-03-11T00:11:48-05:00",
        "valueQuantity": {
          "value": 59,
          "unit": "mg/dL",
          "system": "http://unitsofmeasure.org/",
          "code": "mg/dL"
        },
        "resourceType": "Observation"
      }
    },
    {
      "fullUrl": "urn:uuid:516aff6f-b2b8-4695-a8ec-1729c49717e7",
      "resource": {
        "id": "516aff6f-b2b8-4695-a8ec-1729c49717e7",
        "meta": {
          "profile": [
            "http://standardhealthrecord.org/fhir/StructureDefinition/shr-observation-Panel"
          ]
        },
        "status": "final",
        "code": {
          "coding": [
            {
              "system": "http://loinc.org",
              "code": "57698-3",
              "display": "Lipid Panel"
            }
          ]
        },
        "subject": {
          "reference": "urn:uuid:4a924342-2b65-42f3-9285-18f71bca67c1"
        },
        "context": {
          "reference": "urn:uuid:9622448c-0ada-439e-be1e-4deb53549bbc"
        },
        "effectiveDateTime": "2012-03-11T00:11:48-05:00",
        "issued": "2012-03-11T00:11:48-05:00",
        "result": [
          {
            "reference": "urn:uuid:240c6fcf-0f71-482d-a92c-f42163ec87ed",
            "display": "Total Cholesterol"
          },
          {
            "reference": "urn:uuid:b2abccbc-1327-4183-88cb-a21e7bae0603",
            "display": "Triglycerides"
          },
          {
            "reference": "urn:uuid:d131c090-b3a4-4505-a65c-6c50d96893f2",
            "display": "Low Density Lipoprotein Cholesterol"
          },
          {
            "reference": "urn:uuid:d1cb9b0f-ba76-4048-b4e3-17e372b82b03",
            "display": "High Density Lipoprotein Cholesterol"
          }
        ],
        "resourceType": "DiagnosticReport"
      }
    },
    {
      "fullUrl": "urn:uuid:57215f7c-060d-4752-9256-3d02e2656896",
      "resource": {
        "id": "57215f7c-060d-4752-9256-3d02e2656896",
        "meta": {
          "profile": [
            "http://standardhealthrecord.org/fhir/StructureDefinition/shr-observation-Observation",
            "http://standardhealthrecord.org/fhir/StructureDefinition/shr-vital-VitalSign",
            "http://standardhealthrecord.org/fhir/StructureDefinition/shr-vital-BodyHeight"
          ]
        },
        "status": "final",
        "category": [
          {
            "coding": [
              {
                "system": "http://hl7.org/fhir/observation-category",
                "code": "vital-signs"
              }
            ]
          }
        ],
        "code": {
          "coding": [
            {
              "system": "http://loinc.org",
              "code": "8302-2",
              "display": "Body Height"
            }
          ],
          "text": "Body Height"
        },
        "subject": {
          "reference": "urn:uuid:4a924342-2b65-42f3-9285-18f71bca67c1"
        },
        "context": {
          "reference": "urn:uuid:9622448c-0ada-439e-be1e-4deb53549bbc"
        },
        "effectiveDateTime": "2015-03-02T15:12:27-05:00",
        "issued": "2015-03-02T15:12:27-05:00",
        "valueQuantity": {
          "value": 190.18486578628978,
          "unit": "cm",
          "system": "http://unitsofmeasure.org/",
          "code": "cm"
        },
        "resourceType": "Observation"
      }
    },
    {
      "fullUrl": "urn:uuid:63b83524-ced8-40b9-9cff-4203ee5bd635",
      "resource": {
        "id": "63b83524-ced8-40b9-9cff-4203ee5bd635",
        "meta": {
          "profile": [
            "http://standardhealthrecord.org/fhir/StructureDefinition/shr-observation-Observation",
            "http://standardhealthrecord.org/fhir/StructureDefinition/shr-vital-VitalSign",
            "http://standardhealthrecord.org/fhir/StructureDefinition/shr-vital-BodyWeight"
          ]
        },
        "status": "final",
        "category": [
          {
            "coding": [
              {
                "system": "http://hl7.org/fhir/observation-category",
                "code": "vital-signs"
              }
            ]
          }
        ],
        "code": {
          "coding": [
            {
              "system": "http://loinc.org",
              "code": "29463-7",
              "display": "Body Weight"
            }
          ],
          "text": "Body Weight"
        },
        "subject": {
          "reference": "urn:uuid:4a924342-2b65-42f3-9285-18f71bca67c1"
        },
        "context": {
          "reference": "urn:uuid:9622448c-0ada-439e-be1e-4deb53549bbc"
        },
        "effectiveDateTime": "2015-03-02T15:12:27-05:00",
        "issued": "2015-03-02T15:12:27-05:00",
        "valueQuantity": {
          "value": 90.38187987254919,
          "unit": "kg",
          "system": "http://unitsofmeasure.org/",
          "code": "kg"
        },
        "resourceType": "Observation"
      }
    },
    {
      "fullUrl": "urn:uuid:9ba9da73-a150-4d7e-87d3-94c07f553168",
      "resource": {
        "id": "9ba9da73-a150-4d7e-87d3-94c07f553168",
        "meta": {
          "profile": [
            "http://standardhealthrecord.org/fhir/StructureDefinition/shr-observation-Observation",
            "http://standardhealthrecord.org/fhir/StructureDefinition/shr-vital-VitalSign",
            "http://standardhealthrecord.org/fhir/StructureDefinition/shr-vital-BodyMassIndex"
          ]
        },
        "status": "final",
        "category": [
          {
            "coding": [
              {
                "system": "http://hl7.org/fhir/observation-category",
                "code": "vital-signs"
              }
            ]
          }
        ],
        "code": {
          "coding": [
            {
              "system": "http://loinc.org",
              "code": "39156-5",
              "display": "Body Mass Index"
            }
          ],
          "text": "Body Mass Index"
        },
        "subject": {
          "reference": "urn:uuid:4a924342-2b65-42f3-9285-18f71bca67c1"
        },
        "context": {
          "reference": "urn:uuid:9622448c-0ada-439e-be1e-4deb53549bbc"
        },
        "effectiveDateTime": "2015-03-02T15:12:27-05:00",
        "issued": "2015-03-02T15:12:27-05:00",
        "valueQuantity": {
          "value": 24.98788285327698,
          "unit": "kg/m2",
          "system": "http://unitsofmeasure.org/",
          "code": "kg/m2"
        },
        "resourceType": "Observation"
      }
    },
    {
      "fullUrl": "urn:uuid:9c077e57-fbc3-48c9-ae2f-a092211033b9",
      "resource": {
        "id": "9c077e57-fbc3-48c9-ae2f-a092211033b9",
        "meta": {
          "profile": [
            "http://standardhealthrecord.org/fhir/StructureDefinition/shr-observation-Observation",
            "http://standardhealthrecord.org/fhir/StructureDefinition/shr-vital-BloodPressure"
          ]
        },
        "status": "final",
        "category": [
          {
            "coding": [
              {
                "system": "http://hl7.org/fhir/observation-category",
                "code": "vital-signs"
              }
            ]
          }
        ],
        "code": {
          "coding": [
            {
              "system": "http://loinc.org",
              "code": "55284-4",
              "display": "Blood Pressure"
            }
          ]
        },
        "subject": {
          "reference": "urn:uuid:4a924342-2b65-42f3-9285-18f71bca67c1"
        },
        "context": {
          "reference": "urn:uuid:9622448c-0ada-439e-be1e-4deb53549bbc"
        },
        "effectiveDateTime": "2015-03-02T15:12:27-05:00",
        "issued": "2015-03-02T15:12:27-05:00",
        "component": [
          {
            "code": {
              "coding": [
                {
                  "system": "http://loinc.org",
                  "code": "8480-6",
                  "display": "Systolic Blood Pressure"
                }
              ],
              "text": "Systolic Blood Pressure"
            },
            "valueQuantity": {
              "value": 135,
              "unit": "mmHg",
              "system": "http://unitsofmeasure.org/",
              "code": "mmHg"
            }
          },
          {
            "code": {
              "coding": [
                {
                  "system": "http://loinc.org",
                  "code": "8462-4",
                  "display": "Diastolic Blood Pressure"
                }
              ],
              "text": "Diastolic Blood Pressure"
            },
            "valueQuantity": {
              "value": 79,
              "unit": "mmHg",
              "system": "http://unitsofmeasure.org/",
              "code": "mmHg"
            }
          }
        ],
        "resourceType": "Observation"
      }
    },
    {
      "fullUrl": "urn:uuid:f454d2dc-5d45-40b1-93e0-4705f92e984f",
      "resource": {
        "id": "f454d2dc-5d45-40b1-93e0-4705f92e984f",
        "meta": {
          "profile": [
            "http://standardhealthrecord.org/fhir/StructureDefinition/shr-procedure-Procedure"
          ]
        },
        "extension": [
          {
            "url": "http://standardhealthrecord.org/fhir/StructureDefinition/shr-core-CodeableConcept-extension",
            "valueCodeableConcept": {
              "coding": [
                {
                  "system": "http://snomed.info/sct",
                  "code": "428191000124101",
                  "display": "Documentation of current medications"
                }
              ],
              "text": "Documentation of current medications"
            }
          }
        ],
        "status": "completed",
        "code": {
          "coding": [
            {
              "system": "http://snomed.info/sct",
              "code": "428191000124101",
              "display": "Documentation of current medications"
            }
          ],
          "text": "Documentation of current medications"
        },
        "subject": {
          "reference": "urn:uuid:4a924342-2b65-42f3-9285-18f71bca67c1"
        },
        "context": {
          "reference": "urn:uuid:9622448c-0ada-439e-be1e-4deb53549bbc"
        },
        "performedDateTime": "2012-03-11T00:11:48-05:00",
        "resourceType": "Procedure"
      }
    },
    {
      "resource": {
        "meta": {
          "profile": [
            "http://standardhealthrecord.org/fhir/StructureDefinition/shr-immunization-Immunization"
          ]
        },
        "status": "completed",
        "notGiven": false,
        "vaccineCode": {
          "coding": [
            {
              "system": "http://hl7.org/fhir/sid/cvx",
              "code": "140",
              "display": "Influenza, seasonal, injectable, preservative free"
            }
          ],
          "text": "Influenza, seasonal, injectable, preservative free"
        },
        "patient": {
          "reference": "urn:uuid:4a924342-2b65-42f3-9285-18f71bca67c1"
        },
        "encounter": {
          "reference": "urn:uuid:9622448c-0ada-439e-be1e-4deb53549bbc"
        },
        "date": "2012-03-11T00:11:48-05:00",
        "primarySource": true,
        "resourceType": "Immunization"
      }
    },
    {
      "resource": {
        "meta": {
          "profile": [
            "http://standardhealthrecord.org/fhir/StructureDefinition/shr-immunization-Immunization"
          ]
        },
        "status": "completed",
        "notGiven": false,
        "vaccineCode": {
          "coding": [
            {
              "system": "http://hl7.org/fhir/sid/cvx",
              "code": "140",
              "display": "Influenza, seasonal, injectable, preservative free"
            }
          ],
          "text": "Influenza, seasonal, injectable, preservative free"
        },
        "patient": {
          "reference": "urn:uuid:4a924342-2b65-42f3-9285-18f71bca67c1"
        },
        "encounter": {
          "reference": "urn:uuid:9622448c-0ada-439e-be1e-4deb53549bbc"
        },
        "date": "2015-03-02T15:12:27-05:00",
        "primarySource": true,
        "resourceType": "Immunization"
      }
    },
    {
      "fullUrl": "urn:uuid:bab11b7e-1a1e-4327-bedb-ebc7a5dc1ee7",
      "resource": {
        "id": "bab11b7e-1a1e-4327-bedb-ebc7a5dc1ee7",
        "meta": {
          "profile": [
            "http://standardhealthrecord.org/fhir/StructureDefinition/shr-encounter-Encounter"
          ]
        },
        "status": "finished",
        "class": {
          "code": "outpatient"
        },
        "type": [
          {
            "coding": [
              {
                "system": "http://snomed.info/sct",
                "code": "185349003"
              }
            ],
            "text": "Outpatient Encounter"
          }
        ],
        "subject": {
          "reference": "urn:uuid:4a924342-2b65-42f3-9285-18f71bca67c1"
        },
        "period": {
          "start": "2012-03-11T00:11:48-05:00",
          "end": "2012-03-11T01:11:48-05:00"
        },
        "serviceProvider": {
          "reference": "urn:uuid:20fe085c-2e8d-4e9f-ab28-fcaf6c8d0fca"
        },
        "resourceType": "Encounter"
      }
    },
    {
      "fullUrl": "urn:uuid:80c8af1f-9cca-4303-a26a-68027b9fee45",
      "resource": {
        "id": "80c8af1f-9cca-4303-a26a-68027b9fee45",
        "status": "active",
        "use": "complete",
        "patient": {
          "reference": "urn:uuid:4a924342-2b65-42f3-9285-18f71bca67c1"
        },
        "billablePeriod": {
          "start": "2012-03-11T00:11:48-05:00",
          "end": "2012-03-11T01:11:48-05:00"
        },
        "organization": {
          "reference": {
            "reference": "urn:uuid:20fe085c-2e8d-4e9f-ab28-fcaf6c8d0fca"
          }
        },
        "item": [
          {
            "sequence": 1,
            "net": {
              "value": 125.0,
              "system": "urn:iso:std:iso:4217",
              "code": "USD"
            },
            "encounter": [
              {
                "reference": {
                  "fullUrl": "urn:uuid:bab11b7e-1a1e-4327-bedb-ebc7a5dc1ee7",
                  "resource": {
                    "id": "bab11b7e-1a1e-4327-bedb-ebc7a5dc1ee7",
                    "meta": {
                      "profile": [
                        "http://standardhealthrecord.org/fhir/StructureDefinition/shr-encounter-Encounter"
                      ]
                    },
                    "status": "finished",
                    "class": {
                      "code": "outpatient"
                    },
                    "type": [
                      {
                        "coding": [
                          {
                            "system": "http://snomed.info/sct",
                            "code": "185349003"
                          }
                        ],
                        "text": "Outpatient Encounter"
                      }
                    ],
                    "subject": {
                      "reference": "urn:uuid:4a924342-2b65-42f3-9285-18f71bca67c1"
                    },
                    "period": {
                      "start": "2012-03-11T00:11:48-05:00",
                      "end": "2012-03-11T01:11:48-05:00"
                    },
                    "serviceProvider": {
                      "reference": "urn:uuid:20fe085c-2e8d-4e9f-ab28-fcaf6c8d0fca"
                    },
                    "resourceType": "Encounter"
                  }
                }
              }
            ]
          }
        ],
        "total": {
          "value": 125.0,
          "system": "urn:iso:std:iso:4217",
          "code": "USD"
        },
        "resourceType": "Claim"
      }
    },
    {
      "fullUrl": "urn:uuid:557240db-3c02-48cc-891e-1be4b4d11cbd",
      "resource": {
        "id": "557240db-3c02-48cc-891e-1be4b4d11cbd",
        "meta": {
          "profile": [
            "http://standardhealthrecord.org/fhir/StructureDefinition/shr-encounter-Encounter"
          ]
        },
        "status": "finished",
        "class": {
          "code": "outpatient"
        },
        "type": [
          {
            "coding": [
              {
                "system": "http://snomed.info/sct",
                "code": "185349003"
              }
            ],
            "text": "Outpatient Encounter"
          }
        ],
        "subject": {
          "reference": "urn:uuid:4a924342-2b65-42f3-9285-18f71bca67c1"
        },
        "period": {
          "start": "2015-03-02T15:12:27-05:00",
          "end": "2015-03-02T16:12:27-05:00"
        },
        "serviceProvider": {
          "reference": "urn:uuid:20fe085c-2e8d-4e9f-ab28-fcaf6c8d0fca"
        },
        "resourceType": "Encounter"
      }
    },
    {
      "fullUrl": "urn:uuid:e7c9036c-4deb-4b21-be04-5a1586715ccd",
      "resource": {
        "id": "e7c9036c-4deb-4b21-be04-5a1586715ccd",
        "status": "active",
        "use": "complete",
        "patient": {
          "reference": "urn:uuid:4a924342-2b65-42f3-9285-18f71bca67c1"
        },
        "billablePeriod": {
          "start": "2015-03-02T15:12:27-05:00",
          "end": "2015-03-02T16:12:27-05:00"
        },
        "organization": {
          "reference": {
            "reference": "urn:uuid:20fe085c-2e8d-4e9f-ab28-fcaf6c8d0fca"
          }
        },
        "item": [
          {
            "sequence": 1,
            "net": {
              "value": 125.0,
              "system": "urn:iso:std:iso:4217",
              "code": "USD"
            },
            "encounter": [
              {
                "reference": {
                  "fullUrl": "urn:uuid:557240db-3c02-48cc-891e-1be4b4d11cbd",
                  "resource": {
                    "id": "557240db-3c02-48cc-891e-1be4b4d11cbd",
                    "meta": {
                      "profile": [
                        "http://standardhealthrecord.org/fhir/StructureDefinition/shr-encounter-Encounter"
                      ]
                    },
                    "status": "finished",
                    "class": {
                      "code": "outpatient"
                    },
                    "type": [
                      {
                        "coding": [
                          {
                            "system": "http://snomed.info/sct",
                            "code": "185349003"
                          }
                        ],
                        "text": "Outpatient Encounter"
                      }
                    ],
                    "subject": {
                      "reference": "urn:uuid:4a924342-2b65-42f3-9285-18f71bca67c1"
                    },
                    "period": {
                      "start": "2015-03-02T15:12:27-05:00",
                      "end": "2015-03-02T16:12:27-05:00"
                    },
                    "serviceProvider": {
                      "reference": "urn:uuid:20fe085c-2e8d-4e9f-ab28-fcaf6c8d0fca"
                    },
                    "resourceType": "Encounter"
                  }
                }
              }
            ]
          }
        ],
        "total": {
          "value": 125.0,
          "system": "urn:iso:std:iso:4217",
          "code": "USD"
        },
        "resourceType": "Claim"
      }
    },
    {
      "fullUrl": "urn:uuid:217debcc-c22c-481e-ac0f-014c35e6e64e",
      "resource": {
        "id": "217debcc-c22c-481e-ac0f-014c35e6e64e",
        "meta": {
          "profile": [
            "http://standardhealthrecord.org/fhir/StructureDefinition/shr-encounter-Encounter"
          ]
        },
        "status": "finished",
        "class": {
          "code": "ambulatory"
        },
        "type": [
          {
            "coding": [
              {
                "system": "http://snomed.info/sct",
                "code": "185345009"
              }
            ],
            "text": "Encounter for symptom"
          }
        ],
        "subject": {
          "reference": "urn:uuid:4a924342-2b65-42f3-9285-18f71bca67c1"
        },
        "period": {
          "start": "2016-10-12T09:46:35-04:00",
          "end": "2016-10-12T09:46:35-04:00"
        },
        "reason": [
          {
            "coding": [
              {
                "system": "http://snomed.info/sct",
                "code": "444814009",
                "display": "Viral sinusitis (disorder)"
              }
            ]
          }
        ],
        "serviceProvider": {
          "reference": "urn:uuid:20fe085c-2e8d-4e9f-ab28-fcaf6c8d0fca"
        },
        "resourceType": "Encounter"
      }
    },
    {
      "fullUrl": "urn:uuid:b04dc60a-4a81-428c-a80a-3db48280cc9e",
      "resource": {
        "id": "b04dc60a-4a81-428c-a80a-3db48280cc9e",
        "status": "active",
        "use": "complete",
        "patient": {
          "reference": "urn:uuid:4a924342-2b65-42f3-9285-18f71bca67c1"
        },
        "billablePeriod": {
          "start": "2016-10-12T09:46:35-04:00",
          "end": "2016-10-12T09:46:35-04:00"
        },
        "organization": {
          "reference": {
            "reference": "urn:uuid:20fe085c-2e8d-4e9f-ab28-fcaf6c8d0fca"
          }
        },
        "item": [
          {
            "sequence": 1,
            "net": {
              "value": 125.0,
              "system": "urn:iso:std:iso:4217",
              "code": "USD"
            },
            "encounter": [
              {
                "reference": {
                  "fullUrl": "urn:uuid:217debcc-c22c-481e-ac0f-014c35e6e64e",
                  "resource": {
                    "id": "217debcc-c22c-481e-ac0f-014c35e6e64e",
                    "meta": {
                      "profile": [
                        "http://standardhealthrecord.org/fhir/StructureDefinition/shr-encounter-Encounter"
                      ]
                    },
                    "status": "finished",
                    "class": {
                      "code": "ambulatory"
                    },
                    "type": [
                      {
                        "coding": [
                          {
                            "system": "http://snomed.info/sct",
                            "code": "185345009"
                          }
                        ],
                        "text": "Encounter for symptom"
                      }
                    ],
                    "subject": {
                      "reference": "urn:uuid:4a924342-2b65-42f3-9285-18f71bca67c1"
                    },
                    "period": {
                      "start": "2016-10-12T09:46:35-04:00",
                      "end": "2016-10-12T09:46:35-04:00"
                    },
                    "reason": [
                      {
                        "coding": [
                          {
                            "system": "http://snomed.info/sct",
                            "code": "444814009",
                            "display": "Viral sinusitis (disorder)"
                          }
                        ]
                      }
                    ],
                    "serviceProvider": {
                      "reference": "urn:uuid:20fe085c-2e8d-4e9f-ab28-fcaf6c8d0fca"
                    },
                    "resourceType": "Encounter"
                  }
                }
              }
            ]
          }
        ],
        "total": {
          "value": 125.0,
          "system": "urn:iso:std:iso:4217",
          "code": "USD"
        },
        "resourceType": "Claim"
      }
    },
    {
      "fullUrl": "urn:uuid:1521c182-45e5-4308-92f6-21d8aae0f84d",
      "resource": {
        "id": "1521c182-45e5-4308-92f6-21d8aae0f84d",
        "meta": {
          "profile": [
            "http://standardhealthrecord.org/fhir/StructureDefinition/shr-observation-Observation"
          ]
        },
        "status": "final",
        "category": [
          {
            "coding": [
              {
                "system": "http://hl7.org/fhir/observation-category",
                "code": "survey"
              }
            ]
          }
        ],
        "code": {
          "coding": [
            {
              "system": "http://snomed.info/sct",
              "code": "273724008",
              "display": "Quality adjusted life years"
            }
          ],
          "text": "Quality adjusted life years"
        },
        "subject": {
          "reference": "urn:uuid:4a924342-2b65-42f3-9285-18f71bca67c1"
        },
        "effectiveDateTime": "2017-10-31T16:09:28-04:00",
        "issued": "2017-10-31T16:09:28-04:00",
        "valueQuantity": {
          "value": 40,
          "unit": "years",
          "system": "http://unitsofmeasure.org/",
          "code": "years"
        },
        "resourceType": "Observation"
      }
    },
    {
      "fullUrl": "urn:uuid:cb9949be-3cc1-4714-987c-1c3cb5ba656e",
      "resource": {
        "id": "cb9949be-3cc1-4714-987c-1c3cb5ba656e",
        "meta": {
          "profile": [
            "http://standardhealthrecord.org/fhir/StructureDefinition/shr-observation-Observation"
          ]
        },
        "status": "final",
        "category": [
          {
            "coding": [
              {
                "system": "http://hl7.org/fhir/observation-category",
                "code": "survey"
              }
            ]
          }
        ],
        "code": {
          "coding": [
            {
              "system": "http://snomed.info/sct",
              "code": "273421001",
              "display": "Disability rating scale"
            }
          ],
          "text": "Disability rating scale"
        },
        "subject": {
          "reference": "urn:uuid:4a924342-2b65-42f3-9285-18f71bca67c1"
        },
        "effectiveDateTime": "2017-10-31T16:09:28-04:00",
        "issued": "2017-10-31T16:09:28-04:00",
        "valueQuantity": {
          "value": 0,
          "unit": "years",
          "system": "http://unitsofmeasure.org/",
          "code": "years"
        },
        "resourceType": "Observation"
      }
    }
  ],
  "resourceType": "Bundle"
}