{
  "type": "collection",
  "entry": [
    {
      "fullUrl": "urn:uuid:3316937c-e7b2-4fac-8e2d-2d755ff1fec4",
      "resource": {
        "id": "3316937c-e7b2-4fac-8e2d-2d755ff1fec4",
        "meta": {
          "profile": [
            "http://standardhealthrecord.org/fhir/StructureDefinition/shr-actor-Organization"
          ]
        },
        "type": [
          {
            "coding": [
              {
                "system": "http://hl7.org/fhir/organization-type",
                "code": "prov",
                "display": "Healthcare Provider"
              }
            ],
            "text": "Healthcare Provider"
          }
        ],
        "name": "ST ANNE'S HOSPITAL PAIN MANAGMT CTR",
        "resourceType": "Organization"
      }
    },
    {
      "fullUrl": "urn:uuid:9483d59c-4381-451e-9c72-0095add96ceb",
      "resource": {
        "id": "9483d59c-4381-451e-9c72-0095add96ceb",
        "meta": {
          "profile": [
            "http://standardhealthrecord.org/fhir/StructureDefinition/shr-demographics-PersonOfRecord"
          ]
        },
        "text": {
          "status": "generated",
          "div": "<div xmlns=\"http://www.w3.org/1999/xhtml\">Generated by <a href=\"https://github.com/synthetichealth/synthea\">Synthea</a>. Version identifier: 368ac389f34cd3ce3986aa3a0a08e467bf574db3</div>"
        },
        "extension": [
          {
            "url": "http://hl7.org/fhir/us/core/StructureDefinition/us-core-race",
            "valueCodeableConcept": {
              "coding": [
                {
                  "system": "http://hl7.org/fhir/v3/Race",
                  "code": "2106-3",
                  "display": "White"
                }
              ],
              "text": "race"
            }
          },
          {
            "url": "http://hl7.org/fhir/us/core/StructureDefinition/us-core-ethnicity",
            "valueCodeableConcept": {
              "coding": [
                {
                  "system": "http://hl7.org/fhir/v3/Ethnicity",
                  "code": "2186-5",
                  "display": "Nonhispanic"
                }
              ],
              "text": "ethnicity"
            }
          },
          {
            "url": "http://hl7.org/fhir/StructureDefinition/birthPlace",
            "valueAddress": {
              "city": "Lenox",
              "state": "MA",
              "country": "US"
            }
          },
          {
            "url": "http://hl7.org/fhir/StructureDefinition/patient-mothersMaidenName",
            "valueString": "Charis989 Bogan763"
          },
          {
            "url": "http://hl7.org/fhir/us/core/StructureDefinition/us-core-birthsex",
            "valueCode": "M"
          },
          {
            "url": "http://hl7.org/fhir/StructureDefinition/patient-interpreterRequired",
            "valueBoolean": false
          },
          {
            "url": "http://standardhealthrecord.org/fhir/StructureDefinition/shr-actor-FictionalPerson-extension",
            "valueBoolean": true
          },
          {
            "url": "http://standardhealthrecord.org/fhir/StructureDefinition/shr-demographics-FathersName-extension",
            "valueHumanName": {
              "text": "Augustus747 Ankunding307"
            }
          },
          {
            "url": "http://standardhealthrecord.org/fhir/StructureDefinition/shr-demographics-SocialSecurityNumber-extension",
            "valueString": "999-66-3017"
          }
        ],
        "identifier": [
          {
            "system": "https://github.com/synthetichealth/synthea",
            "value": "08d81718-f1a8-4094-aea4-8a58e33e9eba"
          },
          {
            "type": {
              "coding": [
                {
                  "system": "http://hl7.org/fhir/identifier-type",
                  "code": "SB"
                }
              ]
            },
            "system": "http://hl7.org/fhir/sid/us-ssn",
            "value": "999663017"
          },
          {
            "type": {
              "coding": [
                {
                  "system": "http://hl7.org/fhir/v2/0203",
                  "code": "DL"
                }
              ]
            },
            "system": "urn:oid:2.16.840.1.113883.4.3.25",
            "value": "S99919158"
          },
          {
            "type": {
              "coding": [
                {
                  "system": "http://hl7.org/fhir/v2/0203",
                  "code": "MR"
                }
              ]
            },
            "system": "http://hospital.smarthealthit.org",
            "value": "08d81718-f1a8-4094-aea4-8a58e33e9eba"
          }
        ],
        "name": [
          {
            "use": "official",
            "family": "Ankunding307",
            "given": [
              "Arden826"
            ],
            "prefix": [
              "Mr."
            ]
          }
        ],
        "telecom": [
          {
            "system": "phone",
            "value": "438.113.8588 x066",
            "use": "home"
          }
        ],
        "gender": "male",
        "birthDate": "1930-01-30",
        "deceasedDateTime": "2005-08-18T08:12:53-04:00",
        "address": [
          {
            "extension": [
              {
                "extension": [
                  {
                    "url": "latitude",
                    "valueDecimal": 41.82244939499021
                  },
                  {
                    "url": "longitude",
                    "valueDecimal": -71.24133563094456
                  }
                ],
                "url": "http://hl7.org/fhir/StructureDefinition/geolocation"
              }
            ],
            "line": [
              "521 Jayda Via"
            ],
            "city": "Rehoboth",
            "state": "MA",
            "postalCode": "02769",
            "country": "US"
          }
        ],
        "maritalStatus": {
          "coding": [
            {
              "system": "http://hl7.org/fhir/v3/MaritalStatus",
              "code": "S"
            }
          ],
          "text": "S"
        },
        "multipleBirthBoolean": false,
        "communication": [
          {
            "language": {
              "coding": [
                {
                  "system": "http://hl7.org/fhir/ValueSet/languages",
                  "code": "en-US",
                  "display": "English (United States)"
                }
              ]
            }
          }
        ],
        "generalPractitioner": [
          {
            "reference": "urn:uuid:3316937c-e7b2-4fac-8e2d-2d755ff1fec4"
          }
        ],
        "resourceType": "Patient"
      }
    },
    {
      "fullUrl": "urn:uuid:ee5dcfec-2233-45f8-ba8c-d55af298d0fe",
      "resource": {
        "id": "ee5dcfec-2233-45f8-ba8c-d55af298d0fe",
        "meta": {
          "profile": [
            "http://standardhealthrecord.org/fhir/StructureDefinition/shr-encounter-Encounter"
          ]
        },
        "status": "finished",
        "class": {
          "code": "ambulatory"
        },
        "type": [
          {
            "coding": [
              {
                "system": "http://snomed.info/sct",
                "code": "308646001"
              }
            ],
            "text": "Death Certification"
          }
        ],
        "subject": {
          "reference": "urn:uuid:9483d59c-4381-451e-9c72-0095add96ceb"
        },
        "period": {
          "start": "2005-08-18T08:12:53-04:00",
          "end": "2005-08-18T08:27:53-04:00"
        },
        "serviceProvider": {
          "reference": "urn:uuid:3316937c-e7b2-4fac-8e2d-2d755ff1fec4"
        },
        "resourceType": "Encounter"
      }
    },
    {
      "fullUrl": "urn:uuid:3d8d157c-e779-42ad-99fd-d01df01452e2",
      "resource": {
        "id": "3d8d157c-e779-42ad-99fd-d01df01452e2",
        "status": "active",
        "use": "complete",
        "patient": {
          "reference": "urn:uuid:9483d59c-4381-451e-9c72-0095add96ceb"
        },
        "billablePeriod": {
          "start": "2005-08-18T08:12:53-04:00",
          "end": "2005-08-18T08:27:53-04:00"
        },
        "organization": {
          "reference": {
            "reference": "urn:uuid:3316937c-e7b2-4fac-8e2d-2d755ff1fec4"
          }
        },
        "diagnosis": [
          {
            "sequence": 1,
            "diagnosisReference": {
              "reference": "urn:uuid:d5f13928-1b10-454e-939b-249c780a4fa9"
            }
          },
          {
            "sequence": 2,
            "diagnosisReference": {
              "reference": "urn:uuid:0b5219a7-3a04-458a-9ee7-0c43736a111b"
            }
          },
          {
            "sequence": 3,
            "diagnosisReference": {
              "reference": "urn:uuid:b66e907f-6576-4d51-ac05-59f65bff5eb7"
            }
          }
        ],
        "item": [
          {
            "sequence": 1,
            "net": {
              "value": 125.0,
              "system": "urn:iso:std:iso:4217",
              "code": "USD"
            },
            "encounter": [
              {
                "reference": {
                  "fullUrl": "urn:uuid:ee5dcfec-2233-45f8-ba8c-d55af298d0fe",
                  "resource": {
                    "id": "ee5dcfec-2233-45f8-ba8c-d55af298d0fe",
                    "meta": {
                      "profile": [
                        "http://standardhealthrecord.org/fhir/StructureDefinition/shr-encounter-Encounter"
                      ]
                    },
                    "status": "finished",
                    "class": {
                      "code": "ambulatory"
                    },
                    "type": [
                      {
                        "coding": [
                          {
                            "system": "http://snomed.info/sct",
                            "code": "308646001"
                          }
                        ],
                        "text": "Death Certification"
                      }
                    ],
                    "subject": {
                      "reference": "urn:uuid:9483d59c-4381-451e-9c72-0095add96ceb"
                    },
                    "period": {
                      "start": "2005-08-18T08:12:53-04:00",
                      "end": "2005-08-18T08:27:53-04:00"
                    },
                    "serviceProvider": {
                      "reference": "urn:uuid:3316937c-e7b2-4fac-8e2d-2d755ff1fec4"
                    },
                    "resourceType": "Encounter"
                  }
                }
              }
            ]
          },
          {
            "sequence": 2,
            "diagnosisLinkId": [
              1
            ],
            "net": {
              "value": 0.0,
              "system": "urn:iso:std:iso:4217",
              "code": "USD"
            }
          },
          {
            "sequence": 3,
            "diagnosisLinkId": [
              2
            ],
            "net": {
              "value": 0.0,
              "system": "urn:iso:std:iso:4217",
              "code": "USD"
            }
          },
          {
            "sequence": 4,
            "diagnosisLinkId": [
              3
            ],
            "net": {
              "value": 0.0,
              "system": "urn:iso:std:iso:4217",
              "code": "USD"
            }
          }
        ],
        "total": {
          "value": 125.0,
          "system": "urn:iso:std:iso:4217",
          "code": "USD"
        },
        "resourceType": "Claim"
      }
    },
    {
      "fullUrl": "urn:uuid:d5f13928-1b10-454e-939b-249c780a4fa9",
      "resource": {
        "id": "d5f13928-1b10-454e-939b-249c780a4fa9",
        "meta": {
          "profile": [
            "http://standardhealthrecord.org/fhir/StructureDefinition/shr-problem-Problem"
          ]
        },
        "clinicalStatus": "active",
        "verificationStatus": "confirmed",
        "code": {
          "coding": [
            {
              "system": "http://snomed.info/sct",
              "code": "410429000",
              "display": "Cardiac Arrest"
            }
          ],
          "text": "Cardiac Arrest"
        },
        "subject": {
          "reference": "urn:uuid:9483d59c-4381-451e-9c72-0095add96ceb"
        },
        "context": {
          "reference": "urn:uuid:ee5dcfec-2233-45f8-ba8c-d55af298d0fe"
        },
        "onsetDateTime": "1958-12-25T08:12:53-05:00",
        "assertedDate": "1958-12-25",
        "resourceType": "Condition"
      }
    },
    {
      "fullUrl": "urn:uuid:0b5219a7-3a04-458a-9ee7-0c43736a111b",
      "resource": {
        "id": "0b5219a7-3a04-458a-9ee7-0c43736a111b",
        "meta": {
          "profile": [
            "http://standardhealthrecord.org/fhir/StructureDefinition/shr-problem-Problem"
          ]
        },
        "clinicalStatus": "active",
        "verificationStatus": "confirmed",
        "code": {
          "coding": [
            {
              "system": "http://snomed.info/sct",
              "code": "429007001",
              "display": "History of cardiac arrest (situation)"
            }
          ],
          "text": "History of cardiac arrest (situation)"
        },
        "subject": {
          "reference": "urn:uuid:9483d59c-4381-451e-9c72-0095add96ceb"
        },
        "context": {
          "reference": "urn:uuid:ee5dcfec-2233-45f8-ba8c-d55af298d0fe"
        },
        "onsetDateTime": "1958-12-25T08:12:53-05:00",
        "assertedDate": "1958-12-25",
        "resourceType": "Condition"
      }
    },
    {
      "fullUrl": "urn:uuid:b66e907f-6576-4d51-ac05-59f65bff5eb7",
      "resource": {
        "id": "b66e907f-6576-4d51-ac05-59f65bff5eb7",
        "meta": {
          "profile": [
            "http://standardhealthrecord.org/fhir/StructureDefinition/shr-problem-Problem"
          ]
        },
        "clinicalStatus": "active",
        "verificationStatus": "confirmed",
        "code": {
          "coding": [
            {
              "system": "http://snomed.info/sct",
              "code": "15777000",
              "display": "Prediabetes"
            }
          ],
          "text": "Prediabetes"
        },
        "subject": {
          "reference": "urn:uuid:9483d59c-4381-451e-9c72-0095add96ceb"
        },
        "context": {
          "reference": "urn:uuid:ee5dcfec-2233-45f8-ba8c-d55af298d0fe"
        },
        "onsetDateTime": "1964-07-10T02:29:43-04:00",
        "assertedDate": "1964-07-10",
        "resourceType": "Condition"
      }
    },
    {
      "fullUrl": "urn:uuid:caea2239-6a47-4b2c-9dab-eea85663ecac",
      "resource": {
        "id": "caea2239-6a47-4b2c-9dab-eea85663ecac",
        "meta": {
          "profile": [
            "http://standardhealthrecord.org/fhir/StructureDefinition/shr-observation-Observation"
          ]
        },
        "status": "final",
        "category": [
          {
            "coding": [
              {
                "system": "http://hl7.org/fhir/observation-category"
              }
            ]
          }
        ],
        "code": {
          "coding": [
            {
              "system": "http://loinc.org",
              "code": "69453-9",
              "display": "Cause of Death [US Standard Certificate of Death]"
            }
          ],
          "text": "Cause of Death [US Standard Certificate of Death]"
        },
        "subject": {
          "reference": "urn:uuid:9483d59c-4381-451e-9c72-0095add96ceb"
        },
        "context": {
          "reference": "urn:uuid:ee5dcfec-2233-45f8-ba8c-d55af298d0fe"
        },
        "effectiveDateTime": "2005-08-18T08:12:53-04:00",
        "issued": "2005-08-18T08:12:53-04:00",
        "valueCodeableConcept": {
          "coding": [
            {
              "system": "http://snomed.info/sct",
              "code": "9855000",
              "display": "Natural death with unknown cause"
            }
          ],
          "text": "Natural death with unknown cause"
        },
        "resourceType": "Observation"
      }
    },
    {
      "fullUrl": "urn:uuid:4f637109-07f8-489f-bdac-e86f0569f28c",
      "resource": {
        "id": "4f637109-07f8-489f-bdac-e86f0569f28c",
        "meta": {
          "profile": [
            "http://standardhealthrecord.org/fhir/StructureDefinition/shr-observation-Panel"
          ]
        },
        "status": "final",
        "code": {
          "coding": [
            {
              "system": "http://loinc.org",
              "code": "69409-1",
              "display": "U.S. standard certificate of death - 2003 revision"
            }
          ]
        },
        "subject": {
          "reference": "urn:uuid:9483d59c-4381-451e-9c72-0095add96ceb"
        },
        "context": {
          "reference": "urn:uuid:ee5dcfec-2233-45f8-ba8c-d55af298d0fe"
        },
        "effectiveDateTime": "2005-08-18T08:12:53-04:00",
        "issued": "2005-08-18T08:12:53-04:00",
        "result": [
          {
            "reference": "urn:uuid:caea2239-6a47-4b2c-9dab-eea85663ecac",
            "display": "Cause of Death [US Standard Certificate of Death]"
          }
        ],
        "resourceType": "DiagnosticReport"
      }
    },
    {
      "resource": {
        "status": "active",
        "intent": "order",
        "category": [
          {
            "coding": [
              {
                "system": "http://snomed.info/sct",
                "code": "698358001",
                "display": "Angina self management plan"
              }
            ]
          }
        ],
        "subject": {
          "reference": "urn:uuid:9483d59c-4381-451e-9c72-0095add96ceb"
        },
        "context": {
          "reference": "urn:uuid:ee5dcfec-2233-45f8-ba8c-d55af298d0fe"
        },
        "period": {
          "start": "1961-08-23"
        },
        "addresses": [
          {
            "reference": "urn:uuid:d5f13928-1b10-454e-939b-249c780a4fa9"
          }
        ],
        "activity": [
          {
            "detail": {
              "code": {
                "coding": [
                  {
                    "system": "http://snomed.info/sct",
                    "code": "229065009",
                    "display": "Exercise therapy"
                  }
                ]
              },
              "status": "in-progress"
            }
          },
          {
            "detail": {
              "code": {
                "coding": [
                  {
                    "system": "http://snomed.info/sct",
                    "code": "226060000",
                    "display": "Stress management"
                  }
                ]
              },
              "status": "in-progress"
            }
          },
          {
            "detail": {
              "code": {
                "coding": [
                  {
                    "system": "http://snomed.info/sct",
                    "code": "710081004",
                    "display": "Smoking cessation therapy"
                  }
                ]
              },
              "status": "in-progress"
            }
          },
          {
            "detail": {
              "code": {
                "coding": [
                  {
                    "system": "http://snomed.info/sct",
                    "code": "226234005",
                    "display": "Healthy diet"
                  }
                ]
              },
              "status": "in-progress"
            }
          }
        ],
        "resourceType": "CarePlan"
      }
    },
    {
      "fullUrl": "urn:uuid:de585a60-e3c8-465b-92eb-c40434dc6675",
      "resource": {
        "id": "de585a60-e3c8-465b-92eb-c40434dc6675",
        "status": "in-progress",
        "description": {
          "text": "Hemoglobin A1c total in Blood < 7.0"
        },
        "addresses": [
          {
            "reference": "urn:uuid:b66e907f-6576-4d51-ac05-59f65bff5eb7"
          }
        ],
        "resourceType": "Goal"
      }
    },
    {
      "fullUrl": "urn:uuid:82759a81-69d4-4b14-b136-629dab3a10cc",
      "resource": {
        "id": "82759a81-69d4-4b14-b136-629dab3a10cc",
        "status": "in-progress",
        "description": {
          "text": "Glucose [Mass/volume] in Blood < 108"
        },
        "addresses": [
          {
            "reference": "urn:uuid:b66e907f-6576-4d51-ac05-59f65bff5eb7"
          }
        ],
        "resourceType": "Goal"
      }
    },
    {
      "fullUrl": "urn:uuid:a67bb32c-7feb-4a73-98b3-f9e911f1ef0a",
      "resource": {
        "id": "a67bb32c-7feb-4a73-98b3-f9e911f1ef0a",
        "status": "in-progress",
        "description": {
          "text": "Maintain blood pressure below 140/90 mmHg"
        },
        "addresses": [
          {
            "reference": "urn:uuid:b66e907f-6576-4d51-ac05-59f65bff5eb7"
          }
        ],
        "resourceType": "Goal"
      }
    },
    {
      "fullUrl": "urn:uuid:ce258785-9106-493c-b5c8-5b11f87011da",
      "resource": {
        "id": "ce258785-9106-493c-b5c8-5b11f87011da",
        "status": "in-progress",
        "description": {
          "text": "Improve and maintenance of optimal foot health: aim at early detection of peripheral vascular problems and neuropathy presumed due to diabetes; and prevention of diabetic foot ulcer, gangrene"
        },
        "addresses": [
          {
            "reference": "urn:uuid:b66e907f-6576-4d51-ac05-59f65bff5eb7"
          }
        ],
        "resourceType": "Goal"
      }
    },
    {
      "fullUrl": "urn:uuid:4e741668-2842-4be5-b8c4-84dae273c4f6",
      "resource": {
        "id": "4e741668-2842-4be5-b8c4-84dae273c4f6",
        "status": "in-progress",
        "description": {
          "text": "Address patient knowledge deficit on diabetic self-care"
        },
        "addresses": [
          {
            "reference": "urn:uuid:b66e907f-6576-4d51-ac05-59f65bff5eb7"
          }
        ],
        "resourceType": "Goal"
      }
    },
    {
      "resource": {
        "status": "active",
        "intent": "order",
        "category": [
          {
            "coding": [
              {
                "system": "http://snomed.info/sct",
                "code": "698360004",
                "display": "Diabetes self management plan"
              }
            ]
          }
        ],
        "subject": {
          "reference": "urn:uuid:9483d59c-4381-451e-9c72-0095add96ceb"
        },
        "context": {
          "reference": "urn:uuid:ee5dcfec-2233-45f8-ba8c-d55af298d0fe"
        },
        "period": {
          "start": "1964-07-10"
        },
        "addresses": [
          {
            "reference": "urn:uuid:b66e907f-6576-4d51-ac05-59f65bff5eb7"
          }
        ],
        "goal": [
          {
            "reference": "urn:uuid:de585a60-e3c8-465b-92eb-c40434dc6675"
          },
          {
            "reference": "urn:uuid:82759a81-69d4-4b14-b136-629dab3a10cc"
          },
          {
            "reference": "urn:uuid:a67bb32c-7feb-4a73-98b3-f9e911f1ef0a"
          },
          {
            "reference": "urn:uuid:ce258785-9106-493c-b5c8-5b11f87011da"
          },
          {
            "reference": "urn:uuid:4e741668-2842-4be5-b8c4-84dae273c4f6"
          }
        ],
        "activity": [
          {
            "detail": {
              "code": {
                "coding": [
                  {
                    "system": "http://snomed.info/sct",
                    "code": "160670007",
                    "display": "Diabetic diet"
                  }
                ]
              },
              "status": "in-progress"
            }
          },
          {
            "detail": {
              "code": {
                "coding": [
                  {
                    "system": "http://snomed.info/sct",
                    "code": "229065009",
                    "display": "Exercise therapy"
                  }
                ]
              },
              "status": "in-progress"
            }
          }
        ],
        "resourceType": "CarePlan"
      }
    },
    {
      "fullUrl": "urn:uuid:262674d0-f70e-42fc-8256-c7d7864ee16e",
      "resource": {
        "id": "262674d0-f70e-42fc-8256-c7d7864ee16e",
        "meta": {
          "profile": [
            "http://standardhealthrecord.org/fhir/StructureDefinition/shr-observation-Observation"
          ]
        },
        "status": "final",
        "category": [
          {
            "coding": [
              {
                "system": "http://hl7.org/fhir/observation-category",
                "code": "survey"
              }
            ]
          }
        ],
        "code": {
          "coding": [
            {
              "system": "http://snomed.info/sct",
              "code": "273724008",
              "display": "Quality adjusted life years"
            }
          ],
          "text": "Quality adjusted life years"
        },
        "subject": {
          "reference": "urn:uuid:9483d59c-4381-451e-9c72-0095add96ceb"
        },
        "effectiveDateTime": "2017-10-31T16:09:28-04:00",
        "issued": "2017-10-31T16:09:28-04:00",
        "valueQuantity": {
          "value": 72.83827504758986,
          "unit": "years",
          "system": "http://unitsofmeasure.org/",
          "code": "years"
        },
        "resourceType": "Observation"
      }
    },
    {
      "fullUrl": "urn:uuid:34829d98-b26a-4b52-aa8f-0884e54722fe",
      "resource": {
        "id": "34829d98-b26a-4b52-aa8f-0884e54722fe",
        "meta": {
          "profile": [
            "http://standardhealthrecord.org/fhir/StructureDefinition/shr-observation-Observation"
          ]
        },
        "status": "final",
        "category": [
          {
            "coding": [
              {
                "system": "http://hl7.org/fhir/observation-category",
                "code": "survey"
              }
            ]
          }
        ],
        "code": {
          "coding": [
            {
              "system": "http://snomed.info/sct",
              "code": "273421001",
              "display": "Disability rating scale"
            }
          ],
          "text": "Disability rating scale"
        },
        "subject": {
          "reference": "urn:uuid:9483d59c-4381-451e-9c72-0095add96ceb"
        },
        "effectiveDateTime": "2017-10-31T16:09:28-04:00",
        "issued": "2017-10-31T16:09:28-04:00",
        "valueQuantity": {
          "value": 19.494224952410157,
          "unit": "years",
          "system": "http://unitsofmeasure.org/",
          "code": "years"
        },
        "resourceType": "Observation"
      }
    }
  ],
  "resourceType": "Bundle"
}