{
  "type": "collection",
  "entry": [
    {
      "fullUrl": "urn:uuid:13aacc0f-a7d0-4466-bb60-42887270484a",
      "resource": {
        "id": "13aacc0f-a7d0-4466-bb60-42887270484a",
        "meta": {
          "profile": [
            "http://standardhealthrecord.org/fhir/StructureDefinition/shr-actor-Organization"
          ]
        },
        "type": [
          {
            "coding": [
              {
                "system": "http://hl7.org/fhir/organization-type",
                "code": "prov",
                "display": "Healthcare Provider"
              }
            ],
            "text": "Healthcare Provider"
          }
        ],
        "name": "WESTWOOD/PEMBROKE HLTH SYS/PEMBROKE",
        "resourceType": "Organization"
      }
    },
    {
      "fullUrl": "urn:uuid:b7cc2c2f-0eb6-4299-aa64-3b4dc11a27e1",
      "resource": {
        "id": "b7cc2c2f-0eb6-4299-aa64-3b4dc11a27e1",
        "meta": {
          "profile": [
            "http://standardhealthrecord.org/fhir/StructureDefinition/shr-demographics-PersonOfRecord"
          ]
        },
        "text": {
          "status": "generated",
          "div": "<div xmlns=\"http://www.w3.org/1999/xhtml\">Generated by <a href=\"https://github.com/synthetichealth/synthea\">Synthea</a>. Version identifier: 368ac389f34cd3ce3986aa3a0a08e467bf574db3</div>"
        },
        "extension": [
          {
            "url": "http://hl7.org/fhir/us/core/StructureDefinition/us-core-race",
            "valueCodeableConcept": {
              "coding": [
                {
                  "system": "http://hl7.org/fhir/v3/Race",
                  "code": "2106-3",
                  "display": "White"
                }
              ],
              "text": "race"
            }
          },
          {
            "url": "http://hl7.org/fhir/us/core/StructureDefinition/us-core-ethnicity",
            "valueCodeableConcept": {
              "coding": [
                {
                  "system": "http://hl7.org/fhir/v3/Ethnicity",
                  "code": "2186-5",
                  "display": "Nonhispanic"
                }
              ],
              "text": "ethnicity"
            }
          },
          {
            "url": "http://hl7.org/fhir/StructureDefinition/birthPlace",
            "valueAddress": {
              "city": "Fitchburg",
              "state": "MA",
              "country": "US"
            }
          },
          {
            "url": "http://hl7.org/fhir/StructureDefinition/patient-mothersMaidenName",
            "valueString": "Daisy959 Collier727"
          },
          {
            "url": "http://hl7.org/fhir/us/core/StructureDefinition/us-core-birthsex",
            "valueCode": "F"
          },
          {
            "url": "http://hl7.org/fhir/StructureDefinition/patient-interpreterRequired",
            "valueBoolean": false
          },
          {
            "url": "http://standardhealthrecord.org/fhir/StructureDefinition/shr-actor-FictionalPerson-extension",
            "valueBoolean": true
          },
          {
            "url": "http://standardhealthrecord.org/fhir/StructureDefinition/shr-demographics-FathersName-extension",
            "valueHumanName": {
              "text": "Moses257 Armstrong237"
            }
          },
          {
            "url": "http://standardhealthrecord.org/fhir/StructureDefinition/shr-demographics-SocialSecurityNumber-extension",
            "valueString": "999-69-3856"
          }
        ],
        "identifier": [
          {
            "system": "https://github.com/synthetichealth/synthea",
            "value": "bd8e973f-992a-4314-9593-b47ae40bd3da"
          },
          {
            "type": {
              "coding": [
                {
                  "system": "http://hl7.org/fhir/identifier-type",
                  "code": "SB"
                }
              ]
            },
            "system": "http://hl7.org/fhir/sid/us-ssn",
            "value": "999693856"
          },
          {
            "type": {
              "coding": [
                {
                  "system": "http://hl7.org/fhir/v2/0203",
                  "code": "DL"
                }
              ]
            },
            "system": "urn:oid:2.16.840.1.113883.4.3.25",
            "value": "S99982948"
          },
          {
            "type": {
              "coding": [
                {
                  "system": "http://hl7.org/fhir/v2/0203",
                  "code": "PPN"
                }
              ]
            },
            "system": "http://standardhealthrecord.org/fhir/StructureDefinition/passportNumber",
            "value": "X17104772X"
          },
          {
            "type": {
              "coding": [
                {
                  "system": "http://hl7.org/fhir/v2/0203",
                  "code": "MR"
                }
              ]
            },
            "system": "http://hospital.smarthealthit.org",
            "value": "bd8e973f-992a-4314-9593-b47ae40bd3da"
          }
        ],
        "name": [
          {
            "use": "official",
            "family": "Armstrong237",
            "given": [
              "Tyra106"
            ],
            "prefix": [
              "Ms."
            ]
          }
        ],
        "telecom": [
          {
            "system": "phone",
            "value": "280-658-2725",
            "use": "home"
          }
        ],
        "gender": "female",
        "birthDate": "1930-02-19",
        "deceasedDateTime": "2003-07-09T23:06:39-04:00",
        "address": [
          {
            "extension": [
              {
                "extension": [
                  {
                    "url": "latitude",
                    "valueDecimal": 42.0902734153413
                  },
                  {
                    "url": "longitude",
                    "valueDecimal": -70.66527370548219
                  }
                ],
                "url": "http://hl7.org/fhir/StructureDefinition/geolocation"
              }
            ],
            "line": [
              "3555 Ruthe Lake",
              "Suite 630"
            ],
            "city": "Marshfield",
            "state": "MA",
            "postalCode": "02065",
            "country": "US"
          }
        ],
        "maritalStatus": {
          "coding": [
            {
              "system": "http://hl7.org/fhir/v3/MaritalStatus",
              "code": "S"
            }
          ],
          "text": "S"
        },
        "multipleBirthBoolean": false,
        "communication": [
          {
            "language": {
              "coding": [
                {
                  "system": "http://hl7.org/fhir/ValueSet/languages",
                  "code": "en-US",
                  "display": "English (United States)"
                }
              ]
            }
          }
        ],
        "generalPractitioner": [
          {
            "reference": "urn:uuid:13aacc0f-a7d0-4466-bb60-42887270484a"
          }
        ],
        "resourceType": "Patient"
      }
    },
    {
      "fullUrl": "urn:uuid:a9683ecb-d8e0-4ba9-9260-755993d138bb",
      "resource": {
        "id": "a9683ecb-d8e0-4ba9-9260-755993d138bb",
        "meta": {
          "profile": [
            "http://standardhealthrecord.org/fhir/StructureDefinition/shr-encounter-Encounter"
          ]
        },
        "status": "finished",
        "class": {
          "code": "ambulatory"
        },
        "type": [
          {
            "coding": [
              {
                "system": "http://snomed.info/sct",
                "code": "308646001"
              }
            ],
            "text": "Death Certification"
          }
        ],
        "subject": {
          "reference": "urn:uuid:b7cc2c2f-0eb6-4299-aa64-3b4dc11a27e1"
        },
        "period": {
          "start": "2003-07-09T23:06:39-04:00",
          "end": "2003-07-09T23:21:39-04:00"
        },
        "serviceProvider": {
          "reference": "urn:uuid:13aacc0f-a7d0-4466-bb60-42887270484a"
        },
        "resourceType": "Encounter"
      }
    },
    {
      "fullUrl": "urn:uuid:f4a511e4-03ef-4c76-9151-b233fc8677a4",
      "resource": {
        "id": "f4a511e4-03ef-4c76-9151-b233fc8677a4",
        "status": "active",
        "use": "complete",
        "patient": {
          "reference": "urn:uuid:b7cc2c2f-0eb6-4299-aa64-3b4dc11a27e1"
        },
        "billablePeriod": {
          "start": "2003-07-09T23:06:39-04:00",
          "end": "2003-07-09T23:21:39-04:00"
        },
        "organization": {
          "reference": {
            "reference": "urn:uuid:13aacc0f-a7d0-4466-bb60-42887270484a"
          }
        },
        "diagnosis": [
          {
            "sequence": 1,
            "diagnosisReference": {
              "reference": "urn:uuid:bb354445-911e-46d5-8fee-a4493ca5530e"
            }
          },
          {
            "sequence": 2,
            "diagnosisReference": {
              "reference": "urn:uuid:03b4394c-d29b-4e32-a029-9f1741350206"
            }
          },
          {
            "sequence": 3,
            "diagnosisReference": {
              "reference": "urn:uuid:34f43997-aa25-4f3f-8e0f-69e485ba57e7"
            }
          },
          {
            "sequence": 4,
            "diagnosisReference": {
              "reference": "urn:uuid:757f27b1-debf-4027-952f-70171984f7f5"
            }
          }
        ],
        "item": [
          {
            "sequence": 1,
            "net": {
              "value": 125.0,
              "system": "urn:iso:std:iso:4217",
              "code": "USD"
            },
            "encounter": [
              {
                "reference": {
                  "fullUrl": "urn:uuid:a9683ecb-d8e0-4ba9-9260-755993d138bb",
                  "resource": {
                    "id": "a9683ecb-d8e0-4ba9-9260-755993d138bb",
                    "meta": {
                      "profile": [
                        "http://standardhealthrecord.org/fhir/StructureDefinition/shr-encounter-Encounter"
                      ]
                    },
                    "status": "finished",
                    "class": {
                      "code": "ambulatory"
                    },
                    "type": [
                      {
                        "coding": [
                          {
                            "system": "http://snomed.info/sct",
                            "code": "308646001"
                          }
                        ],
                        "text": "Death Certification"
                      }
                    ],
                    "subject": {
                      "reference": "urn:uuid:b7cc2c2f-0eb6-4299-aa64-3b4dc11a27e1"
                    },
                    "period": {
                      "start": "2003-07-09T23:06:39-04:00",
                      "end": "2003-07-09T23:21:39-04:00"
                    },
                    "serviceProvider": {
                      "reference": "urn:uuid:13aacc0f-a7d0-4466-bb60-42887270484a"
                    },
                    "resourceType": "Encounter"
                  }
                }
              }
            ]
          },
          {
            "sequence": 2,
            "diagnosisLinkId": [
              1
            ],
            "net": {
              "value": 0.0,
              "system": "urn:iso:std:iso:4217",
              "code": "USD"
            }
          },
          {
            "sequence": 3,
            "diagnosisLinkId": [
              2
            ],
            "net": {
              "value": 0.0,
              "system": "urn:iso:std:iso:4217",
              "code": "USD"
            }
          },
          {
            "sequence": 4,
            "diagnosisLinkId": [
              3
            ],
            "net": {
              "value": 0.0,
              "system": "urn:iso:std:iso:4217",
              "code": "USD"
            }
          },
          {
            "sequence": 5,
            "diagnosisLinkId": [
              4
            ],
            "net": {
              "value": 0.0,
              "system": "urn:iso:std:iso:4217",
              "code": "USD"
            }
          }
        ],
        "total": {
          "value": 125.0,
          "system": "urn:iso:std:iso:4217",
          "code": "USD"
        },
        "resourceType": "Claim"
      }
    },
    {
      "fullUrl": "urn:uuid:bb354445-911e-46d5-8fee-a4493ca5530e",
      "resource": {
        "id": "bb354445-911e-46d5-8fee-a4493ca5530e",
        "meta": {
          "profile": [
            "http://standardhealthrecord.org/fhir/StructureDefinition/shr-problem-Problem"
          ]
        },
        "clinicalStatus": "active",
        "verificationStatus": "confirmed",
        "code": {
          "coding": [
            {
              "system": "http://snomed.info/sct",
              "code": "38341003",
              "display": "Hypertension"
            }
          ],
          "text": "Hypertension"
        },
        "subject": {
          "reference": "urn:uuid:b7cc2c2f-0eb6-4299-aa64-3b4dc11a27e1"
        },
        "context": {
          "reference": "urn:uuid:a9683ecb-d8e0-4ba9-9260-755993d138bb"
        },
        "onsetDateTime": "1949-01-29T18:04:23-05:00",
        "assertedDate": "1949-01-29",
        "resourceType": "Condition"
      }
    },
    {
      "fullUrl": "urn:uuid:03b4394c-d29b-4e32-a029-9f1741350206",
      "resource": {
        "id": "03b4394c-d29b-4e32-a029-9f1741350206",
        "meta": {
          "profile": [
            "http://standardhealthrecord.org/fhir/StructureDefinition/shr-problem-Problem"
          ]
        },
        "clinicalStatus": "active",
        "verificationStatus": "confirmed",
        "code": {
          "coding": [
            {
              "system": "http://snomed.info/sct",
              "code": "53741008",
              "display": "Coronary Heart Disease"
            }
          ],
          "text": "Coronary Heart Disease"
        },
        "subject": {
          "reference": "urn:uuid:b7cc2c2f-0eb6-4299-aa64-3b4dc11a27e1"
        },
        "context": {
          "reference": "urn:uuid:a9683ecb-d8e0-4ba9-9260-755993d138bb"
        },
        "onsetDateTime": "1953-09-24T12:37:52-04:00",
        "assertedDate": "1953-09-24",
        "resourceType": "Condition"
      }
    },
    {
      "resource": {
        "meta": {
          "profile": [
            "http://standardhealthrecord.org/fhir/StructureDefinition/shr-allergy-AllergyIntolerance"
          ]
        },
        "modifierExtension": [
          {
            "extension": [
              {
                "url": "http://standardhealthrecord.org/fhir/StructureDefinition/primitive-boolean-extension",
                "valueBoolean": false
              }
            ],
            "url": "http://standardhealthrecord.org/fhir/StructureDefinition/shr-base-NonOccurrenceModifier-extension"
          }
        ],
        "clinicalStatus": "active",
        "verificationStatus": "confirmed",
        "type": "allergy",
        "category": [
          "food"
        ],
        "criticality": "high",
        "code": {
          "coding": [
            {
              "system": "http://snomed.info/sct",
              "code": "300916003",
              "display": "Latex allergy"
            }
          ]
        },
        "patient": {
          "reference": "urn:uuid:b7cc2c2f-0eb6-4299-aa64-3b4dc11a27e1"
        },
        "assertedDate": "1954-02-12T16:59:09-05:00",
        "resourceType": "AllergyIntolerance"
      }
    },
    {
      "fullUrl": "urn:uuid:34f43997-aa25-4f3f-8e0f-69e485ba57e7",
      "resource": {
        "id": "34f43997-aa25-4f3f-8e0f-69e485ba57e7",
        "meta": {
          "profile": [
            "http://standardhealthrecord.org/fhir/StructureDefinition/shr-problem-Problem"
          ]
        },
        "clinicalStatus": "active",
        "verificationStatus": "confirmed",
        "code": {
          "coding": [
            {
              "system": "http://snomed.info/sct",
              "code": "15777000",
              "display": "Prediabetes"
            }
          ],
          "text": "Prediabetes"
        },
        "subject": {
          "reference": "urn:uuid:b7cc2c2f-0eb6-4299-aa64-3b4dc11a27e1"
        },
        "context": {
          "reference": "urn:uuid:a9683ecb-d8e0-4ba9-9260-755993d138bb"
        },
        "onsetDateTime": "1984-11-09T20:05:54-05:00",
        "assertedDate": "1984-11-09",
        "resourceType": "Condition"
      }
    },
    {
      "fullUrl": "urn:uuid:757f27b1-debf-4027-952f-70171984f7f5",
      "resource": {
        "id": "757f27b1-debf-4027-952f-70171984f7f5",
        "meta": {
          "profile": [
            "http://standardhealthrecord.org/fhir/StructureDefinition/shr-problem-Problem"
          ]
        },
        "clinicalStatus": "active",
        "verificationStatus": "confirmed",
        "code": {
          "coding": [
            {
              "system": "http://snomed.info/sct",
              "code": "64859006",
              "display": "Osteoporosis (disorder)"
            }
          ],
          "text": "Osteoporosis (disorder)"
        },
        "subject": {
          "reference": "urn:uuid:b7cc2c2f-0eb6-4299-aa64-3b4dc11a27e1"
        },
        "context": {
          "reference": "urn:uuid:a9683ecb-d8e0-4ba9-9260-755993d138bb"
        },
        "onsetDateTime": "1991-02-07T20:27:27-05:00",
        "assertedDate": "1991-02-07",
        "resourceType": "Condition"
      }
    },
    {
      "fullUrl": "urn:uuid:6b11b415-fe26-4490-8168-dccc2bc79388",
      "resource": {
        "id": "6b11b415-fe26-4490-8168-dccc2bc79388",
        "meta": {
          "profile": [
            "http://standardhealthrecord.org/fhir/StructureDefinition/shr-observation-Observation"
          ]
        },
        "status": "final",
        "category": [
          {
            "coding": [
              {
                "system": "http://hl7.org/fhir/observation-category"
              }
            ]
          }
        ],
        "code": {
          "coding": [
            {
              "system": "http://loinc.org",
              "code": "69453-9",
              "display": "Cause of Death [US Standard Certificate of Death]"
            }
          ],
          "text": "Cause of Death [US Standard Certificate of Death]"
        },
        "subject": {
          "reference": "urn:uuid:b7cc2c2f-0eb6-4299-aa64-3b4dc11a27e1"
        },
        "context": {
          "reference": "urn:uuid:a9683ecb-d8e0-4ba9-9260-755993d138bb"
        },
        "effectiveDateTime": "2003-07-09T23:06:39-04:00",
        "issued": "2003-07-09T23:06:39-04:00",
        "valueCodeableConcept": {
          "coding": [
            {
              "system": "http://snomed.info/sct",
              "code": "9855000",
              "display": "Natural death with unknown cause"
            }
          ],
          "text": "Natural death with unknown cause"
        },
        "resourceType": "Observation"
      }
    },
    {
      "fullUrl": "urn:uuid:a9f3a704-3802-49be-a777-9cf078d133a8",
      "resource": {
        "id": "a9f3a704-3802-49be-a777-9cf078d133a8",
        "meta": {
          "profile": [
            "http://standardhealthrecord.org/fhir/StructureDefinition/shr-observation-Panel"
          ]
        },
        "status": "final",
        "code": {
          "coding": [
            {
              "system": "http://loinc.org",
              "code": "69409-1",
              "display": "U.S. standard certificate of death - 2003 revision"
            }
          ]
        },
        "subject": {
          "reference": "urn:uuid:b7cc2c2f-0eb6-4299-aa64-3b4dc11a27e1"
        },
        "context": {
          "reference": "urn:uuid:a9683ecb-d8e0-4ba9-9260-755993d138bb"
        },
        "effectiveDateTime": "2003-07-09T23:06:39-04:00",
        "issued": "2003-07-09T23:06:39-04:00",
        "result": [
          {
            "reference": "urn:uuid:6b11b415-fe26-4490-8168-dccc2bc79388",
            "display": "Cause of Death [US Standard Certificate of Death]"
          }
        ],
        "resourceType": "DiagnosticReport"
      }
    },
    {
      "resource": {
        "status": "active",
        "intent": "order",
        "category": [
          {
            "coding": [
              {
                "system": "http://snomed.info/sct",
                "code": "698358001",
                "display": "Angina self management plan"
              }
            ]
          }
        ],
        "subject": {
          "reference": "urn:uuid:b7cc2c2f-0eb6-4299-aa64-3b4dc11a27e1"
        },
        "context": {
          "reference": "urn:uuid:a9683ecb-d8e0-4ba9-9260-755993d138bb"
        },
        "period": {
          "start": "1953-09-24"
        },
        "addresses": [
          {
            "reference": "urn:uuid:03b4394c-d29b-4e32-a029-9f1741350206"
          }
        ],
        "activity": [
          {
            "detail": {
              "code": {
                "coding": [
                  {
                    "system": "http://snomed.info/sct",
                    "code": "229065009",
                    "display": "Exercise therapy"
                  }
                ]
              },
              "status": "in-progress"
            }
          },
          {
            "detail": {
              "code": {
                "coding": [
                  {
                    "system": "http://snomed.info/sct",
                    "code": "226060000",
                    "display": "Stress management"
                  }
                ]
              },
              "status": "in-progress"
            }
          },
          {
            "detail": {
              "code": {
                "coding": [
                  {
                    "system": "http://snomed.info/sct",
                    "code": "710081004",
                    "display": "Smoking cessation therapy"
                  }
                ]
              },
              "status": "in-progress"
            }
          },
          {
            "detail": {
              "code": {
                "coding": [
                  {
                    "system": "http://snomed.info/sct",
                    "code": "226234005",
                    "display": "Healthy diet"
                  }
                ]
              },
              "status": "in-progress"
            }
          }
        ],
        "resourceType": "CarePlan"
      }
    },
    {
      "resource": {
        "status": "active",
        "intent": "order",
        "category": [
          {
            "coding": [
              {
                "system": "http://snomed.info/sct",
                "code": "326051000000105",
                "display": "Self care"
              }
            ]
          }
        ],
        "subject": {
          "reference": "urn:uuid:b7cc2c2f-0eb6-4299-aa64-3b4dc11a27e1"
        },
        "context": {
          "reference": "urn:uuid:a9683ecb-d8e0-4ba9-9260-755993d138bb"
        },
        "period": {
          "start": "1954-02-12"
        },
        "activity": [
          {
            "detail": {
              "code": {
                "coding": [
                  {
                    "system": "http://snomed.info/sct",
                    "code": "58332002",
                    "display": "Allergy education"
                  }
                ]
              },
              "status": "in-progress"
            }
          }
        ],
        "resourceType": "CarePlan"
      }
    },
    {
      "fullUrl": "urn:uuid:3afbc417-f725-44f4-b03d-5883d6a94ca7",
      "resource": {
        "id": "3afbc417-f725-44f4-b03d-5883d6a94ca7",
        "status": "in-progress",
        "description": {
          "text": "Hemoglobin A1c total in Blood < 7.0"
        },
        "addresses": [
          {
            "reference": "urn:uuid:34f43997-aa25-4f3f-8e0f-69e485ba57e7"
          }
        ],
        "resourceType": "Goal"
      }
    },
    {
      "fullUrl": "urn:uuid:9f8006c0-469c-443d-ab43-644b51157795",
      "resource": {
        "id": "9f8006c0-469c-443d-ab43-644b51157795",
        "status": "in-progress",
        "description": {
          "text": "Glucose [Mass/volume] in Blood < 108"
        },
        "addresses": [
          {
            "reference": "urn:uuid:34f43997-aa25-4f3f-8e0f-69e485ba57e7"
          }
        ],
        "resourceType": "Goal"
      }
    },
    {
      "fullUrl": "urn:uuid:2dbc172f-2865-4663-b59d-7f8eae61ff7a",
      "resource": {
        "id": "2dbc172f-2865-4663-b59d-7f8eae61ff7a",
        "status": "in-progress",
        "description": {
          "text": "Maintain blood pressure below 140/90 mmHg"
        },
        "addresses": [
          {
            "reference": "urn:uuid:34f43997-aa25-4f3f-8e0f-69e485ba57e7"
          }
        ],
        "resourceType": "Goal"
      }
    },
    {
      "fullUrl": "urn:uuid:db364b9b-e32a-404a-9277-0524e59e01a8",
      "resource": {
        "id": "db364b9b-e32a-404a-9277-0524e59e01a8",
        "status": "in-progress",
        "description": {
          "text": "Improve and maintenance of optimal foot health: aim at early detection of peripheral vascular problems and neuropathy presumed due to diabetes; and prevention of diabetic foot ulcer, gangrene"
        },
        "addresses": [
          {
            "reference": "urn:uuid:34f43997-aa25-4f3f-8e0f-69e485ba57e7"
          }
        ],
        "resourceType": "Goal"
      }
    },
    {
      "fullUrl": "urn:uuid:edcca0dc-d5de-4ff4-b13c-d353b107ff55",
      "resource": {
        "id": "edcca0dc-d5de-4ff4-b13c-d353b107ff55",
        "status": "in-progress",
        "description": {
          "text": "Address patient knowledge deficit on diabetic self-care"
        },
        "addresses": [
          {
            "reference": "urn:uuid:34f43997-aa25-4f3f-8e0f-69e485ba57e7"
          }
        ],
        "resourceType": "Goal"
      }
    },
    {
      "resource": {
        "status": "active",
        "intent": "order",
        "category": [
          {
            "coding": [
              {
                "system": "http://snomed.info/sct",
                "code": "698360004",
                "display": "Diabetes self management plan"
              }
            ]
          }
        ],
        "subject": {
          "reference": "urn:uuid:b7cc2c2f-0eb6-4299-aa64-3b4dc11a27e1"
        },
        "context": {
          "reference": "urn:uuid:a9683ecb-d8e0-4ba9-9260-755993d138bb"
        },
        "period": {
          "start": "1984-11-09"
        },
        "addresses": [
          {
            "reference": "urn:uuid:34f43997-aa25-4f3f-8e0f-69e485ba57e7"
          }
        ],
        "goal": [
          {
            "reference": "urn:uuid:3afbc417-f725-44f4-b03d-5883d6a94ca7"
          },
          {
            "reference": "urn:uuid:9f8006c0-469c-443d-ab43-644b51157795"
          },
          {
            "reference": "urn:uuid:2dbc172f-2865-4663-b59d-7f8eae61ff7a"
          },
          {
            "reference": "urn:uuid:db364b9b-e32a-404a-9277-0524e59e01a8"
          },
          {
            "reference": "urn:uuid:edcca0dc-d5de-4ff4-b13c-d353b107ff55"
          }
        ],
        "activity": [
          {
            "detail": {
              "code": {
                "coding": [
                  {
                    "system": "http://snomed.info/sct",
                    "code": "160670007",
                    "display": "Diabetic diet"
                  }
                ]
              },
              "status": "in-progress"
            }
          },
          {
            "detail": {
              "code": {
                "coding": [
                  {
                    "system": "http://snomed.info/sct",
                    "code": "229065009",
                    "display": "Exercise therapy"
                  }
                ]
              },
              "status": "in-progress"
            }
          }
        ],
        "resourceType": "CarePlan"
      }
    },
    {
      "fullUrl": "urn:uuid:cafdcbde-1678-4971-95ff-d2e3b6f36644",
      "resource": {
        "id": "cafdcbde-1678-4971-95ff-d2e3b6f36644",
        "meta": {
          "profile": [
            "http://standardhealthrecord.org/fhir/StructureDefinition/shr-medication-MedicationPrescription"
          ]
        },
        "extension": [
          {
            "url": "http://standardhealthrecord.org/fhir/StructureDefinition/shr-base-ActionCode-extension",
            "valueCodeableConcept": {
              "coding": [
                {
                  "system": "http://snomed.info/sct",
                  "code": "33633005",
                  "display": "Prescription of drug (procedure)"
                }
              ],
              "text": "Prescription of drug (procedure)"
            }
          }
        ],
        "status": "active",
        "intent": "order",
        "medicationCodeableConcept": {
          "coding": [
            {
              "system": "http://www.nlm.nih.gov/research/umls/rxnorm",
              "code": "834101",
              "display": "Penicillin V Potassium 500 MG"
            }
          ],
          "text": "Penicillin V Potassium 500 MG"
        },
        "subject": {
          "reference": "urn:uuid:b7cc2c2f-0eb6-4299-aa64-3b4dc11a27e1"
        },
        "context": {
          "reference": "urn:uuid:a9683ecb-d8e0-4ba9-9260-755993d138bb"
        },
        "authoredOn": "1952-12-11",
        "resourceType": "MedicationRequest"
      }
    },
    {
      "fullUrl": "urn:uuid:8d0c34bf-7948-4a38-a504-c11e7f5a71ea",
      "resource": {
        "id": "8d0c34bf-7948-4a38-a504-c11e7f5a71ea",
        "status": "active",
        "use": "complete",
        "patient": {
          "reference": "urn:uuid:b7cc2c2f-0eb6-4299-aa64-3b4dc11a27e1"
        },
        "billablePeriod": {
          "start": "2003-07-09T23:06:39-04:00",
          "end": "2003-07-09T23:21:39-04:00"
        },
        "organization": {
          "reference": {
            "reference": "urn:uuid:13aacc0f-a7d0-4466-bb60-42887270484a"
          }
        },
        "prescription": {
          "reference": "urn:uuid:cafdcbde-1678-4971-95ff-d2e3b6f36644"
        },
        "item": [
          {
            "sequence": 1,
            "net": {
              "value": 125.0,
              "system": "urn:iso:std:iso:4217",
              "code": "USD"
            },
            "encounter": [
              {
                "reference": {
                  "fullUrl": "urn:uuid:a9683ecb-d8e0-4ba9-9260-755993d138bb",
                  "resource": {
                    "id": "a9683ecb-d8e0-4ba9-9260-755993d138bb",
                    "meta": {
                      "profile": [
                        "http://standardhealthrecord.org/fhir/StructureDefinition/shr-encounter-Encounter"
                      ]
                    },
                    "status": "finished",
                    "class": {
                      "code": "ambulatory"
                    },
                    "type": [
                      {
                        "coding": [
                          {
                            "system": "http://snomed.info/sct",
                            "code": "308646001"
                          }
                        ],
                        "text": "Death Certification"
                      }
                    ],
                    "subject": {
                      "reference": "urn:uuid:b7cc2c2f-0eb6-4299-aa64-3b4dc11a27e1"
                    },
                    "period": {
                      "start": "2003-07-09T23:06:39-04:00",
                      "end": "2003-07-09T23:21:39-04:00"
                    },
                    "serviceProvider": {
                      "reference": "urn:uuid:13aacc0f-a7d0-4466-bb60-42887270484a"
                    },
                    "resourceType": "Encounter"
                  }
                }
              }
            ]
          },
          {
            "sequence": 1,
            "net": {
              "value": 255.0,
              "system": "urn:iso:std:iso:4217",
              "code": "USD"
            }
          }
        ],
        "total": {
          "value": 255.0,
          "system": "urn:iso:std:iso:4217",
          "code": "USD"
        },
        "resourceType": "Claim"
      }
    },
    {
      "fullUrl": "urn:uuid:08ea1884-5c35-4a3a-8ad5-51ed51dbeb2f",
      "resource": {
        "id": "08ea1884-5c35-4a3a-8ad5-51ed51dbeb2f",
        "meta": {
          "profile": [
            "http://standardhealthrecord.org/fhir/StructureDefinition/shr-medication-MedicationPrescription"
          ]
        },
        "extension": [
          {
            "url": "http://standardhealthrecord.org/fhir/StructureDefinition/shr-base-ActionCode-extension",
            "valueCodeableConcept": {
              "coding": [
                {
                  "system": "http://snomed.info/sct",
                  "code": "33633005",
                  "display": "Prescription of drug (procedure)"
                }
              ],
              "text": "Prescription of drug (procedure)"
            }
          }
        ],
        "status": "active",
        "intent": "order",
        "medicationCodeableConcept": {
          "coding": [
            {
              "system": "http://www.nlm.nih.gov/research/umls/rxnorm",
              "code": "564666",
              "display": "Nitroglycerin 0.4 MG/ACTUAT [Nitrolingual]"
            }
          ],
          "text": "Nitroglycerin 0.4 MG/ACTUAT [Nitrolingual]"
        },
        "subject": {
          "reference": "urn:uuid:b7cc2c2f-0eb6-4299-aa64-3b4dc11a27e1"
        },
        "context": {
          "reference": "urn:uuid:a9683ecb-d8e0-4ba9-9260-755993d138bb"
        },
        "authoredOn": "1953-09-24",
        "reasonReference": [
          {
            "reference": "urn:uuid:03b4394c-d29b-4e32-a029-9f1741350206"
          }
        ],
        "resourceType": "MedicationRequest"
      }
    },
    {
      "fullUrl": "urn:uuid:d04f34b1-c97a-48b8-9f31-9b2f44e85296",
      "resource": {
        "id": "d04f34b1-c97a-48b8-9f31-9b2f44e85296",
        "status": "active",
        "use": "complete",
        "patient": {
          "reference": "urn:uuid:b7cc2c2f-0eb6-4299-aa64-3b4dc11a27e1"
        },
        "billablePeriod": {
          "start": "2003-07-09T23:06:39-04:00",
          "end": "2003-07-09T23:21:39-04:00"
        },
        "organization": {
          "reference": {
            "reference": "urn:uuid:13aacc0f-a7d0-4466-bb60-42887270484a"
          }
        },
        "prescription": {
          "reference": "urn:uuid:08ea1884-5c35-4a3a-8ad5-51ed51dbeb2f"
        },
        "item": [
          {
            "sequence": 1,
            "net": {
              "value": 125.0,
              "system": "urn:iso:std:iso:4217",
              "code": "USD"
            },
            "encounter": [
              {
                "reference": {
                  "fullUrl": "urn:uuid:a9683ecb-d8e0-4ba9-9260-755993d138bb",
                  "resource": {
                    "id": "a9683ecb-d8e0-4ba9-9260-755993d138bb",
                    "meta": {
                      "profile": [
                        "http://standardhealthrecord.org/fhir/StructureDefinition/shr-encounter-Encounter"
                      ]
                    },
                    "status": "finished",
                    "class": {
                      "code": "ambulatory"
                    },
                    "type": [
                      {
                        "coding": [
                          {
                            "system": "http://snomed.info/sct",
                            "code": "308646001"
                          }
                        ],
                        "text": "Death Certification"
                      }
                    ],
                    "subject": {
                      "reference": "urn:uuid:b7cc2c2f-0eb6-4299-aa64-3b4dc11a27e1"
                    },
                    "period": {
                      "start": "2003-07-09T23:06:39-04:00",
                      "end": "2003-07-09T23:21:39-04:00"
                    },
                    "serviceProvider": {
                      "reference": "urn:uuid:13aacc0f-a7d0-4466-bb60-42887270484a"
                    },
                    "resourceType": "Encounter"
                  }
                }
              }
            ]
          },
          {
            "sequence": 1,
            "net": {
              "value": 255.0,
              "system": "urn:iso:std:iso:4217",
              "code": "USD"
            }
          }
        ],
        "total": {
          "value": 255.0,
          "system": "urn:iso:std:iso:4217",
          "code": "USD"
        },
        "resourceType": "Claim"
      }
    },
    {
      "fullUrl": "urn:uuid:80214fb5-3695-4026-ab17-cf6203f7ca83",
      "resource": {
        "id": "80214fb5-3695-4026-ab17-cf6203f7ca83",
        "meta": {
          "profile": [
            "http://standardhealthrecord.org/fhir/StructureDefinition/shr-medication-MedicationPrescription"
          ]
        },
        "extension": [
          {
            "url": "http://standardhealthrecord.org/fhir/StructureDefinition/shr-base-ActionCode-extension",
            "valueCodeableConcept": {
              "coding": [
                {
                  "system": "http://snomed.info/sct",
                  "code": "33633005",
                  "display": "Prescription of drug (procedure)"
                }
              ],
              "text": "Prescription of drug (procedure)"
            }
          }
        ],
        "status": "active",
        "intent": "order",
        "medicationCodeableConcept": {
          "coding": [
            {
              "system": "http://www.nlm.nih.gov/research/umls/rxnorm",
              "code": "106258",
              "display": "Hydrocortisone 10 MG/ML Topical Cream"
            }
          ],
          "text": "Hydrocortisone 10 MG/ML Topical Cream"
        },
        "subject": {
          "reference": "urn:uuid:b7cc2c2f-0eb6-4299-aa64-3b4dc11a27e1"
        },
        "context": {
          "reference": "urn:uuid:a9683ecb-d8e0-4ba9-9260-755993d138bb"
        },
        "authoredOn": "1954-01-29",
        "dosageInstruction": [
          {
            "sequence": 1,
            "asNeededBoolean": true
          }
        ],
        "resourceType": "MedicationRequest"
      }
    },
    {
      "fullUrl": "urn:uuid:8dc3210d-62b7-4032-b880-f69a2a29340e",
      "resource": {
        "id": "8dc3210d-62b7-4032-b880-f69a2a29340e",
        "status": "active",
        "use": "complete",
        "patient": {
          "reference": "urn:uuid:b7cc2c2f-0eb6-4299-aa64-3b4dc11a27e1"
        },
        "billablePeriod": {
          "start": "2003-07-09T23:06:39-04:00",
          "end": "2003-07-09T23:21:39-04:00"
        },
        "organization": {
          "reference": {
            "reference": "urn:uuid:13aacc0f-a7d0-4466-bb60-42887270484a"
          }
        },
        "prescription": {
          "reference": "urn:uuid:80214fb5-3695-4026-ab17-cf6203f7ca83"
        },
        "item": [
          {
            "sequence": 1,
            "net": {
              "value": 125.0,
              "system": "urn:iso:std:iso:4217",
              "code": "USD"
            },
            "encounter": [
              {
                "reference": {
                  "fullUrl": "urn:uuid:a9683ecb-d8e0-4ba9-9260-755993d138bb",
                  "resource": {
                    "id": "a9683ecb-d8e0-4ba9-9260-755993d138bb",
                    "meta": {
                      "profile": [
                        "http://standardhealthrecord.org/fhir/StructureDefinition/shr-encounter-Encounter"
                      ]
                    },
                    "status": "finished",
                    "class": {
                      "code": "ambulatory"
                    },
                    "type": [
                      {
                        "coding": [
                          {
                            "system": "http://snomed.info/sct",
                            "code": "308646001"
                          }
                        ],
                        "text": "Death Certification"
                      }
                    ],
                    "subject": {
                      "reference": "urn:uuid:b7cc2c2f-0eb6-4299-aa64-3b4dc11a27e1"
                    },
                    "period": {
                      "start": "2003-07-09T23:06:39-04:00",
                      "end": "2003-07-09T23:21:39-04:00"
                    },
                    "serviceProvider": {
                      "reference": "urn:uuid:13aacc0f-a7d0-4466-bb60-42887270484a"
                    },
                    "resourceType": "Encounter"
                  }
                }
              }
            ]
          },
          {
            "sequence": 1,
            "net": {
              "value": 255.0,
              "system": "urn:iso:std:iso:4217",
              "code": "USD"
            }
          }
        ],
        "total": {
          "value": 255.0,
          "system": "urn:iso:std:iso:4217",
          "code": "USD"
        },
        "resourceType": "Claim"
      }
    },
    {
      "fullUrl": "urn:uuid:74e8f8fd-e0ed-4cf0-8a4c-96835b66ab05",
      "resource": {
        "id": "74e8f8fd-e0ed-4cf0-8a4c-96835b66ab05",
        "meta": {
          "profile": [
            "http://standardhealthrecord.org/fhir/StructureDefinition/shr-medication-MedicationPrescription"
          ]
        },
        "extension": [
          {
            "url": "http://standardhealthrecord.org/fhir/StructureDefinition/shr-base-ActionCode-extension",
            "valueCodeableConcept": {
              "coding": [
                {
                  "system": "http://snomed.info/sct",
                  "code": "33633005",
                  "display": "Prescription of drug (procedure)"
                }
              ],
              "text": "Prescription of drug (procedure)"
            }
          }
        ],
        "status": "active",
        "intent": "order",
        "medicationCodeableConcept": {
          "coding": [
            {
              "system": "http://www.nlm.nih.gov/research/umls/rxnorm",
              "code": "312961",
              "display": "Simvastatin 20 MG Oral Tablet"
            }
          ],
          "text": "Simvastatin 20 MG Oral Tablet"
        },
        "subject": {
          "reference": "urn:uuid:b7cc2c2f-0eb6-4299-aa64-3b4dc11a27e1"
        },
        "context": {
          "reference": "urn:uuid:a9683ecb-d8e0-4ba9-9260-755993d138bb"
        },
        "authoredOn": "1991-02-07",
        "reasonReference": [
          {
            "reference": "urn:uuid:03b4394c-d29b-4e32-a029-9f1741350206"
          }
        ],
        "resourceType": "MedicationRequest"
      }
    },
    {
      "fullUrl": "urn:uuid:f209a395-b7b9-456e-b525-10b73b340207",
      "resource": {
        "id": "f209a395-b7b9-456e-b525-10b73b340207",
        "status": "active",
        "use": "complete",
        "patient": {
          "reference": "urn:uuid:b7cc2c2f-0eb6-4299-aa64-3b4dc11a27e1"
        },
        "billablePeriod": {
          "start": "2003-07-09T23:06:39-04:00",
          "end": "2003-07-09T23:21:39-04:00"
        },
        "organization": {
          "reference": {
            "reference": "urn:uuid:13aacc0f-a7d0-4466-bb60-42887270484a"
          }
        },
        "prescription": {
          "reference": "urn:uuid:74e8f8fd-e0ed-4cf0-8a4c-96835b66ab05"
        },
        "item": [
          {
            "sequence": 1,
            "net": {
              "value": 125.0,
              "system": "urn:iso:std:iso:4217",
              "code": "USD"
            },
            "encounter": [
              {
                "reference": {
                  "fullUrl": "urn:uuid:a9683ecb-d8e0-4ba9-9260-755993d138bb",
                  "resource": {
                    "id": "a9683ecb-d8e0-4ba9-9260-755993d138bb",
                    "meta": {
                      "profile": [
                        "http://standardhealthrecord.org/fhir/StructureDefinition/shr-encounter-Encounter"
                      ]
                    },
                    "status": "finished",
                    "class": {
                      "code": "ambulatory"
                    },
                    "type": [
                      {
                        "coding": [
                          {
                            "system": "http://snomed.info/sct",
                            "code": "308646001"
                          }
                        ],
                        "text": "Death Certification"
                      }
                    ],
                    "subject": {
                      "reference": "urn:uuid:b7cc2c2f-0eb6-4299-aa64-3b4dc11a27e1"
                    },
                    "period": {
                      "start": "2003-07-09T23:06:39-04:00",
                      "end": "2003-07-09T23:21:39-04:00"
                    },
                    "serviceProvider": {
                      "reference": "urn:uuid:13aacc0f-a7d0-4466-bb60-42887270484a"
                    },
                    "resourceType": "Encounter"
                  }
                }
              }
            ]
          },
          {
            "sequence": 1,
            "net": {
              "value": 255.0,
              "system": "urn:iso:std:iso:4217",
              "code": "USD"
            }
          }
        ],
        "total": {
          "value": 255.0,
          "system": "urn:iso:std:iso:4217",
          "code": "USD"
        },
        "resourceType": "Claim"
      }
    },
    {
      "fullUrl": "urn:uuid:fcbbe62d-a6a5-4e75-8b33-2b5ef8eddf66",
      "resource": {
        "id": "fcbbe62d-a6a5-4e75-8b33-2b5ef8eddf66",
        "meta": {
          "profile": [
            "http://standardhealthrecord.org/fhir/StructureDefinition/shr-medication-MedicationPrescription"
          ]
        },
        "extension": [
          {
            "url": "http://standardhealthrecord.org/fhir/StructureDefinition/shr-base-ActionCode-extension",
            "valueCodeableConcept": {
              "coding": [
                {
                  "system": "http://snomed.info/sct",
                  "code": "33633005",
                  "display": "Prescription of drug (procedure)"
                }
              ],
              "text": "Prescription of drug (procedure)"
            }
          }
        ],
        "status": "active",
        "intent": "order",
        "medicationCodeableConcept": {
          "coding": [
            {
              "system": "http://www.nlm.nih.gov/research/umls/rxnorm",
              "code": "197361",
              "display": "Amlodipine 5 MG Oral Tablet"
            }
          ],
          "text": "Amlodipine 5 MG Oral Tablet"
        },
        "subject": {
          "reference": "urn:uuid:b7cc2c2f-0eb6-4299-aa64-3b4dc11a27e1"
        },
        "context": {
          "reference": "urn:uuid:a9683ecb-d8e0-4ba9-9260-755993d138bb"
        },
        "authoredOn": "1994-11-29",
        "reasonReference": [
          {
            "reference": "urn:uuid:03b4394c-d29b-4e32-a029-9f1741350206"
          }
        ],
        "resourceType": "MedicationRequest"
      }
    },
    {
      "fullUrl": "urn:uuid:7fc55dd9-05ca-4f1e-b7c3-693a0d8a9d38",
      "resource": {
        "id": "7fc55dd9-05ca-4f1e-b7c3-693a0d8a9d38",
        "status": "active",
        "use": "complete",
        "patient": {
          "reference": "urn:uuid:b7cc2c2f-0eb6-4299-aa64-3b4dc11a27e1"
        },
        "billablePeriod": {
          "start": "2003-07-09T23:06:39-04:00",
          "end": "2003-07-09T23:21:39-04:00"
        },
        "organization": {
          "reference": {
            "reference": "urn:uuid:13aacc0f-a7d0-4466-bb60-42887270484a"
          }
        },
        "prescription": {
          "reference": "urn:uuid:fcbbe62d-a6a5-4e75-8b33-2b5ef8eddf66"
        },
        "item": [
          {
            "sequence": 1,
            "net": {
              "value": 125.0,
              "system": "urn:iso:std:iso:4217",
              "code": "USD"
            },
            "encounter": [
              {
                "reference": {
                  "fullUrl": "urn:uuid:a9683ecb-d8e0-4ba9-9260-755993d138bb",
                  "resource": {
                    "id": "a9683ecb-d8e0-4ba9-9260-755993d138bb",
                    "meta": {
                      "profile": [
                        "http://standardhealthrecord.org/fhir/StructureDefinition/shr-encounter-Encounter"
                      ]
                    },
                    "status": "finished",
                    "class": {
                      "code": "ambulatory"
                    },
                    "type": [
                      {
                        "coding": [
                          {
                            "system": "http://snomed.info/sct",
                            "code": "308646001"
                          }
                        ],
                        "text": "Death Certification"
                      }
                    ],
                    "subject": {
                      "reference": "urn:uuid:b7cc2c2f-0eb6-4299-aa64-3b4dc11a27e1"
                    },
                    "period": {
                      "start": "2003-07-09T23:06:39-04:00",
                      "end": "2003-07-09T23:21:39-04:00"
                    },
                    "serviceProvider": {
                      "reference": "urn:uuid:13aacc0f-a7d0-4466-bb60-42887270484a"
                    },
                    "resourceType": "Encounter"
                  }
                }
              }
            ]
          },
          {
            "sequence": 1,
            "net": {
              "value": 255.0,
              "system": "urn:iso:std:iso:4217",
              "code": "USD"
            }
          }
        ],
        "total": {
          "value": 255.0,
          "system": "urn:iso:std:iso:4217",
          "code": "USD"
        },
        "resourceType": "Claim"
      }
    },
    {
      "fullUrl": "urn:uuid:2e9932bb-450c-4a77-98fd-15121eb93638",
      "resource": {
        "id": "2e9932bb-450c-4a77-98fd-15121eb93638",
        "meta": {
          "profile": [
            "http://standardhealthrecord.org/fhir/StructureDefinition/shr-medication-MedicationPrescription"
          ]
        },
        "extension": [
          {
            "url": "http://standardhealthrecord.org/fhir/StructureDefinition/shr-base-ActionCode-extension",
            "valueCodeableConcept": {
              "coding": [
                {
                  "system": "http://snomed.info/sct",
                  "code": "33633005",
                  "display": "Prescription of drug (procedure)"
                }
              ],
              "text": "Prescription of drug (procedure)"
            }
          }
        ],
        "status": "active",
        "intent": "order",
        "medicationCodeableConcept": {
          "coding": [
            {
              "system": "http://www.nlm.nih.gov/research/umls/rxnorm",
              "code": "309362",
              "display": "Clopidogrel 75 MG Oral Tablet"
            }
          ],
          "text": "Clopidogrel 75 MG Oral Tablet"
        },
        "subject": {
          "reference": "urn:uuid:b7cc2c2f-0eb6-4299-aa64-3b4dc11a27e1"
        },
        "context": {
          "reference": "urn:uuid:a9683ecb-d8e0-4ba9-9260-755993d138bb"
        },
        "authoredOn": "1997-09-15",
        "reasonReference": [
          {
            "reference": "urn:uuid:03b4394c-d29b-4e32-a029-9f1741350206"
          }
        ],
        "resourceType": "MedicationRequest"
      }
    },
    {
      "fullUrl": "urn:uuid:63f986e6-eed7-41ad-9b9d-4b85d2ddf03a",
      "resource": {
        "id": "63f986e6-eed7-41ad-9b9d-4b85d2ddf03a",
        "status": "active",
        "use": "complete",
        "patient": {
          "reference": "urn:uuid:b7cc2c2f-0eb6-4299-aa64-3b4dc11a27e1"
        },
        "billablePeriod": {
          "start": "2003-07-09T23:06:39-04:00",
          "end": "2003-07-09T23:21:39-04:00"
        },
        "organization": {
          "reference": {
            "reference": "urn:uuid:13aacc0f-a7d0-4466-bb60-42887270484a"
          }
        },
        "prescription": {
          "reference": "urn:uuid:2e9932bb-450c-4a77-98fd-15121eb93638"
        },
        "item": [
          {
            "sequence": 1,
            "net": {
              "value": 125.0,
              "system": "urn:iso:std:iso:4217",
              "code": "USD"
            },
            "encounter": [
              {
                "reference": {
                  "fullUrl": "urn:uuid:a9683ecb-d8e0-4ba9-9260-755993d138bb",
                  "resource": {
                    "id": "a9683ecb-d8e0-4ba9-9260-755993d138bb",
                    "meta": {
                      "profile": [
                        "http://standardhealthrecord.org/fhir/StructureDefinition/shr-encounter-Encounter"
                      ]
                    },
                    "status": "finished",
                    "class": {
                      "code": "ambulatory"
                    },
                    "type": [
                      {
                        "coding": [
                          {
                            "system": "http://snomed.info/sct",
                            "code": "308646001"
                          }
                        ],
                        "text": "Death Certification"
                      }
                    ],
                    "subject": {
                      "reference": "urn:uuid:b7cc2c2f-0eb6-4299-aa64-3b4dc11a27e1"
                    },
                    "period": {
                      "start": "2003-07-09T23:06:39-04:00",
                      "end": "2003-07-09T23:21:39-04:00"
                    },
                    "serviceProvider": {
                      "reference": "urn:uuid:13aacc0f-a7d0-4466-bb60-42887270484a"
                    },
                    "resourceType": "Encounter"
                  }
                }
              }
            ]
          },
          {
            "sequence": 1,
            "net": {
              "value": 255.0,
              "system": "urn:iso:std:iso:4217",
              "code": "USD"
            }
          }
        ],
        "total": {
          "value": 255.0,
          "system": "urn:iso:std:iso:4217",
          "code": "USD"
        },
        "resourceType": "Claim"
      }
    },
    {
      "fullUrl": "urn:uuid:a0052dca-5f63-4d28-bd23-4356e12f76f2",
      "resource": {
        "id": "a0052dca-5f63-4d28-bd23-4356e12f76f2",
        "meta": {
          "profile": [
            "http://standardhealthrecord.org/fhir/StructureDefinition/shr-observation-Observation"
          ]
        },
        "status": "final",
        "category": [
          {
            "coding": [
              {
                "system": "http://hl7.org/fhir/observation-category",
                "code": "survey"
              }
            ]
          }
        ],
        "code": {
          "coding": [
            {
              "system": "http://snomed.info/sct",
              "code": "273724008",
              "display": "Quality adjusted life years"
            }
          ],
          "text": "Quality adjusted life years"
        },
        "subject": {
          "reference": "urn:uuid:b7cc2c2f-0eb6-4299-aa64-3b4dc11a27e1"
        },
        "effectiveDateTime": "2017-10-31T16:09:28-04:00",
        "issued": "2017-10-31T16:09:28-04:00",
        "valueQuantity": {
          "value": 69.52503052251787,
          "unit": "years",
          "system": "http://unitsofmeasure.org/",
          "code": "years"
        },
        "resourceType": "Observation"
      }
    },
    {
      "fullUrl": "urn:uuid:86cf4015-5110-4b62-bc3b-41ac1f00f2de",
      "resource": {
        "id": "86cf4015-5110-4b62-bc3b-41ac1f00f2de",
        "meta": {
          "profile": [
            "http://standardhealthrecord.org/fhir/StructureDefinition/shr-observation-Observation"
          ]
        },
        "status": "final",
        "category": [
          {
            "coding": [
              {
                "system": "http://hl7.org/fhir/observation-category",
                "code": "survey"
              }
            ]
          }
        ],
        "code": {
          "coding": [
            {
              "system": "http://snomed.info/sct",
              "code": "273421001",
              "display": "Disability rating scale"
            }
          ],
          "text": "Disability rating scale"
        },
        "subject": {
          "reference": "urn:uuid:b7cc2c2f-0eb6-4299-aa64-3b4dc11a27e1"
        },
        "effectiveDateTime": "2017-10-31T16:09:28-04:00",
        "issued": "2017-10-31T16:09:28-04:00",
        "valueQuantity": {
          "value": 22.13478947748213,
          "unit": "years",
          "system": "http://unitsofmeasure.org/",
          "code": "years"
        },
        "resourceType": "Observation"
      }
    }
  ],
  "resourceType": "Bundle"
}