{
  "type": "collection",
  "entry": [
    {
      "fullUrl": "urn:uuid:981af2d4-1a87-4558-820e-f752eb7c0b73",
      "resource": {
        "id": "981af2d4-1a87-4558-820e-f752eb7c0b73",
        "meta": {
          "profile": [
            "http://standardhealthrecord.org/fhir/StructureDefinition/shr-actor-Organization"
          ]
        },
        "type": [
          {
            "coding": [
              {
                "system": "http://hl7.org/fhir/organization-type",
                "code": "prov",
                "display": "Healthcare Provider"
              }
            ],
            "text": "Healthcare Provider"
          }
        ],
        "name": "ARBOUR-FULLER HOSPITAL",
        "resourceType": "Organization"
      }
    },
    {
      "fullUrl": "urn:uuid:fb4a3fdd-babf-4f49-9fe2-43c81343a97a",
      "resource": {
        "id": "fb4a3fdd-babf-4f49-9fe2-43c81343a97a",
        "meta": {
          "profile": [
            "http://standardhealthrecord.org/fhir/StructureDefinition/shr-demographics-PersonOfRecord"
          ]
        },
        "text": {
          "status": "generated",
          "div": "<div xmlns=\"http://www.w3.org/1999/xhtml\">Generated by <a href=\"https://github.com/synthetichealth/synthea\">Synthea</a>. Version identifier: 368ac389f34cd3ce3986aa3a0a08e467bf574db3</div>"
        },
        "extension": [
          {
            "url": "http://hl7.org/fhir/us/core/StructureDefinition/us-core-race",
            "valueCodeableConcept": {
              "coding": [
                {
                  "system": "http://hl7.org/fhir/v3/Race",
                  "code": "2106-3",
                  "display": "White"
                }
              ],
              "text": "race"
            }
          },
          {
            "url": "http://hl7.org/fhir/us/core/StructureDefinition/us-core-ethnicity",
            "valueCodeableConcept": {
              "coding": [
                {
                  "system": "http://hl7.org/fhir/v3/Ethnicity",
                  "code": "2186-5",
                  "display": "Nonhispanic"
                }
              ],
              "text": "ethnicity"
            }
          },
          {
            "url": "http://hl7.org/fhir/StructureDefinition/birthPlace",
            "valueAddress": {
              "city": "Malden",
              "state": "MA",
              "country": "US"
            }
          },
          {
            "url": "http://hl7.org/fhir/StructureDefinition/patient-mothersMaidenName",
            "valueString": "Junko759 Kuphal134"
          },
          {
            "url": "http://hl7.org/fhir/us/core/StructureDefinition/us-core-birthsex",
            "valueCode": "M"
          },
          {
            "url": "http://hl7.org/fhir/StructureDefinition/patient-interpreterRequired",
            "valueBoolean": false
          },
          {
            "url": "http://standardhealthrecord.org/fhir/StructureDefinition/shr-actor-FictionalPerson-extension",
            "valueBoolean": true
          },
          {
            "url": "http://standardhealthrecord.org/fhir/StructureDefinition/shr-demographics-FathersName-extension",
            "valueHumanName": {
              "text": "Edison387 Auer866"
            }
          },
          {
            "url": "http://standardhealthrecord.org/fhir/StructureDefinition/shr-demographics-SocialSecurityNumber-extension",
            "valueString": "999-72-9814"
          }
        ],
        "identifier": [
          {
            "system": "https://github.com/synthetichealth/synthea",
            "value": "cabd7121-1bc8-42a5-9a91-5d37caad48b9"
          },
          {
            "type": {
              "coding": [
                {
                  "system": "http://hl7.org/fhir/identifier-type",
                  "code": "SB"
                }
              ]
            },
            "system": "http://hl7.org/fhir/sid/us-ssn",
            "value": "999729814"
          },
          {
            "type": {
              "coding": [
                {
                  "system": "http://hl7.org/fhir/v2/0203",
                  "code": "DL"
                }
              ]
            },
            "system": "urn:oid:2.16.840.1.113883.4.3.25",
            "value": "S99949623"
          },
          {
            "type": {
              "coding": [
                {
                  "system": "http://hl7.org/fhir/v2/0203",
                  "code": "MR"
                }
              ]
            },
            "system": "http://hospital.smarthealthit.org",
            "value": "cabd7121-1bc8-42a5-9a91-5d37caad48b9"
          }
        ],
        "name": [
          {
            "use": "official",
            "family": "Auer866",
            "given": [
              "Leandro94"
            ],
            "prefix": [
              "Mr."
            ]
          }
        ],
        "telecom": [
          {
            "system": "phone",
            "value": "1-862-373-5327",
            "use": "home"
          }
        ],
        "gender": "male",
        "birthDate": "1924-10-08",
        "deceasedDateTime": "1996-10-02T19:52:11-04:00",
        "address": [
          {
            "extension": [
              {
                "extension": [
                  {
                    "url": "latitude",
                    "valueDecimal": 41.95059089822793
                  },
                  {
                    "url": "longitude",
                    "valueDecimal": -71.36149099132844
                  }
                ],
                "url": "http://hl7.org/fhir/StructureDefinition/geolocation"
              }
            ],
            "line": [
              "497 Nicolas Expressway",
              "Suite 559"
            ],
            "city": "North Attleborough",
            "state": "MA",
            "postalCode": "02760",
            "country": "US"
          }
        ],
        "maritalStatus": {
          "coding": [
            {
              "system": "http://hl7.org/fhir/v3/MaritalStatus",
              "code": "M"
            }
          ],
          "text": "M"
        },
        "multipleBirthBoolean": false,
        "communication": [
          {
            "language": {
              "coding": [
                {
                  "system": "http://hl7.org/fhir/ValueSet/languages",
                  "code": "en-US",
                  "display": "English (United States)"
                }
              ]
            }
          }
        ],
        "generalPractitioner": [
          {
            "reference": "urn:uuid:981af2d4-1a87-4558-820e-f752eb7c0b73"
          }
        ],
        "resourceType": "Patient"
      }
    },
    {
      "fullUrl": "urn:uuid:a7cd3813-3820-43c2-a888-f8a333b1e4c6",
      "resource": {
        "id": "a7cd3813-3820-43c2-a888-f8a333b1e4c6",
        "meta": {
          "profile": [
            "http://standardhealthrecord.org/fhir/StructureDefinition/shr-encounter-Encounter"
          ]
        },
        "status": "finished",
        "class": {
          "code": "ambulatory"
        },
        "type": [
          {
            "coding": [
              {
                "system": "http://snomed.info/sct",
                "code": "308646001"
              }
            ],
            "text": "Death Certification"
          }
        ],
        "subject": {
          "reference": "urn:uuid:fb4a3fdd-babf-4f49-9fe2-43c81343a97a"
        },
        "period": {
          "start": "1996-10-02T19:52:11-04:00",
          "end": "1996-10-02T20:07:11-04:00"
        },
        "serviceProvider": {
          "reference": "urn:uuid:981af2d4-1a87-4558-820e-f752eb7c0b73"
        },
        "resourceType": "Encounter"
      }
    },
    {
      "fullUrl": "urn:uuid:36bb9636-c9d1-40bc-bc65-d6efc2975114",
      "resource": {
        "id": "36bb9636-c9d1-40bc-bc65-d6efc2975114",
        "status": "active",
        "use": "complete",
        "patient": {
          "reference": "urn:uuid:fb4a3fdd-babf-4f49-9fe2-43c81343a97a"
        },
        "billablePeriod": {
          "start": "1996-10-02T19:52:11-04:00",
          "end": "1996-10-02T20:07:11-04:00"
        },
        "organization": {
          "reference": {
            "reference": "urn:uuid:981af2d4-1a87-4558-820e-f752eb7c0b73"
          }
        },
        "diagnosis": [
          {
            "sequence": 1,
            "diagnosisReference": {
              "reference": "urn:uuid:55669bcc-ac0c-4688-b354-c0a144cd6100"
            }
          },
          {
            "sequence": 2,
            "diagnosisReference": {
              "reference": "urn:uuid:b1495ba7-7646-448d-9aa2-e3def5323ddd"
            }
          },
          {
            "sequence": 3,
            "diagnosisReference": {
              "reference": "urn:uuid:149151b4-91df-4ca8-bdc5-acfc81d633f9"
            }
          },
          {
            "sequence": 4,
            "diagnosisReference": {
              "reference": "urn:uuid:8f2a28d2-d818-499b-8775-de1875f0b453"
            }
          },
          {
            "sequence": 5,
            "diagnosisReference": {
              "reference": "urn:uuid:8f527e18-56a4-4e97-9aeb-2f44960aa616"
            }
          }
        ],
        "item": [
          {
            "sequence": 1,
            "net": {
              "value": 125.0,
              "system": "urn:iso:std:iso:4217",
              "code": "USD"
            },
            "encounter": [
              {
                "reference": {
                  "fullUrl": "urn:uuid:a7cd3813-3820-43c2-a888-f8a333b1e4c6",
                  "resource": {
                    "id": "a7cd3813-3820-43c2-a888-f8a333b1e4c6",
                    "meta": {
                      "profile": [
                        "http://standardhealthrecord.org/fhir/StructureDefinition/shr-encounter-Encounter"
                      ]
                    },
                    "status": "finished",
                    "class": {
                      "code": "ambulatory"
                    },
                    "type": [
                      {
                        "coding": [
                          {
                            "system": "http://snomed.info/sct",
                            "code": "308646001"
                          }
                        ],
                        "text": "Death Certification"
                      }
                    ],
                    "subject": {
                      "reference": "urn:uuid:fb4a3fdd-babf-4f49-9fe2-43c81343a97a"
                    },
                    "period": {
                      "start": "1996-10-02T19:52:11-04:00",
                      "end": "1996-10-02T20:07:11-04:00"
                    },
                    "serviceProvider": {
                      "reference": "urn:uuid:981af2d4-1a87-4558-820e-f752eb7c0b73"
                    },
                    "resourceType": "Encounter"
                  }
                }
              }
            ]
          },
          {
            "sequence": 2,
            "diagnosisLinkId": [
              1
            ],
            "net": {
              "value": 0.0,
              "system": "urn:iso:std:iso:4217",
              "code": "USD"
            }
          },
          {
            "sequence": 3,
            "diagnosisLinkId": [
              2
            ],
            "net": {
              "value": 0.0,
              "system": "urn:iso:std:iso:4217",
              "code": "USD"
            }
          },
          {
            "sequence": 4,
            "diagnosisLinkId": [
              3
            ],
            "net": {
              "value": 0.0,
              "system": "urn:iso:std:iso:4217",
              "code": "USD"
            }
          },
          {
            "sequence": 5,
            "diagnosisLinkId": [
              4
            ],
            "net": {
              "value": 0.0,
              "system": "urn:iso:std:iso:4217",
              "code": "USD"
            }
          },
          {
            "sequence": 6,
            "diagnosisLinkId": [
              5
            ],
            "net": {
              "value": 0.0,
              "system": "urn:iso:std:iso:4217",
              "code": "USD"
            }
          }
        ],
        "total": {
          "value": 125.0,
          "system": "urn:iso:std:iso:4217",
          "code": "USD"
        },
        "resourceType": "Claim"
      }
    },
    {
      "fullUrl": "urn:uuid:55669bcc-ac0c-4688-b354-c0a144cd6100",
      "resource": {
        "id": "55669bcc-ac0c-4688-b354-c0a144cd6100",
        "meta": {
          "profile": [
            "http://standardhealthrecord.org/fhir/StructureDefinition/shr-problem-Problem"
          ]
        },
        "clinicalStatus": "active",
        "verificationStatus": "confirmed",
        "code": {
          "coding": [
            {
              "system": "http://snomed.info/sct",
              "code": "38341003",
              "display": "Hypertension"
            }
          ],
          "text": "Hypertension"
        },
        "subject": {
          "reference": "urn:uuid:fb4a3fdd-babf-4f49-9fe2-43c81343a97a"
        },
        "context": {
          "reference": "urn:uuid:a7cd3813-3820-43c2-a888-f8a333b1e4c6"
        },
        "onsetDateTime": "1943-08-15T17:07:13-04:00",
        "assertedDate": "1943-08-15",
        "resourceType": "Condition"
      }
    },
    {
      "fullUrl": "urn:uuid:b1495ba7-7646-448d-9aa2-e3def5323ddd",
      "resource": {
        "id": "b1495ba7-7646-448d-9aa2-e3def5323ddd",
        "meta": {
          "profile": [
            "http://standardhealthrecord.org/fhir/StructureDefinition/shr-problem-Problem"
          ]
        },
        "clinicalStatus": "active",
        "verificationStatus": "confirmed",
        "code": {
          "coding": [
            {
              "system": "http://snomed.info/sct",
              "code": "53741008",
              "display": "Coronary Heart Disease"
            }
          ],
          "text": "Coronary Heart Disease"
        },
        "subject": {
          "reference": "urn:uuid:fb4a3fdd-babf-4f49-9fe2-43c81343a97a"
        },
        "context": {
          "reference": "urn:uuid:a7cd3813-3820-43c2-a888-f8a333b1e4c6"
        },
        "onsetDateTime": "1990-05-02T00:42:18-04:00",
        "assertedDate": "1990-05-02",
        "resourceType": "Condition"
      }
    },
    {
      "fullUrl": "urn:uuid:149151b4-91df-4ca8-bdc5-acfc81d633f9",
      "resource": {
        "id": "149151b4-91df-4ca8-bdc5-acfc81d633f9",
        "meta": {
          "profile": [
            "http://standardhealthrecord.org/fhir/StructureDefinition/shr-problem-Problem"
          ]
        },
        "clinicalStatus": "active",
        "verificationStatus": "confirmed",
        "code": {
          "coding": [
            {
              "system": "http://snomed.info/sct",
              "code": "230690007",
              "display": "Stroke"
            }
          ],
          "text": "Stroke"
        },
        "subject": {
          "reference": "urn:uuid:fb4a3fdd-babf-4f49-9fe2-43c81343a97a"
        },
        "context": {
          "reference": "urn:uuid:a7cd3813-3820-43c2-a888-f8a333b1e4c6"
        },
        "onsetDateTime": "1990-11-14T19:52:11-05:00",
        "assertedDate": "1990-11-14",
        "resourceType": "Condition"
      }
    },
    {
      "fullUrl": "urn:uuid:8f2a28d2-d818-499b-8775-de1875f0b453",
      "resource": {
        "id": "8f2a28d2-d818-499b-8775-de1875f0b453",
        "meta": {
          "profile": [
            "http://standardhealthrecord.org/fhir/StructureDefinition/shr-problem-Problem"
          ]
        },
        "clinicalStatus": "active",
        "verificationStatus": "confirmed",
        "code": {
          "coding": [
            {
              "system": "http://snomed.info/sct",
              "code": "22298006",
              "display": "Myocardial Infarction"
            }
          ],
          "text": "Myocardial Infarction"
        },
        "subject": {
          "reference": "urn:uuid:fb4a3fdd-babf-4f49-9fe2-43c81343a97a"
        },
        "context": {
          "reference": "urn:uuid:a7cd3813-3820-43c2-a888-f8a333b1e4c6"
        },
        "onsetDateTime": "1994-09-28T19:52:11-04:00",
        "assertedDate": "1994-09-28",
        "resourceType": "Condition"
      }
    },
    {
      "fullUrl": "urn:uuid:8f527e18-56a4-4e97-9aeb-2f44960aa616",
      "resource": {
        "id": "8f527e18-56a4-4e97-9aeb-2f44960aa616",
        "meta": {
          "profile": [
            "http://standardhealthrecord.org/fhir/StructureDefinition/shr-problem-Problem"
          ]
        },
        "clinicalStatus": "active",
        "verificationStatus": "confirmed",
        "code": {
          "coding": [
            {
              "system": "http://snomed.info/sct",
              "code": "399211009",
              "display": "History of myocardial infarction (situation)"
            }
          ],
          "text": "History of myocardial infarction (situation)"
        },
        "subject": {
          "reference": "urn:uuid:fb4a3fdd-babf-4f49-9fe2-43c81343a97a"
        },
        "context": {
          "reference": "urn:uuid:a7cd3813-3820-43c2-a888-f8a333b1e4c6"
        },
        "onsetDateTime": "1994-09-28T19:52:11-04:00",
        "assertedDate": "1994-09-28",
        "resourceType": "Condition"
      }
    },
    {
      "fullUrl": "urn:uuid:c5c3a8ce-d903-4d66-a838-dacf23b12c14",
      "resource": {
        "id": "c5c3a8ce-d903-4d66-a838-dacf23b12c14",
        "meta": {
          "profile": [
            "http://standardhealthrecord.org/fhir/StructureDefinition/shr-observation-Observation"
          ]
        },
        "status": "final",
        "category": [
          {
            "coding": [
              {
                "system": "http://hl7.org/fhir/observation-category"
              }
            ]
          }
        ],
        "code": {
          "coding": [
            {
              "system": "http://loinc.org",
              "code": "69453-9",
              "display": "Cause of Death [US Standard Certificate of Death]"
            }
          ],
          "text": "Cause of Death [US Standard Certificate of Death]"
        },
        "subject": {
          "reference": "urn:uuid:fb4a3fdd-babf-4f49-9fe2-43c81343a97a"
        },
        "context": {
          "reference": "urn:uuid:a7cd3813-3820-43c2-a888-f8a333b1e4c6"
        },
        "effectiveDateTime": "1996-10-02T19:52:11-04:00",
        "issued": "1996-10-02T19:52:11-04:00",
        "valueCodeableConcept": {
          "coding": [
            {
              "system": "http://snomed.info/sct",
              "code": "9855000",
              "display": "Natural death with unknown cause"
            }
          ],
          "text": "Natural death with unknown cause"
        },
        "resourceType": "Observation"
      }
    },
    {
      "fullUrl": "urn:uuid:49168197-cd5a-45f6-88e7-242d769153fb",
      "resource": {
        "id": "49168197-cd5a-45f6-88e7-242d769153fb",
        "meta": {
          "profile": [
            "http://standardhealthrecord.org/fhir/StructureDefinition/shr-observation-Panel"
          ]
        },
        "status": "final",
        "code": {
          "coding": [
            {
              "system": "http://loinc.org",
              "code": "69409-1",
              "display": "U.S. standard certificate of death - 2003 revision"
            }
          ]
        },
        "subject": {
          "reference": "urn:uuid:fb4a3fdd-babf-4f49-9fe2-43c81343a97a"
        },
        "context": {
          "reference": "urn:uuid:a7cd3813-3820-43c2-a888-f8a333b1e4c6"
        },
        "effectiveDateTime": "1996-10-02T19:52:11-04:00",
        "issued": "1996-10-02T19:52:11-04:00",
        "result": [
          {
            "reference": "urn:uuid:c5c3a8ce-d903-4d66-a838-dacf23b12c14",
            "display": "Cause of Death [US Standard Certificate of Death]"
          }
        ],
        "resourceType": "DiagnosticReport"
      }
    },
    {
      "resource": {
        "status": "active",
        "intent": "order",
        "category": [
          {
            "coding": [
              {
                "system": "http://snomed.info/sct",
                "code": "698358001",
                "display": "Angina self management plan"
              }
            ]
          }
        ],
        "subject": {
          "reference": "urn:uuid:fb4a3fdd-babf-4f49-9fe2-43c81343a97a"
        },
        "context": {
          "reference": "urn:uuid:a7cd3813-3820-43c2-a888-f8a333b1e4c6"
        },
        "period": {
          "start": "1990-05-02"
        },
        "addresses": [
          {
            "reference": "urn:uuid:b1495ba7-7646-448d-9aa2-e3def5323ddd"
          },
          {
            "reference": "urn:uuid:149151b4-91df-4ca8-bdc5-acfc81d633f9"
          },
          {
            "reference": "urn:uuid:8f2a28d2-d818-499b-8775-de1875f0b453"
          }
        ],
        "activity": [
          {
            "detail": {
              "code": {
                "coding": [
                  {
                    "system": "http://snomed.info/sct",
                    "code": "229065009",
                    "display": "Exercise therapy"
                  }
                ]
              },
              "status": "in-progress"
            }
          },
          {
            "detail": {
              "code": {
                "coding": [
                  {
                    "system": "http://snomed.info/sct",
                    "code": "226060000",
                    "display": "Stress management"
                  }
                ]
              },
              "status": "in-progress"
            }
          },
          {
            "detail": {
              "code": {
                "coding": [
                  {
                    "system": "http://snomed.info/sct",
                    "code": "710081004",
                    "display": "Smoking cessation therapy"
                  }
                ]
              },
              "status": "in-progress"
            }
          },
          {
            "detail": {
              "code": {
                "coding": [
                  {
                    "system": "http://snomed.info/sct",
                    "code": "226234005",
                    "display": "Healthy diet"
                  }
                ]
              },
              "status": "in-progress"
            }
          }
        ],
        "resourceType": "CarePlan"
      }
    },
    {
      "fullUrl": "urn:uuid:a8f7b614-c597-48c3-b3c5-bfdb99d2a4d6",
      "resource": {
        "id": "a8f7b614-c597-48c3-b3c5-bfdb99d2a4d6",
        "meta": {
          "profile": [
            "http://standardhealthrecord.org/fhir/StructureDefinition/shr-medication-MedicationPrescription"
          ]
        },
        "extension": [
          {
            "url": "http://standardhealthrecord.org/fhir/StructureDefinition/shr-base-ActionCode-extension",
            "valueCodeableConcept": {
              "coding": [
                {
                  "system": "http://snomed.info/sct",
                  "code": "33633005",
                  "display": "Prescription of drug (procedure)"
                }
              ],
              "text": "Prescription of drug (procedure)"
            }
          }
        ],
        "status": "active",
        "intent": "order",
        "medicationCodeableConcept": {
          "coding": [
            {
              "system": "http://www.nlm.nih.gov/research/umls/rxnorm",
              "code": "834101",
              "display": "Penicillin V Potassium 500 MG"
            }
          ],
          "text": "Penicillin V Potassium 500 MG"
        },
        "subject": {
          "reference": "urn:uuid:fb4a3fdd-babf-4f49-9fe2-43c81343a97a"
        },
        "context": {
          "reference": "urn:uuid:a7cd3813-3820-43c2-a888-f8a333b1e4c6"
        },
        "authoredOn": "1982-09-26",
        "resourceType": "MedicationRequest"
      }
    },
    {
      "fullUrl": "urn:uuid:b293e189-82cc-4ddd-a6d2-7f5912f34737",
      "resource": {
        "id": "b293e189-82cc-4ddd-a6d2-7f5912f34737",
        "status": "active",
        "use": "complete",
        "patient": {
          "reference": "urn:uuid:fb4a3fdd-babf-4f49-9fe2-43c81343a97a"
        },
        "billablePeriod": {
          "start": "1996-10-02T19:52:11-04:00",
          "end": "1996-10-02T20:07:11-04:00"
        },
        "organization": {
          "reference": {
            "reference": "urn:uuid:981af2d4-1a87-4558-820e-f752eb7c0b73"
          }
        },
        "prescription": {
          "reference": "urn:uuid:a8f7b614-c597-48c3-b3c5-bfdb99d2a4d6"
        },
        "item": [
          {
            "sequence": 1,
            "net": {
              "value": 125.0,
              "system": "urn:iso:std:iso:4217",
              "code": "USD"
            },
            "encounter": [
              {
                "reference": {
                  "fullUrl": "urn:uuid:a7cd3813-3820-43c2-a888-f8a333b1e4c6",
                  "resource": {
                    "id": "a7cd3813-3820-43c2-a888-f8a333b1e4c6",
                    "meta": {
                      "profile": [
                        "http://standardhealthrecord.org/fhir/StructureDefinition/shr-encounter-Encounter"
                      ]
                    },
                    "status": "finished",
                    "class": {
                      "code": "ambulatory"
                    },
                    "type": [
                      {
                        "coding": [
                          {
                            "system": "http://snomed.info/sct",
                            "code": "308646001"
                          }
                        ],
                        "text": "Death Certification"
                      }
                    ],
                    "subject": {
                      "reference": "urn:uuid:fb4a3fdd-babf-4f49-9fe2-43c81343a97a"
                    },
                    "period": {
                      "start": "1996-10-02T19:52:11-04:00",
                      "end": "1996-10-02T20:07:11-04:00"
                    },
                    "serviceProvider": {
                      "reference": "urn:uuid:981af2d4-1a87-4558-820e-f752eb7c0b73"
                    },
                    "resourceType": "Encounter"
                  }
                }
              }
            ]
          },
          {
            "sequence": 1,
            "net": {
              "value": 255.0,
              "system": "urn:iso:std:iso:4217",
              "code": "USD"
            }
          }
        ],
        "total": {
          "value": 255.0,
          "system": "urn:iso:std:iso:4217",
          "code": "USD"
        },
        "resourceType": "Claim"
      }
    },
    {
      "fullUrl": "urn:uuid:f0f0873e-d897-475c-a0b7-ae553a5d7a0b",
      "resource": {
        "id": "f0f0873e-d897-475c-a0b7-ae553a5d7a0b",
        "meta": {
          "profile": [
            "http://standardhealthrecord.org/fhir/StructureDefinition/shr-medication-MedicationPrescription"
          ]
        },
        "extension": [
          {
            "url": "http://standardhealthrecord.org/fhir/StructureDefinition/shr-base-ActionCode-extension",
            "valueCodeableConcept": {
              "coding": [
                {
                  "system": "http://snomed.info/sct",
                  "code": "33633005",
                  "display": "Prescription of drug (procedure)"
                }
              ],
              "text": "Prescription of drug (procedure)"
            }
          }
        ],
        "status": "stopped",
        "intent": "order",
        "medicationCodeableConcept": {
          "coding": [
            {
              "system": "http://www.nlm.nih.gov/research/umls/rxnorm",
              "code": "564666",
              "display": "Nitroglycerin 0.4 MG/ACTUAT [Nitrolingual]"
            }
          ],
          "text": "Nitroglycerin 0.4 MG/ACTUAT [Nitrolingual]"
        },
        "subject": {
          "reference": "urn:uuid:fb4a3fdd-babf-4f49-9fe2-43c81343a97a"
        },
        "context": {
          "reference": "urn:uuid:a7cd3813-3820-43c2-a888-f8a333b1e4c6"
        },
        "authoredOn": "1990-05-02",
        "reasonReference": [
          {
            "reference": "urn:uuid:b1495ba7-7646-448d-9aa2-e3def5323ddd"
          }
        ],
        "resourceType": "MedicationRequest"
      }
    },
    {
      "fullUrl": "urn:uuid:562fd8c6-06c2-4485-8340-9311d9c2a728",
      "resource": {
        "id": "562fd8c6-06c2-4485-8340-9311d9c2a728",
        "status": "active",
        "use": "complete",
        "patient": {
          "reference": "urn:uuid:fb4a3fdd-babf-4f49-9fe2-43c81343a97a"
        },
        "billablePeriod": {
          "start": "1996-10-02T19:52:11-04:00",
          "end": "1996-10-02T20:07:11-04:00"
        },
        "organization": {
          "reference": {
            "reference": "urn:uuid:981af2d4-1a87-4558-820e-f752eb7c0b73"
          }
        },
        "prescription": {
          "reference": "urn:uuid:f0f0873e-d897-475c-a0b7-ae553a5d7a0b"
        },
        "item": [
          {
            "sequence": 1,
            "net": {
              "value": 125.0,
              "system": "urn:iso:std:iso:4217",
              "code": "USD"
            },
            "encounter": [
              {
                "reference": {
                  "fullUrl": "urn:uuid:a7cd3813-3820-43c2-a888-f8a333b1e4c6",
                  "resource": {
                    "id": "a7cd3813-3820-43c2-a888-f8a333b1e4c6",
                    "meta": {
                      "profile": [
                        "http://standardhealthrecord.org/fhir/StructureDefinition/shr-encounter-Encounter"
                      ]
                    },
                    "status": "finished",
                    "class": {
                      "code": "ambulatory"
                    },
                    "type": [
                      {
                        "coding": [
                          {
                            "system": "http://snomed.info/sct",
                            "code": "308646001"
                          }
                        ],
                        "text": "Death Certification"
                      }
                    ],
                    "subject": {
                      "reference": "urn:uuid:fb4a3fdd-babf-4f49-9fe2-43c81343a97a"
                    },
                    "period": {
                      "start": "1996-10-02T19:52:11-04:00",
                      "end": "1996-10-02T20:07:11-04:00"
                    },
                    "serviceProvider": {
                      "reference": "urn:uuid:981af2d4-1a87-4558-820e-f752eb7c0b73"
                    },
                    "resourceType": "Encounter"
                  }
                }
              }
            ]
          },
          {
            "sequence": 1,
            "net": {
              "value": 255.0,
              "system": "urn:iso:std:iso:4217",
              "code": "USD"
            }
          }
        ],
        "total": {
          "value": 255.0,
          "system": "urn:iso:std:iso:4217",
          "code": "USD"
        },
        "resourceType": "Claim"
      }
    },
    {
      "fullUrl": "urn:uuid:d19ede71-fb0d-4390-9c94-a036212ee5b0",
      "resource": {
        "id": "d19ede71-fb0d-4390-9c94-a036212ee5b0",
        "meta": {
          "profile": [
            "http://standardhealthrecord.org/fhir/StructureDefinition/shr-medication-MedicationPrescription"
          ]
        },
        "extension": [
          {
            "url": "http://standardhealthrecord.org/fhir/StructureDefinition/shr-base-ActionCode-extension",
            "valueCodeableConcept": {
              "coding": [
                {
                  "system": "http://snomed.info/sct",
                  "code": "33633005",
                  "display": "Prescription of drug (procedure)"
                }
              ],
              "text": "Prescription of drug (procedure)"
            }
          }
        ],
        "status": "active",
        "intent": "order",
        "medicationCodeableConcept": {
          "coding": [
            {
              "system": "http://www.nlm.nih.gov/research/umls/rxnorm",
              "code": "312961",
              "display": "Simvastatin 20 MG Oral Tablet"
            }
          ],
          "text": "Simvastatin 20 MG Oral Tablet"
        },
        "subject": {
          "reference": "urn:uuid:fb4a3fdd-babf-4f49-9fe2-43c81343a97a"
        },
        "context": {
          "reference": "urn:uuid:a7cd3813-3820-43c2-a888-f8a333b1e4c6"
        },
        "authoredOn": "1991-05-15",
        "reasonReference": [
          {
            "reference": "urn:uuid:b1495ba7-7646-448d-9aa2-e3def5323ddd"
          }
        ],
        "resourceType": "MedicationRequest"
      }
    },
    {
      "fullUrl": "urn:uuid:0803fc67-cda3-41ca-8db4-8499e475c1d3",
      "resource": {
        "id": "0803fc67-cda3-41ca-8db4-8499e475c1d3",
        "status": "active",
        "use": "complete",
        "patient": {
          "reference": "urn:uuid:fb4a3fdd-babf-4f49-9fe2-43c81343a97a"
        },
        "billablePeriod": {
          "start": "1996-10-02T19:52:11-04:00",
          "end": "1996-10-02T20:07:11-04:00"
        },
        "organization": {
          "reference": {
            "reference": "urn:uuid:981af2d4-1a87-4558-820e-f752eb7c0b73"
          }
        },
        "prescription": {
          "reference": "urn:uuid:d19ede71-fb0d-4390-9c94-a036212ee5b0"
        },
        "item": [
          {
            "sequence": 1,
            "net": {
              "value": 125.0,
              "system": "urn:iso:std:iso:4217",
              "code": "USD"
            },
            "encounter": [
              {
                "reference": {
                  "fullUrl": "urn:uuid:a7cd3813-3820-43c2-a888-f8a333b1e4c6",
                  "resource": {
                    "id": "a7cd3813-3820-43c2-a888-f8a333b1e4c6",
                    "meta": {
                      "profile": [
                        "http://standardhealthrecord.org/fhir/StructureDefinition/shr-encounter-Encounter"
                      ]
                    },
                    "status": "finished",
                    "class": {
                      "code": "ambulatory"
                    },
                    "type": [
                      {
                        "coding": [
                          {
                            "system": "http://snomed.info/sct",
                            "code": "308646001"
                          }
                        ],
                        "text": "Death Certification"
                      }
                    ],
                    "subject": {
                      "reference": "urn:uuid:fb4a3fdd-babf-4f49-9fe2-43c81343a97a"
                    },
                    "period": {
                      "start": "1996-10-02T19:52:11-04:00",
                      "end": "1996-10-02T20:07:11-04:00"
                    },
                    "serviceProvider": {
                      "reference": "urn:uuid:981af2d4-1a87-4558-820e-f752eb7c0b73"
                    },
                    "resourceType": "Encounter"
                  }
                }
              }
            ]
          },
          {
            "sequence": 1,
            "net": {
              "value": 255.0,
              "system": "urn:iso:std:iso:4217",
              "code": "USD"
            }
          }
        ],
        "total": {
          "value": 255.0,
          "system": "urn:iso:std:iso:4217",
          "code": "USD"
        },
        "resourceType": "Claim"
      }
    },
    {
      "fullUrl": "urn:uuid:d3639f99-870f-4517-850c-d4d8755e1264",
      "resource": {
        "id": "d3639f99-870f-4517-850c-d4d8755e1264",
        "meta": {
          "profile": [
            "http://standardhealthrecord.org/fhir/StructureDefinition/shr-medication-MedicationPrescription"
          ]
        },
        "extension": [
          {
            "url": "http://standardhealthrecord.org/fhir/StructureDefinition/shr-base-ActionCode-extension",
            "valueCodeableConcept": {
              "coding": [
                {
                  "system": "http://snomed.info/sct",
                  "code": "33633005",
                  "display": "Prescription of drug (procedure)"
                }
              ],
              "text": "Prescription of drug (procedure)"
            }
          }
        ],
        "status": "active",
        "intent": "order",
        "medicationCodeableConcept": {
          "coding": [
            {
              "system": "http://www.nlm.nih.gov/research/umls/rxnorm",
              "code": "197361",
              "display": "Amlodipine 5 MG Oral Tablet"
            }
          ],
          "text": "Amlodipine 5 MG Oral Tablet"
        },
        "subject": {
          "reference": "urn:uuid:fb4a3fdd-babf-4f49-9fe2-43c81343a97a"
        },
        "context": {
          "reference": "urn:uuid:a7cd3813-3820-43c2-a888-f8a333b1e4c6"
        },
        "authoredOn": "1994-07-29",
        "reasonReference": [
          {
            "reference": "urn:uuid:b1495ba7-7646-448d-9aa2-e3def5323ddd"
          }
        ],
        "resourceType": "MedicationRequest"
      }
    },
    {
      "fullUrl": "urn:uuid:015694b0-c2fa-4c03-a126-a84d43fdf31b",
      "resource": {
        "id": "015694b0-c2fa-4c03-a126-a84d43fdf31b",
        "status": "active",
        "use": "complete",
        "patient": {
          "reference": "urn:uuid:fb4a3fdd-babf-4f49-9fe2-43c81343a97a"
        },
        "billablePeriod": {
          "start": "1996-10-02T19:52:11-04:00",
          "end": "1996-10-02T20:07:11-04:00"
        },
        "organization": {
          "reference": {
            "reference": "urn:uuid:981af2d4-1a87-4558-820e-f752eb7c0b73"
          }
        },
        "prescription": {
          "reference": "urn:uuid:d3639f99-870f-4517-850c-d4d8755e1264"
        },
        "item": [
          {
            "sequence": 1,
            "net": {
              "value": 125.0,
              "system": "urn:iso:std:iso:4217",
              "code": "USD"
            },
            "encounter": [
              {
                "reference": {
                  "fullUrl": "urn:uuid:a7cd3813-3820-43c2-a888-f8a333b1e4c6",
                  "resource": {
                    "id": "a7cd3813-3820-43c2-a888-f8a333b1e4c6",
                    "meta": {
                      "profile": [
                        "http://standardhealthrecord.org/fhir/StructureDefinition/shr-encounter-Encounter"
                      ]
                    },
                    "status": "finished",
                    "class": {
                      "code": "ambulatory"
                    },
                    "type": [
                      {
                        "coding": [
                          {
                            "system": "http://snomed.info/sct",
                            "code": "308646001"
                          }
                        ],
                        "text": "Death Certification"
                      }
                    ],
                    "subject": {
                      "reference": "urn:uuid:fb4a3fdd-babf-4f49-9fe2-43c81343a97a"
                    },
                    "period": {
                      "start": "1996-10-02T19:52:11-04:00",
                      "end": "1996-10-02T20:07:11-04:00"
                    },
                    "serviceProvider": {
                      "reference": "urn:uuid:981af2d4-1a87-4558-820e-f752eb7c0b73"
                    },
                    "resourceType": "Encounter"
                  }
                }
              }
            ]
          },
          {
            "sequence": 1,
            "net": {
              "value": 255.0,
              "system": "urn:iso:std:iso:4217",
              "code": "USD"
            }
          }
        ],
        "total": {
          "value": 255.0,
          "system": "urn:iso:std:iso:4217",
          "code": "USD"
        },
        "resourceType": "Claim"
      }
    },
    {
      "fullUrl": "urn:uuid:1e8c7a0f-c956-47f3-ac2f-8293b1950638",
      "resource": {
        "id": "1e8c7a0f-c956-47f3-ac2f-8293b1950638",
        "meta": {
          "profile": [
            "http://standardhealthrecord.org/fhir/StructureDefinition/shr-medication-MedicationPrescription"
          ]
        },
        "extension": [
          {
            "url": "http://standardhealthrecord.org/fhir/StructureDefinition/shr-base-ActionCode-extension",
            "valueCodeableConcept": {
              "coding": [
                {
                  "system": "http://snomed.info/sct",
                  "code": "33633005",
                  "display": "Prescription of drug (procedure)"
                }
              ],
              "text": "Prescription of drug (procedure)"
            }
          }
        ],
        "status": "active",
        "intent": "order",
        "medicationCodeableConcept": {
          "coding": [
            {
              "system": "http://www.nlm.nih.gov/research/umls/rxnorm",
              "code": "564666",
              "display": "Nitroglycerin 0.4 MG/ACTUAT [Nitrolingual]"
            }
          ],
          "text": "Nitroglycerin 0.4 MG/ACTUAT [Nitrolingual]"
        },
        "subject": {
          "reference": "urn:uuid:fb4a3fdd-babf-4f49-9fe2-43c81343a97a"
        },
        "context": {
          "reference": "urn:uuid:a7cd3813-3820-43c2-a888-f8a333b1e4c6"
        },
        "authoredOn": "1994-09-28",
        "reasonReference": [
          {
            "reference": "urn:uuid:8f2a28d2-d818-499b-8775-de1875f0b453"
          }
        ],
        "resourceType": "MedicationRequest"
      }
    },
    {
      "fullUrl": "urn:uuid:6b8d8a95-57d2-4d59-84b5-748d67d1864f",
      "resource": {
        "id": "6b8d8a95-57d2-4d59-84b5-748d67d1864f",
        "status": "active",
        "use": "complete",
        "patient": {
          "reference": "urn:uuid:fb4a3fdd-babf-4f49-9fe2-43c81343a97a"
        },
        "billablePeriod": {
          "start": "1996-10-02T19:52:11-04:00",
          "end": "1996-10-02T20:07:11-04:00"
        },
        "organization": {
          "reference": {
            "reference": "urn:uuid:981af2d4-1a87-4558-820e-f752eb7c0b73"
          }
        },
        "prescription": {
          "reference": "urn:uuid:1e8c7a0f-c956-47f3-ac2f-8293b1950638"
        },
        "item": [
          {
            "sequence": 1,
            "net": {
              "value": 125.0,
              "system": "urn:iso:std:iso:4217",
              "code": "USD"
            },
            "encounter": [
              {
                "reference": {
                  "fullUrl": "urn:uuid:a7cd3813-3820-43c2-a888-f8a333b1e4c6",
                  "resource": {
                    "id": "a7cd3813-3820-43c2-a888-f8a333b1e4c6",
                    "meta": {
                      "profile": [
                        "http://standardhealthrecord.org/fhir/StructureDefinition/shr-encounter-Encounter"
                      ]
                    },
                    "status": "finished",
                    "class": {
                      "code": "ambulatory"
                    },
                    "type": [
                      {
                        "coding": [
                          {
                            "system": "http://snomed.info/sct",
                            "code": "308646001"
                          }
                        ],
                        "text": "Death Certification"
                      }
                    ],
                    "subject": {
                      "reference": "urn:uuid:fb4a3fdd-babf-4f49-9fe2-43c81343a97a"
                    },
                    "period": {
                      "start": "1996-10-02T19:52:11-04:00",
                      "end": "1996-10-02T20:07:11-04:00"
                    },
                    "serviceProvider": {
                      "reference": "urn:uuid:981af2d4-1a87-4558-820e-f752eb7c0b73"
                    },
                    "resourceType": "Encounter"
                  }
                }
              }
            ]
          },
          {
            "sequence": 1,
            "net": {
              "value": 255.0,
              "system": "urn:iso:std:iso:4217",
              "code": "USD"
            }
          }
        ],
        "total": {
          "value": 255.0,
          "system": "urn:iso:std:iso:4217",
          "code": "USD"
        },
        "resourceType": "Claim"
      }
    },
    {
      "fullUrl": "urn:uuid:92133f4c-cf45-4bf7-b2fc-ff4cb0c6c4ce",
      "resource": {
        "id": "92133f4c-cf45-4bf7-b2fc-ff4cb0c6c4ce",
        "meta": {
          "profile": [
            "http://standardhealthrecord.org/fhir/StructureDefinition/shr-observation-Observation"
          ]
        },
        "status": "final",
        "category": [
          {
            "coding": [
              {
                "system": "http://hl7.org/fhir/observation-category",
                "code": "survey"
              }
            ]
          }
        ],
        "code": {
          "coding": [
            {
              "system": "http://snomed.info/sct",
              "code": "273724008",
              "display": "Quality adjusted life years"
            }
          ],
          "text": "Quality adjusted life years"
        },
        "subject": {
          "reference": "urn:uuid:fb4a3fdd-babf-4f49-9fe2-43c81343a97a"
        },
        "effectiveDateTime": "2017-10-31T16:09:28-04:00",
        "issued": "2017-10-31T16:09:28-04:00",
        "valueQuantity": {
          "value": 70.60586994894882,
          "unit": "years",
          "system": "http://unitsofmeasure.org/",
          "code": "years"
        },
        "resourceType": "Observation"
      }
    },
    {
      "fullUrl": "urn:uuid:1cc28a14-401e-4f8e-ade5-f6fdceb5ff9e",
      "resource": {
        "id": "1cc28a14-401e-4f8e-ade5-f6fdceb5ff9e",
        "meta": {
          "profile": [
            "http://standardhealthrecord.org/fhir/StructureDefinition/shr-observation-Observation"
          ]
        },
        "status": "final",
        "category": [
          {
            "coding": [
              {
                "system": "http://hl7.org/fhir/observation-category",
                "code": "survey"
              }
            ]
          }
        ],
        "code": {
          "coding": [
            {
              "system": "http://snomed.info/sct",
              "code": "273421001",
              "display": "Disability rating scale"
            }
          ],
          "text": "Disability rating scale"
        },
        "subject": {
          "reference": "urn:uuid:fb4a3fdd-babf-4f49-9fe2-43c81343a97a"
        },
        "effectiveDateTime": "2017-10-31T16:09:28-04:00",
        "issued": "2017-10-31T16:09:28-04:00",
        "valueQuantity": {
          "value": 20.44319005105118,
          "unit": "years",
          "system": "http://unitsofmeasure.org/",
          "code": "years"
        },
        "resourceType": "Observation"
      }
    }
  ],
  "resourceType": "Bundle"
}