{
  "type": "collection",
  "entry": [
    {
      "fullUrl": "urn:uuid:ed7b4ae2-6484-42a3-ba3b-5fe08d78795d",
      "resource": {
        "id": "ed7b4ae2-6484-42a3-ba3b-5fe08d78795d",
        "meta": {
          "profile": [
            "http://standardhealthrecord.org/fhir/StructureDefinition/shr-actor-Organization"
          ]
        },
        "type": [
          {
            "coding": [
              {
                "system": "http://hl7.org/fhir/organization-type",
                "code": "prov",
                "display": "Healthcare Provider"
              }
            ],
            "text": "Healthcare Provider"
          }
        ],
        "name": "HALLMARK HLTH S COMM COUNSELING SVC",
        "resourceType": "Organization"
      }
    },
    {
      "fullUrl": "urn:uuid:9128476d-8f44-43fc-aef3-8522f66aa949",
      "resource": {
        "id": "9128476d-8f44-43fc-aef3-8522f66aa949",
        "meta": {
          "profile": [
            "http://standardhealthrecord.org/fhir/StructureDefinition/shr-demographics-PersonOfRecord"
          ]
        },
        "text": {
          "status": "generated",
          "div": "<div xmlns=\"http://www.w3.org/1999/xhtml\">Generated by <a href=\"https://github.com/synthetichealth/synthea\">Synthea</a>. Version identifier: 368ac389f34cd3ce3986aa3a0a08e467bf574db3</div>"
        },
        "extension": [
          {
            "url": "http://hl7.org/fhir/us/core/StructureDefinition/us-core-race",
            "valueCodeableConcept": {
              "coding": [
                {
                  "system": "http://hl7.org/fhir/v3/Race",
                  "code": "2106-3",
                  "display": "White"
                }
              ],
              "text": "race"
            }
          },
          {
            "url": "http://hl7.org/fhir/us/core/StructureDefinition/us-core-ethnicity",
            "valueCodeableConcept": {
              "coding": [
                {
                  "system": "http://hl7.org/fhir/v3/Ethnicity",
                  "code": "2186-5",
                  "display": "Nonhispanic"
                }
              ],
              "text": "ethnicity"
            }
          },
          {
            "url": "http://hl7.org/fhir/StructureDefinition/birthPlace",
            "valueAddress": {
              "city": "Revere",
              "state": "MA",
              "country": "US"
            }
          },
          {
            "url": "http://hl7.org/fhir/StructureDefinition/patient-mothersMaidenName",
            "valueString": "Noelle261 Rau912"
          },
          {
            "url": "http://hl7.org/fhir/us/core/StructureDefinition/us-core-birthsex",
            "valueCode": "F"
          },
          {
            "url": "http://hl7.org/fhir/StructureDefinition/patient-interpreterRequired",
            "valueBoolean": false
          },
          {
            "url": "http://standardhealthrecord.org/fhir/StructureDefinition/shr-actor-FictionalPerson-extension",
            "valueBoolean": true
          },
          {
            "url": "http://standardhealthrecord.org/fhir/StructureDefinition/shr-demographics-FathersName-extension",
            "valueHumanName": {
              "text": "Yong469 Ullrich983"
            }
          },
          {
            "url": "http://standardhealthrecord.org/fhir/StructureDefinition/shr-demographics-SocialSecurityNumber-extension",
            "valueString": "999-32-4147"
          }
        ],
        "identifier": [
          {
            "system": "https://github.com/synthetichealth/synthea",
            "value": "b517c42a-4af1-46b4-aa6e-96eb0496a010"
          },
          {
            "type": {
              "coding": [
                {
                  "system": "http://hl7.org/fhir/identifier-type",
                  "code": "SB"
                }
              ]
            },
            "system": "http://hl7.org/fhir/sid/us-ssn",
            "value": "999324147"
          },
          {
            "type": {
              "coding": [
                {
                  "system": "http://hl7.org/fhir/v2/0203",
                  "code": "DL"
                }
              ]
            },
            "system": "urn:oid:2.16.840.1.113883.4.3.25",
            "value": "S99980829"
          },
          {
            "type": {
              "coding": [
                {
                  "system": "http://hl7.org/fhir/v2/0203",
                  "code": "MR"
                }
              ]
            },
            "system": "http://hospital.smarthealthit.org",
            "value": "b517c42a-4af1-46b4-aa6e-96eb0496a010"
          }
        ],
        "name": [
          {
            "use": "official",
            "family": "Auer866",
            "given": [
              "Eugena843"
            ],
            "prefix": [
              "Mrs."
            ]
          },
          {
            "use": "maiden",
            "family": "Ullrich983",
            "given": [
              "Eugena843"
            ]
          }
        ],
        "telecom": [
          {
            "system": "phone",
            "value": "412.256.9719",
            "use": "home"
          }
        ],
        "gender": "female",
        "birthDate": "1949-02-02",
        "deceasedDateTime": "2005-10-12T10:10:55-04:00",
        "address": [
          {
            "extension": [
              {
                "extension": [
                  {
                    "url": "latitude",
                    "valueDecimal": 42.40550545784527
                  },
                  {
                    "url": "longitude",
                    "valueDecimal": -71.11847876134969
                  }
                ],
                "url": "http://hl7.org/fhir/StructureDefinition/geolocation"
              }
            ],
            "line": [
              "25526 Nolan Curve",
              "Apt. 529"
            ],
            "city": "Somerville",
            "state": "MA",
            "postalCode": "02145",
            "country": "US"
          }
        ],
        "maritalStatus": {
          "coding": [
            {
              "system": "http://hl7.org/fhir/v3/MaritalStatus",
              "code": "M"
            }
          ],
          "text": "M"
        },
        "multipleBirthBoolean": false,
        "communication": [
          {
            "language": {
              "coding": [
                {
                  "system": "http://hl7.org/fhir/ValueSet/languages",
                  "code": "en-US",
                  "display": "English (United States)"
                }
              ]
            }
          }
        ],
        "generalPractitioner": [
          {
            "reference": "urn:uuid:ed7b4ae2-6484-42a3-ba3b-5fe08d78795d"
          }
        ],
        "resourceType": "Patient"
      }
    },
    {
      "fullUrl": "urn:uuid:4f882417-5482-42e4-8339-4a183b4fc241",
      "resource": {
        "id": "4f882417-5482-42e4-8339-4a183b4fc241",
        "meta": {
          "profile": [
            "http://standardhealthrecord.org/fhir/StructureDefinition/shr-encounter-Encounter"
          ]
        },
        "status": "finished",
        "class": {
          "code": "ambulatory"
        },
        "type": [
          {
            "coding": [
              {
                "system": "http://snomed.info/sct",
                "code": "308646001"
              }
            ],
            "text": "Death Certification"
          }
        ],
        "subject": {
          "reference": "urn:uuid:9128476d-8f44-43fc-aef3-8522f66aa949"
        },
        "period": {
          "start": "2005-10-12T10:10:55-04:00",
          "end": "2005-10-12T10:25:55-04:00"
        },
        "serviceProvider": {
          "reference": "urn:uuid:ed7b4ae2-6484-42a3-ba3b-5fe08d78795d"
        },
        "resourceType": "Encounter"
      }
    },
    {
      "fullUrl": "urn:uuid:5e615a0d-5afd-4bd1-bdf0-f2fb5d5e1881",
      "resource": {
        "id": "5e615a0d-5afd-4bd1-bdf0-f2fb5d5e1881",
        "status": "active",
        "use": "complete",
        "patient": {
          "reference": "urn:uuid:9128476d-8f44-43fc-aef3-8522f66aa949"
        },
        "billablePeriod": {
          "start": "2005-10-12T10:10:55-04:00",
          "end": "2005-10-12T10:25:55-04:00"
        },
        "organization": {
          "reference": {
            "reference": "urn:uuid:ed7b4ae2-6484-42a3-ba3b-5fe08d78795d"
          }
        },
        "diagnosis": [
          {
            "sequence": 1,
            "diagnosisReference": {
              "reference": "urn:uuid:9e427954-0a6e-4bdc-b357-dc538e0cda93"
            }
          },
          {
            "sequence": 2,
            "diagnosisReference": {
              "reference": "urn:uuid:f19d3b14-377d-4736-8e32-9ddeeeaa544b"
            }
          },
          {
            "sequence": 3,
            "diagnosisReference": {
              "reference": "urn:uuid:e8c9da57-8fe7-4416-a73d-e10e4ad66c03"
            }
          }
        ],
        "item": [
          {
            "sequence": 1,
            "net": {
              "value": 125.0,
              "system": "urn:iso:std:iso:4217",
              "code": "USD"
            },
            "encounter": [
              {
                "reference": {
                  "fullUrl": "urn:uuid:4f882417-5482-42e4-8339-4a183b4fc241",
                  "resource": {
                    "id": "4f882417-5482-42e4-8339-4a183b4fc241",
                    "meta": {
                      "profile": [
                        "http://standardhealthrecord.org/fhir/StructureDefinition/shr-encounter-Encounter"
                      ]
                    },
                    "status": "finished",
                    "class": {
                      "code": "ambulatory"
                    },
                    "type": [
                      {
                        "coding": [
                          {
                            "system": "http://snomed.info/sct",
                            "code": "308646001"
                          }
                        ],
                        "text": "Death Certification"
                      }
                    ],
                    "subject": {
                      "reference": "urn:uuid:9128476d-8f44-43fc-aef3-8522f66aa949"
                    },
                    "period": {
                      "start": "2005-10-12T10:10:55-04:00",
                      "end": "2005-10-12T10:25:55-04:00"
                    },
                    "serviceProvider": {
                      "reference": "urn:uuid:ed7b4ae2-6484-42a3-ba3b-5fe08d78795d"
                    },
                    "resourceType": "Encounter"
                  }
                }
              }
            ]
          },
          {
            "sequence": 2,
            "diagnosisLinkId": [
              1
            ],
            "net": {
              "value": 0.0,
              "system": "urn:iso:std:iso:4217",
              "code": "USD"
            }
          },
          {
            "sequence": 3,
            "diagnosisLinkId": [
              2
            ],
            "net": {
              "value": 0.0,
              "system": "urn:iso:std:iso:4217",
              "code": "USD"
            }
          },
          {
            "sequence": 4,
            "diagnosisLinkId": [
              3
            ],
            "net": {
              "value": 0.0,
              "system": "urn:iso:std:iso:4217",
              "code": "USD"
            }
          }
        ],
        "total": {
          "value": 125.0,
          "system": "urn:iso:std:iso:4217",
          "code": "USD"
        },
        "resourceType": "Claim"
      }
    },
    {
      "fullUrl": "urn:uuid:9e427954-0a6e-4bdc-b357-dc538e0cda93",
      "resource": {
        "id": "9e427954-0a6e-4bdc-b357-dc538e0cda93",
        "meta": {
          "profile": [
            "http://standardhealthrecord.org/fhir/StructureDefinition/shr-problem-Problem"
          ]
        },
        "clinicalStatus": "active",
        "verificationStatus": "confirmed",
        "code": {
          "coding": [
            {
              "system": "http://snomed.info/sct",
              "code": "38341003",
              "display": "Hypertension"
            }
          ],
          "text": "Hypertension"
        },
        "subject": {
          "reference": "urn:uuid:9128476d-8f44-43fc-aef3-8522f66aa949"
        },
        "context": {
          "reference": "urn:uuid:4f882417-5482-42e4-8339-4a183b4fc241"
        },
        "onsetDateTime": "1967-05-31T04:44:07-04:00",
        "assertedDate": "1967-05-31",
        "resourceType": "Condition"
      }
    },
    {
      "fullUrl": "urn:uuid:f19d3b14-377d-4736-8e32-9ddeeeaa544b",
      "resource": {
        "id": "f19d3b14-377d-4736-8e32-9ddeeeaa544b",
        "meta": {
          "profile": [
            "http://standardhealthrecord.org/fhir/StructureDefinition/shr-problem-Problem"
          ]
        },
        "clinicalStatus": "active",
        "verificationStatus": "confirmed",
        "code": {
          "coding": [
            {
              "system": "http://snomed.info/sct",
              "code": "15777000",
              "display": "Prediabetes"
            }
          ],
          "text": "Prediabetes"
        },
        "subject": {
          "reference": "urn:uuid:9128476d-8f44-43fc-aef3-8522f66aa949"
        },
        "context": {
          "reference": "urn:uuid:4f882417-5482-42e4-8339-4a183b4fc241"
        },
        "onsetDateTime": "1975-12-14T13:58:11-05:00",
        "assertedDate": "1975-12-14",
        "resourceType": "Condition"
      }
    },
    {
      "fullUrl": "urn:uuid:e8c9da57-8fe7-4416-a73d-e10e4ad66c03",
      "resource": {
        "id": "e8c9da57-8fe7-4416-a73d-e10e4ad66c03",
        "meta": {
          "profile": [
            "http://standardhealthrecord.org/fhir/StructureDefinition/shr-problem-Problem"
          ]
        },
        "clinicalStatus": "active",
        "verificationStatus": "confirmed",
        "code": {
          "coding": [
            {
              "system": "http://snomed.info/sct",
              "code": "230690007",
              "display": "Stroke"
            }
          ],
          "text": "Stroke"
        },
        "subject": {
          "reference": "urn:uuid:9128476d-8f44-43fc-aef3-8522f66aa949"
        },
        "context": {
          "reference": "urn:uuid:4f882417-5482-42e4-8339-4a183b4fc241"
        },
        "onsetDateTime": "2005-10-12T10:10:55-04:00",
        "assertedDate": "2005-10-12",
        "resourceType": "Condition"
      }
    },
    {
      "fullUrl": "urn:uuid:e5c68315-57e2-45ea-b15a-5adc0db91578",
      "resource": {
        "id": "e5c68315-57e2-45ea-b15a-5adc0db91578",
        "meta": {
          "profile": [
            "http://standardhealthrecord.org/fhir/StructureDefinition/shr-observation-Observation"
          ]
        },
        "status": "final",
        "category": [
          {
            "coding": [
              {
                "system": "http://hl7.org/fhir/observation-category"
              }
            ]
          }
        ],
        "code": {
          "coding": [
            {
              "system": "http://loinc.org",
              "code": "69453-9",
              "display": "Cause of Death [US Standard Certificate of Death]"
            }
          ],
          "text": "Cause of Death [US Standard Certificate of Death]"
        },
        "subject": {
          "reference": "urn:uuid:9128476d-8f44-43fc-aef3-8522f66aa949"
        },
        "context": {
          "reference": "urn:uuid:4f882417-5482-42e4-8339-4a183b4fc241"
        },
        "effectiveDateTime": "2005-10-12T10:10:55-04:00",
        "issued": "2005-10-12T10:10:55-04:00",
        "valueCodeableConcept": {
          "coding": [
            {
              "system": "http://snomed.info/sct",
              "code": "230690007",
              "display": "Stroke"
            }
          ],
          "text": "Stroke"
        },
        "resourceType": "Observation"
      }
    },
    {
      "fullUrl": "urn:uuid:a6a52f7d-899d-4779-9454-8015be2483f7",
      "resource": {
        "id": "a6a52f7d-899d-4779-9454-8015be2483f7",
        "meta": {
          "profile": [
            "http://standardhealthrecord.org/fhir/StructureDefinition/shr-observation-Panel"
          ]
        },
        "status": "final",
        "code": {
          "coding": [
            {
              "system": "http://loinc.org",
              "code": "69409-1",
              "display": "U.S. standard certificate of death - 2003 revision"
            }
          ]
        },
        "subject": {
          "reference": "urn:uuid:9128476d-8f44-43fc-aef3-8522f66aa949"
        },
        "context": {
          "reference": "urn:uuid:4f882417-5482-42e4-8339-4a183b4fc241"
        },
        "effectiveDateTime": "2005-10-12T10:10:55-04:00",
        "issued": "2005-10-12T10:10:55-04:00",
        "result": [
          {
            "reference": "urn:uuid:e5c68315-57e2-45ea-b15a-5adc0db91578",
            "display": "Cause of Death [US Standard Certificate of Death]"
          }
        ],
        "resourceType": "DiagnosticReport"
      }
    },
    {
      "fullUrl": "urn:uuid:bc84a125-ba8e-4c89-9078-5863724e7389",
      "resource": {
        "id": "bc84a125-ba8e-4c89-9078-5863724e7389",
        "status": "in-progress",
        "description": {
          "text": "Hemoglobin A1c total in Blood < 7.0"
        },
        "addresses": [
          {
            "reference": "urn:uuid:f19d3b14-377d-4736-8e32-9ddeeeaa544b"
          }
        ],
        "resourceType": "Goal"
      }
    },
    {
      "fullUrl": "urn:uuid:0da96f23-a885-49a8-8dba-ac1eaa7bbb95",
      "resource": {
        "id": "0da96f23-a885-49a8-8dba-ac1eaa7bbb95",
        "status": "in-progress",
        "description": {
          "text": "Glucose [Mass/volume] in Blood < 108"
        },
        "addresses": [
          {
            "reference": "urn:uuid:f19d3b14-377d-4736-8e32-9ddeeeaa544b"
          }
        ],
        "resourceType": "Goal"
      }
    },
    {
      "fullUrl": "urn:uuid:62322b44-cc4a-4ca7-910e-5eb4b2004e5a",
      "resource": {
        "id": "62322b44-cc4a-4ca7-910e-5eb4b2004e5a",
        "status": "in-progress",
        "description": {
          "text": "Maintain blood pressure below 140/90 mmHg"
        },
        "addresses": [
          {
            "reference": "urn:uuid:f19d3b14-377d-4736-8e32-9ddeeeaa544b"
          }
        ],
        "resourceType": "Goal"
      }
    },
    {
      "fullUrl": "urn:uuid:142fc023-d400-4ad9-bf15-39bea9552f0f",
      "resource": {
        "id": "142fc023-d400-4ad9-bf15-39bea9552f0f",
        "status": "in-progress",
        "description": {
          "text": "Improve and maintenance of optimal foot health: aim at early detection of peripheral vascular problems and neuropathy presumed due to diabetes; and prevention of diabetic foot ulcer, gangrene"
        },
        "addresses": [
          {
            "reference": "urn:uuid:f19d3b14-377d-4736-8e32-9ddeeeaa544b"
          }
        ],
        "resourceType": "Goal"
      }
    },
    {
      "fullUrl": "urn:uuid:1ebeb36a-6a31-451f-9319-2cae37de1db9",
      "resource": {
        "id": "1ebeb36a-6a31-451f-9319-2cae37de1db9",
        "status": "in-progress",
        "description": {
          "text": "Address patient knowledge deficit on diabetic self-care"
        },
        "addresses": [
          {
            "reference": "urn:uuid:f19d3b14-377d-4736-8e32-9ddeeeaa544b"
          }
        ],
        "resourceType": "Goal"
      }
    },
    {
      "resource": {
        "status": "active",
        "intent": "order",
        "category": [
          {
            "coding": [
              {
                "system": "http://snomed.info/sct",
                "code": "698360004",
                "display": "Diabetes self management plan"
              }
            ]
          }
        ],
        "subject": {
          "reference": "urn:uuid:9128476d-8f44-43fc-aef3-8522f66aa949"
        },
        "context": {
          "reference": "urn:uuid:4f882417-5482-42e4-8339-4a183b4fc241"
        },
        "period": {
          "start": "1975-12-14"
        },
        "addresses": [
          {
            "reference": "urn:uuid:f19d3b14-377d-4736-8e32-9ddeeeaa544b"
          }
        ],
        "goal": [
          {
            "reference": "urn:uuid:bc84a125-ba8e-4c89-9078-5863724e7389"
          },
          {
            "reference": "urn:uuid:0da96f23-a885-49a8-8dba-ac1eaa7bbb95"
          },
          {
            "reference": "urn:uuid:62322b44-cc4a-4ca7-910e-5eb4b2004e5a"
          },
          {
            "reference": "urn:uuid:142fc023-d400-4ad9-bf15-39bea9552f0f"
          },
          {
            "reference": "urn:uuid:1ebeb36a-6a31-451f-9319-2cae37de1db9"
          }
        ],
        "activity": [
          {
            "detail": {
              "code": {
                "coding": [
                  {
                    "system": "http://snomed.info/sct",
                    "code": "160670007",
                    "display": "Diabetic diet"
                  }
                ]
              },
              "status": "in-progress"
            }
          },
          {
            "detail": {
              "code": {
                "coding": [
                  {
                    "system": "http://snomed.info/sct",
                    "code": "229065009",
                    "display": "Exercise therapy"
                  }
                ]
              },
              "status": "in-progress"
            }
          }
        ],
        "resourceType": "CarePlan"
      }
    },
    {
      "fullUrl": "urn:uuid:4410d632-f3b6-48f0-a866-a19a53781f06",
      "resource": {
        "id": "4410d632-f3b6-48f0-a866-a19a53781f06",
        "meta": {
          "profile": [
            "http://standardhealthrecord.org/fhir/StructureDefinition/shr-observation-Observation"
          ]
        },
        "status": "final",
        "category": [
          {
            "coding": [
              {
                "system": "http://hl7.org/fhir/observation-category",
                "code": "survey"
              }
            ]
          }
        ],
        "code": {
          "coding": [
            {
              "system": "http://snomed.info/sct",
              "code": "273724008",
              "display": "Quality adjusted life years"
            }
          ],
          "text": "Quality adjusted life years"
        },
        "subject": {
          "reference": "urn:uuid:9128476d-8f44-43fc-aef3-8522f66aa949"
        },
        "effectiveDateTime": "2017-10-31T16:09:28-04:00",
        "issued": "2017-10-31T16:09:28-04:00",
        "valueQuantity": {
          "value": 54.1498030721925,
          "unit": "years",
          "system": "http://unitsofmeasure.org/",
          "code": "years"
        },
        "resourceType": "Observation"
      }
    },
    {
      "fullUrl": "urn:uuid:f7b8d0bc-5e47-475d-9785-5867fb5d18b1",
      "resource": {
        "id": "f7b8d0bc-5e47-475d-9785-5867fb5d18b1",
        "meta": {
          "profile": [
            "http://standardhealthrecord.org/fhir/StructureDefinition/shr-observation-Observation"
          ]
        },
        "status": "final",
        "category": [
          {
            "coding": [
              {
                "system": "http://hl7.org/fhir/observation-category",
                "code": "survey"
              }
            ]
          }
        ],
        "code": {
          "coding": [
            {
              "system": "http://snomed.info/sct",
              "code": "273421001",
              "display": "Disability rating scale"
            }
          ],
          "text": "Disability rating scale"
        },
        "subject": {
          "reference": "urn:uuid:9128476d-8f44-43fc-aef3-8522f66aa949"
        },
        "effectiveDateTime": "2017-10-31T16:09:28-04:00",
        "issued": "2017-10-31T16:09:28-04:00",
        "valueQuantity": {
          "value": 34.0015569278075,
          "unit": "years",
          "system": "http://unitsofmeasure.org/",
          "code": "years"
        },
        "resourceType": "Observation"
      }
    }
  ],
  "resourceType": "Bundle"
}