{
  "type": "collection",
  "entry": [
    {
      "fullUrl": "urn:uuid:3bf5de12-abf8-473b-8d15-191eb046525e",
      "resource": {
        "id": "3bf5de12-abf8-473b-8d15-191eb046525e",
        "meta": {
          "profile": [
            "http://standardhealthrecord.org/fhir/StructureDefinition/shr-actor-Organization"
          ]
        },
        "type": [
          {
            "coding": [
              {
                "system": "http://hl7.org/fhir/organization-type",
                "code": "prov",
                "display": "Healthcare Provider"
              }
            ],
            "text": "Healthcare Provider"
          }
        ],
        "name": "NEW ENG BAPT HOSP OPT CARE CTR",
        "resourceType": "Organization"
      }
    },
    {
      "fullUrl": "urn:uuid:cf53f382-6eb6-4f82-a00e-dffa044d05c7",
      "resource": {
        "id": "cf53f382-6eb6-4f82-a00e-dffa044d05c7",
        "meta": {
          "profile": [
            "http://standardhealthrecord.org/fhir/StructureDefinition/shr-demographics-PersonOfRecord"
          ]
        },
        "text": {
          "status": "generated",
          "div": "<div xmlns=\"http://www.w3.org/1999/xhtml\">Generated by <a href=\"https://github.com/synthetichealth/synthea\">Synthea</a>. Version identifier: 368ac389f34cd3ce3986aa3a0a08e467bf574db3</div>"
        },
        "extension": [
          {
            "url": "http://hl7.org/fhir/us/core/StructureDefinition/us-core-race",
            "valueCodeableConcept": {
              "coding": [
                {
                  "system": "http://hl7.org/fhir/v3/Race",
                  "code": "2106-3",
                  "display": "White"
                }
              ],
              "text": "race"
            }
          },
          {
            "url": "http://hl7.org/fhir/us/core/StructureDefinition/us-core-ethnicity",
            "valueCodeableConcept": {
              "coding": [
                {
                  "system": "http://hl7.org/fhir/v3/Ethnicity",
                  "code": "2186-5",
                  "display": "Nonhispanic"
                }
              ],
              "text": "ethnicity"
            }
          },
          {
            "url": "http://hl7.org/fhir/StructureDefinition/birthPlace",
            "valueAddress": {
              "city": "Middleton",
              "state": "MA",
              "country": "US"
            }
          },
          {
            "url": "http://hl7.org/fhir/StructureDefinition/patient-mothersMaidenName",
            "valueString": "Olivia154 Mayert768"
          },
          {
            "url": "http://hl7.org/fhir/us/core/StructureDefinition/us-core-birthsex",
            "valueCode": "F"
          },
          {
            "url": "http://hl7.org/fhir/StructureDefinition/patient-interpreterRequired",
            "valueBoolean": false
          },
          {
            "url": "http://standardhealthrecord.org/fhir/StructureDefinition/shr-actor-FictionalPerson-extension",
            "valueBoolean": true
          },
          {
            "url": "http://standardhealthrecord.org/fhir/StructureDefinition/shr-demographics-FathersName-extension",
            "valueHumanName": {
              "text": "Donald264 Aufderhar446"
            }
          },
          {
            "url": "http://standardhealthrecord.org/fhir/StructureDefinition/shr-demographics-SocialSecurityNumber-extension",
            "valueString": "999-26-7854"
          }
        ],
        "identifier": [
          {
            "system": "https://github.com/synthetichealth/synthea",
            "value": "fede0200-53a4-4777-8f42-43df36b863f7"
          },
          {
            "type": {
              "coding": [
                {
                  "system": "http://hl7.org/fhir/identifier-type",
                  "code": "SB"
                }
              ]
            },
            "system": "http://hl7.org/fhir/sid/us-ssn",
            "value": "999267854"
          },
          {
            "type": {
              "coding": [
                {
                  "system": "http://hl7.org/fhir/v2/0203",
                  "code": "DL"
                }
              ]
            },
            "system": "urn:oid:2.16.840.1.113883.4.3.25",
            "value": "S99953881"
          },
          {
            "type": {
              "coding": [
                {
                  "system": "http://hl7.org/fhir/v2/0203",
                  "code": "PPN"
                }
              ]
            },
            "system": "http://standardhealthrecord.org/fhir/StructureDefinition/passportNumber",
            "value": "X79557833X"
          },
          {
            "type": {
              "coding": [
                {
                  "system": "http://hl7.org/fhir/v2/0203",
                  "code": "MR"
                }
              ]
            },
            "system": "http://hospital.smarthealthit.org",
            "value": "fede0200-53a4-4777-8f42-43df36b863f7"
          }
        ],
        "name": [
          {
            "use": "official",
            "family": "Aufderhar446",
            "given": [
              "Jacqulyn827"
            ],
            "prefix": [
              "Ms."
            ]
          }
        ],
        "telecom": [
          {
            "system": "phone",
            "value": "565-672-1750 x95868",
            "use": "home"
          }
        ],
        "gender": "female",
        "birthDate": "1920-03-01",
        "deceasedDateTime": "1976-07-19T07:54:54-04:00",
        "address": [
          {
            "extension": [
              {
                "extension": [
                  {
                    "url": "latitude",
                    "valueDecimal": 42.22729675626933
                  },
                  {
                    "url": "longitude",
                    "valueDecimal": -71.15746784012491
                  }
                ],
                "url": "http://hl7.org/fhir/StructureDefinition/geolocation"
              }
            ],
            "line": [
              "3361 Pfeffer Brooks"
            ],
            "city": "Dedham",
            "state": "MA",
            "postalCode": "02026",
            "country": "US"
          }
        ],
        "maritalStatus": {
          "coding": [
            {
              "system": "http://hl7.org/fhir/v3/MaritalStatus",
              "code": "S"
            }
          ],
          "text": "S"
        },
        "multipleBirthBoolean": false,
        "communication": [
          {
            "language": {
              "coding": [
                {
                  "system": "http://hl7.org/fhir/ValueSet/languages",
                  "code": "en-US",
                  "display": "English (United States)"
                }
              ]
            }
          }
        ],
        "generalPractitioner": [
          {
            "reference": "urn:uuid:3bf5de12-abf8-473b-8d15-191eb046525e"
          }
        ],
        "resourceType": "Patient"
      }
    },
    {
      "fullUrl": "urn:uuid:ee2dda0a-2434-4099-893c-be8dd130c39b",
      "resource": {
        "id": "ee2dda0a-2434-4099-893c-be8dd130c39b",
        "meta": {
          "profile": [
            "http://standardhealthrecord.org/fhir/StructureDefinition/shr-encounter-Encounter"
          ]
        },
        "status": "finished",
        "class": {
          "code": "ambulatory"
        },
        "type": [
          {
            "coding": [
              {
                "system": "http://snomed.info/sct",
                "code": "308646001"
              }
            ],
            "text": "Death Certification"
          }
        ],
        "subject": {
          "reference": "urn:uuid:cf53f382-6eb6-4f82-a00e-dffa044d05c7"
        },
        "period": {
          "start": "1976-07-19T07:54:54-04:00",
          "end": "1976-07-19T08:09:54-04:00"
        },
        "serviceProvider": {
          "reference": "urn:uuid:3bf5de12-abf8-473b-8d15-191eb046525e"
        },
        "resourceType": "Encounter"
      }
    },
    {
      "fullUrl": "urn:uuid:d4df9874-7dca-4cf1-85d1-d847de463477",
      "resource": {
        "id": "d4df9874-7dca-4cf1-85d1-d847de463477",
        "status": "active",
        "use": "complete",
        "patient": {
          "reference": "urn:uuid:cf53f382-6eb6-4f82-a00e-dffa044d05c7"
        },
        "billablePeriod": {
          "start": "1976-07-19T07:54:54-04:00",
          "end": "1976-07-19T08:09:54-04:00"
        },
        "organization": {
          "reference": {
            "reference": "urn:uuid:3bf5de12-abf8-473b-8d15-191eb046525e"
          }
        },
        "diagnosis": [
          {
            "sequence": 1,
            "diagnosisReference": {
              "reference": "urn:uuid:de8ead88-fac4-4f46-83ea-6183fc3534f3"
            }
          },
          {
            "sequence": 2,
            "diagnosisReference": {
              "reference": "urn:uuid:9f2264bf-5d81-4c0f-b539-e881596571ba"
            }
          },
          {
            "sequence": 3,
            "diagnosisReference": {
              "reference": "urn:uuid:e4f384e7-2bb5-4e60-8449-bdf36311a57a"
            }
          },
          {
            "sequence": 4,
            "diagnosisReference": {
              "reference": "urn:uuid:4049fb9f-9dc2-4b69-b933-38ded217e9a3"
            }
          }
        ],
        "item": [
          {
            "sequence": 1,
            "net": {
              "value": 125.0,
              "system": "urn:iso:std:iso:4217",
              "code": "USD"
            },
            "encounter": [
              {
                "reference": {
                  "fullUrl": "urn:uuid:ee2dda0a-2434-4099-893c-be8dd130c39b",
                  "resource": {
                    "id": "ee2dda0a-2434-4099-893c-be8dd130c39b",
                    "meta": {
                      "profile": [
                        "http://standardhealthrecord.org/fhir/StructureDefinition/shr-encounter-Encounter"
                      ]
                    },
                    "status": "finished",
                    "class": {
                      "code": "ambulatory"
                    },
                    "type": [
                      {
                        "coding": [
                          {
                            "system": "http://snomed.info/sct",
                            "code": "308646001"
                          }
                        ],
                        "text": "Death Certification"
                      }
                    ],
                    "subject": {
                      "reference": "urn:uuid:cf53f382-6eb6-4f82-a00e-dffa044d05c7"
                    },
                    "period": {
                      "start": "1976-07-19T07:54:54-04:00",
                      "end": "1976-07-19T08:09:54-04:00"
                    },
                    "serviceProvider": {
                      "reference": "urn:uuid:3bf5de12-abf8-473b-8d15-191eb046525e"
                    },
                    "resourceType": "Encounter"
                  }
                }
              }
            ]
          },
          {
            "sequence": 2,
            "diagnosisLinkId": [
              1
            ],
            "net": {
              "value": 0.0,
              "system": "urn:iso:std:iso:4217",
              "code": "USD"
            }
          },
          {
            "sequence": 3,
            "diagnosisLinkId": [
              2
            ],
            "net": {
              "value": 0.0,
              "system": "urn:iso:std:iso:4217",
              "code": "USD"
            }
          },
          {
            "sequence": 4,
            "diagnosisLinkId": [
              3
            ],
            "net": {
              "value": 0.0,
              "system": "urn:iso:std:iso:4217",
              "code": "USD"
            }
          },
          {
            "sequence": 5,
            "diagnosisLinkId": [
              4
            ],
            "net": {
              "value": 0.0,
              "system": "urn:iso:std:iso:4217",
              "code": "USD"
            }
          }
        ],
        "total": {
          "value": 125.0,
          "system": "urn:iso:std:iso:4217",
          "code": "USD"
        },
        "resourceType": "Claim"
      }
    },
    {
      "fullUrl": "urn:uuid:de8ead88-fac4-4f46-83ea-6183fc3534f3",
      "resource": {
        "id": "de8ead88-fac4-4f46-83ea-6183fc3534f3",
        "meta": {
          "profile": [
            "http://standardhealthrecord.org/fhir/StructureDefinition/shr-problem-Problem"
          ]
        },
        "clinicalStatus": "active",
        "verificationStatus": "confirmed",
        "code": {
          "coding": [
            {
              "system": "http://snomed.info/sct",
              "code": "74400008",
              "display": "Appendicitis"
            }
          ],
          "text": "Appendicitis"
        },
        "subject": {
          "reference": "urn:uuid:cf53f382-6eb6-4f82-a00e-dffa044d05c7"
        },
        "context": {
          "reference": "urn:uuid:ee2dda0a-2434-4099-893c-be8dd130c39b"
        },
        "onsetDateTime": "1943-10-26T01:34:57-04:00",
        "assertedDate": "1943-10-26",
        "resourceType": "Condition"
      }
    },
    {
      "fullUrl": "urn:uuid:9f2264bf-5d81-4c0f-b539-e881596571ba",
      "resource": {
        "id": "9f2264bf-5d81-4c0f-b539-e881596571ba",
        "meta": {
          "profile": [
            "http://standardhealthrecord.org/fhir/StructureDefinition/shr-problem-Problem"
          ]
        },
        "clinicalStatus": "active",
        "verificationStatus": "confirmed",
        "code": {
          "coding": [
            {
              "system": "http://snomed.info/sct",
              "code": "428251008",
              "display": "History of appendectomy"
            }
          ],
          "text": "History of appendectomy"
        },
        "subject": {
          "reference": "urn:uuid:cf53f382-6eb6-4f82-a00e-dffa044d05c7"
        },
        "context": {
          "reference": "urn:uuid:ee2dda0a-2434-4099-893c-be8dd130c39b"
        },
        "onsetDateTime": "1943-10-26T01:34:57-04:00",
        "assertedDate": "1943-10-26",
        "resourceType": "Condition"
      }
    },
    {
      "fullUrl": "urn:uuid:e4f384e7-2bb5-4e60-8449-bdf36311a57a",
      "resource": {
        "id": "e4f384e7-2bb5-4e60-8449-bdf36311a57a",
        "meta": {
          "profile": [
            "http://standardhealthrecord.org/fhir/StructureDefinition/shr-problem-Problem"
          ]
        },
        "clinicalStatus": "active",
        "verificationStatus": "confirmed",
        "code": {
          "coding": [
            {
              "system": "http://snomed.info/sct",
              "code": "40055000",
              "display": "Chronic sinusitis (disorder)"
            }
          ],
          "text": "Chronic sinusitis (disorder)"
        },
        "subject": {
          "reference": "urn:uuid:cf53f382-6eb6-4f82-a00e-dffa044d05c7"
        },
        "context": {
          "reference": "urn:uuid:ee2dda0a-2434-4099-893c-be8dd130c39b"
        },
        "onsetDateTime": "1971-01-31T09:40:21-05:00",
        "assertedDate": "1971-01-31",
        "resourceType": "Condition"
      }
    },
    {
      "fullUrl": "urn:uuid:4049fb9f-9dc2-4b69-b933-38ded217e9a3",
      "resource": {
        "id": "4049fb9f-9dc2-4b69-b933-38ded217e9a3",
        "meta": {
          "profile": [
            "http://standardhealthrecord.org/fhir/StructureDefinition/shr-problem-Problem"
          ]
        },
        "clinicalStatus": "active",
        "verificationStatus": "confirmed",
        "code": {
          "coding": [
            {
              "system": "http://snomed.info/sct",
              "code": "197927001",
              "display": "Recurrent urinary tract infection"
            }
          ],
          "text": "Recurrent urinary tract infection"
        },
        "subject": {
          "reference": "urn:uuid:cf53f382-6eb6-4f82-a00e-dffa044d05c7"
        },
        "context": {
          "reference": "urn:uuid:ee2dda0a-2434-4099-893c-be8dd130c39b"
        },
        "onsetDateTime": "1973-11-08T21:15:17-05:00",
        "assertedDate": "1973-11-08",
        "resourceType": "Condition"
      }
    },
    {
      "fullUrl": "urn:uuid:6eef4128-ee54-41e8-bc6e-297656d07778",
      "resource": {
        "id": "6eef4128-ee54-41e8-bc6e-297656d07778",
        "meta": {
          "profile": [
            "http://standardhealthrecord.org/fhir/StructureDefinition/shr-observation-Observation"
          ]
        },
        "status": "final",
        "category": [
          {
            "coding": [
              {
                "system": "http://hl7.org/fhir/observation-category"
              }
            ]
          }
        ],
        "code": {
          "coding": [
            {
              "system": "http://loinc.org",
              "code": "69453-9",
              "display": "Cause of Death [US Standard Certificate of Death]"
            }
          ],
          "text": "Cause of Death [US Standard Certificate of Death]"
        },
        "subject": {
          "reference": "urn:uuid:cf53f382-6eb6-4f82-a00e-dffa044d05c7"
        },
        "context": {
          "reference": "urn:uuid:ee2dda0a-2434-4099-893c-be8dd130c39b"
        },
        "effectiveDateTime": "1976-07-19T07:54:54-04:00",
        "issued": "1976-07-19T07:54:54-04:00",
        "valueCodeableConcept": {
          "coding": [
            {
              "system": "http://snomed.info/sct",
              "code": "9855000",
              "display": "Natural death with unknown cause"
            }
          ],
          "text": "Natural death with unknown cause"
        },
        "resourceType": "Observation"
      }
    },
    {
      "fullUrl": "urn:uuid:eb284637-41a5-4f70-8b71-e3d02ee9a3c0",
      "resource": {
        "id": "eb284637-41a5-4f70-8b71-e3d02ee9a3c0",
        "meta": {
          "profile": [
            "http://standardhealthrecord.org/fhir/StructureDefinition/shr-observation-Panel"
          ]
        },
        "status": "final",
        "code": {
          "coding": [
            {
              "system": "http://loinc.org",
              "code": "69409-1",
              "display": "U.S. standard certificate of death - 2003 revision"
            }
          ]
        },
        "subject": {
          "reference": "urn:uuid:cf53f382-6eb6-4f82-a00e-dffa044d05c7"
        },
        "context": {
          "reference": "urn:uuid:ee2dda0a-2434-4099-893c-be8dd130c39b"
        },
        "effectiveDateTime": "1976-07-19T07:54:54-04:00",
        "issued": "1976-07-19T07:54:54-04:00",
        "result": [
          {
            "reference": "urn:uuid:6eef4128-ee54-41e8-bc6e-297656d07778",
            "display": "Cause of Death [US Standard Certificate of Death]"
          }
        ],
        "resourceType": "DiagnosticReport"
      }
    },
    {
      "resource": {
        "status": "completed",
        "intent": "order",
        "category": [
          {
            "coding": [
              {
                "system": "http://snomed.info/sct",
                "code": "134435003",
                "display": "Routine antenatal care"
              }
            ]
          }
        ],
        "subject": {
          "reference": "urn:uuid:cf53f382-6eb6-4f82-a00e-dffa044d05c7"
        },
        "context": {
          "reference": "urn:uuid:ee2dda0a-2434-4099-893c-be8dd130c39b"
        },
        "period": {
          "start": "1936-01-06",
          "end": "1936-08-10"
        },
        "activity": [
          {
            "detail": {
              "code": {
                "coding": [
                  {
                    "system": "http://snomed.info/sct",
                    "code": "135892000",
                    "display": "Antenatal education"
                  }
                ]
              },
              "status": "completed"
            }
          },
          {
            "detail": {
              "code": {
                "coding": [
                  {
                    "system": "http://snomed.info/sct",
                    "code": "226060000",
                    "display": "Stress management"
                  }
                ]
              },
              "status": "completed"
            }
          },
          {
            "detail": {
              "code": {
                "coding": [
                  {
                    "system": "http://snomed.info/sct",
                    "code": "171054004",
                    "display": "Pregnancy diet education"
                  }
                ]
              },
              "status": "completed"
            }
          }
        ],
        "resourceType": "CarePlan"
      }
    },
    {
      "resource": {
        "status": "completed",
        "intent": "order",
        "category": [
          {
            "coding": [
              {
                "system": "http://snomed.info/sct",
                "code": "134435003",
                "display": "Routine antenatal care"
              }
            ]
          }
        ],
        "subject": {
          "reference": "urn:uuid:cf53f382-6eb6-4f82-a00e-dffa044d05c7"
        },
        "context": {
          "reference": "urn:uuid:ee2dda0a-2434-4099-893c-be8dd130c39b"
        },
        "period": {
          "start": "1940-02-05",
          "end": "1940-09-02"
        },
        "activity": [
          {
            "detail": {
              "code": {
                "coding": [
                  {
                    "system": "http://snomed.info/sct",
                    "code": "135892000",
                    "display": "Antenatal education"
                  }
                ]
              },
              "status": "completed"
            }
          },
          {
            "detail": {
              "code": {
                "coding": [
                  {
                    "system": "http://snomed.info/sct",
                    "code": "226060000",
                    "display": "Stress management"
                  }
                ]
              },
              "status": "completed"
            }
          },
          {
            "detail": {
              "code": {
                "coding": [
                  {
                    "system": "http://snomed.info/sct",
                    "code": "171054004",
                    "display": "Pregnancy diet education"
                  }
                ]
              },
              "status": "completed"
            }
          }
        ],
        "resourceType": "CarePlan"
      }
    },
    {
      "resource": {
        "status": "completed",
        "intent": "order",
        "category": [
          {
            "coding": [
              {
                "system": "http://snomed.info/sct",
                "code": "134435003",
                "display": "Routine antenatal care"
              }
            ]
          }
        ],
        "subject": {
          "reference": "urn:uuid:cf53f382-6eb6-4f82-a00e-dffa044d05c7"
        },
        "context": {
          "reference": "urn:uuid:ee2dda0a-2434-4099-893c-be8dd130c39b"
        },
        "period": {
          "start": "1943-07-05",
          "end": "1944-09-11"
        },
        "activity": [
          {
            "detail": {
              "code": {
                "coding": [
                  {
                    "system": "http://snomed.info/sct",
                    "code": "135892000",
                    "display": "Antenatal education"
                  }
                ]
              },
              "status": "completed"
            }
          },
          {
            "detail": {
              "code": {
                "coding": [
                  {
                    "system": "http://snomed.info/sct",
                    "code": "226060000",
                    "display": "Stress management"
                  }
                ]
              },
              "status": "completed"
            }
          },
          {
            "detail": {
              "code": {
                "coding": [
                  {
                    "system": "http://snomed.info/sct",
                    "code": "171054004",
                    "display": "Pregnancy diet education"
                  }
                ]
              },
              "status": "completed"
            }
          }
        ],
        "resourceType": "CarePlan"
      }
    },
    {
      "resource": {
        "status": "completed",
        "intent": "order",
        "category": [
          {
            "coding": [
              {
                "system": "http://snomed.info/sct",
                "code": "134435003",
                "display": "Routine antenatal care"
              }
            ]
          }
        ],
        "subject": {
          "reference": "urn:uuid:cf53f382-6eb6-4f82-a00e-dffa044d05c7"
        },
        "context": {
          "reference": "urn:uuid:ee2dda0a-2434-4099-893c-be8dd130c39b"
        },
        "period": {
          "start": "1944-02-14",
          "end": "1946-05-27"
        },
        "activity": [
          {
            "detail": {
              "code": {
                "coding": [
                  {
                    "system": "http://snomed.info/sct",
                    "code": "135892000",
                    "display": "Antenatal education"
                  }
                ]
              },
              "status": "completed"
            }
          },
          {
            "detail": {
              "code": {
                "coding": [
                  {
                    "system": "http://snomed.info/sct",
                    "code": "226060000",
                    "display": "Stress management"
                  }
                ]
              },
              "status": "completed"
            }
          },
          {
            "detail": {
              "code": {
                "coding": [
                  {
                    "system": "http://snomed.info/sct",
                    "code": "171054004",
                    "display": "Pregnancy diet education"
                  }
                ]
              },
              "status": "completed"
            }
          }
        ],
        "resourceType": "CarePlan"
      }
    },
    {
      "resource": {
        "status": "completed",
        "intent": "order",
        "category": [
          {
            "coding": [
              {
                "system": "http://snomed.info/sct",
                "code": "134435003",
                "display": "Routine antenatal care"
              }
            ]
          }
        ],
        "subject": {
          "reference": "urn:uuid:cf53f382-6eb6-4f82-a00e-dffa044d05c7"
        },
        "context": {
          "reference": "urn:uuid:ee2dda0a-2434-4099-893c-be8dd130c39b"
        },
        "period": {
          "start": "1945-11-05",
          "end": "1947-06-16"
        },
        "activity": [
          {
            "detail": {
              "code": {
                "coding": [
                  {
                    "system": "http://snomed.info/sct",
                    "code": "135892000",
                    "display": "Antenatal education"
                  }
                ]
              },
              "status": "completed"
            }
          },
          {
            "detail": {
              "code": {
                "coding": [
                  {
                    "system": "http://snomed.info/sct",
                    "code": "226060000",
                    "display": "Stress management"
                  }
                ]
              },
              "status": "completed"
            }
          },
          {
            "detail": {
              "code": {
                "coding": [
                  {
                    "system": "http://snomed.info/sct",
                    "code": "171054004",
                    "display": "Pregnancy diet education"
                  }
                ]
              },
              "status": "completed"
            }
          }
        ],
        "resourceType": "CarePlan"
      }
    },
    {
      "resource": {
        "status": "completed",
        "intent": "order",
        "category": [
          {
            "coding": [
              {
                "system": "http://snomed.info/sct",
                "code": "134435003",
                "display": "Routine antenatal care"
              }
            ]
          }
        ],
        "subject": {
          "reference": "urn:uuid:cf53f382-6eb6-4f82-a00e-dffa044d05c7"
        },
        "context": {
          "reference": "urn:uuid:ee2dda0a-2434-4099-893c-be8dd130c39b"
        },
        "period": {
          "start": "1946-12-02",
          "end": "1948-07-12"
        },
        "activity": [
          {
            "detail": {
              "code": {
                "coding": [
                  {
                    "system": "http://snomed.info/sct",
                    "code": "135892000",
                    "display": "Antenatal education"
                  }
                ]
              },
              "status": "completed"
            }
          },
          {
            "detail": {
              "code": {
                "coding": [
                  {
                    "system": "http://snomed.info/sct",
                    "code": "226060000",
                    "display": "Stress management"
                  }
                ]
              },
              "status": "completed"
            }
          },
          {
            "detail": {
              "code": {
                "coding": [
                  {
                    "system": "http://snomed.info/sct",
                    "code": "171054004",
                    "display": "Pregnancy diet education"
                  }
                ]
              },
              "status": "completed"
            }
          }
        ],
        "resourceType": "CarePlan"
      }
    },
    {
      "resource": {
        "status": "completed",
        "intent": "order",
        "category": [
          {
            "coding": [
              {
                "system": "http://snomed.info/sct",
                "code": "134435003",
                "display": "Routine antenatal care"
              }
            ]
          }
        ],
        "subject": {
          "reference": "urn:uuid:cf53f382-6eb6-4f82-a00e-dffa044d05c7"
        },
        "context": {
          "reference": "urn:uuid:ee2dda0a-2434-4099-893c-be8dd130c39b"
        },
        "period": {
          "start": "1947-12-01",
          "end": "1949-05-09"
        },
        "activity": [
          {
            "detail": {
              "code": {
                "coding": [
                  {
                    "system": "http://snomed.info/sct",
                    "code": "135892000",
                    "display": "Antenatal education"
                  }
                ]
              },
              "status": "completed"
            }
          },
          {
            "detail": {
              "code": {
                "coding": [
                  {
                    "system": "http://snomed.info/sct",
                    "code": "226060000",
                    "display": "Stress management"
                  }
                ]
              },
              "status": "completed"
            }
          },
          {
            "detail": {
              "code": {
                "coding": [
                  {
                    "system": "http://snomed.info/sct",
                    "code": "171054004",
                    "display": "Pregnancy diet education"
                  }
                ]
              },
              "status": "completed"
            }
          }
        ],
        "resourceType": "CarePlan"
      }
    },
    {
      "resource": {
        "status": "completed",
        "intent": "order",
        "category": [
          {
            "coding": [
              {
                "system": "http://snomed.info/sct",
                "code": "134435003",
                "display": "Routine antenatal care"
              }
            ]
          }
        ],
        "subject": {
          "reference": "urn:uuid:cf53f382-6eb6-4f82-a00e-dffa044d05c7"
        },
        "context": {
          "reference": "urn:uuid:ee2dda0a-2434-4099-893c-be8dd130c39b"
        },
        "period": {
          "start": "1948-10-25",
          "end": "1955-06-27"
        },
        "activity": [
          {
            "detail": {
              "code": {
                "coding": [
                  {
                    "system": "http://snomed.info/sct",
                    "code": "135892000",
                    "display": "Antenatal education"
                  }
                ]
              },
              "status": "completed"
            }
          },
          {
            "detail": {
              "code": {
                "coding": [
                  {
                    "system": "http://snomed.info/sct",
                    "code": "226060000",
                    "display": "Stress management"
                  }
                ]
              },
              "status": "completed"
            }
          },
          {
            "detail": {
              "code": {
                "coding": [
                  {
                    "system": "http://snomed.info/sct",
                    "code": "171054004",
                    "display": "Pregnancy diet education"
                  }
                ]
              },
              "status": "completed"
            }
          }
        ],
        "resourceType": "CarePlan"
      }
    },
    {
      "resource": {
        "status": "active",
        "intent": "order",
        "category": [
          {
            "coding": [
              {
                "system": "http://snomed.info/sct",
                "code": "134435003",
                "display": "Routine antenatal care"
              }
            ]
          }
        ],
        "subject": {
          "reference": "urn:uuid:cf53f382-6eb6-4f82-a00e-dffa044d05c7"
        },
        "context": {
          "reference": "urn:uuid:ee2dda0a-2434-4099-893c-be8dd130c39b"
        },
        "period": {
          "start": "1954-12-13"
        },
        "activity": [
          {
            "detail": {
              "code": {
                "coding": [
                  {
                    "system": "http://snomed.info/sct",
                    "code": "135892000",
                    "display": "Antenatal education"
                  }
                ]
              },
              "status": "in-progress"
            }
          },
          {
            "detail": {
              "code": {
                "coding": [
                  {
                    "system": "http://snomed.info/sct",
                    "code": "226060000",
                    "display": "Stress management"
                  }
                ]
              },
              "status": "in-progress"
            }
          },
          {
            "detail": {
              "code": {
                "coding": [
                  {
                    "system": "http://snomed.info/sct",
                    "code": "171054004",
                    "display": "Pregnancy diet education"
                  }
                ]
              },
              "status": "in-progress"
            }
          }
        ],
        "resourceType": "CarePlan"
      }
    },
    {
      "resource": {
        "status": "active",
        "intent": "order",
        "category": [
          {
            "coding": [
              {
                "system": "http://snomed.info/sct",
                "code": "134435003",
                "display": "Routine antenatal care"
              }
            ]
          }
        ],
        "subject": {
          "reference": "urn:uuid:cf53f382-6eb6-4f82-a00e-dffa044d05c7"
        },
        "context": {
          "reference": "urn:uuid:ee2dda0a-2434-4099-893c-be8dd130c39b"
        },
        "period": {
          "start": "1959-10-26"
        },
        "activity": [
          {
            "detail": {
              "code": {
                "coding": [
                  {
                    "system": "http://snomed.info/sct",
                    "code": "135892000",
                    "display": "Antenatal education"
                  }
                ]
              },
              "status": "in-progress"
            }
          },
          {
            "detail": {
              "code": {
                "coding": [
                  {
                    "system": "http://snomed.info/sct",
                    "code": "226060000",
                    "display": "Stress management"
                  }
                ]
              },
              "status": "in-progress"
            }
          },
          {
            "detail": {
              "code": {
                "coding": [
                  {
                    "system": "http://snomed.info/sct",
                    "code": "171054004",
                    "display": "Pregnancy diet education"
                  }
                ]
              },
              "status": "in-progress"
            }
          }
        ],
        "resourceType": "CarePlan"
      }
    },
    {
      "fullUrl": "urn:uuid:8094a834-81e9-488a-b41b-1d086f30ff8b",
      "resource": {
        "id": "8094a834-81e9-488a-b41b-1d086f30ff8b",
        "meta": {
          "profile": [
            "http://standardhealthrecord.org/fhir/StructureDefinition/shr-medication-MedicationPrescription"
          ]
        },
        "extension": [
          {
            "url": "http://standardhealthrecord.org/fhir/StructureDefinition/shr-base-ActionCode-extension",
            "valueCodeableConcept": {
              "coding": [
                {
                  "system": "http://snomed.info/sct",
                  "code": "33633005",
                  "display": "Prescription of drug (procedure)"
                }
              ],
              "text": "Prescription of drug (procedure)"
            }
          }
        ],
        "status": "active",
        "intent": "order",
        "medicationCodeableConcept": {
          "coding": [
            {
              "system": "http://www.nlm.nih.gov/research/umls/rxnorm",
              "code": "1049221",
              "display": "Acetaminophen 325 MG / oxyCODONE Hydrochloride 5 MG Oral Tablet"
            }
          ],
          "text": "Acetaminophen 325 MG / oxyCODONE Hydrochloride 5 MG Oral Tablet"
        },
        "subject": {
          "reference": "urn:uuid:cf53f382-6eb6-4f82-a00e-dffa044d05c7"
        },
        "context": {
          "reference": "urn:uuid:ee2dda0a-2434-4099-893c-be8dd130c39b"
        },
        "authoredOn": "1944-06-06",
        "dosageInstruction": [
          {
            "sequence": 1,
            "timing": {
              "repeat": {
                "frequency": 1,
                "period": 6,
                "periodUnit": "h"
              }
            },
            "asNeededBoolean": false,
            "doseQuantity": {
              "value": 1
            }
          }
        ],
        "dispenseRequest": {
          "quantity": {
            "value": 56,
            "unit": "doses"
          },
          "expectedSupplyDuration": {
            "value": 2,
            "unit": "weeks",
            "system": "http://unitsofmeasure.org",
            "code": "wk"
          }
        },
        "resourceType": "MedicationRequest"
      }
    },
    {
      "fullUrl": "urn:uuid:13534058-0307-486a-bf6e-b3865bb31cf2",
      "resource": {
        "id": "13534058-0307-486a-bf6e-b3865bb31cf2",
        "status": "active",
        "use": "complete",
        "patient": {
          "reference": "urn:uuid:cf53f382-6eb6-4f82-a00e-dffa044d05c7"
        },
        "billablePeriod": {
          "start": "1976-07-19T07:54:54-04:00",
          "end": "1976-07-19T08:09:54-04:00"
        },
        "organization": {
          "reference": {
            "reference": "urn:uuid:3bf5de12-abf8-473b-8d15-191eb046525e"
          }
        },
        "prescription": {
          "reference": "urn:uuid:8094a834-81e9-488a-b41b-1d086f30ff8b"
        },
        "item": [
          {
            "sequence": 1,
            "net": {
              "value": 125.0,
              "system": "urn:iso:std:iso:4217",
              "code": "USD"
            },
            "encounter": [
              {
                "reference": {
                  "fullUrl": "urn:uuid:ee2dda0a-2434-4099-893c-be8dd130c39b",
                  "resource": {
                    "id": "ee2dda0a-2434-4099-893c-be8dd130c39b",
                    "meta": {
                      "profile": [
                        "http://standardhealthrecord.org/fhir/StructureDefinition/shr-encounter-Encounter"
                      ]
                    },
                    "status": "finished",
                    "class": {
                      "code": "ambulatory"
                    },
                    "type": [
                      {
                        "coding": [
                          {
                            "system": "http://snomed.info/sct",
                            "code": "308646001"
                          }
                        ],
                        "text": "Death Certification"
                      }
                    ],
                    "subject": {
                      "reference": "urn:uuid:cf53f382-6eb6-4f82-a00e-dffa044d05c7"
                    },
                    "period": {
                      "start": "1976-07-19T07:54:54-04:00",
                      "end": "1976-07-19T08:09:54-04:00"
                    },
                    "serviceProvider": {
                      "reference": "urn:uuid:3bf5de12-abf8-473b-8d15-191eb046525e"
                    },
                    "resourceType": "Encounter"
                  }
                }
              }
            ]
          },
          {
            "sequence": 1,
            "net": {
              "value": 255.0,
              "system": "urn:iso:std:iso:4217",
              "code": "USD"
            }
          }
        ],
        "total": {
          "value": 255.0,
          "system": "urn:iso:std:iso:4217",
          "code": "USD"
        },
        "resourceType": "Claim"
      }
    },
    {
      "fullUrl": "urn:uuid:aeaaedcb-fe9f-4a18-a9e2-6e86206ed425",
      "resource": {
        "id": "aeaaedcb-fe9f-4a18-a9e2-6e86206ed425",
        "meta": {
          "profile": [
            "http://standardhealthrecord.org/fhir/StructureDefinition/shr-observation-Observation"
          ]
        },
        "status": "final",
        "category": [
          {
            "coding": [
              {
                "system": "http://hl7.org/fhir/observation-category",
                "code": "survey"
              }
            ]
          }
        ],
        "code": {
          "coding": [
            {
              "system": "http://snomed.info/sct",
              "code": "273724008",
              "display": "Quality adjusted life years"
            }
          ],
          "text": "Quality adjusted life years"
        },
        "subject": {
          "reference": "urn:uuid:cf53f382-6eb6-4f82-a00e-dffa044d05c7"
        },
        "effectiveDateTime": "2017-10-31T16:09:28-04:00",
        "issued": "2017-10-31T16:09:28-04:00",
        "valueQuantity": {
          "value": 42.369459833896684,
          "unit": "years",
          "system": "http://unitsofmeasure.org/",
          "code": "years"
        },
        "resourceType": "Observation"
      }
    },
    {
      "fullUrl": "urn:uuid:76be52f9-a281-48aa-a2ab-bbd3aca631a5",
      "resource": {
        "id": "76be52f9-a281-48aa-a2ab-bbd3aca631a5",
        "meta": {
          "profile": [
            "http://standardhealthrecord.org/fhir/StructureDefinition/shr-observation-Observation"
          ]
        },
        "status": "final",
        "category": [
          {
            "coding": [
              {
                "system": "http://hl7.org/fhir/observation-category",
                "code": "survey"
              }
            ]
          }
        ],
        "code": {
          "coding": [
            {
              "system": "http://snomed.info/sct",
              "code": "273421001",
              "display": "Disability rating scale"
            }
          ],
          "text": "Disability rating scale"
        },
        "subject": {
          "reference": "urn:uuid:cf53f382-6eb6-4f82-a00e-dffa044d05c7"
        },
        "effectiveDateTime": "2017-10-31T16:09:28-04:00",
        "issued": "2017-10-31T16:09:28-04:00",
        "valueQuantity": {
          "value": 45.78190016610331,
          "unit": "years",
          "system": "http://unitsofmeasure.org/",
          "code": "years"
        },
        "resourceType": "Observation"
      }
    }
  ],
  "resourceType": "Bundle"
}