{
  "type": "collection",
  "entry": [
    {
      "fullUrl": "urn:uuid:94bec074-5c4b-440c-ba5e-409cd9a896a6",
      "resource": {
        "id": "94bec074-5c4b-440c-ba5e-409cd9a896a6",
        "meta": {
          "profile": [
            "http://standardhealthrecord.org/fhir/StructureDefinition/shr-actor-Organization"
          ]
        },
        "type": [
          {
            "coding": [
              {
                "system": "http://hl7.org/fhir/organization-type",
                "code": "prov",
                "display": "Healthcare Provider"
              }
            ],
            "text": "Healthcare Provider"
          }
        ],
        "name": "WINTHROP COMM HEALTH CENTER",
        "resourceType": "Organization"
      }
    },
    {
      "fullUrl": "urn:uuid:5c336f39-2ccd-4fc8-aeb7-108b35b1c5d8",
      "resource": {
        "id": "5c336f39-2ccd-4fc8-aeb7-108b35b1c5d8",
        "meta": {
          "profile": [
            "http://standardhealthrecord.org/fhir/StructureDefinition/shr-demographics-PersonOfRecord"
          ]
        },
        "text": {
          "status": "generated",
          "div": "<div xmlns=\"http://www.w3.org/1999/xhtml\">Generated by <a href=\"https://github.com/synthetichealth/synthea\">Synthea</a>. Version identifier: 368ac389f34cd3ce3986aa3a0a08e467bf574db3</div>"
        },
        "extension": [
          {
            "url": "http://hl7.org/fhir/us/core/StructureDefinition/us-core-race",
            "valueCodeableConcept": {
              "coding": [
                {
                  "system": "http://hl7.org/fhir/v3/Race",
                  "code": "2106-3",
                  "display": "White"
                }
              ],
              "text": "race"
            }
          },
          {
            "url": "http://hl7.org/fhir/us/core/StructureDefinition/us-core-ethnicity",
            "valueCodeableConcept": {
              "coding": [
                {
                  "system": "http://hl7.org/fhir/v3/Ethnicity",
                  "code": "2186-5",
                  "display": "Nonhispanic"
                }
              ],
              "text": "ethnicity"
            }
          },
          {
            "url": "http://hl7.org/fhir/StructureDefinition/birthPlace",
            "valueAddress": {
              "city": "North Attleborough",
              "state": "MA",
              "country": "US"
            }
          },
          {
            "url": "http://hl7.org/fhir/StructureDefinition/patient-mothersMaidenName",
            "valueString": "Jacquelin783 Gulgowski137"
          },
          {
            "url": "http://hl7.org/fhir/us/core/StructureDefinition/us-core-birthsex",
            "valueCode": "M"
          },
          {
            "url": "http://hl7.org/fhir/StructureDefinition/patient-interpreterRequired",
            "valueBoolean": false
          },
          {
            "url": "http://standardhealthrecord.org/fhir/StructureDefinition/shr-actor-FictionalPerson-extension",
            "valueBoolean": true
          },
          {
            "url": "http://standardhealthrecord.org/fhir/StructureDefinition/shr-demographics-FathersName-extension",
            "valueHumanName": {
              "text": "Calvin724 Balistreri677"
            }
          },
          {
            "url": "http://standardhealthrecord.org/fhir/StructureDefinition/shr-demographics-SocialSecurityNumber-extension",
            "valueString": "999-38-2703"
          }
        ],
        "identifier": [
          {
            "system": "https://github.com/synthetichealth/synthea",
            "value": "8c9d2512-2268-4022-ab79-983e59ff6d5a"
          },
          {
            "type": {
              "coding": [
                {
                  "system": "http://hl7.org/fhir/identifier-type",
                  "code": "SB"
                }
              ]
            },
            "system": "http://hl7.org/fhir/sid/us-ssn",
            "value": "999382703"
          },
          {
            "type": {
              "coding": [
                {
                  "system": "http://hl7.org/fhir/v2/0203",
                  "code": "DL"
                }
              ]
            },
            "system": "urn:oid:2.16.840.1.113883.4.3.25",
            "value": "S99931442"
          },
          {
            "type": {
              "coding": [
                {
                  "system": "http://hl7.org/fhir/v2/0203",
                  "code": "PPN"
                }
              ]
            },
            "system": "http://standardhealthrecord.org/fhir/StructureDefinition/passportNumber",
            "value": "X24953555X"
          },
          {
            "type": {
              "coding": [
                {
                  "system": "http://hl7.org/fhir/v2/0203",
                  "code": "MR"
                }
              ]
            },
            "system": "http://hospital.smarthealthit.org",
            "value": "8c9d2512-2268-4022-ab79-983e59ff6d5a"
          }
        ],
        "name": [
          {
            "use": "official",
            "family": "Balistreri677",
            "given": [
              "Morgan86"
            ],
            "prefix": [
              "Mr."
            ]
          }
        ],
        "telecom": [
          {
            "system": "phone",
            "value": "889.461.8217 x36373",
            "use": "home"
          }
        ],
        "gender": "male",
        "birthDate": "1981-03-26",
        "address": [
          {
            "extension": [
              {
                "extension": [
                  {
                    "url": "latitude",
                    "valueDecimal": 42.32414583749184
                  },
                  {
                    "url": "longitude",
                    "valueDecimal": -70.92993662782136
                  }
                ],
                "url": "http://hl7.org/fhir/StructureDefinition/geolocation"
              }
            ],
            "line": [
              "518 Clemmie Stravenue",
              "Suite 953"
            ],
            "city": "Boston",
            "state": "MA",
            "postalCode": "02211",
            "country": "US"
          }
        ],
        "maritalStatus": {
          "coding": [
            {
              "system": "http://hl7.org/fhir/v3/MaritalStatus",
              "code": "M"
            }
          ],
          "text": "M"
        },
        "multipleBirthBoolean": false,
        "communication": [
          {
            "language": {
              "coding": [
                {
                  "system": "http://hl7.org/fhir/ValueSet/languages",
                  "code": "en-US",
                  "display": "English (United States)"
                }
              ]
            }
          }
        ],
        "generalPractitioner": [
          {
            "reference": "urn:uuid:94bec074-5c4b-440c-ba5e-409cd9a896a6"
          }
        ],
        "resourceType": "Patient"
      }
    },
    {
      "fullUrl": "urn:uuid:7e900648-088b-4838-a50d-b1b99ac06d55",
      "resource": {
        "id": "7e900648-088b-4838-a50d-b1b99ac06d55",
        "meta": {
          "profile": [
            "http://standardhealthrecord.org/fhir/StructureDefinition/shr-encounter-Encounter"
          ]
        },
        "status": "finished",
        "class": {
          "code": "outpatient"
        },
        "type": [
          {
            "coding": [
              {
                "system": "http://snomed.info/sct",
                "code": "185349003"
              }
            ],
            "text": "Outpatient Encounter"
          }
        ],
        "subject": {
          "reference": "urn:uuid:5c336f39-2ccd-4fc8-aeb7-108b35b1c5d8"
        },
        "period": {
          "start": "2008-02-21T10:00:08-05:00",
          "end": "2008-02-21T11:00:08-05:00"
        },
        "serviceProvider": {
          "reference": "urn:uuid:94bec074-5c4b-440c-ba5e-409cd9a896a6"
        },
        "resourceType": "Encounter"
      }
    },
    {
      "fullUrl": "urn:uuid:9b5adaff-3c9b-4d05-97dc-5c616545e499",
      "resource": {
        "id": "9b5adaff-3c9b-4d05-97dc-5c616545e499",
        "status": "active",
        "use": "complete",
        "patient": {
          "reference": "urn:uuid:5c336f39-2ccd-4fc8-aeb7-108b35b1c5d8"
        },
        "billablePeriod": {
          "start": "2008-02-21T10:00:08-05:00",
          "end": "2008-02-21T11:00:08-05:00"
        },
        "organization": {
          "reference": {
            "reference": "urn:uuid:94bec074-5c4b-440c-ba5e-409cd9a896a6"
          }
        },
        "diagnosis": [
          {
            "sequence": 1,
            "diagnosisReference": {
              "reference": "urn:uuid:3448d622-07ef-43c7-979e-446a2aa687e6"
            }
          }
        ],
        "procedure": [
          {
            "sequence": 1,
            "procedureReference": {
              "reference": "urn:uuid:b4cab1b3-a9b1-43c2-b436-b02d2fd09532"
            }
          }
        ],
        "item": [
          {
            "sequence": 1,
            "net": {
              "value": 125.0,
              "system": "urn:iso:std:iso:4217",
              "code": "USD"
            },
            "encounter": [
              {
                "reference": {
                  "fullUrl": "urn:uuid:7e900648-088b-4838-a50d-b1b99ac06d55",
                  "resource": {
                    "id": "7e900648-088b-4838-a50d-b1b99ac06d55",
                    "meta": {
                      "profile": [
                        "http://standardhealthrecord.org/fhir/StructureDefinition/shr-encounter-Encounter"
                      ]
                    },
                    "status": "finished",
                    "class": {
                      "code": "outpatient"
                    },
                    "type": [
                      {
                        "coding": [
                          {
                            "system": "http://snomed.info/sct",
                            "code": "185349003"
                          }
                        ],
                        "text": "Outpatient Encounter"
                      }
                    ],
                    "subject": {
                      "reference": "urn:uuid:5c336f39-2ccd-4fc8-aeb7-108b35b1c5d8"
                    },
                    "period": {
                      "start": "2008-02-21T10:00:08-05:00",
                      "end": "2008-02-21T11:00:08-05:00"
                    },
                    "serviceProvider": {
                      "reference": "urn:uuid:94bec074-5c4b-440c-ba5e-409cd9a896a6"
                    },
                    "resourceType": "Encounter"
                  }
                }
              }
            ]
          },
          {
            "sequence": 2,
            "diagnosisLinkId": [
              1
            ],
            "net": {
              "value": 0.0,
              "system": "urn:iso:std:iso:4217",
              "code": "USD"
            }
          },
          {
            "sequence": 3,
            "procedureLinkId": [
              2
            ],
            "net": {
              "value": 1508.6649932999997,
              "system": "urn:iso:std:iso:4217",
              "code": "USD"
            }
          },
          {
            "sequence": 4,
            "category": {
              "coding": [
                {
                  "system": "http://hl7.org/fhir/sid/cvx",
                  "code": "140",
                  "display": "Influenza, seasonal, injectable, preservative free"
                }
              ],
              "text": "Influenza, seasonal, injectable, preservative free"
            },
            "net": {
              "value": 136.0,
              "system": "urn:iso:std:iso:4217",
              "code": "USD"
            }
          }
        ],
        "total": {
          "value": 1769.6649932999997,
          "system": "urn:iso:std:iso:4217",
          "code": "USD"
        },
        "resourceType": "Claim"
      }
    },
    {
      "fullUrl": "urn:uuid:3448d622-07ef-43c7-979e-446a2aa687e6",
      "resource": {
        "id": "3448d622-07ef-43c7-979e-446a2aa687e6",
        "meta": {
          "profile": [
            "http://standardhealthrecord.org/fhir/StructureDefinition/shr-problem-Problem"
          ]
        },
        "clinicalStatus": "active",
        "verificationStatus": "confirmed",
        "code": {
          "coding": [
            {
              "system": "http://snomed.info/sct",
              "code": "40055000",
              "display": "Chronic sinusitis (disorder)"
            }
          ],
          "text": "Chronic sinusitis (disorder)"
        },
        "subject": {
          "reference": "urn:uuid:5c336f39-2ccd-4fc8-aeb7-108b35b1c5d8"
        },
        "context": {
          "reference": "urn:uuid:7e900648-088b-4838-a50d-b1b99ac06d55"
        },
        "onsetDateTime": "2001-01-15T07:18:56-05:00",
        "assertedDate": "2001-01-15",
        "resourceType": "Condition"
      }
    },
    {
      "fullUrl": "urn:uuid:b604cff9-31e9-47aa-b612-85182c5d6543",
      "resource": {
        "id": "b604cff9-31e9-47aa-b612-85182c5d6543",
        "meta": {
          "profile": [
            "http://standardhealthrecord.org/fhir/StructureDefinition/shr-observation-Observation",
            "http://standardhealthrecord.org/fhir/StructureDefinition/shr-vital-VitalSign",
            "http://standardhealthrecord.org/fhir/StructureDefinition/shr-vital-BodyHeight"
          ]
        },
        "status": "final",
        "category": [
          {
            "coding": [
              {
                "system": "http://hl7.org/fhir/observation-category",
                "code": "vital-signs"
              }
            ]
          }
        ],
        "code": {
          "coding": [
            {
              "system": "http://loinc.org",
              "code": "8302-2",
              "display": "Body Height"
            }
          ],
          "text": "Body Height"
        },
        "subject": {
          "reference": "urn:uuid:5c336f39-2ccd-4fc8-aeb7-108b35b1c5d8"
        },
        "context": {
          "reference": "urn:uuid:7e900648-088b-4838-a50d-b1b99ac06d55"
        },
        "effectiveDateTime": "2008-02-21T10:00:08-05:00",
        "issued": "2008-02-21T10:00:08-05:00",
        "valueQuantity": {
          "value": 177.77557756787328,
          "unit": "cm",
          "system": "http://unitsofmeasure.org/",
          "code": "cm"
        },
        "resourceType": "Observation"
      }
    },
    {
      "fullUrl": "urn:uuid:0d9e687e-2f1d-4f74-9e4d-a5d4da310906",
      "resource": {
        "id": "0d9e687e-2f1d-4f74-9e4d-a5d4da310906",
        "meta": {
          "profile": [
            "http://standardhealthrecord.org/fhir/StructureDefinition/shr-observation-Observation",
            "http://standardhealthrecord.org/fhir/StructureDefinition/shr-vital-VitalSign",
            "http://standardhealthrecord.org/fhir/StructureDefinition/shr-vital-BodyWeight"
          ]
        },
        "status": "final",
        "category": [
          {
            "coding": [
              {
                "system": "http://hl7.org/fhir/observation-category",
                "code": "vital-signs"
              }
            ]
          }
        ],
        "code": {
          "coding": [
            {
              "system": "http://loinc.org",
              "code": "29463-7",
              "display": "Body Weight"
            }
          ],
          "text": "Body Weight"
        },
        "subject": {
          "reference": "urn:uuid:5c336f39-2ccd-4fc8-aeb7-108b35b1c5d8"
        },
        "context": {
          "reference": "urn:uuid:7e900648-088b-4838-a50d-b1b99ac06d55"
        },
        "effectiveDateTime": "2008-02-21T10:00:08-05:00",
        "issued": "2008-02-21T10:00:08-05:00",
        "valueQuantity": {
          "value": 90.8050097529648,
          "unit": "kg",
          "system": "http://unitsofmeasure.org/",
          "code": "kg"
        },
        "resourceType": "Observation"
      }
    },
    {
      "fullUrl": "urn:uuid:b3d341a3-f913-49d4-9b6c-6c4c88cabf83",
      "resource": {
        "id": "b3d341a3-f913-49d4-9b6c-6c4c88cabf83",
        "meta": {
          "profile": [
            "http://standardhealthrecord.org/fhir/StructureDefinition/shr-observation-Observation",
            "http://standardhealthrecord.org/fhir/StructureDefinition/shr-vital-VitalSign",
            "http://standardhealthrecord.org/fhir/StructureDefinition/shr-vital-BodyMassIndex"
          ]
        },
        "status": "final",
        "category": [
          {
            "coding": [
              {
                "system": "http://hl7.org/fhir/observation-category",
                "code": "vital-signs"
              }
            ]
          }
        ],
        "code": {
          "coding": [
            {
              "system": "http://loinc.org",
              "code": "39156-5",
              "display": "Body Mass Index"
            }
          ],
          "text": "Body Mass Index"
        },
        "subject": {
          "reference": "urn:uuid:5c336f39-2ccd-4fc8-aeb7-108b35b1c5d8"
        },
        "context": {
          "reference": "urn:uuid:7e900648-088b-4838-a50d-b1b99ac06d55"
        },
        "effectiveDateTime": "2008-02-21T10:00:08-05:00",
        "issued": "2008-02-21T10:00:08-05:00",
        "valueQuantity": {
          "value": 28.73198379719557,
          "unit": "kg/m2",
          "system": "http://unitsofmeasure.org/",
          "code": "kg/m2"
        },
        "resourceType": "Observation"
      }
    },
    {
      "fullUrl": "urn:uuid:38f4c81b-4572-418b-8053-29b69e465cef",
      "resource": {
        "id": "38f4c81b-4572-418b-8053-29b69e465cef",
        "meta": {
          "profile": [
            "http://standardhealthrecord.org/fhir/StructureDefinition/shr-observation-Observation",
            "http://standardhealthrecord.org/fhir/StructureDefinition/shr-vital-BloodPressure"
          ]
        },
        "status": "final",
        "category": [
          {
            "coding": [
              {
                "system": "http://hl7.org/fhir/observation-category",
                "code": "vital-signs"
              }
            ]
          }
        ],
        "code": {
          "coding": [
            {
              "system": "http://loinc.org",
              "code": "55284-4",
              "display": "Blood Pressure"
            }
          ]
        },
        "subject": {
          "reference": "urn:uuid:5c336f39-2ccd-4fc8-aeb7-108b35b1c5d8"
        },
        "context": {
          "reference": "urn:uuid:7e900648-088b-4838-a50d-b1b99ac06d55"
        },
        "effectiveDateTime": "2008-02-21T10:00:08-05:00",
        "issued": "2008-02-21T10:00:08-05:00",
        "component": [
          {
            "code": {
              "coding": [
                {
                  "system": "http://loinc.org",
                  "code": "8480-6",
                  "display": "Systolic Blood Pressure"
                }
              ],
              "text": "Systolic Blood Pressure"
            },
            "valueQuantity": {
              "value": 123,
              "unit": "mmHg",
              "system": "http://unitsofmeasure.org/",
              "code": "mmHg"
            }
          },
          {
            "code": {
              "coding": [
                {
                  "system": "http://loinc.org",
                  "code": "8462-4",
                  "display": "Diastolic Blood Pressure"
                }
              ],
              "text": "Diastolic Blood Pressure"
            },
            "valueQuantity": {
              "value": 88,
              "unit": "mmHg",
              "system": "http://unitsofmeasure.org/",
              "code": "mmHg"
            }
          }
        ],
        "resourceType": "Observation"
      }
    },
    {
      "fullUrl": "urn:uuid:b4cab1b3-a9b1-43c2-b436-b02d2fd09532",
      "resource": {
        "id": "b4cab1b3-a9b1-43c2-b436-b02d2fd09532",
        "meta": {
          "profile": [
            "http://standardhealthrecord.org/fhir/StructureDefinition/shr-procedure-Procedure"
          ]
        },
        "extension": [
          {
            "url": "http://standardhealthrecord.org/fhir/StructureDefinition/shr-core-CodeableConcept-extension",
            "valueCodeableConcept": {
              "coding": [
                {
                  "system": "http://snomed.info/sct",
                  "code": "428191000124101",
                  "display": "Documentation of current medications"
                }
              ],
              "text": "Documentation of current medications"
            }
          }
        ],
        "status": "completed",
        "code": {
          "coding": [
            {
              "system": "http://snomed.info/sct",
              "code": "428191000124101",
              "display": "Documentation of current medications"
            }
          ],
          "text": "Documentation of current medications"
        },
        "subject": {
          "reference": "urn:uuid:5c336f39-2ccd-4fc8-aeb7-108b35b1c5d8"
        },
        "context": {
          "reference": "urn:uuid:7e900648-088b-4838-a50d-b1b99ac06d55"
        },
        "performedDateTime": "2008-02-21T10:00:08-05:00",
        "resourceType": "Procedure"
      }
    },
    {
      "resource": {
        "meta": {
          "profile": [
            "http://standardhealthrecord.org/fhir/StructureDefinition/shr-immunization-Immunization"
          ]
        },
        "status": "completed",
        "notGiven": false,
        "vaccineCode": {
          "coding": [
            {
              "system": "http://hl7.org/fhir/sid/cvx",
              "code": "140",
              "display": "Influenza, seasonal, injectable, preservative free"
            }
          ],
          "text": "Influenza, seasonal, injectable, preservative free"
        },
        "patient": {
          "reference": "urn:uuid:5c336f39-2ccd-4fc8-aeb7-108b35b1c5d8"
        },
        "encounter": {
          "reference": "urn:uuid:7e900648-088b-4838-a50d-b1b99ac06d55"
        },
        "date": "2008-02-21T10:00:08-05:00",
        "primarySource": true,
        "resourceType": "Immunization"
      }
    },
    {
      "fullUrl": "urn:uuid:e2b94602-22a2-486a-9d2e-38313601ce46",
      "resource": {
        "id": "e2b94602-22a2-486a-9d2e-38313601ce46",
        "meta": {
          "profile": [
            "http://standardhealthrecord.org/fhir/StructureDefinition/shr-medication-MedicationPrescription"
          ]
        },
        "extension": [
          {
            "url": "http://standardhealthrecord.org/fhir/StructureDefinition/shr-base-ActionCode-extension",
            "valueCodeableConcept": {
              "coding": [
                {
                  "system": "http://snomed.info/sct",
                  "code": "33633005",
                  "display": "Prescription of drug (procedure)"
                }
              ],
              "text": "Prescription of drug (procedure)"
            }
          }
        ],
        "status": "active",
        "intent": "order",
        "medicationCodeableConcept": {
          "coding": [
            {
              "system": "http://www.nlm.nih.gov/research/umls/rxnorm",
              "code": "834101",
              "display": "Penicillin V Potassium 500 MG"
            }
          ],
          "text": "Penicillin V Potassium 500 MG"
        },
        "subject": {
          "reference": "urn:uuid:5c336f39-2ccd-4fc8-aeb7-108b35b1c5d8"
        },
        "context": {
          "reference": "urn:uuid:7e900648-088b-4838-a50d-b1b99ac06d55"
        },
        "authoredOn": "2000-04-06",
        "resourceType": "MedicationRequest"
      }
    },
    {
      "fullUrl": "urn:uuid:dcaf6459-4097-493e-bf95-a991dcabddac",
      "resource": {
        "id": "dcaf6459-4097-493e-bf95-a991dcabddac",
        "status": "active",
        "use": "complete",
        "patient": {
          "reference": "urn:uuid:5c336f39-2ccd-4fc8-aeb7-108b35b1c5d8"
        },
        "billablePeriod": {
          "start": "2008-02-21T10:00:08-05:00",
          "end": "2008-02-21T11:00:08-05:00"
        },
        "organization": {
          "reference": {
            "reference": "urn:uuid:94bec074-5c4b-440c-ba5e-409cd9a896a6"
          }
        },
        "prescription": {
          "reference": "urn:uuid:e2b94602-22a2-486a-9d2e-38313601ce46"
        },
        "item": [
          {
            "sequence": 1,
            "net": {
              "value": 125.0,
              "system": "urn:iso:std:iso:4217",
              "code": "USD"
            },
            "encounter": [
              {
                "reference": {
                  "fullUrl": "urn:uuid:7e900648-088b-4838-a50d-b1b99ac06d55",
                  "resource": {
                    "id": "7e900648-088b-4838-a50d-b1b99ac06d55",
                    "meta": {
                      "profile": [
                        "http://standardhealthrecord.org/fhir/StructureDefinition/shr-encounter-Encounter"
                      ]
                    },
                    "status": "finished",
                    "class": {
                      "code": "outpatient"
                    },
                    "type": [
                      {
                        "coding": [
                          {
                            "system": "http://snomed.info/sct",
                            "code": "185349003"
                          }
                        ],
                        "text": "Outpatient Encounter"
                      }
                    ],
                    "subject": {
                      "reference": "urn:uuid:5c336f39-2ccd-4fc8-aeb7-108b35b1c5d8"
                    },
                    "period": {
                      "start": "2008-02-21T10:00:08-05:00",
                      "end": "2008-02-21T11:00:08-05:00"
                    },
                    "serviceProvider": {
                      "reference": "urn:uuid:94bec074-5c4b-440c-ba5e-409cd9a896a6"
                    },
                    "resourceType": "Encounter"
                  }
                }
              }
            ]
          },
          {
            "sequence": 1,
            "net": {
              "value": 255.0,
              "system": "urn:iso:std:iso:4217",
              "code": "USD"
            }
          }
        ],
        "total": {
          "value": 255.0,
          "system": "urn:iso:std:iso:4217",
          "code": "USD"
        },
        "resourceType": "Claim"
      }
    },
    {
      "fullUrl": "urn:uuid:16f76d8e-2b4c-4c9c-b4e8-33bc213d6699",
      "resource": {
        "id": "16f76d8e-2b4c-4c9c-b4e8-33bc213d6699",
        "meta": {
          "profile": [
            "http://standardhealthrecord.org/fhir/StructureDefinition/shr-encounter-Encounter"
          ]
        },
        "status": "finished",
        "class": {
          "code": "ambulatory"
        },
        "type": [
          {
            "coding": [
              {
                "system": "http://snomed.info/sct",
                "code": "185345009"
              }
            ],
            "text": "Encounter for symptom"
          }
        ],
        "subject": {
          "reference": "urn:uuid:5c336f39-2ccd-4fc8-aeb7-108b35b1c5d8"
        },
        "period": {
          "start": "2008-09-15T21:27:28-04:00",
          "end": "2008-09-15T21:27:28-04:00"
        },
        "reason": [
          {
            "coding": [
              {
                "system": "http://snomed.info/sct",
                "code": "195662009",
                "display": "Acute viral pharyngitis (disorder)"
              }
            ]
          }
        ],
        "serviceProvider": {
          "reference": "urn:uuid:94bec074-5c4b-440c-ba5e-409cd9a896a6"
        },
        "resourceType": "Encounter"
      }
    },
    {
      "fullUrl": "urn:uuid:84505375-abee-4063-b2b9-dd5c50845a6d",
      "resource": {
        "id": "84505375-abee-4063-b2b9-dd5c50845a6d",
        "status": "active",
        "use": "complete",
        "patient": {
          "reference": "urn:uuid:5c336f39-2ccd-4fc8-aeb7-108b35b1c5d8"
        },
        "billablePeriod": {
          "start": "2008-09-15T21:27:28-04:00",
          "end": "2008-09-15T21:27:28-04:00"
        },
        "organization": {
          "reference": {
            "reference": "urn:uuid:94bec074-5c4b-440c-ba5e-409cd9a896a6"
          }
        },
        "diagnosis": [
          {
            "sequence": 1,
            "diagnosisReference": {
              "reference": "urn:uuid:45c0817b-600a-4a62-8d53-9545aa1bc26e"
            }
          }
        ],
        "item": [
          {
            "sequence": 1,
            "net": {
              "value": 125.0,
              "system": "urn:iso:std:iso:4217",
              "code": "USD"
            },
            "encounter": [
              {
                "reference": {
                  "fullUrl": "urn:uuid:16f76d8e-2b4c-4c9c-b4e8-33bc213d6699",
                  "resource": {
                    "id": "16f76d8e-2b4c-4c9c-b4e8-33bc213d6699",
                    "meta": {
                      "profile": [
                        "http://standardhealthrecord.org/fhir/StructureDefinition/shr-encounter-Encounter"
                      ]
                    },
                    "status": "finished",
                    "class": {
                      "code": "ambulatory"
                    },
                    "type": [
                      {
                        "coding": [
                          {
                            "system": "http://snomed.info/sct",
                            "code": "185345009"
                          }
                        ],
                        "text": "Encounter for symptom"
                      }
                    ],
                    "subject": {
                      "reference": "urn:uuid:5c336f39-2ccd-4fc8-aeb7-108b35b1c5d8"
                    },
                    "period": {
                      "start": "2008-09-15T21:27:28-04:00",
                      "end": "2008-09-15T21:27:28-04:00"
                    },
                    "reason": [
                      {
                        "coding": [
                          {
                            "system": "http://snomed.info/sct",
                            "code": "195662009",
                            "display": "Acute viral pharyngitis (disorder)"
                          }
                        ]
                      }
                    ],
                    "serviceProvider": {
                      "reference": "urn:uuid:94bec074-5c4b-440c-ba5e-409cd9a896a6"
                    },
                    "resourceType": "Encounter"
                  }
                }
              }
            ]
          },
          {
            "sequence": 2,
            "diagnosisLinkId": [
              1
            ],
            "net": {
              "value": 0.0,
              "system": "urn:iso:std:iso:4217",
              "code": "USD"
            }
          }
        ],
        "total": {
          "value": 125.0,
          "system": "urn:iso:std:iso:4217",
          "code": "USD"
        },
        "resourceType": "Claim"
      }
    },
    {
      "fullUrl": "urn:uuid:45c0817b-600a-4a62-8d53-9545aa1bc26e",
      "resource": {
        "id": "45c0817b-600a-4a62-8d53-9545aa1bc26e",
        "meta": {
          "profile": [
            "http://standardhealthrecord.org/fhir/StructureDefinition/shr-problem-Problem"
          ]
        },
        "clinicalStatus": "resolved",
        "verificationStatus": "confirmed",
        "code": {
          "coding": [
            {
              "system": "http://snomed.info/sct",
              "code": "195662009",
              "display": "Acute viral pharyngitis (disorder)"
            }
          ],
          "text": "Acute viral pharyngitis (disorder)"
        },
        "subject": {
          "reference": "urn:uuid:5c336f39-2ccd-4fc8-aeb7-108b35b1c5d8"
        },
        "context": {
          "reference": "urn:uuid:16f76d8e-2b4c-4c9c-b4e8-33bc213d6699"
        },
        "onsetDateTime": "2008-09-14T16:38:57-04:00",
        "abatementDateTime": "2008-09-27T22:45:13-04:00",
        "assertedDate": "2008-09-14",
        "resourceType": "Condition"
      }
    },
    {
      "fullUrl": "urn:uuid:fc95ea2b-65e0-40b6-af76-7a1ec0880c1e",
      "resource": {
        "id": "fc95ea2b-65e0-40b6-af76-7a1ec0880c1e",
        "meta": {
          "profile": [
            "http://standardhealthrecord.org/fhir/StructureDefinition/shr-observation-Observation",
            "http://standardhealthrecord.org/fhir/StructureDefinition/shr-vital-VitalSign"
          ]
        },
        "status": "final",
        "category": [
          {
            "coding": [
              {
                "system": "http://hl7.org/fhir/observation-category",
                "code": "vital-signs"
              }
            ]
          }
        ],
        "code": {
          "coding": [
            {
              "system": "http://loinc.org",
              "code": "8331-1",
              "display": "Oral temperature"
            }
          ],
          "text": "Oral temperature"
        },
        "subject": {
          "reference": "urn:uuid:5c336f39-2ccd-4fc8-aeb7-108b35b1c5d8"
        },
        "context": {
          "reference": "urn:uuid:16f76d8e-2b4c-4c9c-b4e8-33bc213d6699"
        },
        "effectiveDateTime": "2008-09-15T21:27:28-04:00",
        "issued": "2008-09-15T21:27:28-04:00",
        "valueQuantity": {
          "value": 38,
          "unit": "Cel",
          "system": "http://unitsofmeasure.org/",
          "code": "Cel"
        },
        "resourceType": "Observation"
      }
    },
    {
      "fullUrl": "urn:uuid:ebd62169-48bd-419c-86bb-a4cdb1c19a59",
      "resource": {
        "id": "ebd62169-48bd-419c-86bb-a4cdb1c19a59",
        "meta": {
          "profile": [
            "http://standardhealthrecord.org/fhir/StructureDefinition/shr-encounter-Encounter"
          ]
        },
        "status": "finished",
        "class": {
          "code": "outpatient"
        },
        "type": [
          {
            "coding": [
              {
                "system": "http://snomed.info/sct",
                "code": "185349003"
              }
            ],
            "text": "Outpatient Encounter"
          }
        ],
        "subject": {
          "reference": "urn:uuid:5c336f39-2ccd-4fc8-aeb7-108b35b1c5d8"
        },
        "period": {
          "start": "2010-10-03T12:48:25-04:00",
          "end": "2010-10-03T13:48:25-04:00"
        },
        "serviceProvider": {
          "reference": "urn:uuid:94bec074-5c4b-440c-ba5e-409cd9a896a6"
        },
        "resourceType": "Encounter"
      }
    },
    {
      "fullUrl": "urn:uuid:8535b934-9d56-471e-84b2-adccf67910e3",
      "resource": {
        "id": "8535b934-9d56-471e-84b2-adccf67910e3",
        "status": "active",
        "use": "complete",
        "patient": {
          "reference": "urn:uuid:5c336f39-2ccd-4fc8-aeb7-108b35b1c5d8"
        },
        "billablePeriod": {
          "start": "2010-10-03T12:48:25-04:00",
          "end": "2010-10-03T13:48:25-04:00"
        },
        "organization": {
          "reference": {
            "reference": "urn:uuid:94bec074-5c4b-440c-ba5e-409cd9a896a6"
          }
        },
        "procedure": [
          {
            "sequence": 1,
            "procedureReference": {
              "reference": "urn:uuid:9257f242-d2ee-4b22-95da-1a26af037050"
            }
          }
        ],
        "item": [
          {
            "sequence": 1,
            "net": {
              "value": 125.0,
              "system": "urn:iso:std:iso:4217",
              "code": "USD"
            },
            "encounter": [
              {
                "reference": {
                  "fullUrl": "urn:uuid:ebd62169-48bd-419c-86bb-a4cdb1c19a59",
                  "resource": {
                    "id": "ebd62169-48bd-419c-86bb-a4cdb1c19a59",
                    "meta": {
                      "profile": [
                        "http://standardhealthrecord.org/fhir/StructureDefinition/shr-encounter-Encounter"
                      ]
                    },
                    "status": "finished",
                    "class": {
                      "code": "outpatient"
                    },
                    "type": [
                      {
                        "coding": [
                          {
                            "system": "http://snomed.info/sct",
                            "code": "185349003"
                          }
                        ],
                        "text": "Outpatient Encounter"
                      }
                    ],
                    "subject": {
                      "reference": "urn:uuid:5c336f39-2ccd-4fc8-aeb7-108b35b1c5d8"
                    },
                    "period": {
                      "start": "2010-10-03T12:48:25-04:00",
                      "end": "2010-10-03T13:48:25-04:00"
                    },
                    "serviceProvider": {
                      "reference": "urn:uuid:94bec074-5c4b-440c-ba5e-409cd9a896a6"
                    },
                    "resourceType": "Encounter"
                  }
                }
              }
            ]
          },
          {
            "sequence": 2,
            "procedureLinkId": [
              2
            ],
            "net": {
              "value": 1508.6649932999997,
              "system": "urn:iso:std:iso:4217",
              "code": "USD"
            }
          },
          {
            "sequence": 3,
            "category": {
              "coding": [
                {
                  "system": "http://hl7.org/fhir/sid/cvx",
                  "code": "140",
                  "display": "Influenza, seasonal, injectable, preservative free"
                }
              ],
              "text": "Influenza, seasonal, injectable, preservative free"
            },
            "net": {
              "value": 136.0,
              "system": "urn:iso:std:iso:4217",
              "code": "USD"
            }
          }
        ],
        "total": {
          "value": 1769.6649932999997,
          "system": "urn:iso:std:iso:4217",
          "code": "USD"
        },
        "resourceType": "Claim"
      }
    },
    {
      "fullUrl": "urn:uuid:9431f231-66db-4934-af48-43040699792e",
      "resource": {
        "id": "9431f231-66db-4934-af48-43040699792e",
        "meta": {
          "profile": [
            "http://standardhealthrecord.org/fhir/StructureDefinition/shr-observation-Observation",
            "http://standardhealthrecord.org/fhir/StructureDefinition/shr-vital-VitalSign",
            "http://standardhealthrecord.org/fhir/StructureDefinition/shr-vital-BodyHeight"
          ]
        },
        "status": "final",
        "category": [
          {
            "coding": [
              {
                "system": "http://hl7.org/fhir/observation-category",
                "code": "vital-signs"
              }
            ]
          }
        ],
        "code": {
          "coding": [
            {
              "system": "http://loinc.org",
              "code": "8302-2",
              "display": "Body Height"
            }
          ],
          "text": "Body Height"
        },
        "subject": {
          "reference": "urn:uuid:5c336f39-2ccd-4fc8-aeb7-108b35b1c5d8"
        },
        "context": {
          "reference": "urn:uuid:ebd62169-48bd-419c-86bb-a4cdb1c19a59"
        },
        "effectiveDateTime": "2010-10-03T12:48:25-04:00",
        "issued": "2010-10-03T12:48:25-04:00",
        "valueQuantity": {
          "value": 177.77557756787328,
          "unit": "cm",
          "system": "http://unitsofmeasure.org/",
          "code": "cm"
        },
        "resourceType": "Observation"
      }
    },
    {
      "fullUrl": "urn:uuid:935743b9-c0f3-44c2-a0af-5957da4f6555",
      "resource": {
        "id": "935743b9-c0f3-44c2-a0af-5957da4f6555",
        "meta": {
          "profile": [
            "http://standardhealthrecord.org/fhir/StructureDefinition/shr-observation-Observation",
            "http://standardhealthrecord.org/fhir/StructureDefinition/shr-vital-VitalSign",
            "http://standardhealthrecord.org/fhir/StructureDefinition/shr-vital-BodyWeight"
          ]
        },
        "status": "final",
        "category": [
          {
            "coding": [
              {
                "system": "http://hl7.org/fhir/observation-category",
                "code": "vital-signs"
              }
            ]
          }
        ],
        "code": {
          "coding": [
            {
              "system": "http://loinc.org",
              "code": "29463-7",
              "display": "Body Weight"
            }
          ],
          "text": "Body Weight"
        },
        "subject": {
          "reference": "urn:uuid:5c336f39-2ccd-4fc8-aeb7-108b35b1c5d8"
        },
        "context": {
          "reference": "urn:uuid:ebd62169-48bd-419c-86bb-a4cdb1c19a59"
        },
        "effectiveDateTime": "2010-10-03T12:48:25-04:00",
        "issued": "2010-10-03T12:48:25-04:00",
        "valueQuantity": {
          "value": 95.90316898288617,
          "unit": "kg",
          "system": "http://unitsofmeasure.org/",
          "code": "kg"
        },
        "resourceType": "Observation"
      }
    },
    {
      "fullUrl": "urn:uuid:0706f184-1296-4193-a6aa-d3b5b86a5da4",
      "resource": {
        "id": "0706f184-1296-4193-a6aa-d3b5b86a5da4",
        "meta": {
          "profile": [
            "http://standardhealthrecord.org/fhir/StructureDefinition/shr-observation-Observation",
            "http://standardhealthrecord.org/fhir/StructureDefinition/shr-vital-VitalSign",
            "http://standardhealthrecord.org/fhir/StructureDefinition/shr-vital-BodyMassIndex"
          ]
        },
        "status": "final",
        "category": [
          {
            "coding": [
              {
                "system": "http://hl7.org/fhir/observation-category",
                "code": "vital-signs"
              }
            ]
          }
        ],
        "code": {
          "coding": [
            {
              "system": "http://loinc.org",
              "code": "39156-5",
              "display": "Body Mass Index"
            }
          ],
          "text": "Body Mass Index"
        },
        "subject": {
          "reference": "urn:uuid:5c336f39-2ccd-4fc8-aeb7-108b35b1c5d8"
        },
        "context": {
          "reference": "urn:uuid:ebd62169-48bd-419c-86bb-a4cdb1c19a59"
        },
        "effectiveDateTime": "2010-10-03T12:48:25-04:00",
        "issued": "2010-10-03T12:48:25-04:00",
        "valueQuantity": {
          "value": 30.345113169552047,
          "unit": "kg/m2",
          "system": "http://unitsofmeasure.org/",
          "code": "kg/m2"
        },
        "resourceType": "Observation"
      }
    },
    {
      "fullUrl": "urn:uuid:01c93e03-379a-45d4-9bef-f96168f27cf6",
      "resource": {
        "id": "01c93e03-379a-45d4-9bef-f96168f27cf6",
        "meta": {
          "profile": [
            "http://standardhealthrecord.org/fhir/StructureDefinition/shr-observation-Observation",
            "http://standardhealthrecord.org/fhir/StructureDefinition/shr-vital-BloodPressure"
          ]
        },
        "status": "final",
        "category": [
          {
            "coding": [
              {
                "system": "http://hl7.org/fhir/observation-category",
                "code": "vital-signs"
              }
            ]
          }
        ],
        "code": {
          "coding": [
            {
              "system": "http://loinc.org",
              "code": "55284-4",
              "display": "Blood Pressure"
            }
          ]
        },
        "subject": {
          "reference": "urn:uuid:5c336f39-2ccd-4fc8-aeb7-108b35b1c5d8"
        },
        "context": {
          "reference": "urn:uuid:ebd62169-48bd-419c-86bb-a4cdb1c19a59"
        },
        "effectiveDateTime": "2010-10-03T12:48:25-04:00",
        "issued": "2010-10-03T12:48:25-04:00",
        "component": [
          {
            "code": {
              "coding": [
                {
                  "system": "http://loinc.org",
                  "code": "8480-6",
                  "display": "Systolic Blood Pressure"
                }
              ],
              "text": "Systolic Blood Pressure"
            },
            "valueQuantity": {
              "value": 106,
              "unit": "mmHg",
              "system": "http://unitsofmeasure.org/",
              "code": "mmHg"
            }
          },
          {
            "code": {
              "coding": [
                {
                  "system": "http://loinc.org",
                  "code": "8462-4",
                  "display": "Diastolic Blood Pressure"
                }
              ],
              "text": "Diastolic Blood Pressure"
            },
            "valueQuantity": {
              "value": 71,
              "unit": "mmHg",
              "system": "http://unitsofmeasure.org/",
              "code": "mmHg"
            }
          }
        ],
        "resourceType": "Observation"
      }
    },
    {
      "fullUrl": "urn:uuid:9257f242-d2ee-4b22-95da-1a26af037050",
      "resource": {
        "id": "9257f242-d2ee-4b22-95da-1a26af037050",
        "meta": {
          "profile": [
            "http://standardhealthrecord.org/fhir/StructureDefinition/shr-procedure-Procedure"
          ]
        },
        "extension": [
          {
            "url": "http://standardhealthrecord.org/fhir/StructureDefinition/shr-core-CodeableConcept-extension",
            "valueCodeableConcept": {
              "coding": [
                {
                  "system": "http://snomed.info/sct",
                  "code": "428191000124101",
                  "display": "Documentation of current medications"
                }
              ],
              "text": "Documentation of current medications"
            }
          }
        ],
        "status": "completed",
        "code": {
          "coding": [
            {
              "system": "http://snomed.info/sct",
              "code": "428191000124101",
              "display": "Documentation of current medications"
            }
          ],
          "text": "Documentation of current medications"
        },
        "subject": {
          "reference": "urn:uuid:5c336f39-2ccd-4fc8-aeb7-108b35b1c5d8"
        },
        "context": {
          "reference": "urn:uuid:ebd62169-48bd-419c-86bb-a4cdb1c19a59"
        },
        "performedDateTime": "2010-10-03T12:48:25-04:00",
        "resourceType": "Procedure"
      }
    },
    {
      "resource": {
        "meta": {
          "profile": [
            "http://standardhealthrecord.org/fhir/StructureDefinition/shr-immunization-Immunization"
          ]
        },
        "status": "completed",
        "notGiven": false,
        "vaccineCode": {
          "coding": [
            {
              "system": "http://hl7.org/fhir/sid/cvx",
              "code": "140",
              "display": "Influenza, seasonal, injectable, preservative free"
            }
          ],
          "text": "Influenza, seasonal, injectable, preservative free"
        },
        "patient": {
          "reference": "urn:uuid:5c336f39-2ccd-4fc8-aeb7-108b35b1c5d8"
        },
        "encounter": {
          "reference": "urn:uuid:ebd62169-48bd-419c-86bb-a4cdb1c19a59"
        },
        "date": "2010-10-03T12:48:25-04:00",
        "primarySource": true,
        "resourceType": "Immunization"
      }
    },
    {
      "fullUrl": "urn:uuid:35e2de67-9681-454c-81a3-2b0525499a80",
      "resource": {
        "id": "35e2de67-9681-454c-81a3-2b0525499a80",
        "meta": {
          "profile": [
            "http://standardhealthrecord.org/fhir/StructureDefinition/shr-encounter-Encounter"
          ]
        },
        "status": "finished",
        "class": {
          "code": "outpatient"
        },
        "type": [
          {
            "coding": [
              {
                "system": "http://snomed.info/sct",
                "code": "185349003"
              }
            ],
            "text": "Outpatient Encounter"
          }
        ],
        "subject": {
          "reference": "urn:uuid:5c336f39-2ccd-4fc8-aeb7-108b35b1c5d8"
        },
        "period": {
          "start": "2014-03-02T13:34:25-05:00",
          "end": "2014-03-02T14:34:25-05:00"
        },
        "serviceProvider": {
          "reference": "urn:uuid:94bec074-5c4b-440c-ba5e-409cd9a896a6"
        },
        "resourceType": "Encounter"
      }
    },
    {
      "fullUrl": "urn:uuid:a523a1a7-b922-4bd8-b8c1-f45efcb1c55d",
      "resource": {
        "id": "a523a1a7-b922-4bd8-b8c1-f45efcb1c55d",
        "status": "active",
        "use": "complete",
        "patient": {
          "reference": "urn:uuid:5c336f39-2ccd-4fc8-aeb7-108b35b1c5d8"
        },
        "billablePeriod": {
          "start": "2014-03-02T13:34:25-05:00",
          "end": "2014-03-02T14:34:25-05:00"
        },
        "organization": {
          "reference": {
            "reference": "urn:uuid:94bec074-5c4b-440c-ba5e-409cd9a896a6"
          }
        },
        "item": [
          {
            "sequence": 1,
            "net": {
              "value": 125.0,
              "system": "urn:iso:std:iso:4217",
              "code": "USD"
            },
            "encounter": [
              {
                "reference": {
                  "fullUrl": "urn:uuid:35e2de67-9681-454c-81a3-2b0525499a80",
                  "resource": {
                    "id": "35e2de67-9681-454c-81a3-2b0525499a80",
                    "meta": {
                      "profile": [
                        "http://standardhealthrecord.org/fhir/StructureDefinition/shr-encounter-Encounter"
                      ]
                    },
                    "status": "finished",
                    "class": {
                      "code": "outpatient"
                    },
                    "type": [
                      {
                        "coding": [
                          {
                            "system": "http://snomed.info/sct",
                            "code": "185349003"
                          }
                        ],
                        "text": "Outpatient Encounter"
                      }
                    ],
                    "subject": {
                      "reference": "urn:uuid:5c336f39-2ccd-4fc8-aeb7-108b35b1c5d8"
                    },
                    "period": {
                      "start": "2014-03-02T13:34:25-05:00",
                      "end": "2014-03-02T14:34:25-05:00"
                    },
                    "serviceProvider": {
                      "reference": "urn:uuid:94bec074-5c4b-440c-ba5e-409cd9a896a6"
                    },
                    "resourceType": "Encounter"
                  }
                }
              }
            ]
          },
          {
            "sequence": 2,
            "category": {
              "coding": [
                {
                  "system": "http://hl7.org/fhir/sid/cvx",
                  "code": "140",
                  "display": "Influenza, seasonal, injectable, preservative free"
                }
              ],
              "text": "Influenza, seasonal, injectable, preservative free"
            },
            "net": {
              "value": 136.0,
              "system": "urn:iso:std:iso:4217",
              "code": "USD"
            }
          },
          {
            "sequence": 3,
            "category": {
              "coding": [
                {
                  "system": "http://hl7.org/fhir/sid/cvx",
                  "code": "113",
                  "display": "Td (adult) preservative free"
                }
              ],
              "text": "Td (adult) preservative free"
            },
            "net": {
              "value": 136.0,
              "system": "urn:iso:std:iso:4217",
              "code": "USD"
            }
          }
        ],
        "total": {
          "value": 397.0,
          "system": "urn:iso:std:iso:4217",
          "code": "USD"
        },
        "resourceType": "Claim"
      }
    },
    {
      "fullUrl": "urn:uuid:f8b265ba-f060-41ed-b659-8622930f3e29",
      "resource": {
        "id": "f8b265ba-f060-41ed-b659-8622930f3e29",
        "meta": {
          "profile": [
            "http://standardhealthrecord.org/fhir/StructureDefinition/shr-observation-Observation",
            "http://standardhealthrecord.org/fhir/StructureDefinition/shr-vital-VitalSign",
            "http://standardhealthrecord.org/fhir/StructureDefinition/shr-vital-BodyHeight"
          ]
        },
        "status": "final",
        "category": [
          {
            "coding": [
              {
                "system": "http://hl7.org/fhir/observation-category",
                "code": "vital-signs"
              }
            ]
          }
        ],
        "code": {
          "coding": [
            {
              "system": "http://loinc.org",
              "code": "8302-2",
              "display": "Body Height"
            }
          ],
          "text": "Body Height"
        },
        "subject": {
          "reference": "urn:uuid:5c336f39-2ccd-4fc8-aeb7-108b35b1c5d8"
        },
        "context": {
          "reference": "urn:uuid:35e2de67-9681-454c-81a3-2b0525499a80"
        },
        "effectiveDateTime": "2014-03-02T13:34:25-05:00",
        "issued": "2014-03-02T13:34:25-05:00",
        "valueQuantity": {
          "value": 177.77557756787328,
          "unit": "cm",
          "system": "http://unitsofmeasure.org/",
          "code": "cm"
        },
        "resourceType": "Observation"
      }
    },
    {
      "fullUrl": "urn:uuid:76b39b8f-195f-4642-a5b9-bfbf41331de1",
      "resource": {
        "id": "76b39b8f-195f-4642-a5b9-bfbf41331de1",
        "meta": {
          "profile": [
            "http://standardhealthrecord.org/fhir/StructureDefinition/shr-observation-Observation",
            "http://standardhealthrecord.org/fhir/StructureDefinition/shr-vital-VitalSign",
            "http://standardhealthrecord.org/fhir/StructureDefinition/shr-vital-BodyWeight"
          ]
        },
        "status": "final",
        "category": [
          {
            "coding": [
              {
                "system": "http://hl7.org/fhir/observation-category",
                "code": "vital-signs"
              }
            ]
          }
        ],
        "code": {
          "coding": [
            {
              "system": "http://loinc.org",
              "code": "29463-7",
              "display": "Body Weight"
            }
          ],
          "text": "Body Weight"
        },
        "subject": {
          "reference": "urn:uuid:5c336f39-2ccd-4fc8-aeb7-108b35b1c5d8"
        },
        "context": {
          "reference": "urn:uuid:35e2de67-9681-454c-81a3-2b0525499a80"
        },
        "effectiveDateTime": "2014-03-02T13:34:25-05:00",
        "issued": "2014-03-02T13:34:25-05:00",
        "valueQuantity": {
          "value": 100.5123501532501,
          "unit": "kg",
          "system": "http://unitsofmeasure.org/",
          "code": "kg"
        },
        "resourceType": "Observation"
      }
    },
    {
      "fullUrl": "urn:uuid:1923de1c-43dd-48db-9673-3515ad440014",
      "resource": {
        "id": "1923de1c-43dd-48db-9673-3515ad440014",
        "meta": {
          "profile": [
            "http://standardhealthrecord.org/fhir/StructureDefinition/shr-observation-Observation",
            "http://standardhealthrecord.org/fhir/StructureDefinition/shr-vital-VitalSign",
            "http://standardhealthrecord.org/fhir/StructureDefinition/shr-vital-BodyMassIndex"
          ]
        },
        "status": "final",
        "category": [
          {
            "coding": [
              {
                "system": "http://hl7.org/fhir/observation-category",
                "code": "vital-signs"
              }
            ]
          }
        ],
        "code": {
          "coding": [
            {
              "system": "http://loinc.org",
              "code": "39156-5",
              "display": "Body Mass Index"
            }
          ],
          "text": "Body Mass Index"
        },
        "subject": {
          "reference": "urn:uuid:5c336f39-2ccd-4fc8-aeb7-108b35b1c5d8"
        },
        "context": {
          "reference": "urn:uuid:35e2de67-9681-454c-81a3-2b0525499a80"
        },
        "effectiveDateTime": "2014-03-02T13:34:25-05:00",
        "issued": "2014-03-02T13:34:25-05:00",
        "valueQuantity": {
          "value": 31.803522998101304,
          "unit": "kg/m2",
          "system": "http://unitsofmeasure.org/",
          "code": "kg/m2"
        },
        "resourceType": "Observation"
      }
    },
    {
      "fullUrl": "urn:uuid:b85511bf-f1e7-454c-98af-e0bfc5844f06",
      "resource": {
        "id": "b85511bf-f1e7-454c-98af-e0bfc5844f06",
        "meta": {
          "profile": [
            "http://standardhealthrecord.org/fhir/StructureDefinition/shr-observation-Observation",
            "http://standardhealthrecord.org/fhir/StructureDefinition/shr-vital-BloodPressure"
          ]
        },
        "status": "final",
        "category": [
          {
            "coding": [
              {
                "system": "http://hl7.org/fhir/observation-category",
                "code": "vital-signs"
              }
            ]
          }
        ],
        "code": {
          "coding": [
            {
              "system": "http://loinc.org",
              "code": "55284-4",
              "display": "Blood Pressure"
            }
          ]
        },
        "subject": {
          "reference": "urn:uuid:5c336f39-2ccd-4fc8-aeb7-108b35b1c5d8"
        },
        "context": {
          "reference": "urn:uuid:35e2de67-9681-454c-81a3-2b0525499a80"
        },
        "effectiveDateTime": "2014-03-02T13:34:25-05:00",
        "issued": "2014-03-02T13:34:25-05:00",
        "component": [
          {
            "code": {
              "coding": [
                {
                  "system": "http://loinc.org",
                  "code": "8480-6",
                  "display": "Systolic Blood Pressure"
                }
              ],
              "text": "Systolic Blood Pressure"
            },
            "valueQuantity": {
              "value": 138,
              "unit": "mmHg",
              "system": "http://unitsofmeasure.org/",
              "code": "mmHg"
            }
          },
          {
            "code": {
              "coding": [
                {
                  "system": "http://loinc.org",
                  "code": "8462-4",
                  "display": "Diastolic Blood Pressure"
                }
              ],
              "text": "Diastolic Blood Pressure"
            },
            "valueQuantity": {
              "value": 76,
              "unit": "mmHg",
              "system": "http://unitsofmeasure.org/",
              "code": "mmHg"
            }
          }
        ],
        "resourceType": "Observation"
      }
    },
    {
      "fullUrl": "urn:uuid:f4b14e71-aa0d-4db7-8bb1-1976e25ab9ba",
      "resource": {
        "id": "f4b14e71-aa0d-4db7-8bb1-1976e25ab9ba",
        "meta": {
          "profile": [
            "http://standardhealthrecord.org/fhir/StructureDefinition/shr-observation-Observation"
          ]
        },
        "status": "final",
        "category": [
          {
            "coding": [
              {
                "system": "http://hl7.org/fhir/observation-category",
                "code": "laboratory"
              }
            ]
          }
        ],
        "code": {
          "coding": [
            {
              "system": "http://loinc.org",
              "code": "2093-3",
              "display": "Total Cholesterol"
            }
          ],
          "text": "Total Cholesterol"
        },
        "subject": {
          "reference": "urn:uuid:5c336f39-2ccd-4fc8-aeb7-108b35b1c5d8"
        },
        "context": {
          "reference": "urn:uuid:35e2de67-9681-454c-81a3-2b0525499a80"
        },
        "effectiveDateTime": "2014-03-02T13:34:25-05:00",
        "issued": "2014-03-02T13:34:25-05:00",
        "valueQuantity": {
          "value": 175,
          "unit": "mg/dL",
          "system": "http://unitsofmeasure.org/",
          "code": "mg/dL"
        },
        "resourceType": "Observation"
      }
    },
    {
      "fullUrl": "urn:uuid:74ce751d-063d-4bfb-8016-82d61a24360c",
      "resource": {
        "id": "74ce751d-063d-4bfb-8016-82d61a24360c",
        "meta": {
          "profile": [
            "http://standardhealthrecord.org/fhir/StructureDefinition/shr-observation-Observation"
          ]
        },
        "status": "final",
        "category": [
          {
            "coding": [
              {
                "system": "http://hl7.org/fhir/observation-category",
                "code": "laboratory"
              }
            ]
          }
        ],
        "code": {
          "coding": [
            {
              "system": "http://loinc.org",
              "code": "2571-8",
              "display": "Triglycerides"
            }
          ],
          "text": "Triglycerides"
        },
        "subject": {
          "reference": "urn:uuid:5c336f39-2ccd-4fc8-aeb7-108b35b1c5d8"
        },
        "context": {
          "reference": "urn:uuid:35e2de67-9681-454c-81a3-2b0525499a80"
        },
        "effectiveDateTime": "2014-03-02T13:34:25-05:00",
        "issued": "2014-03-02T13:34:25-05:00",
        "valueQuantity": {
          "value": 147,
          "unit": "mg/dL",
          "system": "http://unitsofmeasure.org/",
          "code": "mg/dL"
        },
        "resourceType": "Observation"
      }
    },
    {
      "fullUrl": "urn:uuid:46511b02-14e3-4adf-b4ef-16efca137d77",
      "resource": {
        "id": "46511b02-14e3-4adf-b4ef-16efca137d77",
        "meta": {
          "profile": [
            "http://standardhealthrecord.org/fhir/StructureDefinition/shr-observation-Observation"
          ]
        },
        "status": "final",
        "category": [
          {
            "coding": [
              {
                "system": "http://hl7.org/fhir/observation-category",
                "code": "laboratory"
              }
            ]
          }
        ],
        "code": {
          "coding": [
            {
              "system": "http://loinc.org",
              "code": "18262-6",
              "display": "Low Density Lipoprotein Cholesterol"
            }
          ],
          "text": "Low Density Lipoprotein Cholesterol"
        },
        "subject": {
          "reference": "urn:uuid:5c336f39-2ccd-4fc8-aeb7-108b35b1c5d8"
        },
        "context": {
          "reference": "urn:uuid:35e2de67-9681-454c-81a3-2b0525499a80"
        },
        "effectiveDateTime": "2014-03-02T13:34:25-05:00",
        "issued": "2014-03-02T13:34:25-05:00",
        "valueQuantity": {
          "value": 79,
          "unit": "mg/dL",
          "system": "http://unitsofmeasure.org/",
          "code": "mg/dL"
        },
        "resourceType": "Observation"
      }
    },
    {
      "fullUrl": "urn:uuid:6b781b7f-81ee-499b-a901-250ae23b74ff",
      "resource": {
        "id": "6b781b7f-81ee-499b-a901-250ae23b74ff",
        "meta": {
          "profile": [
            "http://standardhealthrecord.org/fhir/StructureDefinition/shr-observation-Observation"
          ]
        },
        "status": "final",
        "category": [
          {
            "coding": [
              {
                "system": "http://hl7.org/fhir/observation-category",
                "code": "laboratory"
              }
            ]
          }
        ],
        "code": {
          "coding": [
            {
              "system": "http://loinc.org",
              "code": "2085-9",
              "display": "High Density Lipoprotein Cholesterol"
            }
          ],
          "text": "High Density Lipoprotein Cholesterol"
        },
        "subject": {
          "reference": "urn:uuid:5c336f39-2ccd-4fc8-aeb7-108b35b1c5d8"
        },
        "context": {
          "reference": "urn:uuid:35e2de67-9681-454c-81a3-2b0525499a80"
        },
        "effectiveDateTime": "2014-03-02T13:34:25-05:00",
        "issued": "2014-03-02T13:34:25-05:00",
        "valueQuantity": {
          "value": 66,
          "unit": "mg/dL",
          "system": "http://unitsofmeasure.org/",
          "code": "mg/dL"
        },
        "resourceType": "Observation"
      }
    },
    {
      "fullUrl": "urn:uuid:9febb926-4cb5-44c9-8809-e4cf3bffbb16",
      "resource": {
        "id": "9febb926-4cb5-44c9-8809-e4cf3bffbb16",
        "meta": {
          "profile": [
            "http://standardhealthrecord.org/fhir/StructureDefinition/shr-observation-Panel"
          ]
        },
        "status": "final",
        "code": {
          "coding": [
            {
              "system": "http://loinc.org",
              "code": "57698-3",
              "display": "Lipid Panel"
            }
          ]
        },
        "subject": {
          "reference": "urn:uuid:5c336f39-2ccd-4fc8-aeb7-108b35b1c5d8"
        },
        "context": {
          "reference": "urn:uuid:35e2de67-9681-454c-81a3-2b0525499a80"
        },
        "effectiveDateTime": "2014-03-02T13:34:25-05:00",
        "issued": "2014-03-02T13:34:25-05:00",
        "result": [
          {
            "reference": "urn:uuid:f4b14e71-aa0d-4db7-8bb1-1976e25ab9ba",
            "display": "Total Cholesterol"
          },
          {
            "reference": "urn:uuid:74ce751d-063d-4bfb-8016-82d61a24360c",
            "display": "Triglycerides"
          },
          {
            "reference": "urn:uuid:46511b02-14e3-4adf-b4ef-16efca137d77",
            "display": "Low Density Lipoprotein Cholesterol"
          },
          {
            "reference": "urn:uuid:6b781b7f-81ee-499b-a901-250ae23b74ff",
            "display": "High Density Lipoprotein Cholesterol"
          }
        ],
        "resourceType": "DiagnosticReport"
      }
    },
    {
      "resource": {
        "meta": {
          "profile": [
            "http://standardhealthrecord.org/fhir/StructureDefinition/shr-immunization-Immunization"
          ]
        },
        "status": "completed",
        "notGiven": false,
        "vaccineCode": {
          "coding": [
            {
              "system": "http://hl7.org/fhir/sid/cvx",
              "code": "140",
              "display": "Influenza, seasonal, injectable, preservative free"
            }
          ],
          "text": "Influenza, seasonal, injectable, preservative free"
        },
        "patient": {
          "reference": "urn:uuid:5c336f39-2ccd-4fc8-aeb7-108b35b1c5d8"
        },
        "encounter": {
          "reference": "urn:uuid:35e2de67-9681-454c-81a3-2b0525499a80"
        },
        "date": "2014-03-02T13:34:25-05:00",
        "primarySource": true,
        "resourceType": "Immunization"
      }
    },
    {
      "resource": {
        "meta": {
          "profile": [
            "http://standardhealthrecord.org/fhir/StructureDefinition/shr-immunization-Immunization"
          ]
        },
        "status": "completed",
        "notGiven": false,
        "vaccineCode": {
          "coding": [
            {
              "system": "http://hl7.org/fhir/sid/cvx",
              "code": "113",
              "display": "Td (adult) preservative free"
            }
          ],
          "text": "Td (adult) preservative free"
        },
        "patient": {
          "reference": "urn:uuid:5c336f39-2ccd-4fc8-aeb7-108b35b1c5d8"
        },
        "encounter": {
          "reference": "urn:uuid:35e2de67-9681-454c-81a3-2b0525499a80"
        },
        "date": "2014-03-02T13:34:25-05:00",
        "primarySource": true,
        "resourceType": "Immunization"
      }
    },
    {
      "fullUrl": "urn:uuid:2901d631-3625-400d-9fc0-d1c8aaeaef43",
      "resource": {
        "id": "2901d631-3625-400d-9fc0-d1c8aaeaef43",
        "meta": {
          "profile": [
            "http://standardhealthrecord.org/fhir/StructureDefinition/shr-observation-Observation"
          ]
        },
        "status": "final",
        "category": [
          {
            "coding": [
              {
                "system": "http://hl7.org/fhir/observation-category",
                "code": "survey"
              }
            ]
          }
        ],
        "code": {
          "coding": [
            {
              "system": "http://snomed.info/sct",
              "code": "273724008",
              "display": "Quality adjusted life years"
            }
          ],
          "text": "Quality adjusted life years"
        },
        "subject": {
          "reference": "urn:uuid:5c336f39-2ccd-4fc8-aeb7-108b35b1c5d8"
        },
        "effectiveDateTime": "2017-10-31T16:09:28-04:00",
        "issued": "2017-10-31T16:09:28-04:00",
        "valueQuantity": {
          "value": 35.98276342377292,
          "unit": "years",
          "system": "http://unitsofmeasure.org/",
          "code": "years"
        },
        "resourceType": "Observation"
      }
    },
    {
      "fullUrl": "urn:uuid:133a847a-e509-49c4-826d-09f044eeaed0",
      "resource": {
        "id": "133a847a-e509-49c4-826d-09f044eeaed0",
        "meta": {
          "profile": [
            "http://standardhealthrecord.org/fhir/StructureDefinition/shr-observation-Observation"
          ]
        },
        "status": "final",
        "category": [
          {
            "coding": [
              {
                "system": "http://hl7.org/fhir/observation-category",
                "code": "survey"
              }
            ]
          }
        ],
        "code": {
          "coding": [
            {
              "system": "http://snomed.info/sct",
              "code": "273421001",
              "display": "Disability rating scale"
            }
          ],
          "text": "Disability rating scale"
        },
        "subject": {
          "reference": "urn:uuid:5c336f39-2ccd-4fc8-aeb7-108b35b1c5d8"
        },
        "effectiveDateTime": "2017-10-31T16:09:28-04:00",
        "issued": "2017-10-31T16:09:28-04:00",
        "valueQuantity": {
          "value": 0.0172365762270763,
          "unit": "years",
          "system": "http://unitsofmeasure.org/",
          "code": "years"
        },
        "resourceType": "Observation"
      }
    }
  ],
  "resourceType": "Bundle"
}