{
  "type": "collection",
  "entry": [
    {
      "fullUrl": "urn:uuid:65f82718-78c3-4654-8b5b-8b1c754d2b91",
      "resource": {
        "id": "65f82718-78c3-4654-8b5b-8b1c754d2b91",
        "meta": {
          "profile": [
            "http://standardhealthrecord.org/fhir/StructureDefinition/shr-actor-Organization"
          ]
        },
        "type": [
          {
            "coding": [
              {
                "system": "http://hl7.org/fhir/organization-type",
                "code": "prov",
                "display": "Healthcare Provider"
              }
            ],
            "text": "Healthcare Provider"
          }
        ],
        "name": "BAYSTATE REHAB @ EAST LONGMEADOW",
        "resourceType": "Organization"
      }
    },
    {
      "fullUrl": "urn:uuid:ec4d53fd-617d-4fe2-9d1b-8fe015d029de",
      "resource": {
        "id": "ec4d53fd-617d-4fe2-9d1b-8fe015d029de",
        "meta": {
          "profile": [
            "http://standardhealthrecord.org/fhir/StructureDefinition/shr-demographics-PersonOfRecord"
          ]
        },
        "text": {
          "status": "generated",
          "div": "<div xmlns=\"http://www.w3.org/1999/xhtml\">Generated by <a href=\"https://github.com/synthetichealth/synthea\">Synthea</a>. Version identifier: 368ac389f34cd3ce3986aa3a0a08e467bf574db3</div>"
        },
        "extension": [
          {
            "url": "http://hl7.org/fhir/us/core/StructureDefinition/us-core-race",
            "valueCodeableConcept": {
              "coding": [
                {
                  "system": "http://hl7.org/fhir/v3/Race",
                  "code": "2028-9",
                  "display": "Asian"
                }
              ],
              "text": "race"
            }
          },
          {
            "url": "http://hl7.org/fhir/us/core/StructureDefinition/us-core-ethnicity",
            "valueCodeableConcept": {
              "coding": [
                {
                  "system": "http://hl7.org/fhir/v3/Ethnicity",
                  "code": "2186-5",
                  "display": "Nonhispanic"
                }
              ],
              "text": "ethnicity"
            }
          },
          {
            "url": "http://hl7.org/fhir/StructureDefinition/birthPlace",
            "valueAddress": {
              "city": "Boston",
              "state": "MA",
              "country": "US"
            }
          },
          {
            "url": "http://hl7.org/fhir/StructureDefinition/patient-mothersMaidenName",
            "valueString": "Lucile448 Hoppe786"
          },
          {
            "url": "http://hl7.org/fhir/us/core/StructureDefinition/us-core-birthsex",
            "valueCode": "F"
          },
          {
            "url": "http://hl7.org/fhir/StructureDefinition/patient-interpreterRequired",
            "valueBoolean": false
          },
          {
            "url": "http://standardhealthrecord.org/fhir/StructureDefinition/shr-actor-FictionalPerson-extension",
            "valueBoolean": true
          },
          {
            "url": "http://standardhealthrecord.org/fhir/StructureDefinition/shr-demographics-FathersName-extension",
            "valueHumanName": {
              "text": "Cory763 Hand138"
            }
          },
          {
            "url": "http://standardhealthrecord.org/fhir/StructureDefinition/shr-demographics-SocialSecurityNumber-extension",
            "valueString": "999-77-1253"
          }
        ],
        "identifier": [
          {
            "system": "https://github.com/synthetichealth/synthea",
            "value": "4920cc60-6e9d-4815-8861-8718759d885d"
          },
          {
            "type": {
              "coding": [
                {
                  "system": "http://hl7.org/fhir/identifier-type",
                  "code": "SB"
                }
              ]
            },
            "system": "http://hl7.org/fhir/sid/us-ssn",
            "value": "999771253"
          },
          {
            "type": {
              "coding": [
                {
                  "system": "http://hl7.org/fhir/v2/0203",
                  "code": "DL"
                }
              ]
            },
            "system": "urn:oid:2.16.840.1.113883.4.3.25",
            "value": "S99922110"
          },
          {
            "type": {
              "coding": [
                {
                  "system": "http://hl7.org/fhir/v2/0203",
                  "code": "PPN"
                }
              ]
            },
            "system": "http://standardhealthrecord.org/fhir/StructureDefinition/passportNumber",
            "value": "X58207201X"
          },
          {
            "type": {
              "coding": [
                {
                  "system": "http://hl7.org/fhir/v2/0203",
                  "code": "MR"
                }
              ]
            },
            "system": "http://hospital.smarthealthit.org",
            "value": "4920cc60-6e9d-4815-8861-8718759d885d"
          }
        ],
        "name": [
          {
            "use": "official",
            "family": "Balistreri677",
            "given": [
              "Coral7"
            ],
            "prefix": [
              "Mrs."
            ]
          },
          {
            "use": "maiden",
            "family": "Hand138",
            "given": [
              "Coral7"
            ]
          }
        ],
        "telecom": [
          {
            "system": "phone",
            "value": "214.248.1464 x388",
            "use": "home"
          }
        ],
        "gender": "female",
        "birthDate": "1945-02-26",
        "deceasedDateTime": "2003-01-17T23:56:38-05:00",
        "address": [
          {
            "extension": [
              {
                "extension": [
                  {
                    "url": "latitude",
                    "valueDecimal": 42.072440060386356
                  },
                  {
                    "url": "longitude",
                    "valueDecimal": -72.54041869528326
                  }
                ],
                "url": "http://hl7.org/fhir/StructureDefinition/geolocation"
              }
            ],
            "line": [
              "7068 Bogan Village"
            ],
            "city": "Springfield",
            "state": "MA",
            "postalCode": "01128",
            "country": "US"
          }
        ],
        "maritalStatus": {
          "coding": [
            {
              "system": "http://hl7.org/fhir/v3/MaritalStatus",
              "code": "M"
            }
          ],
          "text": "M"
        },
        "multipleBirthBoolean": false,
        "communication": [
          {
            "language": {
              "coding": [
                {
                  "system": "http://hl7.org/fhir/ValueSet/languages",
                  "code": "en-US",
                  "display": "English (United States)"
                }
              ]
            }
          }
        ],
        "generalPractitioner": [
          {
            "reference": "urn:uuid:65f82718-78c3-4654-8b5b-8b1c754d2b91"
          }
        ],
        "resourceType": "Patient"
      }
    },
    {
      "fullUrl": "urn:uuid:4863befe-7a38-44da-a57b-0d6e2e81a185",
      "resource": {
        "id": "4863befe-7a38-44da-a57b-0d6e2e81a185",
        "meta": {
          "profile": [
            "http://standardhealthrecord.org/fhir/StructureDefinition/shr-encounter-Encounter"
          ]
        },
        "status": "finished",
        "class": {
          "code": "ambulatory"
        },
        "type": [
          {
            "coding": [
              {
                "system": "http://snomed.info/sct",
                "code": "308646001"
              }
            ],
            "text": "Death Certification"
          }
        ],
        "subject": {
          "reference": "urn:uuid:ec4d53fd-617d-4fe2-9d1b-8fe015d029de"
        },
        "period": {
          "start": "2003-01-17T23:56:38-05:00",
          "end": "2003-01-18T00:11:38-05:00"
        },
        "serviceProvider": {
          "reference": "urn:uuid:65f82718-78c3-4654-8b5b-8b1c754d2b91"
        },
        "resourceType": "Encounter"
      }
    },
    {
      "fullUrl": "urn:uuid:ee4663b7-a8a3-4aaa-8b4d-e85d9cc1f558",
      "resource": {
        "id": "ee4663b7-a8a3-4aaa-8b4d-e85d9cc1f558",
        "status": "active",
        "use": "complete",
        "patient": {
          "reference": "urn:uuid:ec4d53fd-617d-4fe2-9d1b-8fe015d029de"
        },
        "billablePeriod": {
          "start": "2003-01-17T23:56:38-05:00",
          "end": "2003-01-18T00:11:38-05:00"
        },
        "organization": {
          "reference": {
            "reference": "urn:uuid:65f82718-78c3-4654-8b5b-8b1c754d2b91"
          }
        },
        "diagnosis": [
          {
            "sequence": 1,
            "diagnosisReference": {
              "reference": "urn:uuid:44e918e0-27e5-495f-9613-00cbcaa3c689"
            }
          },
          {
            "sequence": 2,
            "diagnosisReference": {
              "reference": "urn:uuid:37dd0e03-f7bb-4051-a3b0-b0e097956c3f"
            }
          }
        ],
        "item": [
          {
            "sequence": 1,
            "net": {
              "value": 125.0,
              "system": "urn:iso:std:iso:4217",
              "code": "USD"
            },
            "encounter": [
              {
                "reference": {
                  "fullUrl": "urn:uuid:4863befe-7a38-44da-a57b-0d6e2e81a185",
                  "resource": {
                    "id": "4863befe-7a38-44da-a57b-0d6e2e81a185",
                    "meta": {
                      "profile": [
                        "http://standardhealthrecord.org/fhir/StructureDefinition/shr-encounter-Encounter"
                      ]
                    },
                    "status": "finished",
                    "class": {
                      "code": "ambulatory"
                    },
                    "type": [
                      {
                        "coding": [
                          {
                            "system": "http://snomed.info/sct",
                            "code": "308646001"
                          }
                        ],
                        "text": "Death Certification"
                      }
                    ],
                    "subject": {
                      "reference": "urn:uuid:ec4d53fd-617d-4fe2-9d1b-8fe015d029de"
                    },
                    "period": {
                      "start": "2003-01-17T23:56:38-05:00",
                      "end": "2003-01-18T00:11:38-05:00"
                    },
                    "serviceProvider": {
                      "reference": "urn:uuid:65f82718-78c3-4654-8b5b-8b1c754d2b91"
                    },
                    "resourceType": "Encounter"
                  }
                }
              }
            ]
          },
          {
            "sequence": 2,
            "diagnosisLinkId": [
              1
            ],
            "net": {
              "value": 0.0,
              "system": "urn:iso:std:iso:4217",
              "code": "USD"
            }
          },
          {
            "sequence": 3,
            "diagnosisLinkId": [
              2
            ],
            "net": {
              "value": 0.0,
              "system": "urn:iso:std:iso:4217",
              "code": "USD"
            }
          }
        ],
        "total": {
          "value": 125.0,
          "system": "urn:iso:std:iso:4217",
          "code": "USD"
        },
        "resourceType": "Claim"
      }
    },
    {
      "fullUrl": "urn:uuid:44e918e0-27e5-495f-9613-00cbcaa3c689",
      "resource": {
        "id": "44e918e0-27e5-495f-9613-00cbcaa3c689",
        "meta": {
          "profile": [
            "http://standardhealthrecord.org/fhir/StructureDefinition/shr-problem-Problem"
          ]
        },
        "clinicalStatus": "active",
        "verificationStatus": "confirmed",
        "code": {
          "coding": [
            {
              "system": "http://snomed.info/sct",
              "code": "40055000",
              "display": "Chronic sinusitis (disorder)"
            }
          ],
          "text": "Chronic sinusitis (disorder)"
        },
        "subject": {
          "reference": "urn:uuid:ec4d53fd-617d-4fe2-9d1b-8fe015d029de"
        },
        "context": {
          "reference": "urn:uuid:4863befe-7a38-44da-a57b-0d6e2e81a185"
        },
        "onsetDateTime": "1952-11-07T05:47:59-05:00",
        "assertedDate": "1952-11-07",
        "resourceType": "Condition"
      }
    },
    {
      "fullUrl": "urn:uuid:37dd0e03-f7bb-4051-a3b0-b0e097956c3f",
      "resource": {
        "id": "37dd0e03-f7bb-4051-a3b0-b0e097956c3f",
        "meta": {
          "profile": [
            "http://standardhealthrecord.org/fhir/StructureDefinition/shr-problem-Problem"
          ]
        },
        "clinicalStatus": "active",
        "verificationStatus": "confirmed",
        "code": {
          "coding": [
            {
              "system": "http://snomed.info/sct",
              "code": "185086009",
              "display": "Chronic obstructive bronchitis (disorder)"
            }
          ],
          "text": "Chronic obstructive bronchitis (disorder)"
        },
        "subject": {
          "reference": "urn:uuid:ec4d53fd-617d-4fe2-9d1b-8fe015d029de"
        },
        "context": {
          "reference": "urn:uuid:4863befe-7a38-44da-a57b-0d6e2e81a185"
        },
        "onsetDateTime": "1965-01-21T23:53:12-05:00",
        "assertedDate": "1965-01-21",
        "resourceType": "Condition"
      }
    },
    {
      "fullUrl": "urn:uuid:bbc80869-cb92-4355-9fbf-6ae15af4ae3b",
      "resource": {
        "id": "bbc80869-cb92-4355-9fbf-6ae15af4ae3b",
        "meta": {
          "profile": [
            "http://standardhealthrecord.org/fhir/StructureDefinition/shr-observation-Observation"
          ]
        },
        "status": "final",
        "category": [
          {
            "coding": [
              {
                "system": "http://hl7.org/fhir/observation-category"
              }
            ]
          }
        ],
        "code": {
          "coding": [
            {
              "system": "http://loinc.org",
              "code": "69453-9",
              "display": "Cause of Death [US Standard Certificate of Death]"
            }
          ],
          "text": "Cause of Death [US Standard Certificate of Death]"
        },
        "subject": {
          "reference": "urn:uuid:ec4d53fd-617d-4fe2-9d1b-8fe015d029de"
        },
        "context": {
          "reference": "urn:uuid:4863befe-7a38-44da-a57b-0d6e2e81a185"
        },
        "effectiveDateTime": "2003-01-17T23:56:38-05:00",
        "issued": "2003-01-17T23:56:38-05:00",
        "valueCodeableConcept": {
          "coding": [
            {
              "system": "http://snomed.info/sct",
              "code": "185086009",
              "display": "Chronic obstructive bronchitis (disorder)"
            }
          ],
          "text": "Chronic obstructive bronchitis (disorder)"
        },
        "resourceType": "Observation"
      }
    },
    {
      "fullUrl": "urn:uuid:808565d8-3178-4c5e-9c3c-defa6b9bb4b0",
      "resource": {
        "id": "808565d8-3178-4c5e-9c3c-defa6b9bb4b0",
        "meta": {
          "profile": [
            "http://standardhealthrecord.org/fhir/StructureDefinition/shr-observation-Panel"
          ]
        },
        "status": "final",
        "code": {
          "coding": [
            {
              "system": "http://loinc.org",
              "code": "69409-1",
              "display": "U.S. standard certificate of death - 2003 revision"
            }
          ]
        },
        "subject": {
          "reference": "urn:uuid:ec4d53fd-617d-4fe2-9d1b-8fe015d029de"
        },
        "context": {
          "reference": "urn:uuid:4863befe-7a38-44da-a57b-0d6e2e81a185"
        },
        "effectiveDateTime": "2003-01-17T23:56:38-05:00",
        "issued": "2003-01-17T23:56:38-05:00",
        "result": [
          {
            "reference": "urn:uuid:bbc80869-cb92-4355-9fbf-6ae15af4ae3b",
            "display": "Cause of Death [US Standard Certificate of Death]"
          }
        ],
        "resourceType": "DiagnosticReport"
      }
    },
    {
      "resource": {
        "status": "active",
        "intent": "order",
        "category": [
          {
            "coding": [
              {
                "system": "http://snomed.info/sct",
                "code": "326051000000105",
                "display": "Self care"
              }
            ]
          }
        ],
        "subject": {
          "reference": "urn:uuid:ec4d53fd-617d-4fe2-9d1b-8fe015d029de"
        },
        "context": {
          "reference": "urn:uuid:4863befe-7a38-44da-a57b-0d6e2e81a185"
        },
        "period": {
          "start": "1948-08-11"
        },
        "activity": [
          {
            "detail": {
              "code": {
                "coding": [
                  {
                    "system": "http://snomed.info/sct",
                    "code": "58332002",
                    "display": "Allergy education"
                  }
                ]
              },
              "status": "in-progress"
            }
          }
        ],
        "resourceType": "CarePlan"
      }
    },
    {
      "resource": {
        "status": "active",
        "intent": "order",
        "category": [
          {
            "coding": [
              {
                "system": "http://snomed.info/sct",
                "code": "412776001",
                "display": "Chronic obstructive pulmonary disease clinical management plan"
              }
            ]
          }
        ],
        "subject": {
          "reference": "urn:uuid:ec4d53fd-617d-4fe2-9d1b-8fe015d029de"
        },
        "context": {
          "reference": "urn:uuid:4863befe-7a38-44da-a57b-0d6e2e81a185"
        },
        "period": {
          "start": "1965-01-21"
        },
        "addresses": [
          {
            "reference": "urn:uuid:37dd0e03-f7bb-4051-a3b0-b0e097956c3f"
          }
        ],
        "activity": [
          {
            "detail": {
              "code": {
                "coding": [
                  {
                    "system": "http://snomed.info/sct",
                    "code": "710081004",
                    "display": "Smoking cessation therapy"
                  }
                ]
              },
              "status": "in-progress"
            }
          },
          {
            "detail": {
              "code": {
                "coding": [
                  {
                    "system": "http://snomed.info/sct",
                    "code": "426990007",
                    "display": "Home oxygen therapy (procedure)"
                  }
                ]
              },
              "status": "in-progress"
            }
          }
        ],
        "resourceType": "CarePlan"
      }
    },
    {
      "fullUrl": "urn:uuid:b1b9d125-3e7d-4622-8558-deb0189c6315",
      "resource": {
        "id": "b1b9d125-3e7d-4622-8558-deb0189c6315",
        "meta": {
          "profile": [
            "http://standardhealthrecord.org/fhir/StructureDefinition/shr-medication-MedicationPrescription"
          ]
        },
        "extension": [
          {
            "url": "http://standardhealthrecord.org/fhir/StructureDefinition/shr-base-ActionCode-extension",
            "valueCodeableConcept": {
              "coding": [
                {
                  "system": "http://snomed.info/sct",
                  "code": "33633005",
                  "display": "Prescription of drug (procedure)"
                }
              ],
              "text": "Prescription of drug (procedure)"
            }
          }
        ],
        "status": "active",
        "intent": "order",
        "medicationCodeableConcept": {
          "coding": [
            {
              "system": "http://www.nlm.nih.gov/research/umls/rxnorm",
              "code": "1049630",
              "display": "diphenhydrAMINE Hydrochloride 25 MG Oral Tablet"
            }
          ],
          "text": "diphenhydrAMINE Hydrochloride 25 MG Oral Tablet"
        },
        "subject": {
          "reference": "urn:uuid:ec4d53fd-617d-4fe2-9d1b-8fe015d029de"
        },
        "context": {
          "reference": "urn:uuid:4863befe-7a38-44da-a57b-0d6e2e81a185"
        },
        "authoredOn": "1948-08-04",
        "dosageInstruction": [
          {
            "sequence": 1,
            "asNeededBoolean": true
          }
        ],
        "resourceType": "MedicationRequest"
      }
    },
    {
      "fullUrl": "urn:uuid:4c491b1d-5347-4a91-b85b-0df3d1d41391",
      "resource": {
        "id": "4c491b1d-5347-4a91-b85b-0df3d1d41391",
        "status": "active",
        "use": "complete",
        "patient": {
          "reference": "urn:uuid:ec4d53fd-617d-4fe2-9d1b-8fe015d029de"
        },
        "billablePeriod": {
          "start": "2003-01-17T23:56:38-05:00",
          "end": "2003-01-18T00:11:38-05:00"
        },
        "organization": {
          "reference": {
            "reference": "urn:uuid:65f82718-78c3-4654-8b5b-8b1c754d2b91"
          }
        },
        "prescription": {
          "reference": "urn:uuid:b1b9d125-3e7d-4622-8558-deb0189c6315"
        },
        "item": [
          {
            "sequence": 1,
            "net": {
              "value": 125.0,
              "system": "urn:iso:std:iso:4217",
              "code": "USD"
            },
            "encounter": [
              {
                "reference": {
                  "fullUrl": "urn:uuid:4863befe-7a38-44da-a57b-0d6e2e81a185",
                  "resource": {
                    "id": "4863befe-7a38-44da-a57b-0d6e2e81a185",
                    "meta": {
                      "profile": [
                        "http://standardhealthrecord.org/fhir/StructureDefinition/shr-encounter-Encounter"
                      ]
                    },
                    "status": "finished",
                    "class": {
                      "code": "ambulatory"
                    },
                    "type": [
                      {
                        "coding": [
                          {
                            "system": "http://snomed.info/sct",
                            "code": "308646001"
                          }
                        ],
                        "text": "Death Certification"
                      }
                    ],
                    "subject": {
                      "reference": "urn:uuid:ec4d53fd-617d-4fe2-9d1b-8fe015d029de"
                    },
                    "period": {
                      "start": "2003-01-17T23:56:38-05:00",
                      "end": "2003-01-18T00:11:38-05:00"
                    },
                    "serviceProvider": {
                      "reference": "urn:uuid:65f82718-78c3-4654-8b5b-8b1c754d2b91"
                    },
                    "resourceType": "Encounter"
                  }
                }
              }
            ]
          },
          {
            "sequence": 1,
            "net": {
              "value": 255.0,
              "system": "urn:iso:std:iso:4217",
              "code": "USD"
            }
          }
        ],
        "total": {
          "value": 255.0,
          "system": "urn:iso:std:iso:4217",
          "code": "USD"
        },
        "resourceType": "Claim"
      }
    },
    {
      "fullUrl": "urn:uuid:b3c39000-4da9-4f92-bfa2-4b22e57da7e0",
      "resource": {
        "id": "b3c39000-4da9-4f92-bfa2-4b22e57da7e0",
        "meta": {
          "profile": [
            "http://standardhealthrecord.org/fhir/StructureDefinition/shr-medication-MedicationPrescription"
          ]
        },
        "extension": [
          {
            "url": "http://standardhealthrecord.org/fhir/StructureDefinition/shr-base-ActionCode-extension",
            "valueCodeableConcept": {
              "coding": [
                {
                  "system": "http://snomed.info/sct",
                  "code": "33633005",
                  "display": "Prescription of drug (procedure)"
                }
              ],
              "text": "Prescription of drug (procedure)"
            }
          }
        ],
        "status": "active",
        "intent": "order",
        "medicationCodeableConcept": {
          "coding": [
            {
              "system": "http://www.nlm.nih.gov/research/umls/rxnorm",
              "code": "896188",
              "display": "Fluticasone propionate 0.25 MG/ACTUAT / salmeterol 0.05 MG/ACTUAT [Advair]"
            }
          ],
          "text": "Fluticasone propionate 0.25 MG/ACTUAT / salmeterol 0.05 MG/ACTUAT [Advair]"
        },
        "subject": {
          "reference": "urn:uuid:ec4d53fd-617d-4fe2-9d1b-8fe015d029de"
        },
        "context": {
          "reference": "urn:uuid:4863befe-7a38-44da-a57b-0d6e2e81a185"
        },
        "authoredOn": "1965-03-08",
        "reasonReference": [
          {
            "reference": "urn:uuid:37dd0e03-f7bb-4051-a3b0-b0e097956c3f"
          }
        ],
        "resourceType": "MedicationRequest"
      }
    },
    {
      "fullUrl": "urn:uuid:a7b2f72b-1316-4361-a280-16ce159032e0",
      "resource": {
        "id": "a7b2f72b-1316-4361-a280-16ce159032e0",
        "status": "active",
        "use": "complete",
        "patient": {
          "reference": "urn:uuid:ec4d53fd-617d-4fe2-9d1b-8fe015d029de"
        },
        "billablePeriod": {
          "start": "2003-01-17T23:56:38-05:00",
          "end": "2003-01-18T00:11:38-05:00"
        },
        "organization": {
          "reference": {
            "reference": "urn:uuid:65f82718-78c3-4654-8b5b-8b1c754d2b91"
          }
        },
        "prescription": {
          "reference": "urn:uuid:b3c39000-4da9-4f92-bfa2-4b22e57da7e0"
        },
        "item": [
          {
            "sequence": 1,
            "net": {
              "value": 125.0,
              "system": "urn:iso:std:iso:4217",
              "code": "USD"
            },
            "encounter": [
              {
                "reference": {
                  "fullUrl": "urn:uuid:4863befe-7a38-44da-a57b-0d6e2e81a185",
                  "resource": {
                    "id": "4863befe-7a38-44da-a57b-0d6e2e81a185",
                    "meta": {
                      "profile": [
                        "http://standardhealthrecord.org/fhir/StructureDefinition/shr-encounter-Encounter"
                      ]
                    },
                    "status": "finished",
                    "class": {
                      "code": "ambulatory"
                    },
                    "type": [
                      {
                        "coding": [
                          {
                            "system": "http://snomed.info/sct",
                            "code": "308646001"
                          }
                        ],
                        "text": "Death Certification"
                      }
                    ],
                    "subject": {
                      "reference": "urn:uuid:ec4d53fd-617d-4fe2-9d1b-8fe015d029de"
                    },
                    "period": {
                      "start": "2003-01-17T23:56:38-05:00",
                      "end": "2003-01-18T00:11:38-05:00"
                    },
                    "serviceProvider": {
                      "reference": "urn:uuid:65f82718-78c3-4654-8b5b-8b1c754d2b91"
                    },
                    "resourceType": "Encounter"
                  }
                }
              }
            ]
          },
          {
            "sequence": 1,
            "net": {
              "value": 255.0,
              "system": "urn:iso:std:iso:4217",
              "code": "USD"
            }
          }
        ],
        "total": {
          "value": 255.0,
          "system": "urn:iso:std:iso:4217",
          "code": "USD"
        },
        "resourceType": "Claim"
      }
    },
    {
      "fullUrl": "urn:uuid:90fc30f5-4c6e-4c93-b262-5ea74cdb3a2f",
      "resource": {
        "id": "90fc30f5-4c6e-4c93-b262-5ea74cdb3a2f",
        "meta": {
          "profile": [
            "http://standardhealthrecord.org/fhir/StructureDefinition/shr-observation-Observation"
          ]
        },
        "status": "final",
        "category": [
          {
            "coding": [
              {
                "system": "http://hl7.org/fhir/observation-category",
                "code": "survey"
              }
            ]
          }
        ],
        "code": {
          "coding": [
            {
              "system": "http://snomed.info/sct",
              "code": "273724008",
              "display": "Quality adjusted life years"
            }
          ],
          "text": "Quality adjusted life years"
        },
        "subject": {
          "reference": "urn:uuid:ec4d53fd-617d-4fe2-9d1b-8fe015d029de"
        },
        "effectiveDateTime": "2017-10-31T16:09:28-04:00",
        "issued": "2017-10-31T16:09:28-04:00",
        "valueQuantity": {
          "value": 56.07316115367253,
          "unit": "years",
          "system": "http://unitsofmeasure.org/",
          "code": "years"
        },
        "resourceType": "Observation"
      }
    },
    {
      "fullUrl": "urn:uuid:229aaeed-5170-4e20-af8c-8b337368a4df",
      "resource": {
        "id": "229aaeed-5170-4e20-af8c-8b337368a4df",
        "meta": {
          "profile": [
            "http://standardhealthrecord.org/fhir/StructureDefinition/shr-observation-Observation"
          ]
        },
        "status": "final",
        "category": [
          {
            "coding": [
              {
                "system": "http://hl7.org/fhir/observation-category",
                "code": "survey"
              }
            ]
          }
        ],
        "code": {
          "coding": [
            {
              "system": "http://snomed.info/sct",
              "code": "273421001",
              "display": "Disability rating scale"
            }
          ],
          "text": "Disability rating scale"
        },
        "subject": {
          "reference": "urn:uuid:ec4d53fd-617d-4fe2-9d1b-8fe015d029de"
        },
        "effectiveDateTime": "2017-10-31T16:09:28-04:00",
        "issued": "2017-10-31T16:09:28-04:00",
        "valueQuantity": {
          "value": 32.19241884632747,
          "unit": "years",
          "system": "http://unitsofmeasure.org/",
          "code": "years"
        },
        "resourceType": "Observation"
      }
    }
  ],
  "resourceType": "Bundle"
}