{
  "type": "collection",
  "entry": [
    {
      "fullUrl": "urn:uuid:3316937c-e7b2-4fac-8e2d-2d755ff1fec4",
      "resource": {
        "id": "3316937c-e7b2-4fac-8e2d-2d755ff1fec4",
        "meta": {
          "profile": [
            "http://standardhealthrecord.org/fhir/StructureDefinition/shr-actor-Organization"
          ]
        },
        "type": [
          {
            "coding": [
              {
                "system": "http://hl7.org/fhir/organization-type",
                "code": "prov",
                "display": "Healthcare Provider"
              }
            ],
            "text": "Healthcare Provider"
          }
        ],
        "name": "ST ANNE'S HOSPITAL PAIN MANAGMT CTR",
        "resourceType": "Organization"
      }
    },
    {
      "fullUrl": "urn:uuid:0f28caa8-5a7b-4982-8c13-516737b9228d",
      "resource": {
        "id": "0f28caa8-5a7b-4982-8c13-516737b9228d",
        "meta": {
          "profile": [
            "http://standardhealthrecord.org/fhir/StructureDefinition/shr-demographics-PersonOfRecord"
          ]
        },
        "text": {
          "status": "generated",
          "div": "<div xmlns=\"http://www.w3.org/1999/xhtml\">Generated by <a href=\"https://github.com/synthetichealth/synthea\">Synthea</a>. Version identifier: 368ac389f34cd3ce3986aa3a0a08e467bf574db3</div>"
        },
        "extension": [
          {
            "url": "http://hl7.org/fhir/us/core/StructureDefinition/us-core-race",
            "valueCodeableConcept": {
              "coding": [
                {
                  "system": "http://hl7.org/fhir/v3/Race",
                  "code": "2106-3",
                  "display": "White"
                }
              ],
              "text": "race"
            }
          },
          {
            "url": "http://hl7.org/fhir/us/core/StructureDefinition/us-core-ethnicity",
            "valueCodeableConcept": {
              "coding": [
                {
                  "system": "http://hl7.org/fhir/v3/Ethnicity",
                  "code": "2186-5",
                  "display": "Nonhispanic"
                }
              ],
              "text": "ethnicity"
            }
          },
          {
            "url": "http://hl7.org/fhir/StructureDefinition/birthPlace",
            "valueAddress": {
              "city": "Lawrence",
              "state": "MA",
              "country": "US"
            }
          },
          {
            "url": "http://hl7.org/fhir/StructureDefinition/patient-mothersMaidenName",
            "valueString": "Wendie548 Watsica975"
          },
          {
            "url": "http://hl7.org/fhir/us/core/StructureDefinition/us-core-birthsex",
            "valueCode": "F"
          },
          {
            "url": "http://hl7.org/fhir/StructureDefinition/patient-interpreterRequired",
            "valueBoolean": false
          },
          {
            "url": "http://standardhealthrecord.org/fhir/StructureDefinition/shr-actor-FictionalPerson-extension",
            "valueBoolean": true
          },
          {
            "url": "http://standardhealthrecord.org/fhir/StructureDefinition/shr-demographics-FathersName-extension",
            "valueHumanName": {
              "text": "Marshall405 Robel978"
            }
          },
          {
            "url": "http://standardhealthrecord.org/fhir/StructureDefinition/shr-demographics-SocialSecurityNumber-extension",
            "valueString": "999-74-1116"
          }
        ],
        "identifier": [
          {
            "system": "https://github.com/synthetichealth/synthea",
            "value": "59f663a1-bdae-4a1b-9afc-08196dfa3ba9"
          },
          {
            "type": {
              "coding": [
                {
                  "system": "http://hl7.org/fhir/identifier-type",
                  "code": "SB"
                }
              ]
            },
            "system": "http://hl7.org/fhir/sid/us-ssn",
            "value": "999741116"
          },
          {
            "type": {
              "coding": [
                {
                  "system": "http://hl7.org/fhir/v2/0203",
                  "code": "DL"
                }
              ]
            },
            "system": "urn:oid:2.16.840.1.113883.4.3.25",
            "value": "S99919196"
          },
          {
            "type": {
              "coding": [
                {
                  "system": "http://hl7.org/fhir/v2/0203",
                  "code": "MR"
                }
              ]
            },
            "system": "http://hospital.smarthealthit.org",
            "value": "59f663a1-bdae-4a1b-9afc-08196dfa3ba9"
          }
        ],
        "name": [
          {
            "use": "official",
            "family": "Barrows624",
            "given": [
              "Margart993"
            ],
            "prefix": [
              "Mrs."
            ]
          },
          {
            "use": "maiden",
            "family": "Robel978",
            "given": [
              "Margart993"
            ]
          }
        ],
        "telecom": [
          {
            "system": "phone",
            "value": "1-892-091-9420 x41277",
            "use": "home"
          }
        ],
        "gender": "female",
        "birthDate": "1944-01-01",
        "deceasedDateTime": "2002-07-02T21:10:16-04:00",
        "address": [
          {
            "extension": [
              {
                "extension": [
                  {
                    "url": "latitude",
                    "valueDecimal": 41.79961504105231
                  },
                  {
                    "url": "longitude",
                    "valueDecimal": -71.31746482522074
                  }
                ],
                "url": "http://hl7.org/fhir/StructureDefinition/geolocation"
              }
            ],
            "line": [
              "14038 Roberta Valleys"
            ],
            "city": "Seekonk",
            "state": "MA",
            "postalCode": "02771",
            "country": "US"
          }
        ],
        "maritalStatus": {
          "coding": [
            {
              "system": "http://hl7.org/fhir/v3/MaritalStatus",
              "code": "M"
            }
          ],
          "text": "M"
        },
        "multipleBirthBoolean": false,
        "communication": [
          {
            "language": {
              "coding": [
                {
                  "system": "http://hl7.org/fhir/ValueSet/languages",
                  "code": "en-US",
                  "display": "English (United States)"
                }
              ]
            }
          }
        ],
        "generalPractitioner": [
          {
            "reference": "urn:uuid:3316937c-e7b2-4fac-8e2d-2d755ff1fec4"
          }
        ],
        "resourceType": "Patient"
      }
    },
    {
      "fullUrl": "urn:uuid:69fd3c00-ca4c-4c7d-8ff8-66fcccd1c5e6",
      "resource": {
        "id": "69fd3c00-ca4c-4c7d-8ff8-66fcccd1c5e6",
        "meta": {
          "profile": [
            "http://standardhealthrecord.org/fhir/StructureDefinition/shr-encounter-Encounter"
          ]
        },
        "status": "finished",
        "class": {
          "code": "ambulatory"
        },
        "type": [
          {
            "coding": [
              {
                "system": "http://snomed.info/sct",
                "code": "308646001"
              }
            ],
            "text": "Death Certification"
          }
        ],
        "subject": {
          "reference": "urn:uuid:0f28caa8-5a7b-4982-8c13-516737b9228d"
        },
        "period": {
          "start": "2002-07-02T21:10:16-04:00",
          "end": "2002-07-02T21:25:16-04:00"
        },
        "serviceProvider": {
          "reference": "urn:uuid:3316937c-e7b2-4fac-8e2d-2d755ff1fec4"
        },
        "resourceType": "Encounter"
      }
    },
    {
      "fullUrl": "urn:uuid:b5762bf4-e45a-4560-b046-491b9dd5f4cf",
      "resource": {
        "id": "b5762bf4-e45a-4560-b046-491b9dd5f4cf",
        "status": "active",
        "use": "complete",
        "patient": {
          "reference": "urn:uuid:0f28caa8-5a7b-4982-8c13-516737b9228d"
        },
        "billablePeriod": {
          "start": "2002-07-02T21:10:16-04:00",
          "end": "2002-07-02T21:25:16-04:00"
        },
        "organization": {
          "reference": {
            "reference": "urn:uuid:3316937c-e7b2-4fac-8e2d-2d755ff1fec4"
          }
        },
        "diagnosis": [
          {
            "sequence": 1,
            "diagnosisReference": {
              "reference": "urn:uuid:9e49f531-fa8c-4f2e-8569-fff3b0f48407"
            }
          },
          {
            "sequence": 2,
            "diagnosisReference": {
              "reference": "urn:uuid:7f2f9790-c40e-4dcd-9d34-17f531abcad1"
            }
          },
          {
            "sequence": 3,
            "diagnosisReference": {
              "reference": "urn:uuid:b07f6e7e-ddca-4bad-aee3-989cfe701d10"
            }
          },
          {
            "sequence": 4,
            "diagnosisReference": {
              "reference": "urn:uuid:c47346cb-9372-4465-a66e-fb0fdfb15add"
            }
          },
          {
            "sequence": 5,
            "diagnosisReference": {
              "reference": "urn:uuid:eada9918-88ce-48e0-b20b-ca0ee65eab68"
            }
          },
          {
            "sequence": 6,
            "diagnosisReference": {
              "reference": "urn:uuid:3095732a-7b01-455c-a9fa-04dc815a9de8"
            }
          }
        ],
        "item": [
          {
            "sequence": 1,
            "net": {
              "value": 125.0,
              "system": "urn:iso:std:iso:4217",
              "code": "USD"
            },
            "encounter": [
              {
                "reference": {
                  "fullUrl": "urn:uuid:69fd3c00-ca4c-4c7d-8ff8-66fcccd1c5e6",
                  "resource": {
                    "id": "69fd3c00-ca4c-4c7d-8ff8-66fcccd1c5e6",
                    "meta": {
                      "profile": [
                        "http://standardhealthrecord.org/fhir/StructureDefinition/shr-encounter-Encounter"
                      ]
                    },
                    "status": "finished",
                    "class": {
                      "code": "ambulatory"
                    },
                    "type": [
                      {
                        "coding": [
                          {
                            "system": "http://snomed.info/sct",
                            "code": "308646001"
                          }
                        ],
                        "text": "Death Certification"
                      }
                    ],
                    "subject": {
                      "reference": "urn:uuid:0f28caa8-5a7b-4982-8c13-516737b9228d"
                    },
                    "period": {
                      "start": "2002-07-02T21:10:16-04:00",
                      "end": "2002-07-02T21:25:16-04:00"
                    },
                    "serviceProvider": {
                      "reference": "urn:uuid:3316937c-e7b2-4fac-8e2d-2d755ff1fec4"
                    },
                    "resourceType": "Encounter"
                  }
                }
              }
            ]
          },
          {
            "sequence": 2,
            "diagnosisLinkId": [
              1
            ],
            "net": {
              "value": 0.0,
              "system": "urn:iso:std:iso:4217",
              "code": "USD"
            }
          },
          {
            "sequence": 3,
            "diagnosisLinkId": [
              2
            ],
            "net": {
              "value": 0.0,
              "system": "urn:iso:std:iso:4217",
              "code": "USD"
            }
          },
          {
            "sequence": 4,
            "diagnosisLinkId": [
              3
            ],
            "net": {
              "value": 0.0,
              "system": "urn:iso:std:iso:4217",
              "code": "USD"
            }
          },
          {
            "sequence": 5,
            "diagnosisLinkId": [
              4
            ],
            "net": {
              "value": 0.0,
              "system": "urn:iso:std:iso:4217",
              "code": "USD"
            }
          },
          {
            "sequence": 6,
            "diagnosisLinkId": [
              5
            ],
            "net": {
              "value": 0.0,
              "system": "urn:iso:std:iso:4217",
              "code": "USD"
            }
          },
          {
            "sequence": 7,
            "diagnosisLinkId": [
              6
            ],
            "net": {
              "value": 0.0,
              "system": "urn:iso:std:iso:4217",
              "code": "USD"
            }
          }
        ],
        "total": {
          "value": 125.0,
          "system": "urn:iso:std:iso:4217",
          "code": "USD"
        },
        "resourceType": "Claim"
      }
    },
    {
      "fullUrl": "urn:uuid:9e49f531-fa8c-4f2e-8569-fff3b0f48407",
      "resource": {
        "id": "9e49f531-fa8c-4f2e-8569-fff3b0f48407",
        "meta": {
          "profile": [
            "http://standardhealthrecord.org/fhir/StructureDefinition/shr-problem-Problem"
          ]
        },
        "clinicalStatus": "active",
        "verificationStatus": "confirmed",
        "code": {
          "coding": [
            {
              "system": "http://snomed.info/sct",
              "code": "38341003",
              "display": "Hypertension"
            }
          ],
          "text": "Hypertension"
        },
        "subject": {
          "reference": "urn:uuid:0f28caa8-5a7b-4982-8c13-516737b9228d"
        },
        "context": {
          "reference": "urn:uuid:69fd3c00-ca4c-4c7d-8ff8-66fcccd1c5e6"
        },
        "onsetDateTime": "1962-09-14T09:30:46-04:00",
        "assertedDate": "1962-09-14",
        "resourceType": "Condition"
      }
    },
    {
      "fullUrl": "urn:uuid:7f2f9790-c40e-4dcd-9d34-17f531abcad1",
      "resource": {
        "id": "7f2f9790-c40e-4dcd-9d34-17f531abcad1",
        "meta": {
          "profile": [
            "http://standardhealthrecord.org/fhir/StructureDefinition/shr-problem-Problem"
          ]
        },
        "clinicalStatus": "active",
        "verificationStatus": "confirmed",
        "code": {
          "coding": [
            {
              "system": "http://snomed.info/sct",
              "code": "15777000",
              "display": "Prediabetes"
            }
          ],
          "text": "Prediabetes"
        },
        "subject": {
          "reference": "urn:uuid:0f28caa8-5a7b-4982-8c13-516737b9228d"
        },
        "context": {
          "reference": "urn:uuid:69fd3c00-ca4c-4c7d-8ff8-66fcccd1c5e6"
        },
        "onsetDateTime": "1982-01-17T11:26:23-05:00",
        "assertedDate": "1982-01-17",
        "resourceType": "Condition"
      }
    },
    {
      "fullUrl": "urn:uuid:b07f6e7e-ddca-4bad-aee3-989cfe701d10",
      "resource": {
        "id": "b07f6e7e-ddca-4bad-aee3-989cfe701d10",
        "meta": {
          "profile": [
            "http://standardhealthrecord.org/fhir/StructureDefinition/shr-problem-Problem"
          ]
        },
        "clinicalStatus": "active",
        "verificationStatus": "confirmed",
        "code": {
          "coding": [
            {
              "system": "http://snomed.info/sct",
              "code": "74400008",
              "display": "Appendicitis"
            }
          ],
          "text": "Appendicitis"
        },
        "subject": {
          "reference": "urn:uuid:0f28caa8-5a7b-4982-8c13-516737b9228d"
        },
        "context": {
          "reference": "urn:uuid:69fd3c00-ca4c-4c7d-8ff8-66fcccd1c5e6"
        },
        "onsetDateTime": "1987-09-16T06:44:19-04:00",
        "assertedDate": "1987-09-16",
        "resourceType": "Condition"
      }
    },
    {
      "fullUrl": "urn:uuid:c47346cb-9372-4465-a66e-fb0fdfb15add",
      "resource": {
        "id": "c47346cb-9372-4465-a66e-fb0fdfb15add",
        "meta": {
          "profile": [
            "http://standardhealthrecord.org/fhir/StructureDefinition/shr-problem-Problem"
          ]
        },
        "clinicalStatus": "active",
        "verificationStatus": "confirmed",
        "code": {
          "coding": [
            {
              "system": "http://snomed.info/sct",
              "code": "47693006",
              "display": "Rupture of appendix"
            }
          ],
          "text": "Rupture of appendix"
        },
        "subject": {
          "reference": "urn:uuid:0f28caa8-5a7b-4982-8c13-516737b9228d"
        },
        "context": {
          "reference": "urn:uuid:69fd3c00-ca4c-4c7d-8ff8-66fcccd1c5e6"
        },
        "onsetDateTime": "1987-09-16T06:44:19-04:00",
        "assertedDate": "1987-09-16",
        "resourceType": "Condition"
      }
    },
    {
      "fullUrl": "urn:uuid:eada9918-88ce-48e0-b20b-ca0ee65eab68",
      "resource": {
        "id": "eada9918-88ce-48e0-b20b-ca0ee65eab68",
        "meta": {
          "profile": [
            "http://standardhealthrecord.org/fhir/StructureDefinition/shr-problem-Problem"
          ]
        },
        "clinicalStatus": "active",
        "verificationStatus": "confirmed",
        "code": {
          "coding": [
            {
              "system": "http://snomed.info/sct",
              "code": "428251008",
              "display": "History of appendectomy"
            }
          ],
          "text": "History of appendectomy"
        },
        "subject": {
          "reference": "urn:uuid:0f28caa8-5a7b-4982-8c13-516737b9228d"
        },
        "context": {
          "reference": "urn:uuid:69fd3c00-ca4c-4c7d-8ff8-66fcccd1c5e6"
        },
        "onsetDateTime": "1987-09-16T06:44:19-04:00",
        "assertedDate": "1987-09-16",
        "resourceType": "Condition"
      }
    },
    {
      "fullUrl": "urn:uuid:3095732a-7b01-455c-a9fa-04dc815a9de8",
      "resource": {
        "id": "3095732a-7b01-455c-a9fa-04dc815a9de8",
        "meta": {
          "profile": [
            "http://standardhealthrecord.org/fhir/StructureDefinition/shr-problem-Problem"
          ]
        },
        "clinicalStatus": "active",
        "verificationStatus": "confirmed",
        "code": {
          "coding": [
            {
              "system": "http://snomed.info/sct",
              "code": "87433001",
              "display": "Pulmonary emphysema (disorder)"
            }
          ],
          "text": "Pulmonary emphysema (disorder)"
        },
        "subject": {
          "reference": "urn:uuid:0f28caa8-5a7b-4982-8c13-516737b9228d"
        },
        "context": {
          "reference": "urn:uuid:69fd3c00-ca4c-4c7d-8ff8-66fcccd1c5e6"
        },
        "onsetDateTime": "1995-04-06T05:44:05-04:00",
        "assertedDate": "1995-04-06",
        "resourceType": "Condition"
      }
    },
    {
      "fullUrl": "urn:uuid:3f0cb598-c5f6-44b5-b2d2-96266b5d9c79",
      "resource": {
        "id": "3f0cb598-c5f6-44b5-b2d2-96266b5d9c79",
        "meta": {
          "profile": [
            "http://standardhealthrecord.org/fhir/StructureDefinition/shr-observation-Observation"
          ]
        },
        "status": "final",
        "category": [
          {
            "coding": [
              {
                "system": "http://hl7.org/fhir/observation-category"
              }
            ]
          }
        ],
        "code": {
          "coding": [
            {
              "system": "http://loinc.org",
              "code": "69453-9",
              "display": "Cause of Death [US Standard Certificate of Death]"
            }
          ],
          "text": "Cause of Death [US Standard Certificate of Death]"
        },
        "subject": {
          "reference": "urn:uuid:0f28caa8-5a7b-4982-8c13-516737b9228d"
        },
        "context": {
          "reference": "urn:uuid:69fd3c00-ca4c-4c7d-8ff8-66fcccd1c5e6"
        },
        "effectiveDateTime": "2002-07-02T21:10:16-04:00",
        "issued": "2002-07-02T21:10:16-04:00",
        "valueCodeableConcept": {
          "coding": [
            {
              "system": "http://snomed.info/sct",
              "code": "87433001",
              "display": "Pulmonary emphysema (disorder)"
            }
          ],
          "text": "Pulmonary emphysema (disorder)"
        },
        "resourceType": "Observation"
      }
    },
    {
      "fullUrl": "urn:uuid:6d82c5b2-2506-41a3-bf8b-a49171a03e9b",
      "resource": {
        "id": "6d82c5b2-2506-41a3-bf8b-a49171a03e9b",
        "meta": {
          "profile": [
            "http://standardhealthrecord.org/fhir/StructureDefinition/shr-observation-Panel"
          ]
        },
        "status": "final",
        "code": {
          "coding": [
            {
              "system": "http://loinc.org",
              "code": "69409-1",
              "display": "U.S. standard certificate of death - 2003 revision"
            }
          ]
        },
        "subject": {
          "reference": "urn:uuid:0f28caa8-5a7b-4982-8c13-516737b9228d"
        },
        "context": {
          "reference": "urn:uuid:69fd3c00-ca4c-4c7d-8ff8-66fcccd1c5e6"
        },
        "effectiveDateTime": "2002-07-02T21:10:16-04:00",
        "issued": "2002-07-02T21:10:16-04:00",
        "result": [
          {
            "reference": "urn:uuid:3f0cb598-c5f6-44b5-b2d2-96266b5d9c79",
            "display": "Cause of Death [US Standard Certificate of Death]"
          }
        ],
        "resourceType": "DiagnosticReport"
      }
    },
    {
      "fullUrl": "urn:uuid:d709988d-ed0b-4fd2-a698-6cf170c33f2e",
      "resource": {
        "id": "d709988d-ed0b-4fd2-a698-6cf170c33f2e",
        "status": "in-progress",
        "description": {
          "text": "Hemoglobin A1c total in Blood < 7.0"
        },
        "addresses": [
          {
            "reference": "urn:uuid:7f2f9790-c40e-4dcd-9d34-17f531abcad1"
          }
        ],
        "resourceType": "Goal"
      }
    },
    {
      "fullUrl": "urn:uuid:dced28b1-901e-4099-bd98-2614d407cc45",
      "resource": {
        "id": "dced28b1-901e-4099-bd98-2614d407cc45",
        "status": "in-progress",
        "description": {
          "text": "Glucose [Mass/volume] in Blood < 108"
        },
        "addresses": [
          {
            "reference": "urn:uuid:7f2f9790-c40e-4dcd-9d34-17f531abcad1"
          }
        ],
        "resourceType": "Goal"
      }
    },
    {
      "fullUrl": "urn:uuid:ed10f78b-0835-4a34-9255-b6b4f550e15c",
      "resource": {
        "id": "ed10f78b-0835-4a34-9255-b6b4f550e15c",
        "status": "in-progress",
        "description": {
          "text": "Maintain blood pressure below 140/90 mmHg"
        },
        "addresses": [
          {
            "reference": "urn:uuid:7f2f9790-c40e-4dcd-9d34-17f531abcad1"
          }
        ],
        "resourceType": "Goal"
      }
    },
    {
      "fullUrl": "urn:uuid:e6aed1c5-b389-408b-8796-0da0bd238f48",
      "resource": {
        "id": "e6aed1c5-b389-408b-8796-0da0bd238f48",
        "status": "in-progress",
        "description": {
          "text": "Improve and maintenance of optimal foot health: aim at early detection of peripheral vascular problems and neuropathy presumed due to diabetes; and prevention of diabetic foot ulcer, gangrene"
        },
        "addresses": [
          {
            "reference": "urn:uuid:7f2f9790-c40e-4dcd-9d34-17f531abcad1"
          }
        ],
        "resourceType": "Goal"
      }
    },
    {
      "fullUrl": "urn:uuid:e37f9d89-71c1-4095-a930-f2b38ce54b13",
      "resource": {
        "id": "e37f9d89-71c1-4095-a930-f2b38ce54b13",
        "status": "in-progress",
        "description": {
          "text": "Address patient knowledge deficit on diabetic self-care"
        },
        "addresses": [
          {
            "reference": "urn:uuid:7f2f9790-c40e-4dcd-9d34-17f531abcad1"
          }
        ],
        "resourceType": "Goal"
      }
    },
    {
      "resource": {
        "status": "active",
        "intent": "order",
        "category": [
          {
            "coding": [
              {
                "system": "http://snomed.info/sct",
                "code": "698360004",
                "display": "Diabetes self management plan"
              }
            ]
          }
        ],
        "subject": {
          "reference": "urn:uuid:0f28caa8-5a7b-4982-8c13-516737b9228d"
        },
        "context": {
          "reference": "urn:uuid:69fd3c00-ca4c-4c7d-8ff8-66fcccd1c5e6"
        },
        "period": {
          "start": "1982-01-17"
        },
        "addresses": [
          {
            "reference": "urn:uuid:7f2f9790-c40e-4dcd-9d34-17f531abcad1"
          }
        ],
        "goal": [
          {
            "reference": "urn:uuid:d709988d-ed0b-4fd2-a698-6cf170c33f2e"
          },
          {
            "reference": "urn:uuid:dced28b1-901e-4099-bd98-2614d407cc45"
          },
          {
            "reference": "urn:uuid:ed10f78b-0835-4a34-9255-b6b4f550e15c"
          },
          {
            "reference": "urn:uuid:e6aed1c5-b389-408b-8796-0da0bd238f48"
          },
          {
            "reference": "urn:uuid:e37f9d89-71c1-4095-a930-f2b38ce54b13"
          }
        ],
        "activity": [
          {
            "detail": {
              "code": {
                "coding": [
                  {
                    "system": "http://snomed.info/sct",
                    "code": "160670007",
                    "display": "Diabetic diet"
                  }
                ]
              },
              "status": "in-progress"
            }
          },
          {
            "detail": {
              "code": {
                "coding": [
                  {
                    "system": "http://snomed.info/sct",
                    "code": "229065009",
                    "display": "Exercise therapy"
                  }
                ]
              },
              "status": "in-progress"
            }
          }
        ],
        "resourceType": "CarePlan"
      }
    },
    {
      "resource": {
        "status": "active",
        "intent": "order",
        "category": [
          {
            "coding": [
              {
                "system": "http://snomed.info/sct",
                "code": "412776001",
                "display": "Chronic obstructive pulmonary disease clinical management plan"
              }
            ]
          }
        ],
        "subject": {
          "reference": "urn:uuid:0f28caa8-5a7b-4982-8c13-516737b9228d"
        },
        "context": {
          "reference": "urn:uuid:69fd3c00-ca4c-4c7d-8ff8-66fcccd1c5e6"
        },
        "period": {
          "start": "1995-04-06"
        },
        "addresses": [
          {
            "reference": "urn:uuid:3095732a-7b01-455c-a9fa-04dc815a9de8"
          }
        ],
        "activity": [
          {
            "detail": {
              "code": {
                "coding": [
                  {
                    "system": "http://snomed.info/sct",
                    "code": "710081004",
                    "display": "Smoking cessation therapy"
                  }
                ]
              },
              "status": "in-progress"
            }
          },
          {
            "detail": {
              "code": {
                "coding": [
                  {
                    "system": "http://snomed.info/sct",
                    "code": "426990007",
                    "display": "Home oxygen therapy (procedure)"
                  }
                ]
              },
              "status": "in-progress"
            }
          }
        ],
        "resourceType": "CarePlan"
      }
    },
    {
      "fullUrl": "urn:uuid:439002e4-7453-4b34-a3fd-541916cb6875",
      "resource": {
        "id": "439002e4-7453-4b34-a3fd-541916cb6875",
        "meta": {
          "profile": [
            "http://standardhealthrecord.org/fhir/StructureDefinition/shr-medication-MedicationPrescription"
          ]
        },
        "extension": [
          {
            "url": "http://standardhealthrecord.org/fhir/StructureDefinition/shr-base-ActionCode-extension",
            "valueCodeableConcept": {
              "coding": [
                {
                  "system": "http://snomed.info/sct",
                  "code": "33633005",
                  "display": "Prescription of drug (procedure)"
                }
              ],
              "text": "Prescription of drug (procedure)"
            }
          }
        ],
        "status": "active",
        "intent": "order",
        "medicationCodeableConcept": {
          "coding": [
            {
              "system": "http://www.nlm.nih.gov/research/umls/rxnorm",
              "code": "896188",
              "display": "Fluticasone propionate 0.25 MG/ACTUAT / salmeterol 0.05 MG/ACTUAT [Advair]"
            }
          ],
          "text": "Fluticasone propionate 0.25 MG/ACTUAT / salmeterol 0.05 MG/ACTUAT [Advair]"
        },
        "subject": {
          "reference": "urn:uuid:0f28caa8-5a7b-4982-8c13-516737b9228d"
        },
        "context": {
          "reference": "urn:uuid:69fd3c00-ca4c-4c7d-8ff8-66fcccd1c5e6"
        },
        "authoredOn": "1995-06-24",
        "reasonReference": [
          {
            "reference": "urn:uuid:3095732a-7b01-455c-a9fa-04dc815a9de8"
          }
        ],
        "resourceType": "MedicationRequest"
      }
    },
    {
      "fullUrl": "urn:uuid:4d0d0f29-7f0c-40ea-ac1b-91afbfe1e945",
      "resource": {
        "id": "4d0d0f29-7f0c-40ea-ac1b-91afbfe1e945",
        "status": "active",
        "use": "complete",
        "patient": {
          "reference": "urn:uuid:0f28caa8-5a7b-4982-8c13-516737b9228d"
        },
        "billablePeriod": {
          "start": "2002-07-02T21:10:16-04:00",
          "end": "2002-07-02T21:25:16-04:00"
        },
        "organization": {
          "reference": {
            "reference": "urn:uuid:3316937c-e7b2-4fac-8e2d-2d755ff1fec4"
          }
        },
        "prescription": {
          "reference": "urn:uuid:439002e4-7453-4b34-a3fd-541916cb6875"
        },
        "item": [
          {
            "sequence": 1,
            "net": {
              "value": 125.0,
              "system": "urn:iso:std:iso:4217",
              "code": "USD"
            },
            "encounter": [
              {
                "reference": {
                  "fullUrl": "urn:uuid:69fd3c00-ca4c-4c7d-8ff8-66fcccd1c5e6",
                  "resource": {
                    "id": "69fd3c00-ca4c-4c7d-8ff8-66fcccd1c5e6",
                    "meta": {
                      "profile": [
                        "http://standardhealthrecord.org/fhir/StructureDefinition/shr-encounter-Encounter"
                      ]
                    },
                    "status": "finished",
                    "class": {
                      "code": "ambulatory"
                    },
                    "type": [
                      {
                        "coding": [
                          {
                            "system": "http://snomed.info/sct",
                            "code": "308646001"
                          }
                        ],
                        "text": "Death Certification"
                      }
                    ],
                    "subject": {
                      "reference": "urn:uuid:0f28caa8-5a7b-4982-8c13-516737b9228d"
                    },
                    "period": {
                      "start": "2002-07-02T21:10:16-04:00",
                      "end": "2002-07-02T21:25:16-04:00"
                    },
                    "serviceProvider": {
                      "reference": "urn:uuid:3316937c-e7b2-4fac-8e2d-2d755ff1fec4"
                    },
                    "resourceType": "Encounter"
                  }
                }
              }
            ]
          },
          {
            "sequence": 1,
            "net": {
              "value": 255.0,
              "system": "urn:iso:std:iso:4217",
              "code": "USD"
            }
          }
        ],
        "total": {
          "value": 255.0,
          "system": "urn:iso:std:iso:4217",
          "code": "USD"
        },
        "resourceType": "Claim"
      }
    },
    {
      "fullUrl": "urn:uuid:6333a78f-8735-4e7f-91d2-c975eca3fade",
      "resource": {
        "id": "6333a78f-8735-4e7f-91d2-c975eca3fade",
        "meta": {
          "profile": [
            "http://standardhealthrecord.org/fhir/StructureDefinition/shr-observation-Observation"
          ]
        },
        "status": "final",
        "category": [
          {
            "coding": [
              {
                "system": "http://hl7.org/fhir/observation-category",
                "code": "survey"
              }
            ]
          }
        ],
        "code": {
          "coding": [
            {
              "system": "http://snomed.info/sct",
              "code": "273724008",
              "display": "Quality adjusted life years"
            }
          ],
          "text": "Quality adjusted life years"
        },
        "subject": {
          "reference": "urn:uuid:0f28caa8-5a7b-4982-8c13-516737b9228d"
        },
        "effectiveDateTime": "2017-10-31T16:09:28-04:00",
        "issued": "2017-10-31T16:09:28-04:00",
        "valueQuantity": {
          "value": 51.88323092403205,
          "unit": "years",
          "system": "http://unitsofmeasure.org/",
          "code": "years"
        },
        "resourceType": "Observation"
      }
    },
    {
      "fullUrl": "urn:uuid:b2d8bbd9-91dd-4e46-8348-8ceaf34e6aad",
      "resource": {
        "id": "b2d8bbd9-91dd-4e46-8348-8ceaf34e6aad",
        "meta": {
          "profile": [
            "http://standardhealthrecord.org/fhir/StructureDefinition/shr-observation-Observation"
          ]
        },
        "status": "final",
        "category": [
          {
            "coding": [
              {
                "system": "http://hl7.org/fhir/observation-category",
                "code": "survey"
              }
            ]
          }
        ],
        "code": {
          "coding": [
            {
              "system": "http://snomed.info/sct",
              "code": "273421001",
              "display": "Disability rating scale"
            }
          ],
          "text": "Disability rating scale"
        },
        "subject": {
          "reference": "urn:uuid:0f28caa8-5a7b-4982-8c13-516737b9228d"
        },
        "effectiveDateTime": "2017-10-31T16:09:28-04:00",
        "issued": "2017-10-31T16:09:28-04:00",
        "valueQuantity": {
          "value": 36.50628907596795,
          "unit": "years",
          "system": "http://unitsofmeasure.org/",
          "code": "years"
        },
        "resourceType": "Observation"
      }
    }
  ],
  "resourceType": "Bundle"
}