{
  "type": "collection",
  "entry": [
    {
      "fullUrl": "urn:uuid:f46e7f52-635c-4655-8a5a-4c70e3975e36",
      "resource": {
        "id": "f46e7f52-635c-4655-8a5a-4c70e3975e36",
        "meta": {
          "profile": [
            "http://standardhealthrecord.org/fhir/StructureDefinition/shr-actor-Organization"
          ]
        },
        "type": [
          {
            "coding": [
              {
                "system": "http://hl7.org/fhir/organization-type",
                "code": "prov",
                "display": "Healthcare Provider"
              }
            ],
            "text": "Healthcare Provider"
          }
        ],
        "name": "STURDY MEM HOSP HLTH CTR @ ATTLEBOR",
        "resourceType": "Organization"
      }
    },
    {
      "fullUrl": "urn:uuid:3c771758-a518-421e-ac81-983b70da51f2",
      "resource": {
        "id": "3c771758-a518-421e-ac81-983b70da51f2",
        "meta": {
          "profile": [
            "http://standardhealthrecord.org/fhir/StructureDefinition/shr-demographics-PersonOfRecord"
          ]
        },
        "text": {
          "status": "generated",
          "div": "<div xmlns=\"http://www.w3.org/1999/xhtml\">Generated by <a href=\"https://github.com/synthetichealth/synthea\">Synthea</a>. Version identifier: 368ac389f34cd3ce3986aa3a0a08e467bf574db3</div>"
        },
        "extension": [
          {
            "url": "http://hl7.org/fhir/us/core/StructureDefinition/us-core-race",
            "valueCodeableConcept": {
              "coding": [
                {
                  "system": "http://hl7.org/fhir/v3/Race",
                  "code": "2028-9",
                  "display": "Asian"
                }
              ],
              "text": "race"
            }
          },
          {
            "url": "http://hl7.org/fhir/us/core/StructureDefinition/us-core-ethnicity",
            "valueCodeableConcept": {
              "coding": [
                {
                  "system": "http://hl7.org/fhir/v3/Ethnicity",
                  "code": "2186-5",
                  "display": "Nonhispanic"
                }
              ],
              "text": "ethnicity"
            }
          },
          {
            "url": "http://hl7.org/fhir/StructureDefinition/birthPlace",
            "valueAddress": {
              "city": "Worcester",
              "state": "MA",
              "country": "US"
            }
          },
          {
            "url": "http://hl7.org/fhir/StructureDefinition/patient-mothersMaidenName",
            "valueString": "Kizzy394 Hintz843"
          },
          {
            "url": "http://hl7.org/fhir/us/core/StructureDefinition/us-core-birthsex",
            "valueCode": "M"
          },
          {
            "url": "http://hl7.org/fhir/StructureDefinition/patient-interpreterRequired",
            "valueBoolean": false
          },
          {
            "url": "http://standardhealthrecord.org/fhir/StructureDefinition/shr-actor-FictionalPerson-extension",
            "valueBoolean": true
          },
          {
            "url": "http://standardhealthrecord.org/fhir/StructureDefinition/shr-demographics-FathersName-extension",
            "valueHumanName": {
              "text": "Jerrod94 Barrows624"
            }
          },
          {
            "url": "http://standardhealthrecord.org/fhir/StructureDefinition/shr-demographics-SocialSecurityNumber-extension",
            "valueString": "999-25-1103"
          }
        ],
        "identifier": [
          {
            "system": "https://github.com/synthetichealth/synthea",
            "value": "e657ae1b-3c52-4848-b823-1a4bf06005b6"
          },
          {
            "type": {
              "coding": [
                {
                  "system": "http://hl7.org/fhir/identifier-type",
                  "code": "SB"
                }
              ]
            },
            "system": "http://hl7.org/fhir/sid/us-ssn",
            "value": "999251103"
          },
          {
            "type": {
              "coding": [
                {
                  "system": "http://hl7.org/fhir/v2/0203",
                  "code": "DL"
                }
              ]
            },
            "system": "urn:oid:2.16.840.1.113883.4.3.25",
            "value": "S99982785"
          },
          {
            "type": {
              "coding": [
                {
                  "system": "http://hl7.org/fhir/v2/0203",
                  "code": "PPN"
                }
              ]
            },
            "system": "http://standardhealthrecord.org/fhir/StructureDefinition/passportNumber",
            "value": "X64352363X"
          },
          {
            "type": {
              "coding": [
                {
                  "system": "http://hl7.org/fhir/v2/0203",
                  "code": "MR"
                }
              ]
            },
            "system": "http://hospital.smarthealthit.org",
            "value": "e657ae1b-3c52-4848-b823-1a4bf06005b6"
          }
        ],
        "name": [
          {
            "use": "official",
            "family": "Barrows624",
            "given": [
              "Kim254"
            ],
            "prefix": [
              "Mr."
            ]
          }
        ],
        "telecom": [
          {
            "system": "phone",
            "value": "408-254-7549 x24655",
            "use": "home"
          }
        ],
        "gender": "male",
        "birthDate": "1936-09-22",
        "deceasedDateTime": "1987-11-06T22:42:52-05:00",
        "address": [
          {
            "extension": [
              {
                "extension": [
                  {
                    "url": "latitude",
                    "valueDecimal": 41.91236470712459
                  },
                  {
                    "url": "longitude",
                    "valueDecimal": -71.30507068545452
                  }
                ],
                "url": "http://hl7.org/fhir/StructureDefinition/geolocation"
              }
            ],
            "line": [
              "646 McCullough Points",
              "Suite 161"
            ],
            "city": "Attleboro",
            "state": "MA",
            "postalCode": "02703",
            "country": "US"
          }
        ],
        "maritalStatus": {
          "coding": [
            {
              "system": "http://hl7.org/fhir/v3/MaritalStatus",
              "code": "S"
            }
          ],
          "text": "S"
        },
        "multipleBirthBoolean": false,
        "communication": [
          {
            "language": {
              "coding": [
                {
                  "system": "http://hl7.org/fhir/ValueSet/languages",
                  "code": "zh",
                  "display": "Chinese"
                }
              ]
            }
          }
        ],
        "generalPractitioner": [
          {
            "reference": "urn:uuid:f46e7f52-635c-4655-8a5a-4c70e3975e36"
          }
        ],
        "resourceType": "Patient"
      }
    },
    {
      "fullUrl": "urn:uuid:5398d479-aec0-4719-95a7-55a2e3e88ca5",
      "resource": {
        "id": "5398d479-aec0-4719-95a7-55a2e3e88ca5",
        "meta": {
          "profile": [
            "http://standardhealthrecord.org/fhir/StructureDefinition/shr-encounter-Encounter"
          ]
        },
        "status": "finished",
        "class": {
          "code": "ambulatory"
        },
        "type": [
          {
            "coding": [
              {
                "system": "http://snomed.info/sct",
                "code": "308646001"
              }
            ],
            "text": "Death Certification"
          }
        ],
        "subject": {
          "reference": "urn:uuid:3c771758-a518-421e-ac81-983b70da51f2"
        },
        "period": {
          "start": "1987-11-06T22:42:52-05:00",
          "end": "1987-11-06T22:57:52-05:00"
        },
        "serviceProvider": {
          "reference": "urn:uuid:f46e7f52-635c-4655-8a5a-4c70e3975e36"
        },
        "resourceType": "Encounter"
      }
    },
    {
      "fullUrl": "urn:uuid:fbc813bf-3097-430d-92fd-03b0d3ba0b71",
      "resource": {
        "id": "fbc813bf-3097-430d-92fd-03b0d3ba0b71",
        "status": "active",
        "use": "complete",
        "patient": {
          "reference": "urn:uuid:3c771758-a518-421e-ac81-983b70da51f2"
        },
        "billablePeriod": {
          "start": "1987-11-06T22:42:52-05:00",
          "end": "1987-11-06T22:57:52-05:00"
        },
        "organization": {
          "reference": {
            "reference": "urn:uuid:f46e7f52-635c-4655-8a5a-4c70e3975e36"
          }
        },
        "diagnosis": [
          {
            "sequence": 1,
            "diagnosisReference": {
              "reference": "urn:uuid:55c494ba-7240-4fbf-9c11-7ad46715387a"
            }
          },
          {
            "sequence": 2,
            "diagnosisReference": {
              "reference": "urn:uuid:be68c66b-ba8b-43d7-a50d-703082ad60fe"
            }
          },
          {
            "sequence": 3,
            "diagnosisReference": {
              "reference": "urn:uuid:63c72aad-2161-4f33-b623-6798ab4e1a4b"
            }
          },
          {
            "sequence": 4,
            "diagnosisReference": {
              "reference": "urn:uuid:83def3ec-0c3f-4336-8bc0-8eec13f87dff"
            }
          }
        ],
        "item": [
          {
            "sequence": 1,
            "net": {
              "value": 125.0,
              "system": "urn:iso:std:iso:4217",
              "code": "USD"
            },
            "encounter": [
              {
                "reference": {
                  "fullUrl": "urn:uuid:5398d479-aec0-4719-95a7-55a2e3e88ca5",
                  "resource": {
                    "id": "5398d479-aec0-4719-95a7-55a2e3e88ca5",
                    "meta": {
                      "profile": [
                        "http://standardhealthrecord.org/fhir/StructureDefinition/shr-encounter-Encounter"
                      ]
                    },
                    "status": "finished",
                    "class": {
                      "code": "ambulatory"
                    },
                    "type": [
                      {
                        "coding": [
                          {
                            "system": "http://snomed.info/sct",
                            "code": "308646001"
                          }
                        ],
                        "text": "Death Certification"
                      }
                    ],
                    "subject": {
                      "reference": "urn:uuid:3c771758-a518-421e-ac81-983b70da51f2"
                    },
                    "period": {
                      "start": "1987-11-06T22:42:52-05:00",
                      "end": "1987-11-06T22:57:52-05:00"
                    },
                    "serviceProvider": {
                      "reference": "urn:uuid:f46e7f52-635c-4655-8a5a-4c70e3975e36"
                    },
                    "resourceType": "Encounter"
                  }
                }
              }
            ]
          },
          {
            "sequence": 2,
            "diagnosisLinkId": [
              1
            ],
            "net": {
              "value": 0.0,
              "system": "urn:iso:std:iso:4217",
              "code": "USD"
            }
          },
          {
            "sequence": 3,
            "diagnosisLinkId": [
              2
            ],
            "net": {
              "value": 0.0,
              "system": "urn:iso:std:iso:4217",
              "code": "USD"
            }
          },
          {
            "sequence": 4,
            "diagnosisLinkId": [
              3
            ],
            "net": {
              "value": 0.0,
              "system": "urn:iso:std:iso:4217",
              "code": "USD"
            }
          },
          {
            "sequence": 5,
            "diagnosisLinkId": [
              4
            ],
            "net": {
              "value": 0.0,
              "system": "urn:iso:std:iso:4217",
              "code": "USD"
            }
          }
        ],
        "total": {
          "value": 125.0,
          "system": "urn:iso:std:iso:4217",
          "code": "USD"
        },
        "resourceType": "Claim"
      }
    },
    {
      "fullUrl": "urn:uuid:55c494ba-7240-4fbf-9c11-7ad46715387a",
      "resource": {
        "id": "55c494ba-7240-4fbf-9c11-7ad46715387a",
        "meta": {
          "profile": [
            "http://standardhealthrecord.org/fhir/StructureDefinition/shr-problem-Problem"
          ]
        },
        "clinicalStatus": "active",
        "verificationStatus": "confirmed",
        "code": {
          "coding": [
            {
              "system": "http://snomed.info/sct",
              "code": "162573006",
              "display": "Suspected lung cancer (situation)"
            }
          ],
          "text": "Suspected lung cancer (situation)"
        },
        "subject": {
          "reference": "urn:uuid:3c771758-a518-421e-ac81-983b70da51f2"
        },
        "context": {
          "reference": "urn:uuid:5398d479-aec0-4719-95a7-55a2e3e88ca5"
        },
        "onsetDateTime": "1987-01-19T00:00:47-05:00",
        "assertedDate": "1987-01-19",
        "resourceType": "Condition"
      }
    },
    {
      "fullUrl": "urn:uuid:be68c66b-ba8b-43d7-a50d-703082ad60fe",
      "resource": {
        "id": "be68c66b-ba8b-43d7-a50d-703082ad60fe",
        "meta": {
          "profile": [
            "http://standardhealthrecord.org/fhir/StructureDefinition/shr-problem-Problem"
          ]
        },
        "clinicalStatus": "active",
        "verificationStatus": "confirmed",
        "code": {
          "coding": [
            {
              "system": "http://snomed.info/sct",
              "code": "254637007",
              "display": "Non-small cell lung cancer (disorder)"
            }
          ],
          "text": "Non-small cell lung cancer (disorder)"
        },
        "subject": {
          "reference": "urn:uuid:3c771758-a518-421e-ac81-983b70da51f2"
        },
        "context": {
          "reference": "urn:uuid:5398d479-aec0-4719-95a7-55a2e3e88ca5"
        },
        "onsetDateTime": "1987-01-31T19:05:36-05:00",
        "assertedDate": "1987-01-31",
        "resourceType": "Condition"
      }
    },
    {
      "fullUrl": "urn:uuid:63c72aad-2161-4f33-b623-6798ab4e1a4b",
      "resource": {
        "id": "63c72aad-2161-4f33-b623-6798ab4e1a4b",
        "meta": {
          "profile": [
            "http://standardhealthrecord.org/fhir/StructureDefinition/shr-problem-Problem"
          ]
        },
        "clinicalStatus": "active",
        "verificationStatus": "confirmed",
        "code": {
          "coding": [
            {
              "system": "http://snomed.info/sct",
              "code": "423121009",
              "display": "Non-small cell carcinoma of lung, TNM stage 4 (disorder)"
            }
          ],
          "text": "Non-small cell carcinoma of lung, TNM stage 4 (disorder)"
        },
        "subject": {
          "reference": "urn:uuid:3c771758-a518-421e-ac81-983b70da51f2"
        },
        "context": {
          "reference": "urn:uuid:5398d479-aec0-4719-95a7-55a2e3e88ca5"
        },
        "onsetDateTime": "1987-02-03T04:53:07-05:00",
        "assertedDate": "1987-02-03",
        "resourceType": "Condition"
      }
    },
    {
      "fullUrl": "urn:uuid:83def3ec-0c3f-4336-8bc0-8eec13f87dff",
      "resource": {
        "id": "83def3ec-0c3f-4336-8bc0-8eec13f87dff",
        "meta": {
          "profile": [
            "http://standardhealthrecord.org/fhir/StructureDefinition/shr-problem-Problem"
          ]
        },
        "clinicalStatus": "active",
        "verificationStatus": "confirmed",
        "code": {
          "coding": [
            {
              "system": "http://snomed.info/sct",
              "code": "40055000",
              "display": "Chronic sinusitis (disorder)"
            }
          ],
          "text": "Chronic sinusitis (disorder)"
        },
        "subject": {
          "reference": "urn:uuid:3c771758-a518-421e-ac81-983b70da51f2"
        },
        "context": {
          "reference": "urn:uuid:5398d479-aec0-4719-95a7-55a2e3e88ca5"
        },
        "onsetDateTime": "1987-04-10T14:45:36-04:00",
        "assertedDate": "1987-04-10",
        "resourceType": "Condition"
      }
    },
    {
      "fullUrl": "urn:uuid:57c0960b-998b-4585-a30b-8fa1ea389221",
      "resource": {
        "id": "57c0960b-998b-4585-a30b-8fa1ea389221",
        "meta": {
          "profile": [
            "http://standardhealthrecord.org/fhir/StructureDefinition/shr-observation-Observation"
          ]
        },
        "status": "final",
        "category": [
          {
            "coding": [
              {
                "system": "http://hl7.org/fhir/observation-category"
              }
            ]
          }
        ],
        "code": {
          "coding": [
            {
              "system": "http://loinc.org",
              "code": "69453-9",
              "display": "Cause of Death [US Standard Certificate of Death]"
            }
          ],
          "text": "Cause of Death [US Standard Certificate of Death]"
        },
        "subject": {
          "reference": "urn:uuid:3c771758-a518-421e-ac81-983b70da51f2"
        },
        "context": {
          "reference": "urn:uuid:5398d479-aec0-4719-95a7-55a2e3e88ca5"
        },
        "effectiveDateTime": "1987-11-06T22:42:52-05:00",
        "issued": "1987-11-06T22:42:52-05:00",
        "valueCodeableConcept": {
          "coding": [
            {
              "system": "http://snomed.info/sct",
              "code": "254637007",
              "display": "Non-small cell lung cancer (disorder)"
            }
          ],
          "text": "Non-small cell lung cancer (disorder)"
        },
        "resourceType": "Observation"
      }
    },
    {
      "fullUrl": "urn:uuid:faee1ecc-e8bf-4b7f-b4ec-6c9216420498",
      "resource": {
        "id": "faee1ecc-e8bf-4b7f-b4ec-6c9216420498",
        "meta": {
          "profile": [
            "http://standardhealthrecord.org/fhir/StructureDefinition/shr-observation-Panel"
          ]
        },
        "status": "final",
        "code": {
          "coding": [
            {
              "system": "http://loinc.org",
              "code": "69409-1",
              "display": "U.S. standard certificate of death - 2003 revision"
            }
          ]
        },
        "subject": {
          "reference": "urn:uuid:3c771758-a518-421e-ac81-983b70da51f2"
        },
        "context": {
          "reference": "urn:uuid:5398d479-aec0-4719-95a7-55a2e3e88ca5"
        },
        "effectiveDateTime": "1987-11-06T22:42:52-05:00",
        "issued": "1987-11-06T22:42:52-05:00",
        "result": [
          {
            "reference": "urn:uuid:57c0960b-998b-4585-a30b-8fa1ea389221",
            "display": "Cause of Death [US Standard Certificate of Death]"
          }
        ],
        "resourceType": "DiagnosticReport"
      }
    },
    {
      "resource": {
        "status": "active",
        "intent": "order",
        "category": [
          {
            "coding": [
              {
                "system": "http://snomed.info/sct",
                "code": "182964004",
                "display": "Terminal care"
              }
            ]
          }
        ],
        "subject": {
          "reference": "urn:uuid:3c771758-a518-421e-ac81-983b70da51f2"
        },
        "context": {
          "reference": "urn:uuid:5398d479-aec0-4719-95a7-55a2e3e88ca5"
        },
        "period": {
          "start": "1987-02-03"
        },
        "addresses": [
          {
            "reference": "urn:uuid:63c72aad-2161-4f33-b623-6798ab4e1a4b"
          }
        ],
        "activity": [
          {
            "detail": {
              "code": {
                "coding": [
                  {
                    "system": "http://snomed.info/sct",
                    "code": "133918004",
                    "display": "Comfort measures"
                  }
                ]
              },
              "status": "in-progress"
            }
          },
          {
            "detail": {
              "code": {
                "coding": [
                  {
                    "system": "http://snomed.info/sct",
                    "code": "408957008",
                    "display": "Chronic pain control management"
                  }
                ]
              },
              "status": "in-progress"
            }
          },
          {
            "detail": {
              "code": {
                "coding": [
                  {
                    "system": "http://snomed.info/sct",
                    "code": "243072006",
                    "display": "Cancer education"
                  }
                ]
              },
              "status": "in-progress"
            }
          }
        ],
        "resourceType": "CarePlan"
      }
    },
    {
      "fullUrl": "urn:uuid:251d68a0-f9ff-4562-ba8f-db50bdb2b55e",
      "resource": {
        "id": "251d68a0-f9ff-4562-ba8f-db50bdb2b55e",
        "meta": {
          "profile": [
            "http://standardhealthrecord.org/fhir/StructureDefinition/shr-medication-MedicationPrescription"
          ]
        },
        "extension": [
          {
            "url": "http://standardhealthrecord.org/fhir/StructureDefinition/shr-base-ActionCode-extension",
            "valueCodeableConcept": {
              "coding": [
                {
                  "system": "http://snomed.info/sct",
                  "code": "33633005",
                  "display": "Prescription of drug (procedure)"
                }
              ],
              "text": "Prescription of drug (procedure)"
            }
          }
        ],
        "status": "active",
        "intent": "order",
        "medicationCodeableConcept": {
          "coding": [
            {
              "system": "http://www.nlm.nih.gov/research/umls/rxnorm",
              "code": "834060",
              "display": "Penicillin V Potassium 250 MG"
            }
          ],
          "text": "Penicillin V Potassium 250 MG"
        },
        "subject": {
          "reference": "urn:uuid:3c771758-a518-421e-ac81-983b70da51f2"
        },
        "context": {
          "reference": "urn:uuid:5398d479-aec0-4719-95a7-55a2e3e88ca5"
        },
        "authoredOn": "1943-04-13",
        "resourceType": "MedicationRequest"
      }
    },
    {
      "fullUrl": "urn:uuid:89e210e8-7609-4114-8f5d-70c9a4170c8c",
      "resource": {
        "id": "89e210e8-7609-4114-8f5d-70c9a4170c8c",
        "status": "active",
        "use": "complete",
        "patient": {
          "reference": "urn:uuid:3c771758-a518-421e-ac81-983b70da51f2"
        },
        "billablePeriod": {
          "start": "1987-11-06T22:42:52-05:00",
          "end": "1987-11-06T22:57:52-05:00"
        },
        "organization": {
          "reference": {
            "reference": "urn:uuid:f46e7f52-635c-4655-8a5a-4c70e3975e36"
          }
        },
        "prescription": {
          "reference": "urn:uuid:251d68a0-f9ff-4562-ba8f-db50bdb2b55e"
        },
        "item": [
          {
            "sequence": 1,
            "net": {
              "value": 125.0,
              "system": "urn:iso:std:iso:4217",
              "code": "USD"
            },
            "encounter": [
              {
                "reference": {
                  "fullUrl": "urn:uuid:5398d479-aec0-4719-95a7-55a2e3e88ca5",
                  "resource": {
                    "id": "5398d479-aec0-4719-95a7-55a2e3e88ca5",
                    "meta": {
                      "profile": [
                        "http://standardhealthrecord.org/fhir/StructureDefinition/shr-encounter-Encounter"
                      ]
                    },
                    "status": "finished",
                    "class": {
                      "code": "ambulatory"
                    },
                    "type": [
                      {
                        "coding": [
                          {
                            "system": "http://snomed.info/sct",
                            "code": "308646001"
                          }
                        ],
                        "text": "Death Certification"
                      }
                    ],
                    "subject": {
                      "reference": "urn:uuid:3c771758-a518-421e-ac81-983b70da51f2"
                    },
                    "period": {
                      "start": "1987-11-06T22:42:52-05:00",
                      "end": "1987-11-06T22:57:52-05:00"
                    },
                    "serviceProvider": {
                      "reference": "urn:uuid:f46e7f52-635c-4655-8a5a-4c70e3975e36"
                    },
                    "resourceType": "Encounter"
                  }
                }
              }
            ]
          },
          {
            "sequence": 1,
            "net": {
              "value": 255.0,
              "system": "urn:iso:std:iso:4217",
              "code": "USD"
            }
          }
        ],
        "total": {
          "value": 255.0,
          "system": "urn:iso:std:iso:4217",
          "code": "USD"
        },
        "resourceType": "Claim"
      }
    },
    {
      "fullUrl": "urn:uuid:b7b8b6e5-0be0-4c25-bc42-edc3ee5effa2",
      "resource": {
        "id": "b7b8b6e5-0be0-4c25-bc42-edc3ee5effa2",
        "meta": {
          "profile": [
            "http://standardhealthrecord.org/fhir/StructureDefinition/shr-medication-MedicationPrescription"
          ]
        },
        "extension": [
          {
            "url": "http://standardhealthrecord.org/fhir/StructureDefinition/shr-base-ActionCode-extension",
            "valueCodeableConcept": {
              "coding": [
                {
                  "system": "http://snomed.info/sct",
                  "code": "33633005",
                  "display": "Prescription of drug (procedure)"
                }
              ],
              "text": "Prescription of drug (procedure)"
            }
          }
        ],
        "status": "active",
        "intent": "order",
        "medicationCodeableConcept": {
          "coding": [
            {
              "system": "http://www.nlm.nih.gov/research/umls/rxnorm",
              "code": "834060",
              "display": "Penicillin V Potassium 250 MG"
            }
          ],
          "text": "Penicillin V Potassium 250 MG"
        },
        "subject": {
          "reference": "urn:uuid:3c771758-a518-421e-ac81-983b70da51f2"
        },
        "context": {
          "reference": "urn:uuid:5398d479-aec0-4719-95a7-55a2e3e88ca5"
        },
        "authoredOn": "1948-11-05",
        "resourceType": "MedicationRequest"
      }
    },
    {
      "fullUrl": "urn:uuid:b8172b13-da71-4368-8ab6-cb219e2135ef",
      "resource": {
        "id": "b8172b13-da71-4368-8ab6-cb219e2135ef",
        "status": "active",
        "use": "complete",
        "patient": {
          "reference": "urn:uuid:3c771758-a518-421e-ac81-983b70da51f2"
        },
        "billablePeriod": {
          "start": "1987-11-06T22:42:52-05:00",
          "end": "1987-11-06T22:57:52-05:00"
        },
        "organization": {
          "reference": {
            "reference": "urn:uuid:f46e7f52-635c-4655-8a5a-4c70e3975e36"
          }
        },
        "prescription": {
          "reference": "urn:uuid:b7b8b6e5-0be0-4c25-bc42-edc3ee5effa2"
        },
        "item": [
          {
            "sequence": 1,
            "net": {
              "value": 125.0,
              "system": "urn:iso:std:iso:4217",
              "code": "USD"
            },
            "encounter": [
              {
                "reference": {
                  "fullUrl": "urn:uuid:5398d479-aec0-4719-95a7-55a2e3e88ca5",
                  "resource": {
                    "id": "5398d479-aec0-4719-95a7-55a2e3e88ca5",
                    "meta": {
                      "profile": [
                        "http://standardhealthrecord.org/fhir/StructureDefinition/shr-encounter-Encounter"
                      ]
                    },
                    "status": "finished",
                    "class": {
                      "code": "ambulatory"
                    },
                    "type": [
                      {
                        "coding": [
                          {
                            "system": "http://snomed.info/sct",
                            "code": "308646001"
                          }
                        ],
                        "text": "Death Certification"
                      }
                    ],
                    "subject": {
                      "reference": "urn:uuid:3c771758-a518-421e-ac81-983b70da51f2"
                    },
                    "period": {
                      "start": "1987-11-06T22:42:52-05:00",
                      "end": "1987-11-06T22:57:52-05:00"
                    },
                    "serviceProvider": {
                      "reference": "urn:uuid:f46e7f52-635c-4655-8a5a-4c70e3975e36"
                    },
                    "resourceType": "Encounter"
                  }
                }
              }
            ]
          },
          {
            "sequence": 1,
            "net": {
              "value": 255.0,
              "system": "urn:iso:std:iso:4217",
              "code": "USD"
            }
          }
        ],
        "total": {
          "value": 255.0,
          "system": "urn:iso:std:iso:4217",
          "code": "USD"
        },
        "resourceType": "Claim"
      }
    },
    {
      "fullUrl": "urn:uuid:257dcdec-52e0-4612-a584-7c2e0c996b35",
      "resource": {
        "id": "257dcdec-52e0-4612-a584-7c2e0c996b35",
        "meta": {
          "profile": [
            "http://standardhealthrecord.org/fhir/StructureDefinition/shr-medication-MedicationPrescription"
          ]
        },
        "extension": [
          {
            "url": "http://standardhealthrecord.org/fhir/StructureDefinition/shr-base-ActionCode-extension",
            "valueCodeableConcept": {
              "coding": [
                {
                  "system": "http://snomed.info/sct",
                  "code": "33633005",
                  "display": "Prescription of drug (procedure)"
                }
              ],
              "text": "Prescription of drug (procedure)"
            }
          }
        ],
        "status": "active",
        "intent": "order",
        "medicationCodeableConcept": {
          "coding": [
            {
              "system": "http://www.nlm.nih.gov/research/umls/rxnorm",
              "code": "1049221",
              "display": "Acetaminophen 325 MG / oxyCODONE Hydrochloride 5 MG Oral Tablet"
            }
          ],
          "text": "Acetaminophen 325 MG / oxyCODONE Hydrochloride 5 MG Oral Tablet"
        },
        "subject": {
          "reference": "urn:uuid:3c771758-a518-421e-ac81-983b70da51f2"
        },
        "context": {
          "reference": "urn:uuid:5398d479-aec0-4719-95a7-55a2e3e88ca5"
        },
        "authoredOn": "1951-05-26",
        "dosageInstruction": [
          {
            "sequence": 1,
            "timing": {
              "repeat": {
                "frequency": 1,
                "period": 6,
                "periodUnit": "h"
              }
            },
            "asNeededBoolean": false,
            "doseQuantity": {
              "value": 1
            }
          }
        ],
        "dispenseRequest": {
          "quantity": {
            "value": 56,
            "unit": "doses"
          },
          "expectedSupplyDuration": {
            "value": 2,
            "unit": "weeks",
            "system": "http://unitsofmeasure.org",
            "code": "wk"
          }
        },
        "resourceType": "MedicationRequest"
      }
    },
    {
      "fullUrl": "urn:uuid:96b6918d-e34e-44cc-9186-1d653e004c7a",
      "resource": {
        "id": "96b6918d-e34e-44cc-9186-1d653e004c7a",
        "status": "active",
        "use": "complete",
        "patient": {
          "reference": "urn:uuid:3c771758-a518-421e-ac81-983b70da51f2"
        },
        "billablePeriod": {
          "start": "1987-11-06T22:42:52-05:00",
          "end": "1987-11-06T22:57:52-05:00"
        },
        "organization": {
          "reference": {
            "reference": "urn:uuid:f46e7f52-635c-4655-8a5a-4c70e3975e36"
          }
        },
        "prescription": {
          "reference": "urn:uuid:257dcdec-52e0-4612-a584-7c2e0c996b35"
        },
        "item": [
          {
            "sequence": 1,
            "net": {
              "value": 125.0,
              "system": "urn:iso:std:iso:4217",
              "code": "USD"
            },
            "encounter": [
              {
                "reference": {
                  "fullUrl": "urn:uuid:5398d479-aec0-4719-95a7-55a2e3e88ca5",
                  "resource": {
                    "id": "5398d479-aec0-4719-95a7-55a2e3e88ca5",
                    "meta": {
                      "profile": [
                        "http://standardhealthrecord.org/fhir/StructureDefinition/shr-encounter-Encounter"
                      ]
                    },
                    "status": "finished",
                    "class": {
                      "code": "ambulatory"
                    },
                    "type": [
                      {
                        "coding": [
                          {
                            "system": "http://snomed.info/sct",
                            "code": "308646001"
                          }
                        ],
                        "text": "Death Certification"
                      }
                    ],
                    "subject": {
                      "reference": "urn:uuid:3c771758-a518-421e-ac81-983b70da51f2"
                    },
                    "period": {
                      "start": "1987-11-06T22:42:52-05:00",
                      "end": "1987-11-06T22:57:52-05:00"
                    },
                    "serviceProvider": {
                      "reference": "urn:uuid:f46e7f52-635c-4655-8a5a-4c70e3975e36"
                    },
                    "resourceType": "Encounter"
                  }
                }
              }
            ]
          },
          {
            "sequence": 1,
            "net": {
              "value": 255.0,
              "system": "urn:iso:std:iso:4217",
              "code": "USD"
            }
          }
        ],
        "total": {
          "value": 255.0,
          "system": "urn:iso:std:iso:4217",
          "code": "USD"
        },
        "resourceType": "Claim"
      }
    },
    {
      "fullUrl": "urn:uuid:1201aee0-f142-49c6-b349-40284201ed48",
      "resource": {
        "id": "1201aee0-f142-49c6-b349-40284201ed48",
        "meta": {
          "profile": [
            "http://standardhealthrecord.org/fhir/StructureDefinition/shr-observation-Observation"
          ]
        },
        "status": "final",
        "category": [
          {
            "coding": [
              {
                "system": "http://hl7.org/fhir/observation-category",
                "code": "survey"
              }
            ]
          }
        ],
        "code": {
          "coding": [
            {
              "system": "http://snomed.info/sct",
              "code": "273724008",
              "display": "Quality adjusted life years"
            }
          ],
          "text": "Quality adjusted life years"
        },
        "subject": {
          "reference": "urn:uuid:3c771758-a518-421e-ac81-983b70da51f2"
        },
        "effectiveDateTime": "2017-10-31T16:09:28-04:00",
        "issued": "2017-10-31T16:09:28-04:00",
        "valueQuantity": {
          "value": 50.98982701384954,
          "unit": "years",
          "system": "http://unitsofmeasure.org/",
          "code": "years"
        },
        "resourceType": "Observation"
      }
    },
    {
      "fullUrl": "urn:uuid:110b6ebd-331b-4544-8184-94d8d2e06485",
      "resource": {
        "id": "110b6ebd-331b-4544-8184-94d8d2e06485",
        "meta": {
          "profile": [
            "http://standardhealthrecord.org/fhir/StructureDefinition/shr-observation-Observation"
          ]
        },
        "status": "final",
        "category": [
          {
            "coding": [
              {
                "system": "http://hl7.org/fhir/observation-category",
                "code": "survey"
              }
            ]
          }
        ],
        "code": {
          "coding": [
            {
              "system": "http://snomed.info/sct",
              "code": "273421001",
              "display": "Disability rating scale"
            }
          ],
          "text": "Disability rating scale"
        },
        "subject": {
          "reference": "urn:uuid:3c771758-a518-421e-ac81-983b70da51f2"
        },
        "effectiveDateTime": "2017-10-31T16:09:28-04:00",
        "issued": "2017-10-31T16:09:28-04:00",
        "valueQuantity": {
          "value": 36.723632986150456,
          "unit": "years",
          "system": "http://unitsofmeasure.org/",
          "code": "years"
        },
        "resourceType": "Observation"
      }
    }
  ],
  "resourceType": "Bundle"
}