{
  "type": "collection",
  "entry": [
    {
      "fullUrl": "urn:uuid:018c867a-1a7a-4bbf-bc94-95cf72935053",
      "resource": {
        "id": "018c867a-1a7a-4bbf-bc94-95cf72935053",
        "meta": {
          "profile": [
            "http://standardhealthrecord.org/fhir/StructureDefinition/shr-actor-Organization"
          ]
        },
        "type": [
          {
            "coding": [
              {
                "system": "http://hl7.org/fhir/organization-type",
                "code": "prov",
                "display": "Healthcare Provider"
              }
            ],
            "text": "Healthcare Provider"
          }
        ],
        "name": "PT PLUS @ WHITNEY FIELD",
        "resourceType": "Organization"
      }
    },
    {
      "fullUrl": "urn:uuid:df7d0df1-00ca-4d73-81b2-22169640d5c6",
      "resource": {
        "id": "df7d0df1-00ca-4d73-81b2-22169640d5c6",
        "meta": {
          "profile": [
            "http://standardhealthrecord.org/fhir/StructureDefinition/shr-demographics-PersonOfRecord"
          ]
        },
        "text": {
          "status": "generated",
          "div": "<div xmlns=\"http://www.w3.org/1999/xhtml\">Generated by <a href=\"https://github.com/synthetichealth/synthea\">Synthea</a>. Version identifier: 368ac389f34cd3ce3986aa3a0a08e467bf574db3</div>"
        },
        "extension": [
          {
            "url": "http://hl7.org/fhir/us/core/StructureDefinition/us-core-race",
            "valueCodeableConcept": {
              "coding": [
                {
                  "system": "http://hl7.org/fhir/v3/Race",
                  "code": "2106-3",
                  "display": "White"
                }
              ],
              "text": "race"
            }
          },
          {
            "url": "http://hl7.org/fhir/us/core/StructureDefinition/us-core-ethnicity",
            "valueCodeableConcept": {
              "coding": [
                {
                  "system": "http://hl7.org/fhir/v3/Ethnicity",
                  "code": "2186-5",
                  "display": "Nonhispanic"
                }
              ],
              "text": "ethnicity"
            }
          },
          {
            "url": "http://hl7.org/fhir/StructureDefinition/birthPlace",
            "valueAddress": {
              "city": "Oak Bluffs",
              "state": "MA",
              "country": "US"
            }
          },
          {
            "url": "http://hl7.org/fhir/StructureDefinition/patient-mothersMaidenName",
            "valueString": "Charlyn261 Grady76"
          },
          {
            "url": "http://hl7.org/fhir/us/core/StructureDefinition/us-core-birthsex",
            "valueCode": "M"
          },
          {
            "url": "http://hl7.org/fhir/StructureDefinition/patient-interpreterRequired",
            "valueBoolean": false
          },
          {
            "url": "http://standardhealthrecord.org/fhir/StructureDefinition/shr-actor-FictionalPerson-extension",
            "valueBoolean": true
          },
          {
            "url": "http://standardhealthrecord.org/fhir/StructureDefinition/shr-demographics-FathersName-extension",
            "valueHumanName": {
              "text": "Leslie707 Bartoletti867"
            }
          },
          {
            "url": "http://standardhealthrecord.org/fhir/StructureDefinition/shr-demographics-SocialSecurityNumber-extension",
            "valueString": "999-40-2038"
          }
        ],
        "identifier": [
          {
            "system": "https://github.com/synthetichealth/synthea",
            "value": "7b8b7438-26a0-4b41-89ce-bb4344179c23"
          },
          {
            "type": {
              "coding": [
                {
                  "system": "http://hl7.org/fhir/identifier-type",
                  "code": "SB"
                }
              ]
            },
            "system": "http://hl7.org/fhir/sid/us-ssn",
            "value": "999402038"
          },
          {
            "type": {
              "coding": [
                {
                  "system": "http://hl7.org/fhir/v2/0203",
                  "code": "DL"
                }
              ]
            },
            "system": "urn:oid:2.16.840.1.113883.4.3.25",
            "value": "S99993020"
          },
          {
            "type": {
              "coding": [
                {
                  "system": "http://hl7.org/fhir/v2/0203",
                  "code": "MR"
                }
              ]
            },
            "system": "http://hospital.smarthealthit.org",
            "value": "7b8b7438-26a0-4b41-89ce-bb4344179c23"
          }
        ],
        "name": [
          {
            "use": "official",
            "family": "Bartoletti867",
            "given": [
              "Claud386"
            ],
            "prefix": [
              "Mr."
            ],
            "suffix": [
              "PhD"
            ]
          }
        ],
        "telecom": [
          {
            "system": "phone",
            "value": "(350) 660-5378 x63056",
            "use": "home"
          }
        ],
        "gender": "male",
        "birthDate": "1943-09-17",
        "deceasedDateTime": "1994-05-28T18:11:37-04:00",
        "address": [
          {
            "extension": [
              {
                "extension": [
                  {
                    "url": "latitude",
                    "valueDecimal": 42.521732938279705
                  },
                  {
                    "url": "longitude",
                    "valueDecimal": -71.74324121128429
                  }
                ],
                "url": "http://hl7.org/fhir/StructureDefinition/geolocation"
              }
            ],
            "line": [
              "874 Jamison Light",
              "Suite 265"
            ],
            "city": "Leominster",
            "state": "MA",
            "postalCode": "01453",
            "country": "US"
          }
        ],
        "maritalStatus": {
          "coding": [
            {
              "system": "http://hl7.org/fhir/v3/MaritalStatus",
              "code": "M"
            }
          ],
          "text": "M"
        },
        "multipleBirthBoolean": false,
        "communication": [
          {
            "language": {
              "coding": [
                {
                  "system": "http://hl7.org/fhir/ValueSet/languages",
                  "code": "en-US",
                  "display": "English (United States)"
                }
              ]
            }
          }
        ],
        "generalPractitioner": [
          {
            "reference": "urn:uuid:018c867a-1a7a-4bbf-bc94-95cf72935053"
          }
        ],
        "resourceType": "Patient"
      }
    },
    {
      "fullUrl": "urn:uuid:c784175f-c0c7-421d-a423-1f7462a6a96e",
      "resource": {
        "id": "c784175f-c0c7-421d-a423-1f7462a6a96e",
        "meta": {
          "profile": [
            "http://standardhealthrecord.org/fhir/StructureDefinition/shr-encounter-Encounter"
          ]
        },
        "status": "finished",
        "class": {
          "code": "ambulatory"
        },
        "type": [
          {
            "coding": [
              {
                "system": "http://snomed.info/sct",
                "code": "308646001"
              }
            ],
            "text": "Death Certification"
          }
        ],
        "subject": {
          "reference": "urn:uuid:df7d0df1-00ca-4d73-81b2-22169640d5c6"
        },
        "period": {
          "start": "1994-05-28T18:11:37-04:00",
          "end": "1994-05-28T18:26:37-04:00"
        },
        "serviceProvider": {
          "reference": "urn:uuid:018c867a-1a7a-4bbf-bc94-95cf72935053"
        },
        "resourceType": "Encounter"
      }
    },
    {
      "fullUrl": "urn:uuid:a386cb70-aeeb-44e4-9b7f-98f1e6fc40c9",
      "resource": {
        "id": "a386cb70-aeeb-44e4-9b7f-98f1e6fc40c9",
        "status": "active",
        "use": "complete",
        "patient": {
          "reference": "urn:uuid:df7d0df1-00ca-4d73-81b2-22169640d5c6"
        },
        "billablePeriod": {
          "start": "1994-05-28T18:11:37-04:00",
          "end": "1994-05-28T18:26:37-04:00"
        },
        "organization": {
          "reference": {
            "reference": "urn:uuid:018c867a-1a7a-4bbf-bc94-95cf72935053"
          }
        },
        "diagnosis": [
          {
            "sequence": 1,
            "diagnosisReference": {
              "reference": "urn:uuid:2dad0cad-97b4-4801-ae5d-866177c2d2d8"
            }
          },
          {
            "sequence": 2,
            "diagnosisReference": {
              "reference": "urn:uuid:0f5b6a88-9480-4508-adaa-546c7e48d082"
            }
          },
          {
            "sequence": 3,
            "diagnosisReference": {
              "reference": "urn:uuid:1fd0d561-c47d-4fee-a921-88bae840508e"
            }
          },
          {
            "sequence": 4,
            "diagnosisReference": {
              "reference": "urn:uuid:fbef43c3-640a-44e0-be6d-fc2ce4656b78"
            }
          },
          {
            "sequence": 5,
            "diagnosisReference": {
              "reference": "urn:uuid:44013b1e-91ea-4663-8885-fb1b96a12a9e"
            }
          }
        ],
        "item": [
          {
            "sequence": 1,
            "net": {
              "value": 125.0,
              "system": "urn:iso:std:iso:4217",
              "code": "USD"
            },
            "encounter": [
              {
                "reference": {
                  "fullUrl": "urn:uuid:c784175f-c0c7-421d-a423-1f7462a6a96e",
                  "resource": {
                    "id": "c784175f-c0c7-421d-a423-1f7462a6a96e",
                    "meta": {
                      "profile": [
                        "http://standardhealthrecord.org/fhir/StructureDefinition/shr-encounter-Encounter"
                      ]
                    },
                    "status": "finished",
                    "class": {
                      "code": "ambulatory"
                    },
                    "type": [
                      {
                        "coding": [
                          {
                            "system": "http://snomed.info/sct",
                            "code": "308646001"
                          }
                        ],
                        "text": "Death Certification"
                      }
                    ],
                    "subject": {
                      "reference": "urn:uuid:df7d0df1-00ca-4d73-81b2-22169640d5c6"
                    },
                    "period": {
                      "start": "1994-05-28T18:11:37-04:00",
                      "end": "1994-05-28T18:26:37-04:00"
                    },
                    "serviceProvider": {
                      "reference": "urn:uuid:018c867a-1a7a-4bbf-bc94-95cf72935053"
                    },
                    "resourceType": "Encounter"
                  }
                }
              }
            ]
          },
          {
            "sequence": 2,
            "diagnosisLinkId": [
              1
            ],
            "net": {
              "value": 0.0,
              "system": "urn:iso:std:iso:4217",
              "code": "USD"
            }
          },
          {
            "sequence": 3,
            "diagnosisLinkId": [
              2
            ],
            "net": {
              "value": 0.0,
              "system": "urn:iso:std:iso:4217",
              "code": "USD"
            }
          },
          {
            "sequence": 4,
            "diagnosisLinkId": [
              3
            ],
            "net": {
              "value": 0.0,
              "system": "urn:iso:std:iso:4217",
              "code": "USD"
            }
          },
          {
            "sequence": 5,
            "diagnosisLinkId": [
              4
            ],
            "net": {
              "value": 0.0,
              "system": "urn:iso:std:iso:4217",
              "code": "USD"
            }
          },
          {
            "sequence": 6,
            "diagnosisLinkId": [
              5
            ],
            "net": {
              "value": 0.0,
              "system": "urn:iso:std:iso:4217",
              "code": "USD"
            }
          }
        ],
        "total": {
          "value": 125.0,
          "system": "urn:iso:std:iso:4217",
          "code": "USD"
        },
        "resourceType": "Claim"
      }
    },
    {
      "fullUrl": "urn:uuid:2dad0cad-97b4-4801-ae5d-866177c2d2d8",
      "resource": {
        "id": "2dad0cad-97b4-4801-ae5d-866177c2d2d8",
        "meta": {
          "profile": [
            "http://standardhealthrecord.org/fhir/StructureDefinition/shr-problem-Problem"
          ]
        },
        "clinicalStatus": "active",
        "verificationStatus": "confirmed",
        "code": {
          "coding": [
            {
              "system": "http://snomed.info/sct",
              "code": "38341003",
              "display": "Hypertension"
            }
          ],
          "text": "Hypertension"
        },
        "subject": {
          "reference": "urn:uuid:df7d0df1-00ca-4d73-81b2-22169640d5c6"
        },
        "context": {
          "reference": "urn:uuid:c784175f-c0c7-421d-a423-1f7462a6a96e"
        },
        "onsetDateTime": "1962-07-04T08:27:05-04:00",
        "assertedDate": "1962-07-04",
        "resourceType": "Condition"
      }
    },
    {
      "fullUrl": "urn:uuid:0f5b6a88-9480-4508-adaa-546c7e48d082",
      "resource": {
        "id": "0f5b6a88-9480-4508-adaa-546c7e48d082",
        "meta": {
          "profile": [
            "http://standardhealthrecord.org/fhir/StructureDefinition/shr-problem-Problem"
          ]
        },
        "clinicalStatus": "active",
        "verificationStatus": "confirmed",
        "code": {
          "coding": [
            {
              "system": "http://snomed.info/sct",
              "code": "15777000",
              "display": "Prediabetes"
            }
          ],
          "text": "Prediabetes"
        },
        "subject": {
          "reference": "urn:uuid:df7d0df1-00ca-4d73-81b2-22169640d5c6"
        },
        "context": {
          "reference": "urn:uuid:c784175f-c0c7-421d-a423-1f7462a6a96e"
        },
        "onsetDateTime": "1993-04-05T10:20:19-04:00",
        "assertedDate": "1993-04-05",
        "resourceType": "Condition"
      }
    },
    {
      "fullUrl": "urn:uuid:1fd0d561-c47d-4fee-a921-88bae840508e",
      "resource": {
        "id": "1fd0d561-c47d-4fee-a921-88bae840508e",
        "meta": {
          "profile": [
            "http://standardhealthrecord.org/fhir/StructureDefinition/shr-problem-Problem"
          ]
        },
        "clinicalStatus": "active",
        "verificationStatus": "confirmed",
        "code": {
          "coding": [
            {
              "system": "http://snomed.info/sct",
              "code": "162573006",
              "display": "Suspected lung cancer (situation)"
            }
          ],
          "text": "Suspected lung cancer (situation)"
        },
        "subject": {
          "reference": "urn:uuid:df7d0df1-00ca-4d73-81b2-22169640d5c6"
        },
        "context": {
          "reference": "urn:uuid:c784175f-c0c7-421d-a423-1f7462a6a96e"
        },
        "onsetDateTime": "1993-09-19T06:35:35-04:00",
        "assertedDate": "1993-09-19",
        "resourceType": "Condition"
      }
    },
    {
      "fullUrl": "urn:uuid:fbef43c3-640a-44e0-be6d-fc2ce4656b78",
      "resource": {
        "id": "fbef43c3-640a-44e0-be6d-fc2ce4656b78",
        "meta": {
          "profile": [
            "http://standardhealthrecord.org/fhir/StructureDefinition/shr-problem-Problem"
          ]
        },
        "clinicalStatus": "active",
        "verificationStatus": "confirmed",
        "code": {
          "coding": [
            {
              "system": "http://snomed.info/sct",
              "code": "254637007",
              "display": "Non-small cell lung cancer (disorder)"
            }
          ],
          "text": "Non-small cell lung cancer (disorder)"
        },
        "subject": {
          "reference": "urn:uuid:df7d0df1-00ca-4d73-81b2-22169640d5c6"
        },
        "context": {
          "reference": "urn:uuid:c784175f-c0c7-421d-a423-1f7462a6a96e"
        },
        "onsetDateTime": "1993-09-26T10:31:35-04:00",
        "assertedDate": "1993-09-26",
        "resourceType": "Condition"
      }
    },
    {
      "fullUrl": "urn:uuid:44013b1e-91ea-4663-8885-fb1b96a12a9e",
      "resource": {
        "id": "44013b1e-91ea-4663-8885-fb1b96a12a9e",
        "meta": {
          "profile": [
            "http://standardhealthrecord.org/fhir/StructureDefinition/shr-problem-Problem"
          ]
        },
        "clinicalStatus": "active",
        "verificationStatus": "confirmed",
        "code": {
          "coding": [
            {
              "system": "http://snomed.info/sct",
              "code": "423121009",
              "display": "Non-small cell carcinoma of lung, TNM stage 4 (disorder)"
            }
          ],
          "text": "Non-small cell carcinoma of lung, TNM stage 4 (disorder)"
        },
        "subject": {
          "reference": "urn:uuid:df7d0df1-00ca-4d73-81b2-22169640d5c6"
        },
        "context": {
          "reference": "urn:uuid:c784175f-c0c7-421d-a423-1f7462a6a96e"
        },
        "onsetDateTime": "1993-09-28T14:55:42-04:00",
        "assertedDate": "1993-09-28",
        "resourceType": "Condition"
      }
    },
    {
      "fullUrl": "urn:uuid:a9772913-110d-4940-b5ff-01f7ac771a0c",
      "resource": {
        "id": "a9772913-110d-4940-b5ff-01f7ac771a0c",
        "meta": {
          "profile": [
            "http://standardhealthrecord.org/fhir/StructureDefinition/shr-observation-Observation"
          ]
        },
        "status": "final",
        "category": [
          {
            "coding": [
              {
                "system": "http://hl7.org/fhir/observation-category"
              }
            ]
          }
        ],
        "code": {
          "coding": [
            {
              "system": "http://loinc.org",
              "code": "69453-9",
              "display": "Cause of Death [US Standard Certificate of Death]"
            }
          ],
          "text": "Cause of Death [US Standard Certificate of Death]"
        },
        "subject": {
          "reference": "urn:uuid:df7d0df1-00ca-4d73-81b2-22169640d5c6"
        },
        "context": {
          "reference": "urn:uuid:c784175f-c0c7-421d-a423-1f7462a6a96e"
        },
        "effectiveDateTime": "1994-05-28T18:11:37-04:00",
        "issued": "1994-05-28T18:11:37-04:00",
        "valueCodeableConcept": {
          "coding": [
            {
              "system": "http://snomed.info/sct",
              "code": "254637007",
              "display": "Non-small cell lung cancer (disorder)"
            }
          ],
          "text": "Non-small cell lung cancer (disorder)"
        },
        "resourceType": "Observation"
      }
    },
    {
      "fullUrl": "urn:uuid:fa621fb1-4573-4849-a909-b1e3dbc66fab",
      "resource": {
        "id": "fa621fb1-4573-4849-a909-b1e3dbc66fab",
        "meta": {
          "profile": [
            "http://standardhealthrecord.org/fhir/StructureDefinition/shr-observation-Panel"
          ]
        },
        "status": "final",
        "code": {
          "coding": [
            {
              "system": "http://loinc.org",
              "code": "69409-1",
              "display": "U.S. standard certificate of death - 2003 revision"
            }
          ]
        },
        "subject": {
          "reference": "urn:uuid:df7d0df1-00ca-4d73-81b2-22169640d5c6"
        },
        "context": {
          "reference": "urn:uuid:c784175f-c0c7-421d-a423-1f7462a6a96e"
        },
        "effectiveDateTime": "1994-05-28T18:11:37-04:00",
        "issued": "1994-05-28T18:11:37-04:00",
        "result": [
          {
            "reference": "urn:uuid:a9772913-110d-4940-b5ff-01f7ac771a0c",
            "display": "Cause of Death [US Standard Certificate of Death]"
          }
        ],
        "resourceType": "DiagnosticReport"
      }
    },
    {
      "fullUrl": "urn:uuid:95b5c34e-e932-4a13-98d3-c8738488653a",
      "resource": {
        "id": "95b5c34e-e932-4a13-98d3-c8738488653a",
        "status": "in-progress",
        "description": {
          "text": "Hemoglobin A1c total in Blood < 7.0"
        },
        "addresses": [
          {
            "reference": "urn:uuid:0f5b6a88-9480-4508-adaa-546c7e48d082"
          }
        ],
        "resourceType": "Goal"
      }
    },
    {
      "fullUrl": "urn:uuid:430c405c-5046-4c37-a7e1-58fb5c2db1ff",
      "resource": {
        "id": "430c405c-5046-4c37-a7e1-58fb5c2db1ff",
        "status": "in-progress",
        "description": {
          "text": "Glucose [Mass/volume] in Blood < 108"
        },
        "addresses": [
          {
            "reference": "urn:uuid:0f5b6a88-9480-4508-adaa-546c7e48d082"
          }
        ],
        "resourceType": "Goal"
      }
    },
    {
      "fullUrl": "urn:uuid:792b795c-c8cc-4acd-8a9c-7f47b1f3b685",
      "resource": {
        "id": "792b795c-c8cc-4acd-8a9c-7f47b1f3b685",
        "status": "in-progress",
        "description": {
          "text": "Maintain blood pressure below 140/90 mmHg"
        },
        "addresses": [
          {
            "reference": "urn:uuid:0f5b6a88-9480-4508-adaa-546c7e48d082"
          }
        ],
        "resourceType": "Goal"
      }
    },
    {
      "fullUrl": "urn:uuid:2873478f-81c5-49c6-bae4-aed913da1173",
      "resource": {
        "id": "2873478f-81c5-49c6-bae4-aed913da1173",
        "status": "in-progress",
        "description": {
          "text": "Improve and maintenance of optimal foot health: aim at early detection of peripheral vascular problems and neuropathy presumed due to diabetes; and prevention of diabetic foot ulcer, gangrene"
        },
        "addresses": [
          {
            "reference": "urn:uuid:0f5b6a88-9480-4508-adaa-546c7e48d082"
          }
        ],
        "resourceType": "Goal"
      }
    },
    {
      "fullUrl": "urn:uuid:32a7680e-530c-477b-9f77-34d4b75e6b01",
      "resource": {
        "id": "32a7680e-530c-477b-9f77-34d4b75e6b01",
        "status": "in-progress",
        "description": {
          "text": "Address patient knowledge deficit on diabetic self-care"
        },
        "addresses": [
          {
            "reference": "urn:uuid:0f5b6a88-9480-4508-adaa-546c7e48d082"
          }
        ],
        "resourceType": "Goal"
      }
    },
    {
      "resource": {
        "status": "active",
        "intent": "order",
        "category": [
          {
            "coding": [
              {
                "system": "http://snomed.info/sct",
                "code": "698360004",
                "display": "Diabetes self management plan"
              }
            ]
          }
        ],
        "subject": {
          "reference": "urn:uuid:df7d0df1-00ca-4d73-81b2-22169640d5c6"
        },
        "context": {
          "reference": "urn:uuid:c784175f-c0c7-421d-a423-1f7462a6a96e"
        },
        "period": {
          "start": "1993-04-05"
        },
        "addresses": [
          {
            "reference": "urn:uuid:0f5b6a88-9480-4508-adaa-546c7e48d082"
          }
        ],
        "goal": [
          {
            "reference": "urn:uuid:95b5c34e-e932-4a13-98d3-c8738488653a"
          },
          {
            "reference": "urn:uuid:430c405c-5046-4c37-a7e1-58fb5c2db1ff"
          },
          {
            "reference": "urn:uuid:792b795c-c8cc-4acd-8a9c-7f47b1f3b685"
          },
          {
            "reference": "urn:uuid:2873478f-81c5-49c6-bae4-aed913da1173"
          },
          {
            "reference": "urn:uuid:32a7680e-530c-477b-9f77-34d4b75e6b01"
          }
        ],
        "activity": [
          {
            "detail": {
              "code": {
                "coding": [
                  {
                    "system": "http://snomed.info/sct",
                    "code": "160670007",
                    "display": "Diabetic diet"
                  }
                ]
              },
              "status": "in-progress"
            }
          },
          {
            "detail": {
              "code": {
                "coding": [
                  {
                    "system": "http://snomed.info/sct",
                    "code": "229065009",
                    "display": "Exercise therapy"
                  }
                ]
              },
              "status": "in-progress"
            }
          }
        ],
        "resourceType": "CarePlan"
      }
    },
    {
      "resource": {
        "status": "active",
        "intent": "order",
        "category": [
          {
            "coding": [
              {
                "system": "http://snomed.info/sct",
                "code": "182964004",
                "display": "Terminal care"
              }
            ]
          }
        ],
        "subject": {
          "reference": "urn:uuid:df7d0df1-00ca-4d73-81b2-22169640d5c6"
        },
        "context": {
          "reference": "urn:uuid:c784175f-c0c7-421d-a423-1f7462a6a96e"
        },
        "period": {
          "start": "1993-09-28"
        },
        "addresses": [
          {
            "reference": "urn:uuid:44013b1e-91ea-4663-8885-fb1b96a12a9e"
          }
        ],
        "activity": [
          {
            "detail": {
              "code": {
                "coding": [
                  {
                    "system": "http://snomed.info/sct",
                    "code": "133918004",
                    "display": "Comfort measures"
                  }
                ]
              },
              "status": "in-progress"
            }
          },
          {
            "detail": {
              "code": {
                "coding": [
                  {
                    "system": "http://snomed.info/sct",
                    "code": "408957008",
                    "display": "Chronic pain control management"
                  }
                ]
              },
              "status": "in-progress"
            }
          },
          {
            "detail": {
              "code": {
                "coding": [
                  {
                    "system": "http://snomed.info/sct",
                    "code": "243072006",
                    "display": "Cancer education"
                  }
                ]
              },
              "status": "in-progress"
            }
          }
        ],
        "resourceType": "CarePlan"
      }
    },
    {
      "fullUrl": "urn:uuid:16635f86-aa4d-48cd-ba9b-a1f039e2cff2",
      "resource": {
        "id": "16635f86-aa4d-48cd-ba9b-a1f039e2cff2",
        "meta": {
          "profile": [
            "http://standardhealthrecord.org/fhir/StructureDefinition/shr-observation-Observation"
          ]
        },
        "status": "final",
        "category": [
          {
            "coding": [
              {
                "system": "http://hl7.org/fhir/observation-category",
                "code": "survey"
              }
            ]
          }
        ],
        "code": {
          "coding": [
            {
              "system": "http://snomed.info/sct",
              "code": "273724008",
              "display": "Quality adjusted life years"
            }
          ],
          "text": "Quality adjusted life years"
        },
        "subject": {
          "reference": "urn:uuid:df7d0df1-00ca-4d73-81b2-22169640d5c6"
        },
        "effectiveDateTime": "2017-10-31T16:09:28-04:00",
        "issued": "2017-10-31T16:09:28-04:00",
        "valueQuantity": {
          "value": 50,
          "unit": "years",
          "system": "http://unitsofmeasure.org/",
          "code": "years"
        },
        "resourceType": "Observation"
      }
    },
    {
      "fullUrl": "urn:uuid:c4602e9d-66f1-4c31-a070-feda18f7b4db",
      "resource": {
        "id": "c4602e9d-66f1-4c31-a070-feda18f7b4db",
        "meta": {
          "profile": [
            "http://standardhealthrecord.org/fhir/StructureDefinition/shr-observation-Observation"
          ]
        },
        "status": "final",
        "category": [
          {
            "coding": [
              {
                "system": "http://hl7.org/fhir/observation-category",
                "code": "survey"
              }
            ]
          }
        ],
        "code": {
          "coding": [
            {
              "system": "http://snomed.info/sct",
              "code": "273421001",
              "display": "Disability rating scale"
            }
          ],
          "text": "Disability rating scale"
        },
        "subject": {
          "reference": "urn:uuid:df7d0df1-00ca-4d73-81b2-22169640d5c6"
        },
        "effectiveDateTime": "2017-10-31T16:09:28-04:00",
        "issued": "2017-10-31T16:09:28-04:00",
        "valueQuantity": {
          "value": 37.65,
          "unit": "years",
          "system": "http://unitsofmeasure.org/",
          "code": "years"
        },
        "resourceType": "Observation"
      }
    }
  ],
  "resourceType": "Bundle"
}