{
  "type": "collection",
  "entry": [
    {
      "fullUrl": "urn:uuid:64addc2e-3a5b-4e28-a98f-f98c86d24aff",
      "resource": {
        "id": "64addc2e-3a5b-4e28-a98f-f98c86d24aff",
        "meta": {
          "profile": [
            "http://standardhealthrecord.org/fhir/StructureDefinition/shr-actor-Organization"
          ]
        },
        "type": [
          {
            "coding": [
              {
                "system": "http://hl7.org/fhir/organization-type",
                "code": "prov",
                "display": "Healthcare Provider"
              }
            ],
            "text": "Healthcare Provider"
          }
        ],
        "name": "LABORATORY FOR MOLECULAR MEDICINE",
        "resourceType": "Organization"
      }
    },
    {
      "fullUrl": "urn:uuid:50b0efd6-543b-406a-b470-d7185f903783",
      "resource": {
        "id": "50b0efd6-543b-406a-b470-d7185f903783",
        "meta": {
          "profile": [
            "http://standardhealthrecord.org/fhir/StructureDefinition/shr-demographics-PersonOfRecord"
          ]
        },
        "text": {
          "status": "generated",
          "div": "<div xmlns=\"http://www.w3.org/1999/xhtml\">Generated by <a href=\"https://github.com/synthetichealth/synthea\">Synthea</a>. Version identifier: 368ac389f34cd3ce3986aa3a0a08e467bf574db3</div>"
        },
        "extension": [
          {
            "url": "http://hl7.org/fhir/us/core/StructureDefinition/us-core-race",
            "valueCodeableConcept": {
              "coding": [
                {
                  "system": "http://hl7.org/fhir/v3/Race",
                  "code": "2106-3",
                  "display": "White"
                }
              ],
              "text": "race"
            }
          },
          {
            "url": "http://hl7.org/fhir/us/core/StructureDefinition/us-core-ethnicity",
            "valueCodeableConcept": {
              "coding": [
                {
                  "system": "http://hl7.org/fhir/v3/Ethnicity",
                  "code": "2186-5",
                  "display": "Nonhispanic"
                }
              ],
              "text": "ethnicity"
            }
          },
          {
            "url": "http://hl7.org/fhir/StructureDefinition/birthPlace",
            "valueAddress": {
              "city": "Melrose",
              "state": "MA",
              "country": "US"
            }
          },
          {
            "url": "http://hl7.org/fhir/StructureDefinition/patient-mothersMaidenName",
            "valueString": "Lucia82 Rowe926"
          },
          {
            "url": "http://hl7.org/fhir/us/core/StructureDefinition/us-core-birthsex",
            "valueCode": "F"
          },
          {
            "url": "http://hl7.org/fhir/StructureDefinition/patient-interpreterRequired",
            "valueBoolean": false
          },
          {
            "url": "http://standardhealthrecord.org/fhir/StructureDefinition/shr-actor-FictionalPerson-extension",
            "valueBoolean": true
          },
          {
            "url": "http://standardhealthrecord.org/fhir/StructureDefinition/shr-demographics-FathersName-extension",
            "valueHumanName": {
              "text": "Nigel460 Barton255"
            }
          },
          {
            "url": "http://standardhealthrecord.org/fhir/StructureDefinition/shr-demographics-SocialSecurityNumber-extension",
            "valueString": "999-51-1570"
          }
        ],
        "identifier": [
          {
            "system": "https://github.com/synthetichealth/synthea",
            "value": "a81a01bf-530c-4003-a553-e85755211edb"
          },
          {
            "type": {
              "coding": [
                {
                  "system": "http://hl7.org/fhir/identifier-type",
                  "code": "SB"
                }
              ]
            },
            "system": "http://hl7.org/fhir/sid/us-ssn",
            "value": "999511570"
          },
          {
            "type": {
              "coding": [
                {
                  "system": "http://hl7.org/fhir/v2/0203",
                  "code": "MR"
                }
              ]
            },
            "system": "http://hospital.smarthealthit.org",
            "value": "a81a01bf-530c-4003-a553-e85755211edb"
          }
        ],
        "name": [
          {
            "use": "official",
            "family": "Barton255",
            "given": [
              "Berta550"
            ]
          }
        ],
        "telecom": [
          {
            "system": "phone",
            "value": "1-541-830-5408 x64534",
            "use": "home"
          }
        ],
        "gender": "female",
        "birthDate": "2017-01-12",
        "address": [
          {
            "extension": [
              {
                "extension": [
                  {
                    "url": "latitude",
                    "valueDecimal": 42.35308235827658
                  },
                  {
                    "url": "longitude",
                    "valueDecimal": -71.10638732609252
                  }
                ],
                "url": "http://hl7.org/fhir/StructureDefinition/geolocation"
              }
            ],
            "line": [
              "3735 Howe Drive"
            ],
            "city": "Cambridge",
            "state": "MA",
            "postalCode": "02138",
            "country": "US"
          }
        ],
        "maritalStatus": {
          "coding": [
            {
              "system": "http://hl7.org/fhir/v3/MaritalStatus",
              "code": "S"
            }
          ],
          "text": "Never Married"
        },
        "multipleBirthBoolean": false,
        "communication": [
          {
            "language": {
              "coding": [
                {
                  "system": "http://hl7.org/fhir/ValueSet/languages",
                  "code": "en-US",
                  "display": "English (United States)"
                }
              ]
            }
          }
        ],
        "generalPractitioner": [
          {
            "reference": "urn:uuid:64addc2e-3a5b-4e28-a98f-f98c86d24aff"
          }
        ],
        "resourceType": "Patient"
      }
    },
    {
      "fullUrl": "urn:uuid:6439108f-740b-4649-84dc-47ed603f47d6",
      "resource": {
        "id": "6439108f-740b-4649-84dc-47ed603f47d6",
        "meta": {
          "profile": [
            "http://standardhealthrecord.org/fhir/StructureDefinition/shr-encounter-Encounter"
          ]
        },
        "status": "finished",
        "class": {
          "code": "outpatient"
        },
        "type": [
          {
            "coding": [
              {
                "system": "http://snomed.info/sct",
                "code": "170258001"
              }
            ],
            "text": "Outpatient Encounter"
          }
        ],
        "subject": {
          "reference": "urn:uuid:50b0efd6-543b-406a-b470-d7185f903783"
        },
        "period": {
          "start": "2017-01-12T15:03:46-05:00",
          "end": "2017-01-12T16:03:46-05:00"
        },
        "serviceProvider": {
          "reference": "urn:uuid:64addc2e-3a5b-4e28-a98f-f98c86d24aff"
        },
        "resourceType": "Encounter"
      }
    },
    {
      "fullUrl": "urn:uuid:2bc05fc5-4252-41ce-a66c-90e916d94663",
      "resource": {
        "id": "2bc05fc5-4252-41ce-a66c-90e916d94663",
        "status": "active",
        "use": "complete",
        "patient": {
          "reference": "urn:uuid:50b0efd6-543b-406a-b470-d7185f903783"
        },
        "billablePeriod": {
          "start": "2017-01-12T15:03:46-05:00",
          "end": "2017-01-12T16:03:46-05:00"
        },
        "organization": {
          "reference": {
            "reference": "urn:uuid:64addc2e-3a5b-4e28-a98f-f98c86d24aff"
          }
        },
        "item": [
          {
            "sequence": 1,
            "net": {
              "value": 125.0,
              "system": "urn:iso:std:iso:4217",
              "code": "USD"
            },
            "encounter": [
              {
                "reference": {
                  "fullUrl": "urn:uuid:6439108f-740b-4649-84dc-47ed603f47d6",
                  "resource": {
                    "id": "6439108f-740b-4649-84dc-47ed603f47d6",
                    "meta": {
                      "profile": [
                        "http://standardhealthrecord.org/fhir/StructureDefinition/shr-encounter-Encounter"
                      ]
                    },
                    "status": "finished",
                    "class": {
                      "code": "outpatient"
                    },
                    "type": [
                      {
                        "coding": [
                          {
                            "system": "http://snomed.info/sct",
                            "code": "170258001"
                          }
                        ],
                        "text": "Outpatient Encounter"
                      }
                    ],
                    "subject": {
                      "reference": "urn:uuid:50b0efd6-543b-406a-b470-d7185f903783"
                    },
                    "period": {
                      "start": "2017-01-12T15:03:46-05:00",
                      "end": "2017-01-12T16:03:46-05:00"
                    },
                    "serviceProvider": {
                      "reference": "urn:uuid:64addc2e-3a5b-4e28-a98f-f98c86d24aff"
                    },
                    "resourceType": "Encounter"
                  }
                }
              }
            ]
          },
          {
            "sequence": 2,
            "category": {
              "coding": [
                {
                  "system": "http://hl7.org/fhir/sid/cvx",
                  "code": "08",
                  "display": "Hep B, adolescent or pediatric"
                }
              ],
              "text": "Hep B, adolescent or pediatric"
            },
            "net": {
              "value": 136.0,
              "system": "urn:iso:std:iso:4217",
              "code": "USD"
            }
          }
        ],
        "total": {
          "value": 261.0,
          "system": "urn:iso:std:iso:4217",
          "code": "USD"
        },
        "resourceType": "Claim"
      }
    },
    {
      "resource": {
        "meta": {
          "profile": [
            "http://standardhealthrecord.org/fhir/StructureDefinition/shr-immunization-Immunization"
          ]
        },
        "status": "completed",
        "notGiven": false,
        "vaccineCode": {
          "coding": [
            {
              "system": "http://hl7.org/fhir/sid/cvx",
              "code": "08",
              "display": "Hep B, adolescent or pediatric"
            }
          ],
          "text": "Hep B, adolescent or pediatric"
        },
        "patient": {
          "reference": "urn:uuid:50b0efd6-543b-406a-b470-d7185f903783"
        },
        "encounter": {
          "reference": "urn:uuid:6439108f-740b-4649-84dc-47ed603f47d6"
        },
        "date": "2017-01-12T15:03:46-05:00",
        "primarySource": true,
        "resourceType": "Immunization"
      }
    },
    {
      "fullUrl": "urn:uuid:59f0734a-e92d-4c27-a0cd-518bd861b601",
      "resource": {
        "id": "59f0734a-e92d-4c27-a0cd-518bd861b601",
        "meta": {
          "profile": [
            "http://standardhealthrecord.org/fhir/StructureDefinition/shr-encounter-Encounter"
          ]
        },
        "status": "finished",
        "class": {
          "code": "outpatient"
        },
        "type": [
          {
            "coding": [
              {
                "system": "http://snomed.info/sct",
                "code": "170258001"
              }
            ],
            "text": "Outpatient Encounter"
          }
        ],
        "subject": {
          "reference": "urn:uuid:50b0efd6-543b-406a-b470-d7185f903783"
        },
        "period": {
          "start": "2017-02-16T16:32:14-05:00",
          "end": "2017-02-16T17:32:14-05:00"
        },
        "serviceProvider": {
          "reference": "urn:uuid:64addc2e-3a5b-4e28-a98f-f98c86d24aff"
        },
        "resourceType": "Encounter"
      }
    },
    {
      "fullUrl": "urn:uuid:ee4455d7-23f7-4f47-b867-6c67bc5f62f5",
      "resource": {
        "id": "ee4455d7-23f7-4f47-b867-6c67bc5f62f5",
        "status": "active",
        "use": "complete",
        "patient": {
          "reference": "urn:uuid:50b0efd6-543b-406a-b470-d7185f903783"
        },
        "billablePeriod": {
          "start": "2017-02-16T16:32:14-05:00",
          "end": "2017-02-16T17:32:14-05:00"
        },
        "organization": {
          "reference": {
            "reference": "urn:uuid:64addc2e-3a5b-4e28-a98f-f98c86d24aff"
          }
        },
        "item": [
          {
            "sequence": 1,
            "net": {
              "value": 125.0,
              "system": "urn:iso:std:iso:4217",
              "code": "USD"
            },
            "encounter": [
              {
                "reference": {
                  "fullUrl": "urn:uuid:59f0734a-e92d-4c27-a0cd-518bd861b601",
                  "resource": {
                    "id": "59f0734a-e92d-4c27-a0cd-518bd861b601",
                    "meta": {
                      "profile": [
                        "http://standardhealthrecord.org/fhir/StructureDefinition/shr-encounter-Encounter"
                      ]
                    },
                    "status": "finished",
                    "class": {
                      "code": "outpatient"
                    },
                    "type": [
                      {
                        "coding": [
                          {
                            "system": "http://snomed.info/sct",
                            "code": "170258001"
                          }
                        ],
                        "text": "Outpatient Encounter"
                      }
                    ],
                    "subject": {
                      "reference": "urn:uuid:50b0efd6-543b-406a-b470-d7185f903783"
                    },
                    "period": {
                      "start": "2017-02-16T16:32:14-05:00",
                      "end": "2017-02-16T17:32:14-05:00"
                    },
                    "serviceProvider": {
                      "reference": "urn:uuid:64addc2e-3a5b-4e28-a98f-f98c86d24aff"
                    },
                    "resourceType": "Encounter"
                  }
                }
              }
            ]
          },
          {
            "sequence": 2,
            "category": {
              "coding": [
                {
                  "system": "http://hl7.org/fhir/sid/cvx",
                  "code": "08",
                  "display": "Hep B, adolescent or pediatric"
                }
              ],
              "text": "Hep B, adolescent or pediatric"
            },
            "net": {
              "value": 136.0,
              "system": "urn:iso:std:iso:4217",
              "code": "USD"
            }
          }
        ],
        "total": {
          "value": 261.0,
          "system": "urn:iso:std:iso:4217",
          "code": "USD"
        },
        "resourceType": "Claim"
      }
    },
    {
      "fullUrl": "urn:uuid:044936b5-7975-4e3e-93c2-64d630022ee5",
      "resource": {
        "id": "044936b5-7975-4e3e-93c2-64d630022ee5",
        "meta": {
          "profile": [
            "http://standardhealthrecord.org/fhir/StructureDefinition/shr-observation-Observation",
            "http://standardhealthrecord.org/fhir/StructureDefinition/shr-vital-VitalSign",
            "http://standardhealthrecord.org/fhir/StructureDefinition/shr-vital-BodyHeight"
          ]
        },
        "status": "final",
        "category": [
          {
            "coding": [
              {
                "system": "http://hl7.org/fhir/observation-category",
                "code": "vital-signs"
              }
            ]
          }
        ],
        "code": {
          "coding": [
            {
              "system": "http://loinc.org",
              "code": "8302-2",
              "display": "Body Height"
            }
          ],
          "text": "Body Height"
        },
        "subject": {
          "reference": "urn:uuid:50b0efd6-543b-406a-b470-d7185f903783"
        },
        "context": {
          "reference": "urn:uuid:59f0734a-e92d-4c27-a0cd-518bd861b601"
        },
        "effectiveDateTime": "2017-02-16T16:32:14-05:00",
        "issued": "2017-02-16T16:32:14-05:00",
        "valueQuantity": {
          "value": 56.75769190038437,
          "unit": "cm",
          "system": "http://unitsofmeasure.org/",
          "code": "cm"
        },
        "resourceType": "Observation"
      }
    },
    {
      "fullUrl": "urn:uuid:33f127aa-b65f-4604-b8d3-e6852692284b",
      "resource": {
        "id": "33f127aa-b65f-4604-b8d3-e6852692284b",
        "meta": {
          "profile": [
            "http://standardhealthrecord.org/fhir/StructureDefinition/shr-observation-Observation",
            "http://standardhealthrecord.org/fhir/StructureDefinition/shr-vital-VitalSign",
            "http://standardhealthrecord.org/fhir/StructureDefinition/shr-vital-BodyWeight"
          ]
        },
        "status": "final",
        "category": [
          {
            "coding": [
              {
                "system": "http://hl7.org/fhir/observation-category",
                "code": "vital-signs"
              }
            ]
          }
        ],
        "code": {
          "coding": [
            {
              "system": "http://loinc.org",
              "code": "29463-7",
              "display": "Body Weight"
            }
          ],
          "text": "Body Weight"
        },
        "subject": {
          "reference": "urn:uuid:50b0efd6-543b-406a-b470-d7185f903783"
        },
        "context": {
          "reference": "urn:uuid:59f0734a-e92d-4c27-a0cd-518bd861b601"
        },
        "effectiveDateTime": "2017-02-16T16:32:14-05:00",
        "issued": "2017-02-16T16:32:14-05:00",
        "valueQuantity": {
          "value": 5.132057438926431,
          "unit": "kg",
          "system": "http://unitsofmeasure.org/",
          "code": "kg"
        },
        "resourceType": "Observation"
      }
    },
    {
      "fullUrl": "urn:uuid:d9454d7e-0929-492a-8c4b-86d0c0929ab1",
      "resource": {
        "id": "d9454d7e-0929-492a-8c4b-86d0c0929ab1",
        "meta": {
          "profile": [
            "http://standardhealthrecord.org/fhir/StructureDefinition/shr-observation-Observation",
            "http://standardhealthrecord.org/fhir/StructureDefinition/shr-vital-BloodPressure"
          ]
        },
        "status": "final",
        "category": [
          {
            "coding": [
              {
                "system": "http://hl7.org/fhir/observation-category",
                "code": "vital-signs"
              }
            ]
          }
        ],
        "code": {
          "coding": [
            {
              "system": "http://loinc.org",
              "code": "55284-4",
              "display": "Blood Pressure"
            }
          ]
        },
        "subject": {
          "reference": "urn:uuid:50b0efd6-543b-406a-b470-d7185f903783"
        },
        "context": {
          "reference": "urn:uuid:59f0734a-e92d-4c27-a0cd-518bd861b601"
        },
        "effectiveDateTime": "2017-02-16T16:32:14-05:00",
        "issued": "2017-02-16T16:32:14-05:00",
        "component": [
          {
            "code": {
              "coding": [
                {
                  "system": "http://loinc.org",
                  "code": "8480-6",
                  "display": "Systolic Blood Pressure"
                }
              ],
              "text": "Systolic Blood Pressure"
            },
            "valueQuantity": {
              "value": 103,
              "unit": "mmHg",
              "system": "http://unitsofmeasure.org/",
              "code": "mmHg"
            }
          },
          {
            "code": {
              "coding": [
                {
                  "system": "http://loinc.org",
                  "code": "8462-4",
                  "display": "Diastolic Blood Pressure"
                }
              ],
              "text": "Diastolic Blood Pressure"
            },
            "valueQuantity": {
              "value": 82,
              "unit": "mmHg",
              "system": "http://unitsofmeasure.org/",
              "code": "mmHg"
            }
          }
        ],
        "resourceType": "Observation"
      }
    },
    {
      "resource": {
        "meta": {
          "profile": [
            "http://standardhealthrecord.org/fhir/StructureDefinition/shr-immunization-Immunization"
          ]
        },
        "status": "completed",
        "notGiven": false,
        "vaccineCode": {
          "coding": [
            {
              "system": "http://hl7.org/fhir/sid/cvx",
              "code": "08",
              "display": "Hep B, adolescent or pediatric"
            }
          ],
          "text": "Hep B, adolescent or pediatric"
        },
        "patient": {
          "reference": "urn:uuid:50b0efd6-543b-406a-b470-d7185f903783"
        },
        "encounter": {
          "reference": "urn:uuid:59f0734a-e92d-4c27-a0cd-518bd861b601"
        },
        "date": "2017-02-16T16:32:14-05:00",
        "primarySource": true,
        "resourceType": "Immunization"
      }
    },
    {
      "fullUrl": "urn:uuid:1d74b978-5310-4993-9e75-0aeb8c500a15",
      "resource": {
        "id": "1d74b978-5310-4993-9e75-0aeb8c500a15",
        "meta": {
          "profile": [
            "http://standardhealthrecord.org/fhir/StructureDefinition/shr-encounter-Encounter"
          ]
        },
        "status": "finished",
        "class": {
          "code": "outpatient"
        },
        "type": [
          {
            "coding": [
              {
                "system": "http://snomed.info/sct",
                "code": "170258001"
              }
            ],
            "text": "Outpatient Encounter"
          }
        ],
        "subject": {
          "reference": "urn:uuid:50b0efd6-543b-406a-b470-d7185f903783"
        },
        "period": {
          "start": "2017-04-02T06:59:54-04:00",
          "end": "2017-04-02T07:59:54-04:00"
        },
        "serviceProvider": {
          "reference": "urn:uuid:64addc2e-3a5b-4e28-a98f-f98c86d24aff"
        },
        "resourceType": "Encounter"
      }
    },
    {
      "fullUrl": "urn:uuid:f5fe39d9-1755-4332-8f7c-f0740977fd13",
      "resource": {
        "id": "f5fe39d9-1755-4332-8f7c-f0740977fd13",
        "status": "active",
        "use": "complete",
        "patient": {
          "reference": "urn:uuid:50b0efd6-543b-406a-b470-d7185f903783"
        },
        "billablePeriod": {
          "start": "2017-04-02T06:59:54-04:00",
          "end": "2017-04-02T07:59:54-04:00"
        },
        "organization": {
          "reference": {
            "reference": "urn:uuid:64addc2e-3a5b-4e28-a98f-f98c86d24aff"
          }
        },
        "item": [
          {
            "sequence": 1,
            "net": {
              "value": 125.0,
              "system": "urn:iso:std:iso:4217",
              "code": "USD"
            },
            "encounter": [
              {
                "reference": {
                  "fullUrl": "urn:uuid:1d74b978-5310-4993-9e75-0aeb8c500a15",
                  "resource": {
                    "id": "1d74b978-5310-4993-9e75-0aeb8c500a15",
                    "meta": {
                      "profile": [
                        "http://standardhealthrecord.org/fhir/StructureDefinition/shr-encounter-Encounter"
                      ]
                    },
                    "status": "finished",
                    "class": {
                      "code": "outpatient"
                    },
                    "type": [
                      {
                        "coding": [
                          {
                            "system": "http://snomed.info/sct",
                            "code": "170258001"
                          }
                        ],
                        "text": "Outpatient Encounter"
                      }
                    ],
                    "subject": {
                      "reference": "urn:uuid:50b0efd6-543b-406a-b470-d7185f903783"
                    },
                    "period": {
                      "start": "2017-04-02T06:59:54-04:00",
                      "end": "2017-04-02T07:59:54-04:00"
                    },
                    "serviceProvider": {
                      "reference": "urn:uuid:64addc2e-3a5b-4e28-a98f-f98c86d24aff"
                    },
                    "resourceType": "Encounter"
                  }
                }
              }
            ]
          },
          {
            "sequence": 2,
            "category": {
              "coding": [
                {
                  "system": "http://hl7.org/fhir/sid/cvx",
                  "code": "119",
                  "display": "rotavirus, monovalent"
                }
              ],
              "text": "rotavirus, monovalent"
            },
            "net": {
              "value": 136.0,
              "system": "urn:iso:std:iso:4217",
              "code": "USD"
            }
          },
          {
            "sequence": 3,
            "category": {
              "coding": [
                {
                  "system": "http://hl7.org/fhir/sid/cvx",
                  "code": "20",
                  "display": "DTaP"
                }
              ],
              "text": "DTaP"
            },
            "net": {
              "value": 136.0,
              "system": "urn:iso:std:iso:4217",
              "code": "USD"
            }
          },
          {
            "sequence": 4,
            "category": {
              "coding": [
                {
                  "system": "http://hl7.org/fhir/sid/cvx",
                  "code": "49",
                  "display": "Hib (PRP-OMP)"
                }
              ],
              "text": "Hib (PRP-OMP)"
            },
            "net": {
              "value": 136.0,
              "system": "urn:iso:std:iso:4217",
              "code": "USD"
            }
          },
          {
            "sequence": 5,
            "category": {
              "coding": [
                {
                  "system": "http://hl7.org/fhir/sid/cvx",
                  "code": "133",
                  "display": "Pneumococcal conjugate PCV 13"
                }
              ],
              "text": "Pneumococcal conjugate PCV 13"
            },
            "net": {
              "value": 136.0,
              "system": "urn:iso:std:iso:4217",
              "code": "USD"
            }
          },
          {
            "sequence": 6,
            "category": {
              "coding": [
                {
                  "system": "http://hl7.org/fhir/sid/cvx",
                  "code": "10",
                  "display": "IPV"
                }
              ],
              "text": "IPV"
            },
            "net": {
              "value": 136.0,
              "system": "urn:iso:std:iso:4217",
              "code": "USD"
            }
          }
        ],
        "total": {
          "value": 805.0,
          "system": "urn:iso:std:iso:4217",
          "code": "USD"
        },
        "resourceType": "Claim"
      }
    },
    {
      "fullUrl": "urn:uuid:42517173-3ea2-4b42-837f-8437ccd8e881",
      "resource": {
        "id": "42517173-3ea2-4b42-837f-8437ccd8e881",
        "meta": {
          "profile": [
            "http://standardhealthrecord.org/fhir/StructureDefinition/shr-observation-Observation",
            "http://standardhealthrecord.org/fhir/StructureDefinition/shr-vital-VitalSign",
            "http://standardhealthrecord.org/fhir/StructureDefinition/shr-vital-BodyHeight"
          ]
        },
        "status": "final",
        "category": [
          {
            "coding": [
              {
                "system": "http://hl7.org/fhir/observation-category",
                "code": "vital-signs"
              }
            ]
          }
        ],
        "code": {
          "coding": [
            {
              "system": "http://loinc.org",
              "code": "8302-2",
              "display": "Body Height"
            }
          ],
          "text": "Body Height"
        },
        "subject": {
          "reference": "urn:uuid:50b0efd6-543b-406a-b470-d7185f903783"
        },
        "context": {
          "reference": "urn:uuid:1d74b978-5310-4993-9e75-0aeb8c500a15"
        },
        "effectiveDateTime": "2017-04-02T06:59:54-04:00",
        "issued": "2017-04-02T06:59:54-04:00",
        "valueQuantity": {
          "value": 59.567884107194324,
          "unit": "cm",
          "system": "http://unitsofmeasure.org/",
          "code": "cm"
        },
        "resourceType": "Observation"
      }
    },
    {
      "fullUrl": "urn:uuid:9ae372a6-af48-4f30-9c32-269127cf0432",
      "resource": {
        "id": "9ae372a6-af48-4f30-9c32-269127cf0432",
        "meta": {
          "profile": [
            "http://standardhealthrecord.org/fhir/StructureDefinition/shr-observation-Observation",
            "http://standardhealthrecord.org/fhir/StructureDefinition/shr-vital-VitalSign",
            "http://standardhealthrecord.org/fhir/StructureDefinition/shr-vital-BodyWeight"
          ]
        },
        "status": "final",
        "category": [
          {
            "coding": [
              {
                "system": "http://hl7.org/fhir/observation-category",
                "code": "vital-signs"
              }
            ]
          }
        ],
        "code": {
          "coding": [
            {
              "system": "http://loinc.org",
              "code": "29463-7",
              "display": "Body Weight"
            }
          ],
          "text": "Body Weight"
        },
        "subject": {
          "reference": "urn:uuid:50b0efd6-543b-406a-b470-d7185f903783"
        },
        "context": {
          "reference": "urn:uuid:1d74b978-5310-4993-9e75-0aeb8c500a15"
        },
        "effectiveDateTime": "2017-04-02T06:59:54-04:00",
        "issued": "2017-04-02T06:59:54-04:00",
        "valueQuantity": {
          "value": 5.889795980219908,
          "unit": "kg",
          "system": "http://unitsofmeasure.org/",
          "code": "kg"
        },
        "resourceType": "Observation"
      }
    },
    {
      "fullUrl": "urn:uuid:8a920e19-c484-427b-ae39-2c0435ccb8dd",
      "resource": {
        "id": "8a920e19-c484-427b-ae39-2c0435ccb8dd",
        "meta": {
          "profile": [
            "http://standardhealthrecord.org/fhir/StructureDefinition/shr-observation-Observation",
            "http://standardhealthrecord.org/fhir/StructureDefinition/shr-vital-BloodPressure"
          ]
        },
        "status": "final",
        "category": [
          {
            "coding": [
              {
                "system": "http://hl7.org/fhir/observation-category",
                "code": "vital-signs"
              }
            ]
          }
        ],
        "code": {
          "coding": [
            {
              "system": "http://loinc.org",
              "code": "55284-4",
              "display": "Blood Pressure"
            }
          ]
        },
        "subject": {
          "reference": "urn:uuid:50b0efd6-543b-406a-b470-d7185f903783"
        },
        "context": {
          "reference": "urn:uuid:1d74b978-5310-4993-9e75-0aeb8c500a15"
        },
        "effectiveDateTime": "2017-04-02T06:59:54-04:00",
        "issued": "2017-04-02T06:59:54-04:00",
        "component": [
          {
            "code": {
              "coding": [
                {
                  "system": "http://loinc.org",
                  "code": "8480-6",
                  "display": "Systolic Blood Pressure"
                }
              ],
              "text": "Systolic Blood Pressure"
            },
            "valueQuantity": {
              "value": 133,
              "unit": "mmHg",
              "system": "http://unitsofmeasure.org/",
              "code": "mmHg"
            }
          },
          {
            "code": {
              "coding": [
                {
                  "system": "http://loinc.org",
                  "code": "8462-4",
                  "display": "Diastolic Blood Pressure"
                }
              ],
              "text": "Diastolic Blood Pressure"
            },
            "valueQuantity": {
              "value": 87,
              "unit": "mmHg",
              "system": "http://unitsofmeasure.org/",
              "code": "mmHg"
            }
          }
        ],
        "resourceType": "Observation"
      }
    },
    {
      "resource": {
        "meta": {
          "profile": [
            "http://standardhealthrecord.org/fhir/StructureDefinition/shr-immunization-Immunization"
          ]
        },
        "status": "completed",
        "notGiven": false,
        "vaccineCode": {
          "coding": [
            {
              "system": "http://hl7.org/fhir/sid/cvx",
              "code": "119",
              "display": "rotavirus, monovalent"
            }
          ],
          "text": "rotavirus, monovalent"
        },
        "patient": {
          "reference": "urn:uuid:50b0efd6-543b-406a-b470-d7185f903783"
        },
        "encounter": {
          "reference": "urn:uuid:1d74b978-5310-4993-9e75-0aeb8c500a15"
        },
        "date": "2017-04-02T06:59:54-04:00",
        "primarySource": true,
        "resourceType": "Immunization"
      }
    },
    {
      "resource": {
        "meta": {
          "profile": [
            "http://standardhealthrecord.org/fhir/StructureDefinition/shr-immunization-Immunization"
          ]
        },
        "status": "completed",
        "notGiven": false,
        "vaccineCode": {
          "coding": [
            {
              "system": "http://hl7.org/fhir/sid/cvx",
              "code": "20",
              "display": "DTaP"
            }
          ],
          "text": "DTaP"
        },
        "patient": {
          "reference": "urn:uuid:50b0efd6-543b-406a-b470-d7185f903783"
        },
        "encounter": {
          "reference": "urn:uuid:1d74b978-5310-4993-9e75-0aeb8c500a15"
        },
        "date": "2017-04-02T06:59:54-04:00",
        "primarySource": true,
        "resourceType": "Immunization"
      }
    },
    {
      "resource": {
        "meta": {
          "profile": [
            "http://standardhealthrecord.org/fhir/StructureDefinition/shr-immunization-Immunization"
          ]
        },
        "status": "completed",
        "notGiven": false,
        "vaccineCode": {
          "coding": [
            {
              "system": "http://hl7.org/fhir/sid/cvx",
              "code": "49",
              "display": "Hib (PRP-OMP)"
            }
          ],
          "text": "Hib (PRP-OMP)"
        },
        "patient": {
          "reference": "urn:uuid:50b0efd6-543b-406a-b470-d7185f903783"
        },
        "encounter": {
          "reference": "urn:uuid:1d74b978-5310-4993-9e75-0aeb8c500a15"
        },
        "date": "2017-04-02T06:59:54-04:00",
        "primarySource": true,
        "resourceType": "Immunization"
      }
    },
    {
      "resource": {
        "meta": {
          "profile": [
            "http://standardhealthrecord.org/fhir/StructureDefinition/shr-immunization-Immunization"
          ]
        },
        "status": "completed",
        "notGiven": false,
        "vaccineCode": {
          "coding": [
            {
              "system": "http://hl7.org/fhir/sid/cvx",
              "code": "133",
              "display": "Pneumococcal conjugate PCV 13"
            }
          ],
          "text": "Pneumococcal conjugate PCV 13"
        },
        "patient": {
          "reference": "urn:uuid:50b0efd6-543b-406a-b470-d7185f903783"
        },
        "encounter": {
          "reference": "urn:uuid:1d74b978-5310-4993-9e75-0aeb8c500a15"
        },
        "date": "2017-04-02T06:59:54-04:00",
        "primarySource": true,
        "resourceType": "Immunization"
      }
    },
    {
      "resource": {
        "meta": {
          "profile": [
            "http://standardhealthrecord.org/fhir/StructureDefinition/shr-immunization-Immunization"
          ]
        },
        "status": "completed",
        "notGiven": false,
        "vaccineCode": {
          "coding": [
            {
              "system": "http://hl7.org/fhir/sid/cvx",
              "code": "10",
              "display": "IPV"
            }
          ],
          "text": "IPV"
        },
        "patient": {
          "reference": "urn:uuid:50b0efd6-543b-406a-b470-d7185f903783"
        },
        "encounter": {
          "reference": "urn:uuid:1d74b978-5310-4993-9e75-0aeb8c500a15"
        },
        "date": "2017-04-02T06:59:54-04:00",
        "primarySource": true,
        "resourceType": "Immunization"
      }
    },
    {
      "fullUrl": "urn:uuid:03b61256-7f52-41ff-b15f-a8c7dec92ace",
      "resource": {
        "id": "03b61256-7f52-41ff-b15f-a8c7dec92ace",
        "meta": {
          "profile": [
            "http://standardhealthrecord.org/fhir/StructureDefinition/shr-encounter-Encounter"
          ]
        },
        "status": "finished",
        "class": {
          "code": "outpatient"
        },
        "type": [
          {
            "coding": [
              {
                "system": "http://snomed.info/sct",
                "code": "170258001"
              }
            ],
            "text": "Outpatient Encounter"
          }
        ],
        "subject": {
          "reference": "urn:uuid:50b0efd6-543b-406a-b470-d7185f903783"
        },
        "period": {
          "start": "2017-06-19T10:41:41-04:00",
          "end": "2017-06-19T11:41:41-04:00"
        },
        "serviceProvider": {
          "reference": "urn:uuid:64addc2e-3a5b-4e28-a98f-f98c86d24aff"
        },
        "resourceType": "Encounter"
      }
    },
    {
      "fullUrl": "urn:uuid:972e548f-115b-480d-b759-fdc8ca57552a",
      "resource": {
        "id": "972e548f-115b-480d-b759-fdc8ca57552a",
        "status": "active",
        "use": "complete",
        "patient": {
          "reference": "urn:uuid:50b0efd6-543b-406a-b470-d7185f903783"
        },
        "billablePeriod": {
          "start": "2017-06-19T10:41:41-04:00",
          "end": "2017-06-19T11:41:41-04:00"
        },
        "organization": {
          "reference": {
            "reference": "urn:uuid:64addc2e-3a5b-4e28-a98f-f98c86d24aff"
          }
        },
        "item": [
          {
            "sequence": 1,
            "net": {
              "value": 125.0,
              "system": "urn:iso:std:iso:4217",
              "code": "USD"
            },
            "encounter": [
              {
                "reference": {
                  "fullUrl": "urn:uuid:03b61256-7f52-41ff-b15f-a8c7dec92ace",
                  "resource": {
                    "id": "03b61256-7f52-41ff-b15f-a8c7dec92ace",
                    "meta": {
                      "profile": [
                        "http://standardhealthrecord.org/fhir/StructureDefinition/shr-encounter-Encounter"
                      ]
                    },
                    "status": "finished",
                    "class": {
                      "code": "outpatient"
                    },
                    "type": [
                      {
                        "coding": [
                          {
                            "system": "http://snomed.info/sct",
                            "code": "170258001"
                          }
                        ],
                        "text": "Outpatient Encounter"
                      }
                    ],
                    "subject": {
                      "reference": "urn:uuid:50b0efd6-543b-406a-b470-d7185f903783"
                    },
                    "period": {
                      "start": "2017-06-19T10:41:41-04:00",
                      "end": "2017-06-19T11:41:41-04:00"
                    },
                    "serviceProvider": {
                      "reference": "urn:uuid:64addc2e-3a5b-4e28-a98f-f98c86d24aff"
                    },
                    "resourceType": "Encounter"
                  }
                }
              }
            ]
          },
          {
            "sequence": 2,
            "category": {
              "coding": [
                {
                  "system": "http://hl7.org/fhir/sid/cvx",
                  "code": "119",
                  "display": "rotavirus, monovalent"
                }
              ],
              "text": "rotavirus, monovalent"
            },
            "net": {
              "value": 136.0,
              "system": "urn:iso:std:iso:4217",
              "code": "USD"
            }
          },
          {
            "sequence": 3,
            "category": {
              "coding": [
                {
                  "system": "http://hl7.org/fhir/sid/cvx",
                  "code": "20",
                  "display": "DTaP"
                }
              ],
              "text": "DTaP"
            },
            "net": {
              "value": 136.0,
              "system": "urn:iso:std:iso:4217",
              "code": "USD"
            }
          },
          {
            "sequence": 4,
            "category": {
              "coding": [
                {
                  "system": "http://hl7.org/fhir/sid/cvx",
                  "code": "49",
                  "display": "Hib (PRP-OMP)"
                }
              ],
              "text": "Hib (PRP-OMP)"
            },
            "net": {
              "value": 136.0,
              "system": "urn:iso:std:iso:4217",
              "code": "USD"
            }
          },
          {
            "sequence": 5,
            "category": {
              "coding": [
                {
                  "system": "http://hl7.org/fhir/sid/cvx",
                  "code": "133",
                  "display": "Pneumococcal conjugate PCV 13"
                }
              ],
              "text": "Pneumococcal conjugate PCV 13"
            },
            "net": {
              "value": 136.0,
              "system": "urn:iso:std:iso:4217",
              "code": "USD"
            }
          },
          {
            "sequence": 6,
            "category": {
              "coding": [
                {
                  "system": "http://hl7.org/fhir/sid/cvx",
                  "code": "10",
                  "display": "IPV"
                }
              ],
              "text": "IPV"
            },
            "net": {
              "value": 136.0,
              "system": "urn:iso:std:iso:4217",
              "code": "USD"
            }
          }
        ],
        "total": {
          "value": 805.0,
          "system": "urn:iso:std:iso:4217",
          "code": "USD"
        },
        "resourceType": "Claim"
      }
    },
    {
      "fullUrl": "urn:uuid:465d16eb-633f-4608-bbc4-65f5116e7e0c",
      "resource": {
        "id": "465d16eb-633f-4608-bbc4-65f5116e7e0c",
        "meta": {
          "profile": [
            "http://standardhealthrecord.org/fhir/StructureDefinition/shr-observation-Observation",
            "http://standardhealthrecord.org/fhir/StructureDefinition/shr-vital-VitalSign",
            "http://standardhealthrecord.org/fhir/StructureDefinition/shr-vital-BodyHeight"
          ]
        },
        "status": "final",
        "category": [
          {
            "coding": [
              {
                "system": "http://hl7.org/fhir/observation-category",
                "code": "vital-signs"
              }
            ]
          }
        ],
        "code": {
          "coding": [
            {
              "system": "http://loinc.org",
              "code": "8302-2",
              "display": "Body Height"
            }
          ],
          "text": "Body Height"
        },
        "subject": {
          "reference": "urn:uuid:50b0efd6-543b-406a-b470-d7185f903783"
        },
        "context": {
          "reference": "urn:uuid:03b61256-7f52-41ff-b15f-a8c7dec92ace"
        },
        "effectiveDateTime": "2017-06-19T10:41:41-04:00",
        "issued": "2017-06-19T10:41:41-04:00",
        "valueQuantity": {
          "value": 65.94589494246961,
          "unit": "cm",
          "system": "http://unitsofmeasure.org/",
          "code": "cm"
        },
        "resourceType": "Observation"
      }
    },
    {
      "fullUrl": "urn:uuid:edcc7681-e6cc-457c-b3da-d411a8a9e2ff",
      "resource": {
        "id": "edcc7681-e6cc-457c-b3da-d411a8a9e2ff",
        "meta": {
          "profile": [
            "http://standardhealthrecord.org/fhir/StructureDefinition/shr-observation-Observation",
            "http://standardhealthrecord.org/fhir/StructureDefinition/shr-vital-VitalSign",
            "http://standardhealthrecord.org/fhir/StructureDefinition/shr-vital-BodyWeight"
          ]
        },
        "status": "final",
        "category": [
          {
            "coding": [
              {
                "system": "http://hl7.org/fhir/observation-category",
                "code": "vital-signs"
              }
            ]
          }
        ],
        "code": {
          "coding": [
            {
              "system": "http://loinc.org",
              "code": "29463-7",
              "display": "Body Weight"
            }
          ],
          "text": "Body Weight"
        },
        "subject": {
          "reference": "urn:uuid:50b0efd6-543b-406a-b470-d7185f903783"
        },
        "context": {
          "reference": "urn:uuid:03b61256-7f52-41ff-b15f-a8c7dec92ace"
        },
        "effectiveDateTime": "2017-06-19T10:41:41-04:00",
        "issued": "2017-06-19T10:41:41-04:00",
        "valueQuantity": {
          "value": 7.798982965725348,
          "unit": "kg",
          "system": "http://unitsofmeasure.org/",
          "code": "kg"
        },
        "resourceType": "Observation"
      }
    },
    {
      "fullUrl": "urn:uuid:d7e61e79-4318-44f5-9382-d328cc11e796",
      "resource": {
        "id": "d7e61e79-4318-44f5-9382-d328cc11e796",
        "meta": {
          "profile": [
            "http://standardhealthrecord.org/fhir/StructureDefinition/shr-observation-Observation",
            "http://standardhealthrecord.org/fhir/StructureDefinition/shr-vital-BloodPressure"
          ]
        },
        "status": "final",
        "category": [
          {
            "coding": [
              {
                "system": "http://hl7.org/fhir/observation-category",
                "code": "vital-signs"
              }
            ]
          }
        ],
        "code": {
          "coding": [
            {
              "system": "http://loinc.org",
              "code": "55284-4",
              "display": "Blood Pressure"
            }
          ]
        },
        "subject": {
          "reference": "urn:uuid:50b0efd6-543b-406a-b470-d7185f903783"
        },
        "context": {
          "reference": "urn:uuid:03b61256-7f52-41ff-b15f-a8c7dec92ace"
        },
        "effectiveDateTime": "2017-06-19T10:41:41-04:00",
        "issued": "2017-06-19T10:41:41-04:00",
        "component": [
          {
            "code": {
              "coding": [
                {
                  "system": "http://loinc.org",
                  "code": "8480-6",
                  "display": "Systolic Blood Pressure"
                }
              ],
              "text": "Systolic Blood Pressure"
            },
            "valueQuantity": {
              "value": 128,
              "unit": "mmHg",
              "system": "http://unitsofmeasure.org/",
              "code": "mmHg"
            }
          },
          {
            "code": {
              "coding": [
                {
                  "system": "http://loinc.org",
                  "code": "8462-4",
                  "display": "Diastolic Blood Pressure"
                }
              ],
              "text": "Diastolic Blood Pressure"
            },
            "valueQuantity": {
              "value": 82,
              "unit": "mmHg",
              "system": "http://unitsofmeasure.org/",
              "code": "mmHg"
            }
          }
        ],
        "resourceType": "Observation"
      }
    },
    {
      "resource": {
        "meta": {
          "profile": [
            "http://standardhealthrecord.org/fhir/StructureDefinition/shr-immunization-Immunization"
          ]
        },
        "status": "completed",
        "notGiven": false,
        "vaccineCode": {
          "coding": [
            {
              "system": "http://hl7.org/fhir/sid/cvx",
              "code": "119",
              "display": "rotavirus, monovalent"
            }
          ],
          "text": "rotavirus, monovalent"
        },
        "patient": {
          "reference": "urn:uuid:50b0efd6-543b-406a-b470-d7185f903783"
        },
        "encounter": {
          "reference": "urn:uuid:03b61256-7f52-41ff-b15f-a8c7dec92ace"
        },
        "date": "2017-06-19T10:41:41-04:00",
        "primarySource": true,
        "resourceType": "Immunization"
      }
    },
    {
      "resource": {
        "meta": {
          "profile": [
            "http://standardhealthrecord.org/fhir/StructureDefinition/shr-immunization-Immunization"
          ]
        },
        "status": "completed",
        "notGiven": false,
        "vaccineCode": {
          "coding": [
            {
              "system": "http://hl7.org/fhir/sid/cvx",
              "code": "20",
              "display": "DTaP"
            }
          ],
          "text": "DTaP"
        },
        "patient": {
          "reference": "urn:uuid:50b0efd6-543b-406a-b470-d7185f903783"
        },
        "encounter": {
          "reference": "urn:uuid:03b61256-7f52-41ff-b15f-a8c7dec92ace"
        },
        "date": "2017-06-19T10:41:41-04:00",
        "primarySource": true,
        "resourceType": "Immunization"
      }
    },
    {
      "resource": {
        "meta": {
          "profile": [
            "http://standardhealthrecord.org/fhir/StructureDefinition/shr-immunization-Immunization"
          ]
        },
        "status": "completed",
        "notGiven": false,
        "vaccineCode": {
          "coding": [
            {
              "system": "http://hl7.org/fhir/sid/cvx",
              "code": "49",
              "display": "Hib (PRP-OMP)"
            }
          ],
          "text": "Hib (PRP-OMP)"
        },
        "patient": {
          "reference": "urn:uuid:50b0efd6-543b-406a-b470-d7185f903783"
        },
        "encounter": {
          "reference": "urn:uuid:03b61256-7f52-41ff-b15f-a8c7dec92ace"
        },
        "date": "2017-06-19T10:41:41-04:00",
        "primarySource": true,
        "resourceType": "Immunization"
      }
    },
    {
      "resource": {
        "meta": {
          "profile": [
            "http://standardhealthrecord.org/fhir/StructureDefinition/shr-immunization-Immunization"
          ]
        },
        "status": "completed",
        "notGiven": false,
        "vaccineCode": {
          "coding": [
            {
              "system": "http://hl7.org/fhir/sid/cvx",
              "code": "133",
              "display": "Pneumococcal conjugate PCV 13"
            }
          ],
          "text": "Pneumococcal conjugate PCV 13"
        },
        "patient": {
          "reference": "urn:uuid:50b0efd6-543b-406a-b470-d7185f903783"
        },
        "encounter": {
          "reference": "urn:uuid:03b61256-7f52-41ff-b15f-a8c7dec92ace"
        },
        "date": "2017-06-19T10:41:41-04:00",
        "primarySource": true,
        "resourceType": "Immunization"
      }
    },
    {
      "resource": {
        "meta": {
          "profile": [
            "http://standardhealthrecord.org/fhir/StructureDefinition/shr-immunization-Immunization"
          ]
        },
        "status": "completed",
        "notGiven": false,
        "vaccineCode": {
          "coding": [
            {
              "system": "http://hl7.org/fhir/sid/cvx",
              "code": "10",
              "display": "IPV"
            }
          ],
          "text": "IPV"
        },
        "patient": {
          "reference": "urn:uuid:50b0efd6-543b-406a-b470-d7185f903783"
        },
        "encounter": {
          "reference": "urn:uuid:03b61256-7f52-41ff-b15f-a8c7dec92ace"
        },
        "date": "2017-06-19T10:41:41-04:00",
        "primarySource": true,
        "resourceType": "Immunization"
      }
    },
    {
      "fullUrl": "urn:uuid:942c69c6-0bc7-431c-bb66-c8a5a64ecd8a",
      "resource": {
        "id": "942c69c6-0bc7-431c-bb66-c8a5a64ecd8a",
        "meta": {
          "profile": [
            "http://standardhealthrecord.org/fhir/StructureDefinition/shr-encounter-Encounter"
          ]
        },
        "status": "finished",
        "class": {
          "code": "outpatient"
        },
        "type": [
          {
            "coding": [
              {
                "system": "http://snomed.info/sct",
                "code": "170258001"
              }
            ],
            "text": "Outpatient Encounter"
          }
        ],
        "subject": {
          "reference": "urn:uuid:50b0efd6-543b-406a-b470-d7185f903783"
        },
        "period": {
          "start": "2017-08-22T09:27:45-04:00",
          "end": "2017-08-22T10:27:45-04:00"
        },
        "serviceProvider": {
          "reference": "urn:uuid:64addc2e-3a5b-4e28-a98f-f98c86d24aff"
        },
        "resourceType": "Encounter"
      }
    },
    {
      "fullUrl": "urn:uuid:0704d3dd-4b0b-411f-b0c9-a39930b26a50",
      "resource": {
        "id": "0704d3dd-4b0b-411f-b0c9-a39930b26a50",
        "status": "active",
        "use": "complete",
        "patient": {
          "reference": "urn:uuid:50b0efd6-543b-406a-b470-d7185f903783"
        },
        "billablePeriod": {
          "start": "2017-08-22T09:27:45-04:00",
          "end": "2017-08-22T10:27:45-04:00"
        },
        "organization": {
          "reference": {
            "reference": "urn:uuid:64addc2e-3a5b-4e28-a98f-f98c86d24aff"
          }
        },
        "item": [
          {
            "sequence": 1,
            "net": {
              "value": 125.0,
              "system": "urn:iso:std:iso:4217",
              "code": "USD"
            },
            "encounter": [
              {
                "reference": {
                  "fullUrl": "urn:uuid:942c69c6-0bc7-431c-bb66-c8a5a64ecd8a",
                  "resource": {
                    "id": "942c69c6-0bc7-431c-bb66-c8a5a64ecd8a",
                    "meta": {
                      "profile": [
                        "http://standardhealthrecord.org/fhir/StructureDefinition/shr-encounter-Encounter"
                      ]
                    },
                    "status": "finished",
                    "class": {
                      "code": "outpatient"
                    },
                    "type": [
                      {
                        "coding": [
                          {
                            "system": "http://snomed.info/sct",
                            "code": "170258001"
                          }
                        ],
                        "text": "Outpatient Encounter"
                      }
                    ],
                    "subject": {
                      "reference": "urn:uuid:50b0efd6-543b-406a-b470-d7185f903783"
                    },
                    "period": {
                      "start": "2017-08-22T09:27:45-04:00",
                      "end": "2017-08-22T10:27:45-04:00"
                    },
                    "serviceProvider": {
                      "reference": "urn:uuid:64addc2e-3a5b-4e28-a98f-f98c86d24aff"
                    },
                    "resourceType": "Encounter"
                  }
                }
              }
            ]
          },
          {
            "sequence": 2,
            "category": {
              "coding": [
                {
                  "system": "http://hl7.org/fhir/sid/cvx",
                  "code": "08",
                  "display": "Hep B, adolescent or pediatric"
                }
              ],
              "text": "Hep B, adolescent or pediatric"
            },
            "net": {
              "value": 136.0,
              "system": "urn:iso:std:iso:4217",
              "code": "USD"
            }
          },
          {
            "sequence": 3,
            "category": {
              "coding": [
                {
                  "system": "http://hl7.org/fhir/sid/cvx",
                  "code": "20",
                  "display": "DTaP"
                }
              ],
              "text": "DTaP"
            },
            "net": {
              "value": 136.0,
              "system": "urn:iso:std:iso:4217",
              "code": "USD"
            }
          },
          {
            "sequence": 4,
            "category": {
              "coding": [
                {
                  "system": "http://hl7.org/fhir/sid/cvx",
                  "code": "133",
                  "display": "Pneumococcal conjugate PCV 13"
                }
              ],
              "text": "Pneumococcal conjugate PCV 13"
            },
            "net": {
              "value": 136.0,
              "system": "urn:iso:std:iso:4217",
              "code": "USD"
            }
          },
          {
            "sequence": 5,
            "category": {
              "coding": [
                {
                  "system": "http://hl7.org/fhir/sid/cvx",
                  "code": "10",
                  "display": "IPV"
                }
              ],
              "text": "IPV"
            },
            "net": {
              "value": 136.0,
              "system": "urn:iso:std:iso:4217",
              "code": "USD"
            }
          },
          {
            "sequence": 6,
            "category": {
              "coding": [
                {
                  "system": "http://hl7.org/fhir/sid/cvx",
                  "code": "140",
                  "display": "Influenza, seasonal, injectable, preservative free"
                }
              ],
              "text": "Influenza, seasonal, injectable, preservative free"
            },
            "net": {
              "value": 136.0,
              "system": "urn:iso:std:iso:4217",
              "code": "USD"
            }
          }
        ],
        "total": {
          "value": 805.0,
          "system": "urn:iso:std:iso:4217",
          "code": "USD"
        },
        "resourceType": "Claim"
      }
    },
    {
      "fullUrl": "urn:uuid:15d1b086-88de-4a62-9326-5e3d5cb9ece9",
      "resource": {
        "id": "15d1b086-88de-4a62-9326-5e3d5cb9ece9",
        "meta": {
          "profile": [
            "http://standardhealthrecord.org/fhir/StructureDefinition/shr-observation-Observation",
            "http://standardhealthrecord.org/fhir/StructureDefinition/shr-vital-VitalSign",
            "http://standardhealthrecord.org/fhir/StructureDefinition/shr-vital-BodyHeight"
          ]
        },
        "status": "final",
        "category": [
          {
            "coding": [
              {
                "system": "http://hl7.org/fhir/observation-category",
                "code": "vital-signs"
              }
            ]
          }
        ],
        "code": {
          "coding": [
            {
              "system": "http://loinc.org",
              "code": "8302-2",
              "display": "Body Height"
            }
          ],
          "text": "Body Height"
        },
        "subject": {
          "reference": "urn:uuid:50b0efd6-543b-406a-b470-d7185f903783"
        },
        "context": {
          "reference": "urn:uuid:942c69c6-0bc7-431c-bb66-c8a5a64ecd8a"
        },
        "effectiveDateTime": "2017-08-22T09:27:45-04:00",
        "issued": "2017-08-22T09:27:45-04:00",
        "valueQuantity": {
          "value": 69.30500990873418,
          "unit": "cm",
          "system": "http://unitsofmeasure.org/",
          "code": "cm"
        },
        "resourceType": "Observation"
      }
    },
    {
      "fullUrl": "urn:uuid:e344896f-3c38-49b0-bc53-b6de493afed6",
      "resource": {
        "id": "e344896f-3c38-49b0-bc53-b6de493afed6",
        "meta": {
          "profile": [
            "http://standardhealthrecord.org/fhir/StructureDefinition/shr-observation-Observation",
            "http://standardhealthrecord.org/fhir/StructureDefinition/shr-vital-VitalSign",
            "http://standardhealthrecord.org/fhir/StructureDefinition/shr-vital-BodyWeight"
          ]
        },
        "status": "final",
        "category": [
          {
            "coding": [
              {
                "system": "http://hl7.org/fhir/observation-category",
                "code": "vital-signs"
              }
            ]
          }
        ],
        "code": {
          "coding": [
            {
              "system": "http://loinc.org",
              "code": "29463-7",
              "display": "Body Weight"
            }
          ],
          "text": "Body Weight"
        },
        "subject": {
          "reference": "urn:uuid:50b0efd6-543b-406a-b470-d7185f903783"
        },
        "context": {
          "reference": "urn:uuid:942c69c6-0bc7-431c-bb66-c8a5a64ecd8a"
        },
        "effectiveDateTime": "2017-08-22T09:27:45-04:00",
        "issued": "2017-08-22T09:27:45-04:00",
        "valueQuantity": {
          "value": 8.82126181179087,
          "unit": "kg",
          "system": "http://unitsofmeasure.org/",
          "code": "kg"
        },
        "resourceType": "Observation"
      }
    },
    {
      "fullUrl": "urn:uuid:7a70d2de-9be2-470c-b387-a14db9ab12c2",
      "resource": {
        "id": "7a70d2de-9be2-470c-b387-a14db9ab12c2",
        "meta": {
          "profile": [
            "http://standardhealthrecord.org/fhir/StructureDefinition/shr-observation-Observation",
            "http://standardhealthrecord.org/fhir/StructureDefinition/shr-vital-BloodPressure"
          ]
        },
        "status": "final",
        "category": [
          {
            "coding": [
              {
                "system": "http://hl7.org/fhir/observation-category",
                "code": "vital-signs"
              }
            ]
          }
        ],
        "code": {
          "coding": [
            {
              "system": "http://loinc.org",
              "code": "55284-4",
              "display": "Blood Pressure"
            }
          ]
        },
        "subject": {
          "reference": "urn:uuid:50b0efd6-543b-406a-b470-d7185f903783"
        },
        "context": {
          "reference": "urn:uuid:942c69c6-0bc7-431c-bb66-c8a5a64ecd8a"
        },
        "effectiveDateTime": "2017-08-22T09:27:45-04:00",
        "issued": "2017-08-22T09:27:45-04:00",
        "component": [
          {
            "code": {
              "coding": [
                {
                  "system": "http://loinc.org",
                  "code": "8480-6",
                  "display": "Systolic Blood Pressure"
                }
              ],
              "text": "Systolic Blood Pressure"
            },
            "valueQuantity": {
              "value": 101,
              "unit": "mmHg",
              "system": "http://unitsofmeasure.org/",
              "code": "mmHg"
            }
          },
          {
            "code": {
              "coding": [
                {
                  "system": "http://loinc.org",
                  "code": "8462-4",
                  "display": "Diastolic Blood Pressure"
                }
              ],
              "text": "Diastolic Blood Pressure"
            },
            "valueQuantity": {
              "value": 87,
              "unit": "mmHg",
              "system": "http://unitsofmeasure.org/",
              "code": "mmHg"
            }
          }
        ],
        "resourceType": "Observation"
      }
    },
    {
      "resource": {
        "meta": {
          "profile": [
            "http://standardhealthrecord.org/fhir/StructureDefinition/shr-immunization-Immunization"
          ]
        },
        "status": "completed",
        "notGiven": false,
        "vaccineCode": {
          "coding": [
            {
              "system": "http://hl7.org/fhir/sid/cvx",
              "code": "08",
              "display": "Hep B, adolescent or pediatric"
            }
          ],
          "text": "Hep B, adolescent or pediatric"
        },
        "patient": {
          "reference": "urn:uuid:50b0efd6-543b-406a-b470-d7185f903783"
        },
        "encounter": {
          "reference": "urn:uuid:942c69c6-0bc7-431c-bb66-c8a5a64ecd8a"
        },
        "date": "2017-08-22T09:27:45-04:00",
        "primarySource": true,
        "resourceType": "Immunization"
      }
    },
    {
      "resource": {
        "meta": {
          "profile": [
            "http://standardhealthrecord.org/fhir/StructureDefinition/shr-immunization-Immunization"
          ]
        },
        "status": "completed",
        "notGiven": false,
        "vaccineCode": {
          "coding": [
            {
              "system": "http://hl7.org/fhir/sid/cvx",
              "code": "20",
              "display": "DTaP"
            }
          ],
          "text": "DTaP"
        },
        "patient": {
          "reference": "urn:uuid:50b0efd6-543b-406a-b470-d7185f903783"
        },
        "encounter": {
          "reference": "urn:uuid:942c69c6-0bc7-431c-bb66-c8a5a64ecd8a"
        },
        "date": "2017-08-22T09:27:45-04:00",
        "primarySource": true,
        "resourceType": "Immunization"
      }
    },
    {
      "resource": {
        "meta": {
          "profile": [
            "http://standardhealthrecord.org/fhir/StructureDefinition/shr-immunization-Immunization"
          ]
        },
        "status": "completed",
        "notGiven": false,
        "vaccineCode": {
          "coding": [
            {
              "system": "http://hl7.org/fhir/sid/cvx",
              "code": "133",
              "display": "Pneumococcal conjugate PCV 13"
            }
          ],
          "text": "Pneumococcal conjugate PCV 13"
        },
        "patient": {
          "reference": "urn:uuid:50b0efd6-543b-406a-b470-d7185f903783"
        },
        "encounter": {
          "reference": "urn:uuid:942c69c6-0bc7-431c-bb66-c8a5a64ecd8a"
        },
        "date": "2017-08-22T09:27:45-04:00",
        "primarySource": true,
        "resourceType": "Immunization"
      }
    },
    {
      "resource": {
        "meta": {
          "profile": [
            "http://standardhealthrecord.org/fhir/StructureDefinition/shr-immunization-Immunization"
          ]
        },
        "status": "completed",
        "notGiven": false,
        "vaccineCode": {
          "coding": [
            {
              "system": "http://hl7.org/fhir/sid/cvx",
              "code": "10",
              "display": "IPV"
            }
          ],
          "text": "IPV"
        },
        "patient": {
          "reference": "urn:uuid:50b0efd6-543b-406a-b470-d7185f903783"
        },
        "encounter": {
          "reference": "urn:uuid:942c69c6-0bc7-431c-bb66-c8a5a64ecd8a"
        },
        "date": "2017-08-22T09:27:45-04:00",
        "primarySource": true,
        "resourceType": "Immunization"
      }
    },
    {
      "resource": {
        "meta": {
          "profile": [
            "http://standardhealthrecord.org/fhir/StructureDefinition/shr-immunization-Immunization"
          ]
        },
        "status": "completed",
        "notGiven": false,
        "vaccineCode": {
          "coding": [
            {
              "system": "http://hl7.org/fhir/sid/cvx",
              "code": "140",
              "display": "Influenza, seasonal, injectable, preservative free"
            }
          ],
          "text": "Influenza, seasonal, injectable, preservative free"
        },
        "patient": {
          "reference": "urn:uuid:50b0efd6-543b-406a-b470-d7185f903783"
        },
        "encounter": {
          "reference": "urn:uuid:942c69c6-0bc7-431c-bb66-c8a5a64ecd8a"
        },
        "date": "2017-08-22T09:27:45-04:00",
        "primarySource": true,
        "resourceType": "Immunization"
      }
    },
    {
      "fullUrl": "urn:uuid:2a4a03c7-5dfd-431a-8559-ecef1ee84e56",
      "resource": {
        "id": "2a4a03c7-5dfd-431a-8559-ecef1ee84e56",
        "meta": {
          "profile": [
            "http://standardhealthrecord.org/fhir/StructureDefinition/shr-observation-Observation"
          ]
        },
        "status": "final",
        "category": [
          {
            "coding": [
              {
                "system": "http://hl7.org/fhir/observation-category",
                "code": "survey"
              }
            ]
          }
        ],
        "code": {
          "coding": [
            {
              "system": "http://snomed.info/sct",
              "code": "273724008",
              "display": "Quality adjusted life years"
            }
          ],
          "text": "Quality adjusted life years"
        },
        "subject": {
          "reference": "urn:uuid:50b0efd6-543b-406a-b470-d7185f903783"
        },
        "effectiveDateTime": "2017-10-31T16:09:28-04:00",
        "issued": "2017-10-31T16:09:28-04:00",
        "valueQuantity": {
          "value": 0,
          "unit": "years",
          "system": "http://unitsofmeasure.org/",
          "code": "years"
        },
        "resourceType": "Observation"
      }
    },
    {
      "fullUrl": "urn:uuid:424e8c43-e5d6-4322-b4cd-cea0275c7b7c",
      "resource": {
        "id": "424e8c43-e5d6-4322-b4cd-cea0275c7b7c",
        "meta": {
          "profile": [
            "http://standardhealthrecord.org/fhir/StructureDefinition/shr-observation-Observation"
          ]
        },
        "status": "final",
        "category": [
          {
            "coding": [
              {
                "system": "http://hl7.org/fhir/observation-category",
                "code": "survey"
              }
            ]
          }
        ],
        "code": {
          "coding": [
            {
              "system": "http://snomed.info/sct",
              "code": "273421001",
              "display": "Disability rating scale"
            }
          ],
          "text": "Disability rating scale"
        },
        "subject": {
          "reference": "urn:uuid:50b0efd6-543b-406a-b470-d7185f903783"
        },
        "effectiveDateTime": "2017-10-31T16:09:28-04:00",
        "issued": "2017-10-31T16:09:28-04:00",
        "valueQuantity": {
          "value": 0,
          "unit": "years",
          "system": "http://unitsofmeasure.org/",
          "code": "years"
        },
        "resourceType": "Observation"
      }
    }
  ],
  "resourceType": "Bundle"
}