{
  "type": "collection",
  "entry": [
    {
      "fullUrl": "urn:uuid:adcb5f04-8656-4f65-a2ca-205839713438",
      "resource": {
        "id": "adcb5f04-8656-4f65-a2ca-205839713438",
        "meta": {
          "profile": [
            "http://standardhealthrecord.org/fhir/StructureDefinition/shr-actor-Organization"
          ]
        },
        "type": [
          {
            "coding": [
              {
                "system": "http://hl7.org/fhir/organization-type",
                "code": "prov",
                "display": "Healthcare Provider"
              }
            ],
            "text": "Healthcare Provider"
          }
        ],
        "name": "GOOD SAMARITAN M C @ BROCKTON NEIGH",
        "resourceType": "Organization"
      }
    },
    {
      "fullUrl": "urn:uuid:2b31f896-adc0-4802-a544-0fd1f54c048b",
      "resource": {
        "id": "2b31f896-adc0-4802-a544-0fd1f54c048b",
        "meta": {
          "profile": [
            "http://standardhealthrecord.org/fhir/StructureDefinition/shr-demographics-PersonOfRecord"
          ]
        },
        "text": {
          "status": "generated",
          "div": "<div xmlns=\"http://www.w3.org/1999/xhtml\">Generated by <a href=\"https://github.com/synthetichealth/synthea\">Synthea</a>. Version identifier: 368ac389f34cd3ce3986aa3a0a08e467bf574db3</div>"
        },
        "extension": [
          {
            "url": "http://hl7.org/fhir/us/core/StructureDefinition/us-core-race",
            "valueCodeableConcept": {
              "coding": [
                {
                  "system": "http://hl7.org/fhir/v3/Race",
                  "code": "2106-3",
                  "display": "White"
                }
              ],
              "text": "race"
            }
          },
          {
            "url": "http://hl7.org/fhir/us/core/StructureDefinition/us-core-ethnicity",
            "valueCodeableConcept": {
              "coding": [
                {
                  "system": "http://hl7.org/fhir/v3/Ethnicity",
                  "code": "2186-5",
                  "display": "Nonhispanic"
                }
              ],
              "text": "ethnicity"
            }
          },
          {
            "url": "http://hl7.org/fhir/StructureDefinition/birthPlace",
            "valueAddress": {
              "city": "Medford",
              "state": "MA",
              "country": "US"
            }
          },
          {
            "url": "http://hl7.org/fhir/StructureDefinition/patient-mothersMaidenName",
            "valueString": "Josette502 Gislason658"
          },
          {
            "url": "http://hl7.org/fhir/us/core/StructureDefinition/us-core-birthsex",
            "valueCode": "F"
          },
          {
            "url": "http://hl7.org/fhir/StructureDefinition/patient-interpreterRequired",
            "valueBoolean": false
          },
          {
            "url": "http://standardhealthrecord.org/fhir/StructureDefinition/shr-actor-FictionalPerson-extension",
            "valueBoolean": true
          },
          {
            "url": "http://standardhealthrecord.org/fhir/StructureDefinition/shr-demographics-FathersName-extension",
            "valueHumanName": {
              "text": "Zackary144 Bashirian29"
            }
          },
          {
            "url": "http://standardhealthrecord.org/fhir/StructureDefinition/shr-demographics-SocialSecurityNumber-extension",
            "valueString": "999-59-9186"
          }
        ],
        "identifier": [
          {
            "system": "https://github.com/synthetichealth/synthea",
            "value": "e2f8c66a-ea94-4599-bf70-c62327c1b7c0"
          },
          {
            "type": {
              "coding": [
                {
                  "system": "http://hl7.org/fhir/identifier-type",
                  "code": "SB"
                }
              ]
            },
            "system": "http://hl7.org/fhir/sid/us-ssn",
            "value": "999599186"
          },
          {
            "type": {
              "coding": [
                {
                  "system": "http://hl7.org/fhir/v2/0203",
                  "code": "MR"
                }
              ]
            },
            "system": "http://hospital.smarthealthit.org",
            "value": "e2f8c66a-ea94-4599-bf70-c62327c1b7c0"
          }
        ],
        "name": [
          {
            "use": "official",
            "family": "Bashirian29",
            "given": [
              "Loan653"
            ]
          }
        ],
        "telecom": [
          {
            "system": "phone",
            "value": "449.155.5243 x075",
            "use": "home"
          }
        ],
        "gender": "female",
        "birthDate": "1916-12-15",
        "deceasedDateTime": "1920-02-19T16:14:23-05:00",
        "address": [
          {
            "extension": [
              {
                "extension": [
                  {
                    "url": "latitude",
                    "valueDecimal": 42.0663597555045
                  },
                  {
                    "url": "longitude",
                    "valueDecimal": -71.02471339372418
                  }
                ],
                "url": "http://hl7.org/fhir/StructureDefinition/geolocation"
              }
            ],
            "line": [
              "301 Eula Radial",
              "Suite 298"
            ],
            "city": "Brockton",
            "state": "MA",
            "postalCode": "02305",
            "country": "US"
          }
        ],
        "maritalStatus": {
          "coding": [
            {
              "system": "http://hl7.org/fhir/v3/MaritalStatus",
              "code": "S"
            }
          ],
          "text": "Never Married"
        },
        "multipleBirthBoolean": false,
        "communication": [
          {
            "language": {
              "coding": [
                {
                  "system": "http://hl7.org/fhir/ValueSet/languages",
                  "code": "en-US",
                  "display": "English (United States)"
                }
              ]
            }
          }
        ],
        "generalPractitioner": [
          {
            "reference": "urn:uuid:adcb5f04-8656-4f65-a2ca-205839713438"
          }
        ],
        "resourceType": "Patient"
      }
    },
    {
      "fullUrl": "urn:uuid:c96d65ea-68d8-408f-b317-d3c860dc4fec",
      "resource": {
        "id": "c96d65ea-68d8-408f-b317-d3c860dc4fec",
        "meta": {
          "profile": [
            "http://standardhealthrecord.org/fhir/StructureDefinition/shr-encounter-Encounter"
          ]
        },
        "status": "finished",
        "class": {
          "code": "ambulatory"
        },
        "type": [
          {
            "coding": [
              {
                "system": "http://snomed.info/sct",
                "code": "308646001"
              }
            ],
            "text": "Death Certification"
          }
        ],
        "subject": {
          "reference": "urn:uuid:2b31f896-adc0-4802-a544-0fd1f54c048b"
        },
        "period": {
          "start": "1920-02-19T16:14:23-05:00",
          "end": "1920-02-19T16:29:23-05:00"
        },
        "serviceProvider": {
          "reference": "urn:uuid:adcb5f04-8656-4f65-a2ca-205839713438"
        },
        "resourceType": "Encounter"
      }
    },
    {
      "fullUrl": "urn:uuid:f57e6780-1f7f-4729-bd59-17219c9eb52a",
      "resource": {
        "id": "f57e6780-1f7f-4729-bd59-17219c9eb52a",
        "status": "active",
        "use": "complete",
        "patient": {
          "reference": "urn:uuid:2b31f896-adc0-4802-a544-0fd1f54c048b"
        },
        "billablePeriod": {
          "start": "1920-02-19T16:14:23-05:00",
          "end": "1920-02-19T16:29:23-05:00"
        },
        "organization": {
          "reference": {
            "reference": "urn:uuid:adcb5f04-8656-4f65-a2ca-205839713438"
          }
        },
        "diagnosis": [
          {
            "sequence": 1,
            "diagnosisReference": {
              "reference": "urn:uuid:7c7ea909-3e7b-4226-9e82-0c7064dfe0dd"
            }
          }
        ],
        "item": [
          {
            "sequence": 1,
            "net": {
              "value": 125.0,
              "system": "urn:iso:std:iso:4217",
              "code": "USD"
            },
            "encounter": [
              {
                "reference": {
                  "fullUrl": "urn:uuid:c96d65ea-68d8-408f-b317-d3c860dc4fec",
                  "resource": {
                    "id": "c96d65ea-68d8-408f-b317-d3c860dc4fec",
                    "meta": {
                      "profile": [
                        "http://standardhealthrecord.org/fhir/StructureDefinition/shr-encounter-Encounter"
                      ]
                    },
                    "status": "finished",
                    "class": {
                      "code": "ambulatory"
                    },
                    "type": [
                      {
                        "coding": [
                          {
                            "system": "http://snomed.info/sct",
                            "code": "308646001"
                          }
                        ],
                        "text": "Death Certification"
                      }
                    ],
                    "subject": {
                      "reference": "urn:uuid:2b31f896-adc0-4802-a544-0fd1f54c048b"
                    },
                    "period": {
                      "start": "1920-02-19T16:14:23-05:00",
                      "end": "1920-02-19T16:29:23-05:00"
                    },
                    "serviceProvider": {
                      "reference": "urn:uuid:adcb5f04-8656-4f65-a2ca-205839713438"
                    },
                    "resourceType": "Encounter"
                  }
                }
              }
            ]
          },
          {
            "sequence": 2,
            "diagnosisLinkId": [
              1
            ],
            "net": {
              "value": 0.0,
              "system": "urn:iso:std:iso:4217",
              "code": "USD"
            }
          }
        ],
        "total": {
          "value": 125.0,
          "system": "urn:iso:std:iso:4217",
          "code": "USD"
        },
        "resourceType": "Claim"
      }
    },
    {
      "fullUrl": "urn:uuid:7c7ea909-3e7b-4226-9e82-0c7064dfe0dd",
      "resource": {
        "id": "7c7ea909-3e7b-4226-9e82-0c7064dfe0dd",
        "meta": {
          "profile": [
            "http://standardhealthrecord.org/fhir/StructureDefinition/shr-problem-Problem"
          ]
        },
        "clinicalStatus": "active",
        "verificationStatus": "confirmed",
        "code": {
          "coding": [
            {
              "system": "http://snomed.info/sct",
              "code": "110030002",
              "display": "Concussion injury of brain"
            }
          ],
          "text": "Concussion injury of brain"
        },
        "subject": {
          "reference": "urn:uuid:2b31f896-adc0-4802-a544-0fd1f54c048b"
        },
        "context": {
          "reference": "urn:uuid:c96d65ea-68d8-408f-b317-d3c860dc4fec"
        },
        "onsetDateTime": "1920-02-19T16:14:23-05:00",
        "assertedDate": "1920-02-19",
        "resourceType": "Condition"
      }
    },
    {
      "fullUrl": "urn:uuid:0dfee629-b894-4906-83ed-bd6791264566",
      "resource": {
        "id": "0dfee629-b894-4906-83ed-bd6791264566",
        "meta": {
          "profile": [
            "http://standardhealthrecord.org/fhir/StructureDefinition/shr-observation-Observation"
          ]
        },
        "status": "final",
        "category": [
          {
            "coding": [
              {
                "system": "http://hl7.org/fhir/observation-category"
              }
            ]
          }
        ],
        "code": {
          "coding": [
            {
              "system": "http://loinc.org",
              "code": "69453-9",
              "display": "Cause of Death [US Standard Certificate of Death]"
            }
          ],
          "text": "Cause of Death [US Standard Certificate of Death]"
        },
        "subject": {
          "reference": "urn:uuid:2b31f896-adc0-4802-a544-0fd1f54c048b"
        },
        "context": {
          "reference": "urn:uuid:c96d65ea-68d8-408f-b317-d3c860dc4fec"
        },
        "effectiveDateTime": "1920-02-19T16:14:23-05:00",
        "issued": "1920-02-19T16:14:23-05:00",
        "valueCodeableConcept": {
          "coding": [
            {
              "system": "http://snomed.info/sct",
              "code": "110030002",
              "display": "Concussion injury of brain"
            }
          ],
          "text": "Concussion injury of brain"
        },
        "resourceType": "Observation"
      }
    },
    {
      "fullUrl": "urn:uuid:ab2ce630-83f9-49fd-bbd6-d9af4f709951",
      "resource": {
        "id": "ab2ce630-83f9-49fd-bbd6-d9af4f709951",
        "meta": {
          "profile": [
            "http://standardhealthrecord.org/fhir/StructureDefinition/shr-observation-Panel"
          ]
        },
        "status": "final",
        "code": {
          "coding": [
            {
              "system": "http://loinc.org",
              "code": "69409-1",
              "display": "U.S. standard certificate of death - 2003 revision"
            }
          ]
        },
        "subject": {
          "reference": "urn:uuid:2b31f896-adc0-4802-a544-0fd1f54c048b"
        },
        "context": {
          "reference": "urn:uuid:c96d65ea-68d8-408f-b317-d3c860dc4fec"
        },
        "effectiveDateTime": "1920-02-19T16:14:23-05:00",
        "issued": "1920-02-19T16:14:23-05:00",
        "result": [
          {
            "reference": "urn:uuid:0dfee629-b894-4906-83ed-bd6791264566",
            "display": "Cause of Death [US Standard Certificate of Death]"
          }
        ],
        "resourceType": "DiagnosticReport"
      }
    },
    {
      "fullUrl": "urn:uuid:07ad1f25-5e47-48a0-9779-ce384a7da345",
      "resource": {
        "id": "07ad1f25-5e47-48a0-9779-ce384a7da345",
        "meta": {
          "profile": [
            "http://standardhealthrecord.org/fhir/StructureDefinition/shr-observation-Observation"
          ]
        },
        "status": "final",
        "category": [
          {
            "coding": [
              {
                "system": "http://hl7.org/fhir/observation-category",
                "code": "survey"
              }
            ]
          }
        ],
        "code": {
          "coding": [
            {
              "system": "http://snomed.info/sct",
              "code": "273724008",
              "display": "Quality adjusted life years"
            }
          ],
          "text": "Quality adjusted life years"
        },
        "subject": {
          "reference": "urn:uuid:2b31f896-adc0-4802-a544-0fd1f54c048b"
        },
        "effectiveDateTime": "2017-10-31T16:09:28-04:00",
        "issued": "2017-10-31T16:09:28-04:00",
        "valueQuantity": {
          "value": 2.9942649950720996,
          "unit": "years",
          "system": "http://unitsofmeasure.org/",
          "code": "years"
        },
        "resourceType": "Observation"
      }
    },
    {
      "fullUrl": "urn:uuid:69a52ed0-e6d0-4824-8eb5-65f712144e20",
      "resource": {
        "id": "69a52ed0-e6d0-4824-8eb5-65f712144e20",
        "meta": {
          "profile": [
            "http://standardhealthrecord.org/fhir/StructureDefinition/shr-observation-Observation"
          ]
        },
        "status": "final",
        "category": [
          {
            "coding": [
              {
                "system": "http://hl7.org/fhir/observation-category",
                "code": "survey"
              }
            ]
          }
        ],
        "code": {
          "coding": [
            {
              "system": "http://snomed.info/sct",
              "code": "273421001",
              "display": "Disability rating scale"
            }
          ],
          "text": "Disability rating scale"
        },
        "subject": {
          "reference": "urn:uuid:2b31f896-adc0-4802-a544-0fd1f54c048b"
        },
        "effectiveDateTime": "2017-10-31T16:09:28-04:00",
        "issued": "2017-10-31T16:09:28-04:00",
        "valueQuantity": {
          "value": 83.5681550049279,
          "unit": "years",
          "system": "http://unitsofmeasure.org/",
          "code": "years"
        },
        "resourceType": "Observation"
      }
    }
  ],
  "resourceType": "Bundle"
}