{
  "type": "collection",
  "entry": [
    {
      "fullUrl": "urn:uuid:67a37c9d-c614-4345-91fa-b1c19641e1ee",
      "resource": {
        "id": "67a37c9d-c614-4345-91fa-b1c19641e1ee",
        "meta": {
          "profile": [
            "http://standardhealthrecord.org/fhir/StructureDefinition/shr-actor-Organization"
          ]
        },
        "type": [
          {
            "coding": [
              {
                "system": "http://hl7.org/fhir/organization-type",
                "code": "prov",
                "display": "Healthcare Provider"
              }
            ],
            "text": "Healthcare Provider"
          }
        ],
        "name": "BETH ISRAEL DEACONESS MED CTR/EAST",
        "resourceType": "Organization"
      }
    },
    {
      "fullUrl": "urn:uuid:f00e6b42-a6c6-4253-b463-6e2a15839270",
      "resource": {
        "id": "f00e6b42-a6c6-4253-b463-6e2a15839270",
        "meta": {
          "profile": [
            "http://standardhealthrecord.org/fhir/StructureDefinition/shr-demographics-PersonOfRecord"
          ]
        },
        "text": {
          "status": "generated",
          "div": "<div xmlns=\"http://www.w3.org/1999/xhtml\">Generated by <a href=\"https://github.com/synthetichealth/synthea\">Synthea</a>. Version identifier: 368ac389f34cd3ce3986aa3a0a08e467bf574db3</div>"
        },
        "extension": [
          {
            "url": "http://hl7.org/fhir/us/core/StructureDefinition/us-core-race",
            "valueCodeableConcept": {
              "coding": [
                {
                  "system": "http://hl7.org/fhir/v3/Race",
                  "code": "2106-3",
                  "display": "White"
                }
              ],
              "text": "race"
            }
          },
          {
            "url": "http://hl7.org/fhir/us/core/StructureDefinition/us-core-ethnicity",
            "valueCodeableConcept": {
              "coding": [
                {
                  "system": "http://hl7.org/fhir/v3/Ethnicity",
                  "code": "2186-5",
                  "display": "Nonhispanic"
                }
              ],
              "text": "ethnicity"
            }
          },
          {
            "url": "http://hl7.org/fhir/StructureDefinition/birthPlace",
            "valueAddress": {
              "city": "Greenfield Town",
              "state": "MA",
              "country": "US"
            }
          },
          {
            "url": "http://hl7.org/fhir/StructureDefinition/patient-mothersMaidenName",
            "valueString": "Devora951 Torp445"
          },
          {
            "url": "http://hl7.org/fhir/us/core/StructureDefinition/us-core-birthsex",
            "valueCode": "F"
          },
          {
            "url": "http://hl7.org/fhir/StructureDefinition/patient-interpreterRequired",
            "valueBoolean": false
          },
          {
            "url": "http://standardhealthrecord.org/fhir/StructureDefinition/shr-actor-FictionalPerson-extension",
            "valueBoolean": true
          },
          {
            "url": "http://standardhealthrecord.org/fhir/StructureDefinition/shr-demographics-FathersName-extension",
            "valueHumanName": {
              "text": "Reuben167 Bashirian29"
            }
          },
          {
            "url": "http://standardhealthrecord.org/fhir/StructureDefinition/shr-demographics-SocialSecurityNumber-extension",
            "valueString": "999-51-3975"
          }
        ],
        "identifier": [
          {
            "system": "https://github.com/synthetichealth/synthea",
            "value": "67b61dce-958c-4462-8762-4d6b9868511d"
          },
          {
            "type": {
              "coding": [
                {
                  "system": "http://hl7.org/fhir/identifier-type",
                  "code": "SB"
                }
              ]
            },
            "system": "http://hl7.org/fhir/sid/us-ssn",
            "value": "999513975"
          },
          {
            "type": {
              "coding": [
                {
                  "system": "http://hl7.org/fhir/v2/0203",
                  "code": "DL"
                }
              ]
            },
            "system": "urn:oid:2.16.840.1.113883.4.3.25",
            "value": "S99996130"
          },
          {
            "type": {
              "coding": [
                {
                  "system": "http://hl7.org/fhir/v2/0203",
                  "code": "MR"
                }
              ]
            },
            "system": "http://hospital.smarthealthit.org",
            "value": "67b61dce-958c-4462-8762-4d6b9868511d"
          }
        ],
        "name": [
          {
            "use": "official",
            "family": "Bashirian29",
            "given": [
              "Janean536"
            ],
            "prefix": [
              "Ms."
            ]
          }
        ],
        "telecom": [
          {
            "system": "phone",
            "value": "735.039.0346 x80302",
            "use": "home"
          }
        ],
        "gender": "female",
        "birthDate": "1931-07-20",
        "deceasedDateTime": "2005-03-21T14:44:54-05:00",
        "address": [
          {
            "extension": [
              {
                "extension": [
                  {
                    "url": "latitude",
                    "valueDecimal": 42.34721984908397
                  },
                  {
                    "url": "longitude",
                    "valueDecimal": -71.1094511792069
                  }
                ],
                "url": "http://hl7.org/fhir/StructureDefinition/geolocation"
              }
            ],
            "line": [
              "6885 Koch Drive"
            ],
            "city": "Brookline",
            "state": "MA",
            "postalCode": "02445",
            "country": "US"
          }
        ],
        "maritalStatus": {
          "coding": [
            {
              "system": "http://hl7.org/fhir/v3/MaritalStatus",
              "code": "S"
            }
          ],
          "text": "S"
        },
        "multipleBirthBoolean": false,
        "communication": [
          {
            "language": {
              "coding": [
                {
                  "system": "http://hl7.org/fhir/ValueSet/languages",
                  "code": "en-US",
                  "display": "English (United States)"
                }
              ]
            }
          }
        ],
        "generalPractitioner": [
          {
            "reference": "urn:uuid:67a37c9d-c614-4345-91fa-b1c19641e1ee"
          }
        ],
        "resourceType": "Patient"
      }
    },
    {
      "fullUrl": "urn:uuid:c0c04bbc-1e47-4a7c-a260-f412eadb51f0",
      "resource": {
        "id": "c0c04bbc-1e47-4a7c-a260-f412eadb51f0",
        "meta": {
          "profile": [
            "http://standardhealthrecord.org/fhir/StructureDefinition/shr-encounter-Encounter"
          ]
        },
        "status": "finished",
        "class": {
          "code": "ambulatory"
        },
        "type": [
          {
            "coding": [
              {
                "system": "http://snomed.info/sct",
                "code": "308646001"
              }
            ],
            "text": "Death Certification"
          }
        ],
        "subject": {
          "reference": "urn:uuid:f00e6b42-a6c6-4253-b463-6e2a15839270"
        },
        "period": {
          "start": "2005-03-21T14:44:54-05:00",
          "end": "2005-03-21T14:59:54-05:00"
        },
        "serviceProvider": {
          "reference": "urn:uuid:67a37c9d-c614-4345-91fa-b1c19641e1ee"
        },
        "resourceType": "Encounter"
      }
    },
    {
      "fullUrl": "urn:uuid:c06acf5e-2387-4e4c-825e-e48cfee3564f",
      "resource": {
        "id": "c06acf5e-2387-4e4c-825e-e48cfee3564f",
        "status": "active",
        "use": "complete",
        "patient": {
          "reference": "urn:uuid:f00e6b42-a6c6-4253-b463-6e2a15839270"
        },
        "billablePeriod": {
          "start": "2005-03-21T14:44:54-05:00",
          "end": "2005-03-21T14:59:54-05:00"
        },
        "organization": {
          "reference": {
            "reference": "urn:uuid:67a37c9d-c614-4345-91fa-b1c19641e1ee"
          }
        },
        "diagnosis": [
          {
            "sequence": 1,
            "diagnosisReference": {
              "reference": "urn:uuid:42ec0ee7-a79c-4455-9c58-3089ce4285a9"
            }
          },
          {
            "sequence": 2,
            "diagnosisReference": {
              "reference": "urn:uuid:89212529-cb7c-4b4e-881c-76a3a2a8db85"
            }
          },
          {
            "sequence": 3,
            "diagnosisReference": {
              "reference": "urn:uuid:bce42ffe-97d3-406a-ab47-3ea5de6befc5"
            }
          },
          {
            "sequence": 4,
            "diagnosisReference": {
              "reference": "urn:uuid:84dffb52-6d00-4a96-a796-4bfe3aecc7f4"
            }
          },
          {
            "sequence": 5,
            "diagnosisReference": {
              "reference": "urn:uuid:5b109f7b-0aa4-4dc6-9238-055ce57e1d81"
            }
          },
          {
            "sequence": 6,
            "diagnosisReference": {
              "reference": "urn:uuid:e4a8b588-819a-432d-9cf6-cb70738000d7"
            }
          },
          {
            "sequence": 7,
            "diagnosisReference": {
              "reference": "urn:uuid:9233396c-b466-41f0-9494-ee6f217e27aa"
            }
          }
        ],
        "item": [
          {
            "sequence": 1,
            "net": {
              "value": 125.0,
              "system": "urn:iso:std:iso:4217",
              "code": "USD"
            },
            "encounter": [
              {
                "reference": {
                  "fullUrl": "urn:uuid:c0c04bbc-1e47-4a7c-a260-f412eadb51f0",
                  "resource": {
                    "id": "c0c04bbc-1e47-4a7c-a260-f412eadb51f0",
                    "meta": {
                      "profile": [
                        "http://standardhealthrecord.org/fhir/StructureDefinition/shr-encounter-Encounter"
                      ]
                    },
                    "status": "finished",
                    "class": {
                      "code": "ambulatory"
                    },
                    "type": [
                      {
                        "coding": [
                          {
                            "system": "http://snomed.info/sct",
                            "code": "308646001"
                          }
                        ],
                        "text": "Death Certification"
                      }
                    ],
                    "subject": {
                      "reference": "urn:uuid:f00e6b42-a6c6-4253-b463-6e2a15839270"
                    },
                    "period": {
                      "start": "2005-03-21T14:44:54-05:00",
                      "end": "2005-03-21T14:59:54-05:00"
                    },
                    "serviceProvider": {
                      "reference": "urn:uuid:67a37c9d-c614-4345-91fa-b1c19641e1ee"
                    },
                    "resourceType": "Encounter"
                  }
                }
              }
            ]
          },
          {
            "sequence": 2,
            "diagnosisLinkId": [
              1
            ],
            "net": {
              "value": 0.0,
              "system": "urn:iso:std:iso:4217",
              "code": "USD"
            }
          },
          {
            "sequence": 3,
            "diagnosisLinkId": [
              2
            ],
            "net": {
              "value": 0.0,
              "system": "urn:iso:std:iso:4217",
              "code": "USD"
            }
          },
          {
            "sequence": 4,
            "diagnosisLinkId": [
              3
            ],
            "net": {
              "value": 0.0,
              "system": "urn:iso:std:iso:4217",
              "code": "USD"
            }
          },
          {
            "sequence": 5,
            "diagnosisLinkId": [
              4
            ],
            "net": {
              "value": 0.0,
              "system": "urn:iso:std:iso:4217",
              "code": "USD"
            }
          },
          {
            "sequence": 6,
            "diagnosisLinkId": [
              5
            ],
            "net": {
              "value": 0.0,
              "system": "urn:iso:std:iso:4217",
              "code": "USD"
            }
          },
          {
            "sequence": 7,
            "diagnosisLinkId": [
              6
            ],
            "net": {
              "value": 0.0,
              "system": "urn:iso:std:iso:4217",
              "code": "USD"
            }
          },
          {
            "sequence": 8,
            "diagnosisLinkId": [
              7
            ],
            "net": {
              "value": 0.0,
              "system": "urn:iso:std:iso:4217",
              "code": "USD"
            }
          }
        ],
        "total": {
          "value": 125.0,
          "system": "urn:iso:std:iso:4217",
          "code": "USD"
        },
        "resourceType": "Claim"
      }
    },
    {
      "fullUrl": "urn:uuid:42ec0ee7-a79c-4455-9c58-3089ce4285a9",
      "resource": {
        "id": "42ec0ee7-a79c-4455-9c58-3089ce4285a9",
        "meta": {
          "profile": [
            "http://standardhealthrecord.org/fhir/StructureDefinition/shr-problem-Problem"
          ]
        },
        "clinicalStatus": "active",
        "verificationStatus": "confirmed",
        "code": {
          "coding": [
            {
              "system": "http://snomed.info/sct",
              "code": "38341003",
              "display": "Hypertension"
            }
          ],
          "text": "Hypertension"
        },
        "subject": {
          "reference": "urn:uuid:f00e6b42-a6c6-4253-b463-6e2a15839270"
        },
        "context": {
          "reference": "urn:uuid:c0c04bbc-1e47-4a7c-a260-f412eadb51f0"
        },
        "onsetDateTime": "1950-03-12T23:16:40-05:00",
        "assertedDate": "1950-03-12",
        "resourceType": "Condition"
      }
    },
    {
      "fullUrl": "urn:uuid:89212529-cb7c-4b4e-881c-76a3a2a8db85",
      "resource": {
        "id": "89212529-cb7c-4b4e-881c-76a3a2a8db85",
        "meta": {
          "profile": [
            "http://standardhealthrecord.org/fhir/StructureDefinition/shr-problem-Problem"
          ]
        },
        "clinicalStatus": "active",
        "verificationStatus": "confirmed",
        "code": {
          "coding": [
            {
              "system": "http://snomed.info/sct",
              "code": "44054006",
              "display": "Diabetes"
            }
          ],
          "text": "Diabetes"
        },
        "subject": {
          "reference": "urn:uuid:f00e6b42-a6c6-4253-b463-6e2a15839270"
        },
        "context": {
          "reference": "urn:uuid:c0c04bbc-1e47-4a7c-a260-f412eadb51f0"
        },
        "onsetDateTime": "1967-10-30T06:41:17-05:00",
        "assertedDate": "1967-10-30",
        "resourceType": "Condition"
      }
    },
    {
      "fullUrl": "urn:uuid:bce42ffe-97d3-406a-ab47-3ea5de6befc5",
      "resource": {
        "id": "bce42ffe-97d3-406a-ab47-3ea5de6befc5",
        "meta": {
          "profile": [
            "http://standardhealthrecord.org/fhir/StructureDefinition/shr-problem-Problem"
          ]
        },
        "clinicalStatus": "active",
        "verificationStatus": "confirmed",
        "code": {
          "coding": [
            {
              "system": "http://snomed.info/sct",
              "code": "422034002",
              "display": "Diabetic retinopathy associated with type II diabetes mellitus (disorder)"
            }
          ],
          "text": "Diabetic retinopathy associated with type II diabetes mellitus (disorder)"
        },
        "subject": {
          "reference": "urn:uuid:f00e6b42-a6c6-4253-b463-6e2a15839270"
        },
        "context": {
          "reference": "urn:uuid:c0c04bbc-1e47-4a7c-a260-f412eadb51f0"
        },
        "onsetDateTime": "1982-10-12T10:48:07-04:00",
        "assertedDate": "1982-10-12",
        "resourceType": "Condition"
      }
    },
    {
      "fullUrl": "urn:uuid:84dffb52-6d00-4a96-a796-4bfe3aecc7f4",
      "resource": {
        "id": "84dffb52-6d00-4a96-a796-4bfe3aecc7f4",
        "meta": {
          "profile": [
            "http://standardhealthrecord.org/fhir/StructureDefinition/shr-problem-Problem"
          ]
        },
        "clinicalStatus": "active",
        "verificationStatus": "confirmed",
        "code": {
          "coding": [
            {
              "system": "http://snomed.info/sct",
              "code": "1551000119108",
              "display": "Nonproliferative diabetic retinopathy due to type 2 diabetes mellitus (disorder)"
            }
          ],
          "text": "Nonproliferative diabetic retinopathy due to type 2 diabetes mellitus (disorder)"
        },
        "subject": {
          "reference": "urn:uuid:f00e6b42-a6c6-4253-b463-6e2a15839270"
        },
        "context": {
          "reference": "urn:uuid:c0c04bbc-1e47-4a7c-a260-f412eadb51f0"
        },
        "onsetDateTime": "1985-01-04T18:06:13-05:00",
        "assertedDate": "1985-01-04",
        "resourceType": "Condition"
      }
    },
    {
      "fullUrl": "urn:uuid:5b109f7b-0aa4-4dc6-9238-055ce57e1d81",
      "resource": {
        "id": "5b109f7b-0aa4-4dc6-9238-055ce57e1d81",
        "meta": {
          "profile": [
            "http://standardhealthrecord.org/fhir/StructureDefinition/shr-problem-Problem"
          ]
        },
        "clinicalStatus": "active",
        "verificationStatus": "confirmed",
        "code": {
          "coding": [
            {
              "system": "http://snomed.info/sct",
              "code": "127013003",
              "display": "Diabetic renal disease (disorder)"
            }
          ],
          "text": "Diabetic renal disease (disorder)"
        },
        "subject": {
          "reference": "urn:uuid:f00e6b42-a6c6-4253-b463-6e2a15839270"
        },
        "context": {
          "reference": "urn:uuid:c0c04bbc-1e47-4a7c-a260-f412eadb51f0"
        },
        "onsetDateTime": "1990-01-18T00:20:52-05:00",
        "assertedDate": "1990-01-18",
        "resourceType": "Condition"
      }
    },
    {
      "fullUrl": "urn:uuid:e4a8b588-819a-432d-9cf6-cb70738000d7",
      "resource": {
        "id": "e4a8b588-819a-432d-9cf6-cb70738000d7",
        "meta": {
          "profile": [
            "http://standardhealthrecord.org/fhir/StructureDefinition/shr-problem-Problem"
          ]
        },
        "clinicalStatus": "active",
        "verificationStatus": "confirmed",
        "code": {
          "coding": [
            {
              "system": "http://snomed.info/sct",
              "code": "90781000119102",
              "display": "Microalbuminuria due to type 2 diabetes mellitus (disorder)"
            }
          ],
          "text": "Microalbuminuria due to type 2 diabetes mellitus (disorder)"
        },
        "subject": {
          "reference": "urn:uuid:f00e6b42-a6c6-4253-b463-6e2a15839270"
        },
        "context": {
          "reference": "urn:uuid:c0c04bbc-1e47-4a7c-a260-f412eadb51f0"
        },
        "onsetDateTime": "1991-02-04T14:44:54-05:00",
        "assertedDate": "1991-02-04",
        "resourceType": "Condition"
      }
    },
    {
      "fullUrl": "urn:uuid:9233396c-b466-41f0-9494-ee6f217e27aa",
      "resource": {
        "id": "9233396c-b466-41f0-9494-ee6f217e27aa",
        "meta": {
          "profile": [
            "http://standardhealthrecord.org/fhir/StructureDefinition/shr-problem-Problem"
          ]
        },
        "clinicalStatus": "active",
        "verificationStatus": "confirmed",
        "code": {
          "coding": [
            {
              "system": "http://snomed.info/sct",
              "code": "15777000",
              "display": "Prediabetes"
            }
          ],
          "text": "Prediabetes"
        },
        "subject": {
          "reference": "urn:uuid:f00e6b42-a6c6-4253-b463-6e2a15839270"
        },
        "context": {
          "reference": "urn:uuid:c0c04bbc-1e47-4a7c-a260-f412eadb51f0"
        },
        "onsetDateTime": "1991-03-17T13:35:12-05:00",
        "assertedDate": "1991-03-17",
        "resourceType": "Condition"
      }
    },
    {
      "fullUrl": "urn:uuid:331d7876-a771-4db0-a1e1-13a4688490e5",
      "resource": {
        "id": "331d7876-a771-4db0-a1e1-13a4688490e5",
        "meta": {
          "profile": [
            "http://standardhealthrecord.org/fhir/StructureDefinition/shr-observation-Observation"
          ]
        },
        "status": "final",
        "category": [
          {
            "coding": [
              {
                "system": "http://hl7.org/fhir/observation-category"
              }
            ]
          }
        ],
        "code": {
          "coding": [
            {
              "system": "http://loinc.org",
              "code": "69453-9",
              "display": "Cause of Death [US Standard Certificate of Death]"
            }
          ],
          "text": "Cause of Death [US Standard Certificate of Death]"
        },
        "subject": {
          "reference": "urn:uuid:f00e6b42-a6c6-4253-b463-6e2a15839270"
        },
        "context": {
          "reference": "urn:uuid:c0c04bbc-1e47-4a7c-a260-f412eadb51f0"
        },
        "effectiveDateTime": "2005-03-21T14:44:54-05:00",
        "issued": "2005-03-21T14:44:54-05:00",
        "valueCodeableConcept": {
          "coding": [
            {
              "system": "http://snomed.info/sct",
              "code": "9855000",
              "display": "Natural death with unknown cause"
            }
          ],
          "text": "Natural death with unknown cause"
        },
        "resourceType": "Observation"
      }
    },
    {
      "fullUrl": "urn:uuid:399db873-e179-45c2-bb43-fe287f24a81e",
      "resource": {
        "id": "399db873-e179-45c2-bb43-fe287f24a81e",
        "meta": {
          "profile": [
            "http://standardhealthrecord.org/fhir/StructureDefinition/shr-observation-Panel"
          ]
        },
        "status": "final",
        "code": {
          "coding": [
            {
              "system": "http://loinc.org",
              "code": "69409-1",
              "display": "U.S. standard certificate of death - 2003 revision"
            }
          ]
        },
        "subject": {
          "reference": "urn:uuid:f00e6b42-a6c6-4253-b463-6e2a15839270"
        },
        "context": {
          "reference": "urn:uuid:c0c04bbc-1e47-4a7c-a260-f412eadb51f0"
        },
        "effectiveDateTime": "2005-03-21T14:44:54-05:00",
        "issued": "2005-03-21T14:44:54-05:00",
        "result": [
          {
            "reference": "urn:uuid:331d7876-a771-4db0-a1e1-13a4688490e5",
            "display": "Cause of Death [US Standard Certificate of Death]"
          }
        ],
        "resourceType": "DiagnosticReport"
      }
    },
    {
      "fullUrl": "urn:uuid:5fbf5433-7717-4be5-8bcc-792e17571c68",
      "resource": {
        "id": "5fbf5433-7717-4be5-8bcc-792e17571c68",
        "status": "in-progress",
        "description": {
          "text": "Hemoglobin A1c total in Blood < 7.0"
        },
        "addresses": [
          {
            "reference": "urn:uuid:89212529-cb7c-4b4e-881c-76a3a2a8db85"
          }
        ],
        "resourceType": "Goal"
      }
    },
    {
      "fullUrl": "urn:uuid:4e6b5602-ec0c-480b-ba89-427730d2e540",
      "resource": {
        "id": "4e6b5602-ec0c-480b-ba89-427730d2e540",
        "status": "in-progress",
        "description": {
          "text": "Glucose [Mass/volume] in Blood < 108"
        },
        "addresses": [
          {
            "reference": "urn:uuid:89212529-cb7c-4b4e-881c-76a3a2a8db85"
          }
        ],
        "resourceType": "Goal"
      }
    },
    {
      "fullUrl": "urn:uuid:56d1a697-1a29-4d2f-a0b6-234d52199d16",
      "resource": {
        "id": "56d1a697-1a29-4d2f-a0b6-234d52199d16",
        "status": "in-progress",
        "description": {
          "text": "Maintain blood pressure below 140/90 mmHg"
        },
        "addresses": [
          {
            "reference": "urn:uuid:89212529-cb7c-4b4e-881c-76a3a2a8db85"
          }
        ],
        "resourceType": "Goal"
      }
    },
    {
      "fullUrl": "urn:uuid:ea6e0885-00bb-4ec3-9b89-07ebd60fd8b1",
      "resource": {
        "id": "ea6e0885-00bb-4ec3-9b89-07ebd60fd8b1",
        "status": "in-progress",
        "description": {
          "text": "Improve and maintenance of optimal foot health: aim at early detection of peripheral vascular problems and neuropathy presumed due to diabetes; and prevention of diabetic foot ulcer, gangrene"
        },
        "addresses": [
          {
            "reference": "urn:uuid:89212529-cb7c-4b4e-881c-76a3a2a8db85"
          }
        ],
        "resourceType": "Goal"
      }
    },
    {
      "fullUrl": "urn:uuid:0333eeea-94bd-4908-a256-34cd1a144f86",
      "resource": {
        "id": "0333eeea-94bd-4908-a256-34cd1a144f86",
        "status": "in-progress",
        "description": {
          "text": "Address patient knowledge deficit on diabetic self-care"
        },
        "addresses": [
          {
            "reference": "urn:uuid:89212529-cb7c-4b4e-881c-76a3a2a8db85"
          }
        ],
        "resourceType": "Goal"
      }
    },
    {
      "resource": {
        "status": "active",
        "intent": "order",
        "category": [
          {
            "coding": [
              {
                "system": "http://snomed.info/sct",
                "code": "698360004",
                "display": "Diabetes self management plan"
              }
            ]
          }
        ],
        "subject": {
          "reference": "urn:uuid:f00e6b42-a6c6-4253-b463-6e2a15839270"
        },
        "context": {
          "reference": "urn:uuid:c0c04bbc-1e47-4a7c-a260-f412eadb51f0"
        },
        "period": {
          "start": "1967-10-30"
        },
        "addresses": [
          {
            "reference": "urn:uuid:89212529-cb7c-4b4e-881c-76a3a2a8db85"
          }
        ],
        "goal": [
          {
            "reference": "urn:uuid:5fbf5433-7717-4be5-8bcc-792e17571c68"
          },
          {
            "reference": "urn:uuid:4e6b5602-ec0c-480b-ba89-427730d2e540"
          },
          {
            "reference": "urn:uuid:56d1a697-1a29-4d2f-a0b6-234d52199d16"
          },
          {
            "reference": "urn:uuid:ea6e0885-00bb-4ec3-9b89-07ebd60fd8b1"
          },
          {
            "reference": "urn:uuid:0333eeea-94bd-4908-a256-34cd1a144f86"
          }
        ],
        "activity": [
          {
            "detail": {
              "code": {
                "coding": [
                  {
                    "system": "http://snomed.info/sct",
                    "code": "160670007",
                    "display": "Diabetic diet"
                  }
                ]
              },
              "status": "in-progress"
            }
          },
          {
            "detail": {
              "code": {
                "coding": [
                  {
                    "system": "http://snomed.info/sct",
                    "code": "229065009",
                    "display": "Exercise therapy"
                  }
                ]
              },
              "status": "in-progress"
            }
          }
        ],
        "resourceType": "CarePlan"
      }
    },
    {
      "fullUrl": "urn:uuid:66350727-41d6-4470-bdb1-c86ab5a050e2",
      "resource": {
        "id": "66350727-41d6-4470-bdb1-c86ab5a050e2",
        "meta": {
          "profile": [
            "http://standardhealthrecord.org/fhir/StructureDefinition/shr-medication-MedicationPrescription"
          ]
        },
        "extension": [
          {
            "url": "http://standardhealthrecord.org/fhir/StructureDefinition/shr-base-ActionCode-extension",
            "valueCodeableConcept": {
              "coding": [
                {
                  "system": "http://snomed.info/sct",
                  "code": "33633005",
                  "display": "Prescription of drug (procedure)"
                }
              ],
              "text": "Prescription of drug (procedure)"
            }
          }
        ],
        "status": "active",
        "intent": "order",
        "medicationCodeableConcept": {
          "coding": [
            {
              "system": "http://www.nlm.nih.gov/research/umls/rxnorm",
              "code": "834060",
              "display": "Penicillin V Potassium 250 MG"
            }
          ],
          "text": "Penicillin V Potassium 250 MG"
        },
        "subject": {
          "reference": "urn:uuid:f00e6b42-a6c6-4253-b463-6e2a15839270"
        },
        "context": {
          "reference": "urn:uuid:c0c04bbc-1e47-4a7c-a260-f412eadb51f0"
        },
        "authoredOn": "1949-03-21",
        "resourceType": "MedicationRequest"
      }
    },
    {
      "fullUrl": "urn:uuid:bbb7bbe1-13c9-4b21-adad-9777c95d7028",
      "resource": {
        "id": "bbb7bbe1-13c9-4b21-adad-9777c95d7028",
        "status": "active",
        "use": "complete",
        "patient": {
          "reference": "urn:uuid:f00e6b42-a6c6-4253-b463-6e2a15839270"
        },
        "billablePeriod": {
          "start": "2005-03-21T14:44:54-05:00",
          "end": "2005-03-21T14:59:54-05:00"
        },
        "organization": {
          "reference": {
            "reference": "urn:uuid:67a37c9d-c614-4345-91fa-b1c19641e1ee"
          }
        },
        "prescription": {
          "reference": "urn:uuid:66350727-41d6-4470-bdb1-c86ab5a050e2"
        },
        "item": [
          {
            "sequence": 1,
            "net": {
              "value": 125.0,
              "system": "urn:iso:std:iso:4217",
              "code": "USD"
            },
            "encounter": [
              {
                "reference": {
                  "fullUrl": "urn:uuid:c0c04bbc-1e47-4a7c-a260-f412eadb51f0",
                  "resource": {
                    "id": "c0c04bbc-1e47-4a7c-a260-f412eadb51f0",
                    "meta": {
                      "profile": [
                        "http://standardhealthrecord.org/fhir/StructureDefinition/shr-encounter-Encounter"
                      ]
                    },
                    "status": "finished",
                    "class": {
                      "code": "ambulatory"
                    },
                    "type": [
                      {
                        "coding": [
                          {
                            "system": "http://snomed.info/sct",
                            "code": "308646001"
                          }
                        ],
                        "text": "Death Certification"
                      }
                    ],
                    "subject": {
                      "reference": "urn:uuid:f00e6b42-a6c6-4253-b463-6e2a15839270"
                    },
                    "period": {
                      "start": "2005-03-21T14:44:54-05:00",
                      "end": "2005-03-21T14:59:54-05:00"
                    },
                    "serviceProvider": {
                      "reference": "urn:uuid:67a37c9d-c614-4345-91fa-b1c19641e1ee"
                    },
                    "resourceType": "Encounter"
                  }
                }
              }
            ]
          },
          {
            "sequence": 1,
            "net": {
              "value": 255.0,
              "system": "urn:iso:std:iso:4217",
              "code": "USD"
            }
          }
        ],
        "total": {
          "value": 255.0,
          "system": "urn:iso:std:iso:4217",
          "code": "USD"
        },
        "resourceType": "Claim"
      }
    },
    {
      "fullUrl": "urn:uuid:3529b5a6-de8c-4e66-9fee-39422fd4177b",
      "resource": {
        "id": "3529b5a6-de8c-4e66-9fee-39422fd4177b",
        "meta": {
          "profile": [
            "http://standardhealthrecord.org/fhir/StructureDefinition/shr-medication-MedicationPrescription"
          ]
        },
        "extension": [
          {
            "url": "http://standardhealthrecord.org/fhir/StructureDefinition/shr-base-ActionCode-extension",
            "valueCodeableConcept": {
              "coding": [
                {
                  "system": "http://snomed.info/sct",
                  "code": "33633005",
                  "display": "Prescription of drug (procedure)"
                }
              ],
              "text": "Prescription of drug (procedure)"
            }
          }
        ],
        "status": "active",
        "intent": "order",
        "medicationCodeableConcept": {
          "coding": [
            {
              "system": "http://www.nlm.nih.gov/research/umls/rxnorm",
              "code": "860975",
              "display": "24 HR Metformin hydrochloride 500 MG Extended Release Oral Tablet"
            }
          ],
          "text": "24 HR Metformin hydrochloride 500 MG Extended Release Oral Tablet"
        },
        "subject": {
          "reference": "urn:uuid:f00e6b42-a6c6-4253-b463-6e2a15839270"
        },
        "context": {
          "reference": "urn:uuid:c0c04bbc-1e47-4a7c-a260-f412eadb51f0"
        },
        "authoredOn": "1967-10-30",
        "reasonReference": [
          {
            "reference": "urn:uuid:89212529-cb7c-4b4e-881c-76a3a2a8db85"
          }
        ],
        "resourceType": "MedicationRequest"
      }
    },
    {
      "fullUrl": "urn:uuid:48f08780-8f4b-42a0-8528-437f8bfcb919",
      "resource": {
        "id": "48f08780-8f4b-42a0-8528-437f8bfcb919",
        "status": "active",
        "use": "complete",
        "patient": {
          "reference": "urn:uuid:f00e6b42-a6c6-4253-b463-6e2a15839270"
        },
        "billablePeriod": {
          "start": "2005-03-21T14:44:54-05:00",
          "end": "2005-03-21T14:59:54-05:00"
        },
        "organization": {
          "reference": {
            "reference": "urn:uuid:67a37c9d-c614-4345-91fa-b1c19641e1ee"
          }
        },
        "prescription": {
          "reference": "urn:uuid:3529b5a6-de8c-4e66-9fee-39422fd4177b"
        },
        "item": [
          {
            "sequence": 1,
            "net": {
              "value": 125.0,
              "system": "urn:iso:std:iso:4217",
              "code": "USD"
            },
            "encounter": [
              {
                "reference": {
                  "fullUrl": "urn:uuid:c0c04bbc-1e47-4a7c-a260-f412eadb51f0",
                  "resource": {
                    "id": "c0c04bbc-1e47-4a7c-a260-f412eadb51f0",
                    "meta": {
                      "profile": [
                        "http://standardhealthrecord.org/fhir/StructureDefinition/shr-encounter-Encounter"
                      ]
                    },
                    "status": "finished",
                    "class": {
                      "code": "ambulatory"
                    },
                    "type": [
                      {
                        "coding": [
                          {
                            "system": "http://snomed.info/sct",
                            "code": "308646001"
                          }
                        ],
                        "text": "Death Certification"
                      }
                    ],
                    "subject": {
                      "reference": "urn:uuid:f00e6b42-a6c6-4253-b463-6e2a15839270"
                    },
                    "period": {
                      "start": "2005-03-21T14:44:54-05:00",
                      "end": "2005-03-21T14:59:54-05:00"
                    },
                    "serviceProvider": {
                      "reference": "urn:uuid:67a37c9d-c614-4345-91fa-b1c19641e1ee"
                    },
                    "resourceType": "Encounter"
                  }
                }
              }
            ]
          },
          {
            "sequence": 1,
            "net": {
              "value": 255.0,
              "system": "urn:iso:std:iso:4217",
              "code": "USD"
            }
          }
        ],
        "total": {
          "value": 255.0,
          "system": "urn:iso:std:iso:4217",
          "code": "USD"
        },
        "resourceType": "Claim"
      }
    },
    {
      "fullUrl": "urn:uuid:72cbf01f-3110-46c0-b827-173180c1be04",
      "resource": {
        "id": "72cbf01f-3110-46c0-b827-173180c1be04",
        "meta": {
          "profile": [
            "http://standardhealthrecord.org/fhir/StructureDefinition/shr-medication-MedicationPrescription"
          ]
        },
        "extension": [
          {
            "url": "http://standardhealthrecord.org/fhir/StructureDefinition/shr-base-ActionCode-extension",
            "valueCodeableConcept": {
              "coding": [
                {
                  "system": "http://snomed.info/sct",
                  "code": "33633005",
                  "display": "Prescription of drug (procedure)"
                }
              ],
              "text": "Prescription of drug (procedure)"
            }
          }
        ],
        "status": "active",
        "intent": "order",
        "medicationCodeableConcept": {
          "coding": [
            {
              "system": "http://www.nlm.nih.gov/research/umls/rxnorm",
              "code": "834101",
              "display": "Penicillin V Potassium 500 MG"
            }
          ],
          "text": "Penicillin V Potassium 500 MG"
        },
        "subject": {
          "reference": "urn:uuid:f00e6b42-a6c6-4253-b463-6e2a15839270"
        },
        "context": {
          "reference": "urn:uuid:c0c04bbc-1e47-4a7c-a260-f412eadb51f0"
        },
        "authoredOn": "1983-01-31",
        "resourceType": "MedicationRequest"
      }
    },
    {
      "fullUrl": "urn:uuid:7f3295fc-a1e7-4875-a094-65d10b0de89f",
      "resource": {
        "id": "7f3295fc-a1e7-4875-a094-65d10b0de89f",
        "status": "active",
        "use": "complete",
        "patient": {
          "reference": "urn:uuid:f00e6b42-a6c6-4253-b463-6e2a15839270"
        },
        "billablePeriod": {
          "start": "2005-03-21T14:44:54-05:00",
          "end": "2005-03-21T14:59:54-05:00"
        },
        "organization": {
          "reference": {
            "reference": "urn:uuid:67a37c9d-c614-4345-91fa-b1c19641e1ee"
          }
        },
        "prescription": {
          "reference": "urn:uuid:72cbf01f-3110-46c0-b827-173180c1be04"
        },
        "item": [
          {
            "sequence": 1,
            "net": {
              "value": 125.0,
              "system": "urn:iso:std:iso:4217",
              "code": "USD"
            },
            "encounter": [
              {
                "reference": {
                  "fullUrl": "urn:uuid:c0c04bbc-1e47-4a7c-a260-f412eadb51f0",
                  "resource": {
                    "id": "c0c04bbc-1e47-4a7c-a260-f412eadb51f0",
                    "meta": {
                      "profile": [
                        "http://standardhealthrecord.org/fhir/StructureDefinition/shr-encounter-Encounter"
                      ]
                    },
                    "status": "finished",
                    "class": {
                      "code": "ambulatory"
                    },
                    "type": [
                      {
                        "coding": [
                          {
                            "system": "http://snomed.info/sct",
                            "code": "308646001"
                          }
                        ],
                        "text": "Death Certification"
                      }
                    ],
                    "subject": {
                      "reference": "urn:uuid:f00e6b42-a6c6-4253-b463-6e2a15839270"
                    },
                    "period": {
                      "start": "2005-03-21T14:44:54-05:00",
                      "end": "2005-03-21T14:59:54-05:00"
                    },
                    "serviceProvider": {
                      "reference": "urn:uuid:67a37c9d-c614-4345-91fa-b1c19641e1ee"
                    },
                    "resourceType": "Encounter"
                  }
                }
              }
            ]
          },
          {
            "sequence": 1,
            "net": {
              "value": 255.0,
              "system": "urn:iso:std:iso:4217",
              "code": "USD"
            }
          }
        ],
        "total": {
          "value": 255.0,
          "system": "urn:iso:std:iso:4217",
          "code": "USD"
        },
        "resourceType": "Claim"
      }
    },
    {
      "fullUrl": "urn:uuid:8c5d08cb-6cb2-4b11-8067-ec252e0b7666",
      "resource": {
        "id": "8c5d08cb-6cb2-4b11-8067-ec252e0b7666",
        "meta": {
          "profile": [
            "http://standardhealthrecord.org/fhir/StructureDefinition/shr-medication-MedicationPrescription"
          ]
        },
        "extension": [
          {
            "url": "http://standardhealthrecord.org/fhir/StructureDefinition/shr-base-ActionCode-extension",
            "valueCodeableConcept": {
              "coding": [
                {
                  "system": "http://snomed.info/sct",
                  "code": "33633005",
                  "display": "Prescription of drug (procedure)"
                }
              ],
              "text": "Prescription of drug (procedure)"
            }
          }
        ],
        "status": "active",
        "intent": "order",
        "medicationCodeableConcept": {
          "coding": [
            {
              "system": "http://www.nlm.nih.gov/research/umls/rxnorm",
              "code": "106892",
              "display": "Insulin Lispro 100 UNT/ML Injectable Solution [Humalog]"
            }
          ],
          "text": "Insulin Lispro 100 UNT/ML Injectable Solution [Humalog]"
        },
        "subject": {
          "reference": "urn:uuid:f00e6b42-a6c6-4253-b463-6e2a15839270"
        },
        "context": {
          "reference": "urn:uuid:c0c04bbc-1e47-4a7c-a260-f412eadb51f0"
        },
        "authoredOn": "1991-03-17",
        "reasonReference": [
          {
            "reference": "urn:uuid:89212529-cb7c-4b4e-881c-76a3a2a8db85"
          }
        ],
        "resourceType": "MedicationRequest"
      }
    },
    {
      "fullUrl": "urn:uuid:caba6ce4-9787-4f6f-9154-aa7bfec26f0d",
      "resource": {
        "id": "caba6ce4-9787-4f6f-9154-aa7bfec26f0d",
        "status": "active",
        "use": "complete",
        "patient": {
          "reference": "urn:uuid:f00e6b42-a6c6-4253-b463-6e2a15839270"
        },
        "billablePeriod": {
          "start": "2005-03-21T14:44:54-05:00",
          "end": "2005-03-21T14:59:54-05:00"
        },
        "organization": {
          "reference": {
            "reference": "urn:uuid:67a37c9d-c614-4345-91fa-b1c19641e1ee"
          }
        },
        "prescription": {
          "reference": "urn:uuid:8c5d08cb-6cb2-4b11-8067-ec252e0b7666"
        },
        "item": [
          {
            "sequence": 1,
            "net": {
              "value": 125.0,
              "system": "urn:iso:std:iso:4217",
              "code": "USD"
            },
            "encounter": [
              {
                "reference": {
                  "fullUrl": "urn:uuid:c0c04bbc-1e47-4a7c-a260-f412eadb51f0",
                  "resource": {
                    "id": "c0c04bbc-1e47-4a7c-a260-f412eadb51f0",
                    "meta": {
                      "profile": [
                        "http://standardhealthrecord.org/fhir/StructureDefinition/shr-encounter-Encounter"
                      ]
                    },
                    "status": "finished",
                    "class": {
                      "code": "ambulatory"
                    },
                    "type": [
                      {
                        "coding": [
                          {
                            "system": "http://snomed.info/sct",
                            "code": "308646001"
                          }
                        ],
                        "text": "Death Certification"
                      }
                    ],
                    "subject": {
                      "reference": "urn:uuid:f00e6b42-a6c6-4253-b463-6e2a15839270"
                    },
                    "period": {
                      "start": "2005-03-21T14:44:54-05:00",
                      "end": "2005-03-21T14:59:54-05:00"
                    },
                    "serviceProvider": {
                      "reference": "urn:uuid:67a37c9d-c614-4345-91fa-b1c19641e1ee"
                    },
                    "resourceType": "Encounter"
                  }
                }
              }
            ]
          },
          {
            "sequence": 1,
            "net": {
              "value": 255.0,
              "system": "urn:iso:std:iso:4217",
              "code": "USD"
            }
          }
        ],
        "total": {
          "value": 255.0,
          "system": "urn:iso:std:iso:4217",
          "code": "USD"
        },
        "resourceType": "Claim"
      }
    },
    {
      "fullUrl": "urn:uuid:386e7069-2ec5-468f-9906-99baa705efbb",
      "resource": {
        "id": "386e7069-2ec5-468f-9906-99baa705efbb",
        "meta": {
          "profile": [
            "http://standardhealthrecord.org/fhir/StructureDefinition/shr-observation-Observation"
          ]
        },
        "status": "final",
        "category": [
          {
            "coding": [
              {
                "system": "http://hl7.org/fhir/observation-category",
                "code": "survey"
              }
            ]
          }
        ],
        "code": {
          "coding": [
            {
              "system": "http://snomed.info/sct",
              "code": "273724008",
              "display": "Quality adjusted life years"
            }
          ],
          "text": "Quality adjusted life years"
        },
        "subject": {
          "reference": "urn:uuid:f00e6b42-a6c6-4253-b463-6e2a15839270"
        },
        "effectiveDateTime": "2017-10-31T16:09:28-04:00",
        "issued": "2017-10-31T16:09:28-04:00",
        "valueQuantity": {
          "value": 66.66105602658898,
          "unit": "years",
          "system": "http://unitsofmeasure.org/",
          "code": "years"
        },
        "resourceType": "Observation"
      }
    },
    {
      "fullUrl": "urn:uuid:928ba9c3-68a1-4579-9832-f8a12050b7ec",
      "resource": {
        "id": "928ba9c3-68a1-4579-9832-f8a12050b7ec",
        "meta": {
          "profile": [
            "http://standardhealthrecord.org/fhir/StructureDefinition/shr-observation-Observation"
          ]
        },
        "status": "final",
        "category": [
          {
            "coding": [
              {
                "system": "http://hl7.org/fhir/observation-category",
                "code": "survey"
              }
            ]
          }
        ],
        "code": {
          "coding": [
            {
              "system": "http://snomed.info/sct",
              "code": "273421001",
              "display": "Disability rating scale"
            }
          ],
          "text": "Disability rating scale"
        },
        "subject": {
          "reference": "urn:uuid:f00e6b42-a6c6-4253-b463-6e2a15839270"
        },
        "effectiveDateTime": "2017-10-31T16:09:28-04:00",
        "issued": "2017-10-31T16:09:28-04:00",
        "valueQuantity": {
          "value": 24.998763973411013,
          "unit": "years",
          "system": "http://unitsofmeasure.org/",
          "code": "years"
        },
        "resourceType": "Observation"
      }
    }
  ],
  "resourceType": "Bundle"
}