{
  "type": "collection",
  "entry": [
    {
      "fullUrl": "urn:uuid:9cda9195-d7dc-4c05-8f5c-60db08e15344",
      "resource": {
        "id": "9cda9195-d7dc-4c05-8f5c-60db08e15344",
        "meta": {
          "profile": [
            "http://standardhealthrecord.org/fhir/StructureDefinition/shr-actor-Organization"
          ]
        },
        "type": [
          {
            "coding": [
              {
                "system": "http://hl7.org/fhir/organization-type",
                "code": "prov",
                "display": "Healthcare Provider"
              }
            ],
            "text": "Healthcare Provider"
          }
        ],
        "name": "HALLMARK HEALTH OUTPATIENT DIAGNOST",
        "resourceType": "Organization"
      }
    },
    {
      "fullUrl": "urn:uuid:9ae162bc-2670-4171-9e56-5d78196b726e",
      "resource": {
        "id": "9ae162bc-2670-4171-9e56-5d78196b726e",
        "meta": {
          "profile": [
            "http://standardhealthrecord.org/fhir/StructureDefinition/shr-demographics-PersonOfRecord"
          ]
        },
        "text": {
          "status": "generated",
          "div": "<div xmlns=\"http://www.w3.org/1999/xhtml\">Generated by <a href=\"https://github.com/synthetichealth/synthea\">Synthea</a>. Version identifier: 368ac389f34cd3ce3986aa3a0a08e467bf574db3</div>"
        },
        "extension": [
          {
            "url": "http://hl7.org/fhir/us/core/StructureDefinition/us-core-race",
            "valueCodeableConcept": {
              "coding": [
                {
                  "system": "http://hl7.org/fhir/v3/Race",
                  "code": "2106-3",
                  "display": "White"
                }
              ],
              "text": "race"
            }
          },
          {
            "url": "http://hl7.org/fhir/us/core/StructureDefinition/us-core-ethnicity",
            "valueCodeableConcept": {
              "coding": [
                {
                  "system": "http://hl7.org/fhir/v3/Ethnicity",
                  "code": "2186-5",
                  "display": "Nonhispanic"
                }
              ],
              "text": "ethnicity"
            }
          },
          {
            "url": "http://hl7.org/fhir/StructureDefinition/birthPlace",
            "valueAddress": {
              "city": "Boston",
              "state": "MA",
              "country": "US"
            }
          },
          {
            "url": "http://hl7.org/fhir/StructureDefinition/patient-mothersMaidenName",
            "valueString": "Tiny567 Fadel449"
          },
          {
            "url": "http://hl7.org/fhir/us/core/StructureDefinition/us-core-birthsex",
            "valueCode": "F"
          },
          {
            "url": "http://hl7.org/fhir/StructureDefinition/patient-interpreterRequired",
            "valueBoolean": false
          },
          {
            "url": "http://standardhealthrecord.org/fhir/StructureDefinition/shr-actor-FictionalPerson-extension",
            "valueBoolean": true
          },
          {
            "url": "http://standardhealthrecord.org/fhir/StructureDefinition/shr-demographics-FathersName-extension",
            "valueHumanName": {
              "text": "Phil284 Greenholt443"
            }
          },
          {
            "url": "http://standardhealthrecord.org/fhir/StructureDefinition/shr-demographics-SocialSecurityNumber-extension",
            "valueString": "999-78-4268"
          }
        ],
        "identifier": [
          {
            "system": "https://github.com/synthetichealth/synthea",
            "value": "c2f65a44-3056-4628-9e36-5efa85ddc87b"
          },
          {
            "type": {
              "coding": [
                {
                  "system": "http://hl7.org/fhir/identifier-type",
                  "code": "SB"
                }
              ]
            },
            "system": "http://hl7.org/fhir/sid/us-ssn",
            "value": "999784268"
          },
          {
            "type": {
              "coding": [
                {
                  "system": "http://hl7.org/fhir/v2/0203",
                  "code": "DL"
                }
              ]
            },
            "system": "urn:oid:2.16.840.1.113883.4.3.25",
            "value": "S99934952"
          },
          {
            "type": {
              "coding": [
                {
                  "system": "http://hl7.org/fhir/v2/0203",
                  "code": "MR"
                }
              ]
            },
            "system": "http://hospital.smarthealthit.org",
            "value": "c2f65a44-3056-4628-9e36-5efa85ddc87b"
          }
        ],
        "name": [
          {
            "use": "official",
            "family": "Batz794",
            "given": [
              "Leanna1"
            ],
            "prefix": [
              "Mrs."
            ]
          },
          {
            "use": "maiden",
            "family": "Greenholt443",
            "given": [
              "Leanna1"
            ]
          }
        ],
        "telecom": [
          {
            "system": "phone",
            "value": "468-217-7125",
            "use": "home"
          }
        ],
        "gender": "female",
        "birthDate": "1922-01-24",
        "deceasedDateTime": "1997-03-14T17:43:34-05:00",
        "address": [
          {
            "extension": [
              {
                "extension": [
                  {
                    "url": "latitude",
                    "valueDecimal": 42.502278413728085
                  },
                  {
                    "url": "longitude",
                    "valueDecimal": -71.06810058852261
                  }
                ],
                "url": "http://hl7.org/fhir/StructureDefinition/geolocation"
              }
            ],
            "line": [
              "69023 Michaela Motorway"
            ],
            "city": "Wakefield",
            "state": "MA",
            "postalCode": "01880",
            "country": "US"
          }
        ],
        "maritalStatus": {
          "coding": [
            {
              "system": "http://hl7.org/fhir/v3/MaritalStatus",
              "code": "M"
            }
          ],
          "text": "M"
        },
        "multipleBirthBoolean": false,
        "communication": [
          {
            "language": {
              "coding": [
                {
                  "system": "http://hl7.org/fhir/ValueSet/languages",
                  "code": "en-US",
                  "display": "English (United States)"
                }
              ]
            }
          }
        ],
        "generalPractitioner": [
          {
            "reference": "urn:uuid:9cda9195-d7dc-4c05-8f5c-60db08e15344"
          }
        ],
        "resourceType": "Patient"
      }
    },
    {
      "fullUrl": "urn:uuid:d105189f-be86-48f6-8dd5-048ac269c885",
      "resource": {
        "id": "d105189f-be86-48f6-8dd5-048ac269c885",
        "meta": {
          "profile": [
            "http://standardhealthrecord.org/fhir/StructureDefinition/shr-encounter-Encounter"
          ]
        },
        "status": "finished",
        "class": {
          "code": "ambulatory"
        },
        "type": [
          {
            "coding": [
              {
                "system": "http://snomed.info/sct",
                "code": "308646001"
              }
            ],
            "text": "Death Certification"
          }
        ],
        "subject": {
          "reference": "urn:uuid:9ae162bc-2670-4171-9e56-5d78196b726e"
        },
        "period": {
          "start": "1997-03-14T17:43:34-05:00",
          "end": "1997-03-14T17:58:34-05:00"
        },
        "serviceProvider": {
          "reference": "urn:uuid:9cda9195-d7dc-4c05-8f5c-60db08e15344"
        },
        "resourceType": "Encounter"
      }
    },
    {
      "fullUrl": "urn:uuid:964b872a-2e17-48e4-bd88-839f9820c9a4",
      "resource": {
        "id": "964b872a-2e17-48e4-bd88-839f9820c9a4",
        "status": "active",
        "use": "complete",
        "patient": {
          "reference": "urn:uuid:9ae162bc-2670-4171-9e56-5d78196b726e"
        },
        "billablePeriod": {
          "start": "1997-03-14T17:43:34-05:00",
          "end": "1997-03-14T17:58:34-05:00"
        },
        "organization": {
          "reference": {
            "reference": "urn:uuid:9cda9195-d7dc-4c05-8f5c-60db08e15344"
          }
        },
        "diagnosis": [
          {
            "sequence": 1,
            "diagnosisReference": {
              "reference": "urn:uuid:ea126f0a-6c6e-4236-a612-6778c113c433"
            }
          },
          {
            "sequence": 2,
            "diagnosisReference": {
              "reference": "urn:uuid:a593513e-6f24-437a-a995-245b6fe2b09a"
            }
          },
          {
            "sequence": 3,
            "diagnosisReference": {
              "reference": "urn:uuid:d28a473c-9b9a-4d37-a749-324ee8af39ae"
            }
          },
          {
            "sequence": 4,
            "diagnosisReference": {
              "reference": "urn:uuid:44380637-9585-419c-87ff-b11b1f57e11b"
            }
          },
          {
            "sequence": 5,
            "diagnosisReference": {
              "reference": "urn:uuid:ba2b7c54-74b8-4451-8417-a109f2d6dcef"
            }
          },
          {
            "sequence": 6,
            "diagnosisReference": {
              "reference": "urn:uuid:1ca2f6a7-a182-4499-94f4-06651b27bcfa"
            }
          }
        ],
        "item": [
          {
            "sequence": 1,
            "net": {
              "value": 125.0,
              "system": "urn:iso:std:iso:4217",
              "code": "USD"
            },
            "encounter": [
              {
                "reference": {
                  "fullUrl": "urn:uuid:d105189f-be86-48f6-8dd5-048ac269c885",
                  "resource": {
                    "id": "d105189f-be86-48f6-8dd5-048ac269c885",
                    "meta": {
                      "profile": [
                        "http://standardhealthrecord.org/fhir/StructureDefinition/shr-encounter-Encounter"
                      ]
                    },
                    "status": "finished",
                    "class": {
                      "code": "ambulatory"
                    },
                    "type": [
                      {
                        "coding": [
                          {
                            "system": "http://snomed.info/sct",
                            "code": "308646001"
                          }
                        ],
                        "text": "Death Certification"
                      }
                    ],
                    "subject": {
                      "reference": "urn:uuid:9ae162bc-2670-4171-9e56-5d78196b726e"
                    },
                    "period": {
                      "start": "1997-03-14T17:43:34-05:00",
                      "end": "1997-03-14T17:58:34-05:00"
                    },
                    "serviceProvider": {
                      "reference": "urn:uuid:9cda9195-d7dc-4c05-8f5c-60db08e15344"
                    },
                    "resourceType": "Encounter"
                  }
                }
              }
            ]
          },
          {
            "sequence": 2,
            "diagnosisLinkId": [
              1
            ],
            "net": {
              "value": 0.0,
              "system": "urn:iso:std:iso:4217",
              "code": "USD"
            }
          },
          {
            "sequence": 3,
            "diagnosisLinkId": [
              2
            ],
            "net": {
              "value": 0.0,
              "system": "urn:iso:std:iso:4217",
              "code": "USD"
            }
          },
          {
            "sequence": 4,
            "diagnosisLinkId": [
              3
            ],
            "net": {
              "value": 0.0,
              "system": "urn:iso:std:iso:4217",
              "code": "USD"
            }
          },
          {
            "sequence": 5,
            "diagnosisLinkId": [
              4
            ],
            "net": {
              "value": 0.0,
              "system": "urn:iso:std:iso:4217",
              "code": "USD"
            }
          },
          {
            "sequence": 6,
            "diagnosisLinkId": [
              5
            ],
            "net": {
              "value": 0.0,
              "system": "urn:iso:std:iso:4217",
              "code": "USD"
            }
          },
          {
            "sequence": 7,
            "diagnosisLinkId": [
              6
            ],
            "net": {
              "value": 0.0,
              "system": "urn:iso:std:iso:4217",
              "code": "USD"
            }
          }
        ],
        "total": {
          "value": 125.0,
          "system": "urn:iso:std:iso:4217",
          "code": "USD"
        },
        "resourceType": "Claim"
      }
    },
    {
      "fullUrl": "urn:uuid:ea126f0a-6c6e-4236-a612-6778c113c433",
      "resource": {
        "id": "ea126f0a-6c6e-4236-a612-6778c113c433",
        "meta": {
          "profile": [
            "http://standardhealthrecord.org/fhir/StructureDefinition/shr-problem-Problem"
          ]
        },
        "clinicalStatus": "active",
        "verificationStatus": "confirmed",
        "code": {
          "coding": [
            {
              "system": "http://snomed.info/sct",
              "code": "15777000",
              "display": "Prediabetes"
            }
          ],
          "text": "Prediabetes"
        },
        "subject": {
          "reference": "urn:uuid:9ae162bc-2670-4171-9e56-5d78196b726e"
        },
        "context": {
          "reference": "urn:uuid:d105189f-be86-48f6-8dd5-048ac269c885"
        },
        "onsetDateTime": "1963-02-22T08:45:46-05:00",
        "assertedDate": "1963-02-22",
        "resourceType": "Condition"
      }
    },
    {
      "fullUrl": "urn:uuid:a593513e-6f24-437a-a995-245b6fe2b09a",
      "resource": {
        "id": "a593513e-6f24-437a-a995-245b6fe2b09a",
        "meta": {
          "profile": [
            "http://standardhealthrecord.org/fhir/StructureDefinition/shr-problem-Problem"
          ]
        },
        "clinicalStatus": "active",
        "verificationStatus": "confirmed",
        "code": {
          "coding": [
            {
              "system": "http://snomed.info/sct",
              "code": "239873007",
              "display": "Osteoarthritis of knee"
            }
          ],
          "text": "Osteoarthritis of knee"
        },
        "subject": {
          "reference": "urn:uuid:9ae162bc-2670-4171-9e56-5d78196b726e"
        },
        "context": {
          "reference": "urn:uuid:d105189f-be86-48f6-8dd5-048ac269c885"
        },
        "onsetDateTime": "1979-07-17T21:07:01-04:00",
        "assertedDate": "1979-07-17",
        "resourceType": "Condition"
      }
    },
    {
      "fullUrl": "urn:uuid:d28a473c-9b9a-4d37-a749-324ee8af39ae",
      "resource": {
        "id": "d28a473c-9b9a-4d37-a749-324ee8af39ae",
        "meta": {
          "profile": [
            "http://standardhealthrecord.org/fhir/StructureDefinition/shr-problem-Problem"
          ]
        },
        "clinicalStatus": "active",
        "verificationStatus": "confirmed",
        "code": {
          "coding": [
            {
              "system": "http://snomed.info/sct",
              "code": "40055000",
              "display": "Chronic sinusitis (disorder)"
            }
          ],
          "text": "Chronic sinusitis (disorder)"
        },
        "subject": {
          "reference": "urn:uuid:9ae162bc-2670-4171-9e56-5d78196b726e"
        },
        "context": {
          "reference": "urn:uuid:d105189f-be86-48f6-8dd5-048ac269c885"
        },
        "onsetDateTime": "1986-04-06T15:32:19-05:00",
        "assertedDate": "1986-04-06",
        "resourceType": "Condition"
      }
    },
    {
      "fullUrl": "urn:uuid:44380637-9585-419c-87ff-b11b1f57e11b",
      "resource": {
        "id": "44380637-9585-419c-87ff-b11b1f57e11b",
        "meta": {
          "profile": [
            "http://standardhealthrecord.org/fhir/StructureDefinition/shr-problem-Problem"
          ]
        },
        "clinicalStatus": "active",
        "verificationStatus": "confirmed",
        "code": {
          "coding": [
            {
              "system": "http://snomed.info/sct",
              "code": "26929004",
              "display": "Alzheimer's disease (disorder)"
            }
          ],
          "text": "Alzheimer's disease (disorder)"
        },
        "subject": {
          "reference": "urn:uuid:9ae162bc-2670-4171-9e56-5d78196b726e"
        },
        "context": {
          "reference": "urn:uuid:d105189f-be86-48f6-8dd5-048ac269c885"
        },
        "onsetDateTime": "1989-10-07T15:31:22-04:00",
        "assertedDate": "1989-10-07",
        "resourceType": "Condition"
      }
    },
    {
      "fullUrl": "urn:uuid:ba2b7c54-74b8-4451-8417-a109f2d6dcef",
      "resource": {
        "id": "ba2b7c54-74b8-4451-8417-a109f2d6dcef",
        "meta": {
          "profile": [
            "http://standardhealthrecord.org/fhir/StructureDefinition/shr-problem-Problem"
          ]
        },
        "clinicalStatus": "active",
        "verificationStatus": "confirmed",
        "code": {
          "coding": [
            {
              "system": "http://snomed.info/sct",
              "code": "230690007",
              "display": "Stroke"
            }
          ],
          "text": "Stroke"
        },
        "subject": {
          "reference": "urn:uuid:9ae162bc-2670-4171-9e56-5d78196b726e"
        },
        "context": {
          "reference": "urn:uuid:d105189f-be86-48f6-8dd5-048ac269c885"
        },
        "onsetDateTime": "1994-06-14T17:32:49-04:00",
        "assertedDate": "1994-06-14",
        "resourceType": "Condition"
      }
    },
    {
      "fullUrl": "urn:uuid:1ca2f6a7-a182-4499-94f4-06651b27bcfa",
      "resource": {
        "id": "1ca2f6a7-a182-4499-94f4-06651b27bcfa",
        "meta": {
          "profile": [
            "http://standardhealthrecord.org/fhir/StructureDefinition/shr-problem-Problem"
          ]
        },
        "clinicalStatus": "active",
        "verificationStatus": "confirmed",
        "code": {
          "coding": [
            {
              "system": "http://snomed.info/sct",
              "code": "233604007",
              "display": "Pneumonia"
            }
          ],
          "text": "Pneumonia"
        },
        "subject": {
          "reference": "urn:uuid:9ae162bc-2670-4171-9e56-5d78196b726e"
        },
        "context": {
          "reference": "urn:uuid:d105189f-be86-48f6-8dd5-048ac269c885"
        },
        "onsetDateTime": "1997-03-09T19:02:27-05:00",
        "assertedDate": "1997-03-09",
        "resourceType": "Condition"
      }
    },
    {
      "fullUrl": "urn:uuid:47ced851-5b0e-4acc-a087-b5a8edfa1101",
      "resource": {
        "id": "47ced851-5b0e-4acc-a087-b5a8edfa1101",
        "meta": {
          "profile": [
            "http://standardhealthrecord.org/fhir/StructureDefinition/shr-observation-Observation"
          ]
        },
        "status": "final",
        "category": [
          {
            "coding": [
              {
                "system": "http://hl7.org/fhir/observation-category"
              }
            ]
          }
        ],
        "code": {
          "coding": [
            {
              "system": "http://loinc.org",
              "code": "69453-9",
              "display": "Cause of Death [US Standard Certificate of Death]"
            }
          ],
          "text": "Cause of Death [US Standard Certificate of Death]"
        },
        "subject": {
          "reference": "urn:uuid:9ae162bc-2670-4171-9e56-5d78196b726e"
        },
        "context": {
          "reference": "urn:uuid:d105189f-be86-48f6-8dd5-048ac269c885"
        },
        "effectiveDateTime": "1997-03-14T17:43:34-05:00",
        "issued": "1997-03-14T17:43:34-05:00",
        "valueCodeableConcept": {
          "coding": [
            {
              "system": "http://snomed.info/sct",
              "code": "233604007",
              "display": "Pneumonia"
            }
          ],
          "text": "Pneumonia"
        },
        "resourceType": "Observation"
      }
    },
    {
      "fullUrl": "urn:uuid:6c12bd02-6e71-4d95-b7d9-10140aba114c",
      "resource": {
        "id": "6c12bd02-6e71-4d95-b7d9-10140aba114c",
        "meta": {
          "profile": [
            "http://standardhealthrecord.org/fhir/StructureDefinition/shr-observation-Panel"
          ]
        },
        "status": "final",
        "code": {
          "coding": [
            {
              "system": "http://loinc.org",
              "code": "69409-1",
              "display": "U.S. standard certificate of death - 2003 revision"
            }
          ]
        },
        "subject": {
          "reference": "urn:uuid:9ae162bc-2670-4171-9e56-5d78196b726e"
        },
        "context": {
          "reference": "urn:uuid:d105189f-be86-48f6-8dd5-048ac269c885"
        },
        "effectiveDateTime": "1997-03-14T17:43:34-05:00",
        "issued": "1997-03-14T17:43:34-05:00",
        "result": [
          {
            "reference": "urn:uuid:47ced851-5b0e-4acc-a087-b5a8edfa1101",
            "display": "Cause of Death [US Standard Certificate of Death]"
          }
        ],
        "resourceType": "DiagnosticReport"
      }
    },
    {
      "fullUrl": "urn:uuid:e41d936e-b341-4906-8277-6021b9b1506b",
      "resource": {
        "id": "e41d936e-b341-4906-8277-6021b9b1506b",
        "status": "in-progress",
        "description": {
          "text": "Hemoglobin A1c total in Blood < 7.0"
        },
        "addresses": [
          {
            "reference": "urn:uuid:ea126f0a-6c6e-4236-a612-6778c113c433"
          }
        ],
        "resourceType": "Goal"
      }
    },
    {
      "fullUrl": "urn:uuid:0b2aac3c-8b4f-4697-9a65-62bba8b02b8c",
      "resource": {
        "id": "0b2aac3c-8b4f-4697-9a65-62bba8b02b8c",
        "status": "in-progress",
        "description": {
          "text": "Glucose [Mass/volume] in Blood < 108"
        },
        "addresses": [
          {
            "reference": "urn:uuid:ea126f0a-6c6e-4236-a612-6778c113c433"
          }
        ],
        "resourceType": "Goal"
      }
    },
    {
      "fullUrl": "urn:uuid:71822239-8664-4033-a74d-7c464afe89fb",
      "resource": {
        "id": "71822239-8664-4033-a74d-7c464afe89fb",
        "status": "in-progress",
        "description": {
          "text": "Maintain blood pressure below 140/90 mmHg"
        },
        "addresses": [
          {
            "reference": "urn:uuid:ea126f0a-6c6e-4236-a612-6778c113c433"
          }
        ],
        "resourceType": "Goal"
      }
    },
    {
      "fullUrl": "urn:uuid:0366967e-27e0-4b47-b76d-4953f3a0871a",
      "resource": {
        "id": "0366967e-27e0-4b47-b76d-4953f3a0871a",
        "status": "in-progress",
        "description": {
          "text": "Improve and maintenance of optimal foot health: aim at early detection of peripheral vascular problems and neuropathy presumed due to diabetes; and prevention of diabetic foot ulcer, gangrene"
        },
        "addresses": [
          {
            "reference": "urn:uuid:ea126f0a-6c6e-4236-a612-6778c113c433"
          }
        ],
        "resourceType": "Goal"
      }
    },
    {
      "fullUrl": "urn:uuid:cb1e88ca-6e20-4b70-b9ee-a943a31cb06d",
      "resource": {
        "id": "cb1e88ca-6e20-4b70-b9ee-a943a31cb06d",
        "status": "in-progress",
        "description": {
          "text": "Address patient knowledge deficit on diabetic self-care"
        },
        "addresses": [
          {
            "reference": "urn:uuid:ea126f0a-6c6e-4236-a612-6778c113c433"
          }
        ],
        "resourceType": "Goal"
      }
    },
    {
      "resource": {
        "status": "active",
        "intent": "order",
        "category": [
          {
            "coding": [
              {
                "system": "http://snomed.info/sct",
                "code": "698360004",
                "display": "Diabetes self management plan"
              }
            ]
          }
        ],
        "subject": {
          "reference": "urn:uuid:9ae162bc-2670-4171-9e56-5d78196b726e"
        },
        "context": {
          "reference": "urn:uuid:d105189f-be86-48f6-8dd5-048ac269c885"
        },
        "period": {
          "start": "1963-02-22"
        },
        "addresses": [
          {
            "reference": "urn:uuid:ea126f0a-6c6e-4236-a612-6778c113c433"
          }
        ],
        "goal": [
          {
            "reference": "urn:uuid:e41d936e-b341-4906-8277-6021b9b1506b"
          },
          {
            "reference": "urn:uuid:0b2aac3c-8b4f-4697-9a65-62bba8b02b8c"
          },
          {
            "reference": "urn:uuid:71822239-8664-4033-a74d-7c464afe89fb"
          },
          {
            "reference": "urn:uuid:0366967e-27e0-4b47-b76d-4953f3a0871a"
          },
          {
            "reference": "urn:uuid:cb1e88ca-6e20-4b70-b9ee-a943a31cb06d"
          }
        ],
        "activity": [
          {
            "detail": {
              "code": {
                "coding": [
                  {
                    "system": "http://snomed.info/sct",
                    "code": "160670007",
                    "display": "Diabetic diet"
                  }
                ]
              },
              "status": "in-progress"
            }
          },
          {
            "detail": {
              "code": {
                "coding": [
                  {
                    "system": "http://snomed.info/sct",
                    "code": "229065009",
                    "display": "Exercise therapy"
                  }
                ]
              },
              "status": "in-progress"
            }
          }
        ],
        "resourceType": "CarePlan"
      }
    },
    {
      "resource": {
        "status": "completed",
        "intent": "order",
        "category": [
          {
            "coding": [
              {
                "system": "http://snomed.info/sct",
                "code": "872781000000100",
                "display": "Musculoskeletal care"
              }
            ]
          }
        ],
        "subject": {
          "reference": "urn:uuid:9ae162bc-2670-4171-9e56-5d78196b726e"
        },
        "context": {
          "reference": "urn:uuid:d105189f-be86-48f6-8dd5-048ac269c885"
        },
        "period": {
          "start": "1977-07-30",
          "end": "1977-08-31"
        },
        "activity": [
          {
            "detail": {
              "code": {
                "coding": [
                  {
                    "system": "http://snomed.info/sct",
                    "code": "266694003",
                    "display": "Heat therapy"
                  }
                ]
              },
              "status": "completed"
            }
          },
          {
            "detail": {
              "code": {
                "coding": [
                  {
                    "system": "http://snomed.info/sct",
                    "code": "183051005",
                    "display": "Recommendation to rest"
                  }
                ]
              },
              "status": "completed"
            }
          }
        ],
        "resourceType": "CarePlan"
      }
    },
    {
      "resource": {
        "status": "active",
        "intent": "order",
        "category": [
          {
            "coding": [
              {
                "system": "http://snomed.info/sct",
                "code": "872781000000100",
                "display": "Musculoskeletal care"
              }
            ]
          }
        ],
        "subject": {
          "reference": "urn:uuid:9ae162bc-2670-4171-9e56-5d78196b726e"
        },
        "context": {
          "reference": "urn:uuid:d105189f-be86-48f6-8dd5-048ac269c885"
        },
        "period": {
          "start": "1979-07-17"
        },
        "addresses": [
          {
            "reference": "urn:uuid:a593513e-6f24-437a-a995-245b6fe2b09a"
          }
        ],
        "activity": [
          {
            "detail": {
              "code": {
                "coding": [
                  {
                    "system": "http://snomed.info/sct",
                    "code": "872781000000100",
                    "display": "Joint mobility exercises"
                  }
                ]
              },
              "status": "in-progress"
            }
          },
          {
            "detail": {
              "code": {
                "coding": [
                  {
                    "system": "http://snomed.info/sct",
                    "code": "266694003",
                    "display": "Heat therapy"
                  }
                ]
              },
              "status": "in-progress"
            }
          }
        ],
        "resourceType": "CarePlan"
      }
    },
    {
      "resource": {
        "status": "active",
        "intent": "order",
        "category": [
          {
            "coding": [
              {
                "system": "http://snomed.info/sct",
                "code": "386257007",
                "display": "Demential management"
              }
            ]
          }
        ],
        "subject": {
          "reference": "urn:uuid:9ae162bc-2670-4171-9e56-5d78196b726e"
        },
        "context": {
          "reference": "urn:uuid:d105189f-be86-48f6-8dd5-048ac269c885"
        },
        "period": {
          "start": "1989-10-07"
        },
        "addresses": [
          {
            "reference": "urn:uuid:44380637-9585-419c-87ff-b11b1f57e11b"
          }
        ],
        "activity": [
          {
            "detail": {
              "code": {
                "coding": [
                  {
                    "system": "http://snomed.info/sct",
                    "code": "850261000000100",
                    "display": "Education about dementia"
                  }
                ]
              },
              "status": "in-progress"
            }
          },
          {
            "detail": {
              "code": {
                "coding": [
                  {
                    "system": "http://snomed.info/sct",
                    "code": "710125008",
                    "display": "Promotion of use of memory skills"
                  }
                ]
              },
              "status": "in-progress"
            }
          },
          {
            "detail": {
              "code": {
                "coding": [
                  {
                    "system": "http://snomed.info/sct",
                    "code": "315043002",
                    "display": "Long term social support"
                  }
                ]
              },
              "status": "in-progress"
            }
          }
        ],
        "resourceType": "CarePlan"
      }
    },
    {
      "resource": {
        "status": "active",
        "intent": "order",
        "category": [
          {
            "coding": [
              {
                "system": "http://snomed.info/sct",
                "code": "698358001",
                "display": "Angina self management plan"
              }
            ]
          }
        ],
        "subject": {
          "reference": "urn:uuid:9ae162bc-2670-4171-9e56-5d78196b726e"
        },
        "context": {
          "reference": "urn:uuid:d105189f-be86-48f6-8dd5-048ac269c885"
        },
        "period": {
          "start": "1994-11-02"
        },
        "addresses": [
          {
            "reference": "urn:uuid:ba2b7c54-74b8-4451-8417-a109f2d6dcef"
          }
        ],
        "activity": [
          {
            "detail": {
              "code": {
                "coding": [
                  {
                    "system": "http://snomed.info/sct",
                    "code": "229065009",
                    "display": "Exercise therapy"
                  }
                ]
              },
              "status": "in-progress"
            }
          },
          {
            "detail": {
              "code": {
                "coding": [
                  {
                    "system": "http://snomed.info/sct",
                    "code": "226060000",
                    "display": "Stress management"
                  }
                ]
              },
              "status": "in-progress"
            }
          },
          {
            "detail": {
              "code": {
                "coding": [
                  {
                    "system": "http://snomed.info/sct",
                    "code": "710081004",
                    "display": "Smoking cessation therapy"
                  }
                ]
              },
              "status": "in-progress"
            }
          },
          {
            "detail": {
              "code": {
                "coding": [
                  {
                    "system": "http://snomed.info/sct",
                    "code": "226234005",
                    "display": "Healthy diet"
                  }
                ]
              },
              "status": "in-progress"
            }
          }
        ],
        "resourceType": "CarePlan"
      }
    },
    {
      "fullUrl": "urn:uuid:452fc8b3-2033-43cd-b398-f979fc761f18",
      "resource": {
        "id": "452fc8b3-2033-43cd-b398-f979fc761f18",
        "meta": {
          "profile": [
            "http://standardhealthrecord.org/fhir/StructureDefinition/shr-medication-MedicationPrescription"
          ]
        },
        "extension": [
          {
            "url": "http://standardhealthrecord.org/fhir/StructureDefinition/shr-base-ActionCode-extension",
            "valueCodeableConcept": {
              "coding": [
                {
                  "system": "http://snomed.info/sct",
                  "code": "33633005",
                  "display": "Prescription of drug (procedure)"
                }
              ],
              "text": "Prescription of drug (procedure)"
            }
          }
        ],
        "status": "active",
        "intent": "order",
        "medicationCodeableConcept": {
          "coding": [
            {
              "system": "http://www.nlm.nih.gov/research/umls/rxnorm",
              "code": "849727",
              "display": "Naproxen sodium 220 MG [Aleve]"
            }
          ],
          "text": "Naproxen sodium 220 MG [Aleve]"
        },
        "subject": {
          "reference": "urn:uuid:9ae162bc-2670-4171-9e56-5d78196b726e"
        },
        "context": {
          "reference": "urn:uuid:d105189f-be86-48f6-8dd5-048ac269c885"
        },
        "authoredOn": "1979-07-17",
        "reasonReference": [
          {
            "reference": "urn:uuid:a593513e-6f24-437a-a995-245b6fe2b09a"
          }
        ],
        "resourceType": "MedicationRequest"
      }
    },
    {
      "fullUrl": "urn:uuid:fcee9570-1e09-4c27-ab34-6d107258e028",
      "resource": {
        "id": "fcee9570-1e09-4c27-ab34-6d107258e028",
        "status": "active",
        "use": "complete",
        "patient": {
          "reference": "urn:uuid:9ae162bc-2670-4171-9e56-5d78196b726e"
        },
        "billablePeriod": {
          "start": "1997-03-14T17:43:34-05:00",
          "end": "1997-03-14T17:58:34-05:00"
        },
        "organization": {
          "reference": {
            "reference": "urn:uuid:9cda9195-d7dc-4c05-8f5c-60db08e15344"
          }
        },
        "prescription": {
          "reference": "urn:uuid:452fc8b3-2033-43cd-b398-f979fc761f18"
        },
        "item": [
          {
            "sequence": 1,
            "net": {
              "value": 125.0,
              "system": "urn:iso:std:iso:4217",
              "code": "USD"
            },
            "encounter": [
              {
                "reference": {
                  "fullUrl": "urn:uuid:d105189f-be86-48f6-8dd5-048ac269c885",
                  "resource": {
                    "id": "d105189f-be86-48f6-8dd5-048ac269c885",
                    "meta": {
                      "profile": [
                        "http://standardhealthrecord.org/fhir/StructureDefinition/shr-encounter-Encounter"
                      ]
                    },
                    "status": "finished",
                    "class": {
                      "code": "ambulatory"
                    },
                    "type": [
                      {
                        "coding": [
                          {
                            "system": "http://snomed.info/sct",
                            "code": "308646001"
                          }
                        ],
                        "text": "Death Certification"
                      }
                    ],
                    "subject": {
                      "reference": "urn:uuid:9ae162bc-2670-4171-9e56-5d78196b726e"
                    },
                    "period": {
                      "start": "1997-03-14T17:43:34-05:00",
                      "end": "1997-03-14T17:58:34-05:00"
                    },
                    "serviceProvider": {
                      "reference": "urn:uuid:9cda9195-d7dc-4c05-8f5c-60db08e15344"
                    },
                    "resourceType": "Encounter"
                  }
                }
              }
            ]
          },
          {
            "sequence": 1,
            "net": {
              "value": 255.0,
              "system": "urn:iso:std:iso:4217",
              "code": "USD"
            }
          }
        ],
        "total": {
          "value": 255.0,
          "system": "urn:iso:std:iso:4217",
          "code": "USD"
        },
        "resourceType": "Claim"
      }
    },
    {
      "fullUrl": "urn:uuid:a8591369-e159-474b-8af9-8b59d36c4229",
      "resource": {
        "id": "a8591369-e159-474b-8af9-8b59d36c4229",
        "meta": {
          "profile": [
            "http://standardhealthrecord.org/fhir/StructureDefinition/shr-observation-Observation"
          ]
        },
        "status": "final",
        "category": [
          {
            "coding": [
              {
                "system": "http://hl7.org/fhir/observation-category",
                "code": "survey"
              }
            ]
          }
        ],
        "code": {
          "coding": [
            {
              "system": "http://snomed.info/sct",
              "code": "273724008",
              "display": "Quality adjusted life years"
            }
          ],
          "text": "Quality adjusted life years"
        },
        "subject": {
          "reference": "urn:uuid:9ae162bc-2670-4171-9e56-5d78196b726e"
        },
        "effectiveDateTime": "2017-10-31T16:09:28-04:00",
        "issued": "2017-10-31T16:09:28-04:00",
        "valueQuantity": {
          "value": 69.94565543843463,
          "unit": "years",
          "system": "http://unitsofmeasure.org/",
          "code": "years"
        },
        "resourceType": "Observation"
      }
    },
    {
      "fullUrl": "urn:uuid:103d89cf-8e6a-48b3-82ed-84741959d0b7",
      "resource": {
        "id": "103d89cf-8e6a-48b3-82ed-84741959d0b7",
        "meta": {
          "profile": [
            "http://standardhealthrecord.org/fhir/StructureDefinition/shr-observation-Observation"
          ]
        },
        "status": "final",
        "category": [
          {
            "coding": [
              {
                "system": "http://hl7.org/fhir/observation-category",
                "code": "survey"
              }
            ]
          }
        ],
        "code": {
          "coding": [
            {
              "system": "http://snomed.info/sct",
              "code": "273421001",
              "display": "Disability rating scale"
            }
          ],
          "text": "Disability rating scale"
        },
        "subject": {
          "reference": "urn:uuid:9ae162bc-2670-4171-9e56-5d78196b726e"
        },
        "effectiveDateTime": "2017-10-31T16:09:28-04:00",
        "issued": "2017-10-31T16:09:28-04:00",
        "valueQuantity": {
          "value": 22.386844561565383,
          "unit": "years",
          "system": "http://unitsofmeasure.org/",
          "code": "years"
        },
        "resourceType": "Observation"
      }
    }
  ],
  "resourceType": "Bundle"
}