{
  "type": "collection",
  "entry": [
    {
      "fullUrl": "urn:uuid:5171e97c-c6f1-4156-8d29-289ceac0d82d",
      "resource": {
        "id": "5171e97c-c6f1-4156-8d29-289ceac0d82d",
        "meta": {
          "profile": [
            "http://standardhealthrecord.org/fhir/StructureDefinition/shr-actor-Organization"
          ]
        },
        "type": [
          {
            "coding": [
              {
                "system": "http://hl7.org/fhir/organization-type",
                "code": "prov",
                "display": "Healthcare Provider"
              }
            ],
            "text": "Healthcare Provider"
          }
        ],
        "name": "GOOD SAMARITAN M C CARDIAC TESTING",
        "resourceType": "Organization"
      }
    },
    {
      "fullUrl": "urn:uuid:7c7efa46-a3d8-4d11-80aa-ae8e4f4f9a61",
      "resource": {
        "id": "7c7efa46-a3d8-4d11-80aa-ae8e4f4f9a61",
        "meta": {
          "profile": [
            "http://standardhealthrecord.org/fhir/StructureDefinition/shr-demographics-PersonOfRecord"
          ]
        },
        "text": {
          "status": "generated",
          "div": "<div xmlns=\"http://www.w3.org/1999/xhtml\">Generated by <a href=\"https://github.com/synthetichealth/synthea\">Synthea</a>. Version identifier: 368ac389f34cd3ce3986aa3a0a08e467bf574db3</div>"
        },
        "extension": [
          {
            "url": "http://hl7.org/fhir/us/core/StructureDefinition/us-core-race",
            "valueCodeableConcept": {
              "coding": [
                {
                  "system": "http://hl7.org/fhir/v3/Race",
                  "code": "2106-3",
                  "display": "White"
                }
              ],
              "text": "race"
            }
          },
          {
            "url": "http://hl7.org/fhir/us/core/StructureDefinition/us-core-ethnicity",
            "valueCodeableConcept": {
              "coding": [
                {
                  "system": "http://hl7.org/fhir/v3/Ethnicity",
                  "code": "2186-5",
                  "display": "Nonhispanic"
                }
              ],
              "text": "ethnicity"
            }
          },
          {
            "url": "http://hl7.org/fhir/StructureDefinition/birthPlace",
            "valueAddress": {
              "city": "Springfield",
              "state": "MA",
              "country": "US"
            }
          },
          {
            "url": "http://hl7.org/fhir/StructureDefinition/patient-mothersMaidenName",
            "valueString": "Jeri188 Wolf289"
          },
          {
            "url": "http://hl7.org/fhir/us/core/StructureDefinition/us-core-birthsex",
            "valueCode": "F"
          },
          {
            "url": "http://hl7.org/fhir/StructureDefinition/patient-interpreterRequired",
            "valueBoolean": false
          },
          {
            "url": "http://standardhealthrecord.org/fhir/StructureDefinition/shr-actor-FictionalPerson-extension",
            "valueBoolean": true
          },
          {
            "url": "http://standardhealthrecord.org/fhir/StructureDefinition/shr-demographics-FathersName-extension",
            "valueHumanName": {
              "text": "Tad406 Paucek433"
            }
          },
          {
            "url": "http://standardhealthrecord.org/fhir/StructureDefinition/shr-demographics-SocialSecurityNumber-extension",
            "valueString": "999-52-2779"
          }
        ],
        "identifier": [
          {
            "system": "https://github.com/synthetichealth/synthea",
            "value": "4f830261-e8ec-4e38-8418-bf6eb9eea5fd"
          },
          {
            "type": {
              "coding": [
                {
                  "system": "http://hl7.org/fhir/identifier-type",
                  "code": "SB"
                }
              ]
            },
            "system": "http://hl7.org/fhir/sid/us-ssn",
            "value": "999522779"
          },
          {
            "type": {
              "coding": [
                {
                  "system": "http://hl7.org/fhir/v2/0203",
                  "code": "DL"
                }
              ]
            },
            "system": "urn:oid:2.16.840.1.113883.4.3.25",
            "value": "S99988718"
          },
          {
            "type": {
              "coding": [
                {
                  "system": "http://hl7.org/fhir/v2/0203",
                  "code": "PPN"
                }
              ]
            },
            "system": "http://standardhealthrecord.org/fhir/StructureDefinition/passportNumber",
            "value": "X12256217X"
          },
          {
            "type": {
              "coding": [
                {
                  "system": "http://hl7.org/fhir/v2/0203",
                  "code": "MR"
                }
              ]
            },
            "system": "http://hospital.smarthealthit.org",
            "value": "4f830261-e8ec-4e38-8418-bf6eb9eea5fd"
          }
        ],
        "name": [
          {
            "use": "official",
            "family": "Bayer452",
            "given": [
              "Dinorah791"
            ],
            "prefix": [
              "Mrs."
            ]
          },
          {
            "use": "maiden",
            "family": "Paucek433",
            "given": [
              "Dinorah791"
            ]
          }
        ],
        "telecom": [
          {
            "system": "phone",
            "value": "139.175.3437 x2746",
            "use": "home"
          }
        ],
        "gender": "female",
        "birthDate": "1920-08-24",
        "deceasedDateTime": "2002-04-16T05:03:13-04:00",
        "address": [
          {
            "extension": [
              {
                "extension": [
                  {
                    "url": "latitude",
                    "valueDecimal": 42.100669390935224
                  },
                  {
                    "url": "longitude",
                    "valueDecimal": -71.04542262174047
                  }
                ],
                "url": "http://hl7.org/fhir/StructureDefinition/geolocation"
              }
            ],
            "line": [
              "8934 Catharine Causeway"
            ],
            "city": "Brockton",
            "state": "MA",
            "postalCode": "02301",
            "country": "US"
          }
        ],
        "maritalStatus": {
          "coding": [
            {
              "system": "http://hl7.org/fhir/v3/MaritalStatus",
              "code": "M"
            }
          ],
          "text": "M"
        },
        "multipleBirthBoolean": false,
        "communication": [
          {
            "language": {
              "coding": [
                {
                  "system": "http://hl7.org/fhir/ValueSet/languages",
                  "code": "en-US",
                  "display": "English (United States)"
                }
              ]
            }
          }
        ],
        "generalPractitioner": [
          {
            "reference": "urn:uuid:5171e97c-c6f1-4156-8d29-289ceac0d82d"
          }
        ],
        "resourceType": "Patient"
      }
    },
    {
      "fullUrl": "urn:uuid:016fce70-3121-4333-9092-e966110bb9a3",
      "resource": {
        "id": "016fce70-3121-4333-9092-e966110bb9a3",
        "meta": {
          "profile": [
            "http://standardhealthrecord.org/fhir/StructureDefinition/shr-encounter-Encounter"
          ]
        },
        "status": "finished",
        "class": {
          "code": "ambulatory"
        },
        "type": [
          {
            "coding": [
              {
                "system": "http://snomed.info/sct",
                "code": "308646001"
              }
            ],
            "text": "Death Certification"
          }
        ],
        "subject": {
          "reference": "urn:uuid:7c7efa46-a3d8-4d11-80aa-ae8e4f4f9a61"
        },
        "period": {
          "start": "2002-04-16T05:03:13-04:00",
          "end": "2002-04-16T05:18:13-04:00"
        },
        "serviceProvider": {
          "reference": "urn:uuid:5171e97c-c6f1-4156-8d29-289ceac0d82d"
        },
        "resourceType": "Encounter"
      }
    },
    {
      "fullUrl": "urn:uuid:032e077b-4829-417d-9157-e501cb6163a5",
      "resource": {
        "id": "032e077b-4829-417d-9157-e501cb6163a5",
        "status": "active",
        "use": "complete",
        "patient": {
          "reference": "urn:uuid:7c7efa46-a3d8-4d11-80aa-ae8e4f4f9a61"
        },
        "billablePeriod": {
          "start": "2002-04-16T05:03:13-04:00",
          "end": "2002-04-16T05:18:13-04:00"
        },
        "organization": {
          "reference": {
            "reference": "urn:uuid:5171e97c-c6f1-4156-8d29-289ceac0d82d"
          }
        },
        "diagnosis": [
          {
            "sequence": 1,
            "diagnosisReference": {
              "reference": "urn:uuid:ce1b7296-1cdc-4e5d-9b13-b1c54eccb511"
            }
          },
          {
            "sequence": 2,
            "diagnosisReference": {
              "reference": "urn:uuid:608777e6-959b-416f-8f89-b8af5026af3c"
            }
          },
          {
            "sequence": 3,
            "diagnosisReference": {
              "reference": "urn:uuid:dc25233c-7554-44e4-98bb-6b4c872939d1"
            }
          }
        ],
        "item": [
          {
            "sequence": 1,
            "net": {
              "value": 125.0,
              "system": "urn:iso:std:iso:4217",
              "code": "USD"
            },
            "encounter": [
              {
                "reference": {
                  "fullUrl": "urn:uuid:016fce70-3121-4333-9092-e966110bb9a3",
                  "resource": {
                    "id": "016fce70-3121-4333-9092-e966110bb9a3",
                    "meta": {
                      "profile": [
                        "http://standardhealthrecord.org/fhir/StructureDefinition/shr-encounter-Encounter"
                      ]
                    },
                    "status": "finished",
                    "class": {
                      "code": "ambulatory"
                    },
                    "type": [
                      {
                        "coding": [
                          {
                            "system": "http://snomed.info/sct",
                            "code": "308646001"
                          }
                        ],
                        "text": "Death Certification"
                      }
                    ],
                    "subject": {
                      "reference": "urn:uuid:7c7efa46-a3d8-4d11-80aa-ae8e4f4f9a61"
                    },
                    "period": {
                      "start": "2002-04-16T05:03:13-04:00",
                      "end": "2002-04-16T05:18:13-04:00"
                    },
                    "serviceProvider": {
                      "reference": "urn:uuid:5171e97c-c6f1-4156-8d29-289ceac0d82d"
                    },
                    "resourceType": "Encounter"
                  }
                }
              }
            ]
          },
          {
            "sequence": 2,
            "diagnosisLinkId": [
              1
            ],
            "net": {
              "value": 0.0,
              "system": "urn:iso:std:iso:4217",
              "code": "USD"
            }
          },
          {
            "sequence": 3,
            "diagnosisLinkId": [
              2
            ],
            "net": {
              "value": 0.0,
              "system": "urn:iso:std:iso:4217",
              "code": "USD"
            }
          },
          {
            "sequence": 4,
            "diagnosisLinkId": [
              3
            ],
            "net": {
              "value": 0.0,
              "system": "urn:iso:std:iso:4217",
              "code": "USD"
            }
          }
        ],
        "total": {
          "value": 125.0,
          "system": "urn:iso:std:iso:4217",
          "code": "USD"
        },
        "resourceType": "Claim"
      }
    },
    {
      "fullUrl": "urn:uuid:ce1b7296-1cdc-4e5d-9b13-b1c54eccb511",
      "resource": {
        "id": "ce1b7296-1cdc-4e5d-9b13-b1c54eccb511",
        "meta": {
          "profile": [
            "http://standardhealthrecord.org/fhir/StructureDefinition/shr-problem-Problem"
          ]
        },
        "clinicalStatus": "active",
        "verificationStatus": "confirmed",
        "code": {
          "coding": [
            {
              "system": "http://snomed.info/sct",
              "code": "195967001",
              "display": "Asthma"
            }
          ],
          "text": "Asthma"
        },
        "subject": {
          "reference": "urn:uuid:7c7efa46-a3d8-4d11-80aa-ae8e4f4f9a61"
        },
        "context": {
          "reference": "urn:uuid:016fce70-3121-4333-9092-e966110bb9a3"
        },
        "onsetDateTime": "1940-01-07T08:02:50-05:00",
        "assertedDate": "1940-01-07",
        "resourceType": "Condition"
      }
    },
    {
      "fullUrl": "urn:uuid:608777e6-959b-416f-8f89-b8af5026af3c",
      "resource": {
        "id": "608777e6-959b-416f-8f89-b8af5026af3c",
        "meta": {
          "profile": [
            "http://standardhealthrecord.org/fhir/StructureDefinition/shr-problem-Problem"
          ]
        },
        "clinicalStatus": "active",
        "verificationStatus": "confirmed",
        "code": {
          "coding": [
            {
              "system": "http://snomed.info/sct",
              "code": "15777000",
              "display": "Prediabetes"
            }
          ],
          "text": "Prediabetes"
        },
        "subject": {
          "reference": "urn:uuid:7c7efa46-a3d8-4d11-80aa-ae8e4f4f9a61"
        },
        "context": {
          "reference": "urn:uuid:016fce70-3121-4333-9092-e966110bb9a3"
        },
        "onsetDateTime": "1952-08-02T02:20:37-04:00",
        "assertedDate": "1952-08-02",
        "resourceType": "Condition"
      }
    },
    {
      "fullUrl": "urn:uuid:dc25233c-7554-44e4-98bb-6b4c872939d1",
      "resource": {
        "id": "dc25233c-7554-44e4-98bb-6b4c872939d1",
        "meta": {
          "profile": [
            "http://standardhealthrecord.org/fhir/StructureDefinition/shr-problem-Problem"
          ]
        },
        "clinicalStatus": "active",
        "verificationStatus": "confirmed",
        "code": {
          "coding": [
            {
              "system": "http://snomed.info/sct",
              "code": "230690007",
              "display": "Stroke"
            }
          ],
          "text": "Stroke"
        },
        "subject": {
          "reference": "urn:uuid:7c7efa46-a3d8-4d11-80aa-ae8e4f4f9a61"
        },
        "context": {
          "reference": "urn:uuid:016fce70-3121-4333-9092-e966110bb9a3"
        },
        "onsetDateTime": "2000-12-05T05:03:13-05:00",
        "assertedDate": "2000-12-05",
        "resourceType": "Condition"
      }
    },
    {
      "fullUrl": "urn:uuid:a78a4eec-c083-47a4-83f8-196ad3aaaaa5",
      "resource": {
        "id": "a78a4eec-c083-47a4-83f8-196ad3aaaaa5",
        "meta": {
          "profile": [
            "http://standardhealthrecord.org/fhir/StructureDefinition/shr-observation-Observation"
          ]
        },
        "status": "final",
        "category": [
          {
            "coding": [
              {
                "system": "http://hl7.org/fhir/observation-category"
              }
            ]
          }
        ],
        "code": {
          "coding": [
            {
              "system": "http://loinc.org",
              "code": "69453-9",
              "display": "Cause of Death [US Standard Certificate of Death]"
            }
          ],
          "text": "Cause of Death [US Standard Certificate of Death]"
        },
        "subject": {
          "reference": "urn:uuid:7c7efa46-a3d8-4d11-80aa-ae8e4f4f9a61"
        },
        "context": {
          "reference": "urn:uuid:016fce70-3121-4333-9092-e966110bb9a3"
        },
        "effectiveDateTime": "2002-04-16T05:03:13-04:00",
        "issued": "2002-04-16T05:03:13-04:00",
        "valueCodeableConcept": {
          "coding": [
            {
              "system": "http://snomed.info/sct",
              "code": "9855000",
              "display": "Natural death with unknown cause"
            }
          ],
          "text": "Natural death with unknown cause"
        },
        "resourceType": "Observation"
      }
    },
    {
      "fullUrl": "urn:uuid:a7a7dada-b914-4765-84d0-6ba936e80d8b",
      "resource": {
        "id": "a7a7dada-b914-4765-84d0-6ba936e80d8b",
        "meta": {
          "profile": [
            "http://standardhealthrecord.org/fhir/StructureDefinition/shr-observation-Panel"
          ]
        },
        "status": "final",
        "code": {
          "coding": [
            {
              "system": "http://loinc.org",
              "code": "69409-1",
              "display": "U.S. standard certificate of death - 2003 revision"
            }
          ]
        },
        "subject": {
          "reference": "urn:uuid:7c7efa46-a3d8-4d11-80aa-ae8e4f4f9a61"
        },
        "context": {
          "reference": "urn:uuid:016fce70-3121-4333-9092-e966110bb9a3"
        },
        "effectiveDateTime": "2002-04-16T05:03:13-04:00",
        "issued": "2002-04-16T05:03:13-04:00",
        "result": [
          {
            "reference": "urn:uuid:a78a4eec-c083-47a4-83f8-196ad3aaaaa5",
            "display": "Cause of Death [US Standard Certificate of Death]"
          }
        ],
        "resourceType": "DiagnosticReport"
      }
    },
    {
      "resource": {
        "status": "active",
        "intent": "order",
        "category": [
          {
            "coding": [
              {
                "system": "http://snomed.info/sct",
                "code": "699728000",
                "display": "Asthma self management"
              }
            ]
          }
        ],
        "subject": {
          "reference": "urn:uuid:7c7efa46-a3d8-4d11-80aa-ae8e4f4f9a61"
        },
        "context": {
          "reference": "urn:uuid:016fce70-3121-4333-9092-e966110bb9a3"
        },
        "period": {
          "start": "1924-05-21"
        },
        "activity": [
          {
            "detail": {
              "code": {
                "coding": [
                  {
                    "system": "http://snomed.info/sct",
                    "code": "710818004",
                    "display": "Inhaled steroid therapy"
                  }
                ]
              },
              "status": "in-progress"
            }
          },
          {
            "detail": {
              "code": {
                "coding": [
                  {
                    "system": "http://snomed.info/sct",
                    "code": "708409001",
                    "display": "Home nebulizer therapy"
                  }
                ]
              },
              "status": "in-progress"
            }
          },
          {
            "detail": {
              "code": {
                "coding": [
                  {
                    "system": "http://snomed.info/sct",
                    "code": "229298005",
                    "display": "Breathing control"
                  }
                ]
              },
              "status": "in-progress"
            }
          }
        ],
        "resourceType": "CarePlan"
      }
    },
    {
      "fullUrl": "urn:uuid:5293f223-1f51-4bd0-a663-790c91ece3b3",
      "resource": {
        "id": "5293f223-1f51-4bd0-a663-790c91ece3b3",
        "status": "in-progress",
        "description": {
          "text": "Hemoglobin A1c total in Blood < 7.0"
        },
        "addresses": [
          {
            "reference": "urn:uuid:608777e6-959b-416f-8f89-b8af5026af3c"
          }
        ],
        "resourceType": "Goal"
      }
    },
    {
      "fullUrl": "urn:uuid:885b46f3-d5df-410d-bcf8-b42fac370614",
      "resource": {
        "id": "885b46f3-d5df-410d-bcf8-b42fac370614",
        "status": "in-progress",
        "description": {
          "text": "Glucose [Mass/volume] in Blood < 108"
        },
        "addresses": [
          {
            "reference": "urn:uuid:608777e6-959b-416f-8f89-b8af5026af3c"
          }
        ],
        "resourceType": "Goal"
      }
    },
    {
      "fullUrl": "urn:uuid:1a07427f-6762-49a9-ba4b-56873067123f",
      "resource": {
        "id": "1a07427f-6762-49a9-ba4b-56873067123f",
        "status": "in-progress",
        "description": {
          "text": "Maintain blood pressure below 140/90 mmHg"
        },
        "addresses": [
          {
            "reference": "urn:uuid:608777e6-959b-416f-8f89-b8af5026af3c"
          }
        ],
        "resourceType": "Goal"
      }
    },
    {
      "fullUrl": "urn:uuid:b93764f8-4a76-4bf1-bee5-a99347ce68d3",
      "resource": {
        "id": "b93764f8-4a76-4bf1-bee5-a99347ce68d3",
        "status": "in-progress",
        "description": {
          "text": "Improve and maintenance of optimal foot health: aim at early detection of peripheral vascular problems and neuropathy presumed due to diabetes; and prevention of diabetic foot ulcer, gangrene"
        },
        "addresses": [
          {
            "reference": "urn:uuid:608777e6-959b-416f-8f89-b8af5026af3c"
          }
        ],
        "resourceType": "Goal"
      }
    },
    {
      "fullUrl": "urn:uuid:911e9af4-0395-4bcc-b42d-08de502cdd16",
      "resource": {
        "id": "911e9af4-0395-4bcc-b42d-08de502cdd16",
        "status": "in-progress",
        "description": {
          "text": "Address patient knowledge deficit on diabetic self-care"
        },
        "addresses": [
          {
            "reference": "urn:uuid:608777e6-959b-416f-8f89-b8af5026af3c"
          }
        ],
        "resourceType": "Goal"
      }
    },
    {
      "resource": {
        "status": "active",
        "intent": "order",
        "category": [
          {
            "coding": [
              {
                "system": "http://snomed.info/sct",
                "code": "698360004",
                "display": "Diabetes self management plan"
              }
            ]
          }
        ],
        "subject": {
          "reference": "urn:uuid:7c7efa46-a3d8-4d11-80aa-ae8e4f4f9a61"
        },
        "context": {
          "reference": "urn:uuid:016fce70-3121-4333-9092-e966110bb9a3"
        },
        "period": {
          "start": "1952-08-02"
        },
        "addresses": [
          {
            "reference": "urn:uuid:608777e6-959b-416f-8f89-b8af5026af3c"
          }
        ],
        "goal": [
          {
            "reference": "urn:uuid:5293f223-1f51-4bd0-a663-790c91ece3b3"
          },
          {
            "reference": "urn:uuid:885b46f3-d5df-410d-bcf8-b42fac370614"
          },
          {
            "reference": "urn:uuid:1a07427f-6762-49a9-ba4b-56873067123f"
          },
          {
            "reference": "urn:uuid:b93764f8-4a76-4bf1-bee5-a99347ce68d3"
          },
          {
            "reference": "urn:uuid:911e9af4-0395-4bcc-b42d-08de502cdd16"
          }
        ],
        "activity": [
          {
            "detail": {
              "code": {
                "coding": [
                  {
                    "system": "http://snomed.info/sct",
                    "code": "160670007",
                    "display": "Diabetic diet"
                  }
                ]
              },
              "status": "in-progress"
            }
          },
          {
            "detail": {
              "code": {
                "coding": [
                  {
                    "system": "http://snomed.info/sct",
                    "code": "229065009",
                    "display": "Exercise therapy"
                  }
                ]
              },
              "status": "in-progress"
            }
          }
        ],
        "resourceType": "CarePlan"
      }
    },
    {
      "resource": {
        "status": "active",
        "intent": "order",
        "category": [
          {
            "coding": [
              {
                "system": "http://snomed.info/sct",
                "code": "698358001",
                "display": "Angina self management plan"
              }
            ]
          }
        ],
        "subject": {
          "reference": "urn:uuid:7c7efa46-a3d8-4d11-80aa-ae8e4f4f9a61"
        },
        "context": {
          "reference": "urn:uuid:016fce70-3121-4333-9092-e966110bb9a3"
        },
        "period": {
          "start": "2001-12-22"
        },
        "addresses": [
          {
            "reference": "urn:uuid:dc25233c-7554-44e4-98bb-6b4c872939d1"
          }
        ],
        "activity": [
          {
            "detail": {
              "code": {
                "coding": [
                  {
                    "system": "http://snomed.info/sct",
                    "code": "229065009",
                    "display": "Exercise therapy"
                  }
                ]
              },
              "status": "in-progress"
            }
          },
          {
            "detail": {
              "code": {
                "coding": [
                  {
                    "system": "http://snomed.info/sct",
                    "code": "226060000",
                    "display": "Stress management"
                  }
                ]
              },
              "status": "in-progress"
            }
          },
          {
            "detail": {
              "code": {
                "coding": [
                  {
                    "system": "http://snomed.info/sct",
                    "code": "710081004",
                    "display": "Smoking cessation therapy"
                  }
                ]
              },
              "status": "in-progress"
            }
          },
          {
            "detail": {
              "code": {
                "coding": [
                  {
                    "system": "http://snomed.info/sct",
                    "code": "226234005",
                    "display": "Healthy diet"
                  }
                ]
              },
              "status": "in-progress"
            }
          }
        ],
        "resourceType": "CarePlan"
      }
    },
    {
      "fullUrl": "urn:uuid:5fb6cea2-2c0e-48ae-918f-c9ef0fc259cd",
      "resource": {
        "id": "5fb6cea2-2c0e-48ae-918f-c9ef0fc259cd",
        "meta": {
          "profile": [
            "http://standardhealthrecord.org/fhir/StructureDefinition/shr-medication-MedicationPrescription"
          ]
        },
        "extension": [
          {
            "url": "http://standardhealthrecord.org/fhir/StructureDefinition/shr-base-ActionCode-extension",
            "valueCodeableConcept": {
              "coding": [
                {
                  "system": "http://snomed.info/sct",
                  "code": "33633005",
                  "display": "Prescription of drug (procedure)"
                }
              ],
              "text": "Prescription of drug (procedure)"
            }
          }
        ],
        "status": "active",
        "intent": "order",
        "medicationCodeableConcept": {
          "coding": [
            {
              "system": "http://www.nlm.nih.gov/research/umls/rxnorm",
              "code": "895994",
              "display": "120 ACTUAT Fluticasone propionate 0.044 MG/ACTUAT Metered Dose Inhaler"
            }
          ],
          "text": "120 ACTUAT Fluticasone propionate 0.044 MG/ACTUAT Metered Dose Inhaler"
        },
        "subject": {
          "reference": "urn:uuid:7c7efa46-a3d8-4d11-80aa-ae8e4f4f9a61"
        },
        "context": {
          "reference": "urn:uuid:016fce70-3121-4333-9092-e966110bb9a3"
        },
        "authoredOn": "1924-05-21",
        "dosageInstruction": [
          {
            "sequence": 1,
            "asNeededBoolean": true
          }
        ],
        "resourceType": "MedicationRequest"
      }
    },
    {
      "fullUrl": "urn:uuid:eccbad74-d5e3-4c9d-8a7e-98752966688b",
      "resource": {
        "id": "eccbad74-d5e3-4c9d-8a7e-98752966688b",
        "status": "active",
        "use": "complete",
        "patient": {
          "reference": "urn:uuid:7c7efa46-a3d8-4d11-80aa-ae8e4f4f9a61"
        },
        "billablePeriod": {
          "start": "2002-04-16T05:03:13-04:00",
          "end": "2002-04-16T05:18:13-04:00"
        },
        "organization": {
          "reference": {
            "reference": "urn:uuid:5171e97c-c6f1-4156-8d29-289ceac0d82d"
          }
        },
        "prescription": {
          "reference": "urn:uuid:5fb6cea2-2c0e-48ae-918f-c9ef0fc259cd"
        },
        "item": [
          {
            "sequence": 1,
            "net": {
              "value": 125.0,
              "system": "urn:iso:std:iso:4217",
              "code": "USD"
            },
            "encounter": [
              {
                "reference": {
                  "fullUrl": "urn:uuid:016fce70-3121-4333-9092-e966110bb9a3",
                  "resource": {
                    "id": "016fce70-3121-4333-9092-e966110bb9a3",
                    "meta": {
                      "profile": [
                        "http://standardhealthrecord.org/fhir/StructureDefinition/shr-encounter-Encounter"
                      ]
                    },
                    "status": "finished",
                    "class": {
                      "code": "ambulatory"
                    },
                    "type": [
                      {
                        "coding": [
                          {
                            "system": "http://snomed.info/sct",
                            "code": "308646001"
                          }
                        ],
                        "text": "Death Certification"
                      }
                    ],
                    "subject": {
                      "reference": "urn:uuid:7c7efa46-a3d8-4d11-80aa-ae8e4f4f9a61"
                    },
                    "period": {
                      "start": "2002-04-16T05:03:13-04:00",
                      "end": "2002-04-16T05:18:13-04:00"
                    },
                    "serviceProvider": {
                      "reference": "urn:uuid:5171e97c-c6f1-4156-8d29-289ceac0d82d"
                    },
                    "resourceType": "Encounter"
                  }
                }
              }
            ]
          },
          {
            "sequence": 1,
            "net": {
              "value": 255.0,
              "system": "urn:iso:std:iso:4217",
              "code": "USD"
            }
          }
        ],
        "total": {
          "value": 255.0,
          "system": "urn:iso:std:iso:4217",
          "code": "USD"
        },
        "resourceType": "Claim"
      }
    },
    {
      "fullUrl": "urn:uuid:4a931ef8-2035-4339-a788-891d0effeb6b",
      "resource": {
        "id": "4a931ef8-2035-4339-a788-891d0effeb6b",
        "meta": {
          "profile": [
            "http://standardhealthrecord.org/fhir/StructureDefinition/shr-medication-MedicationPrescription"
          ]
        },
        "extension": [
          {
            "url": "http://standardhealthrecord.org/fhir/StructureDefinition/shr-base-ActionCode-extension",
            "valueCodeableConcept": {
              "coding": [
                {
                  "system": "http://snomed.info/sct",
                  "code": "33633005",
                  "display": "Prescription of drug (procedure)"
                }
              ],
              "text": "Prescription of drug (procedure)"
            }
          }
        ],
        "status": "active",
        "intent": "order",
        "medicationCodeableConcept": {
          "coding": [
            {
              "system": "http://www.nlm.nih.gov/research/umls/rxnorm",
              "code": "745679",
              "display": "200 ACTUAT Albuterol 0.09 MG/ACTUAT Metered Dose Inhaler"
            }
          ],
          "text": "200 ACTUAT Albuterol 0.09 MG/ACTUAT Metered Dose Inhaler"
        },
        "subject": {
          "reference": "urn:uuid:7c7efa46-a3d8-4d11-80aa-ae8e4f4f9a61"
        },
        "context": {
          "reference": "urn:uuid:016fce70-3121-4333-9092-e966110bb9a3"
        },
        "authoredOn": "1924-05-21",
        "dosageInstruction": [
          {
            "sequence": 1,
            "asNeededBoolean": true
          }
        ],
        "resourceType": "MedicationRequest"
      }
    },
    {
      "fullUrl": "urn:uuid:da67212b-7590-40dd-9f7b-bc6ee7ec32ca",
      "resource": {
        "id": "da67212b-7590-40dd-9f7b-bc6ee7ec32ca",
        "status": "active",
        "use": "complete",
        "patient": {
          "reference": "urn:uuid:7c7efa46-a3d8-4d11-80aa-ae8e4f4f9a61"
        },
        "billablePeriod": {
          "start": "2002-04-16T05:03:13-04:00",
          "end": "2002-04-16T05:18:13-04:00"
        },
        "organization": {
          "reference": {
            "reference": "urn:uuid:5171e97c-c6f1-4156-8d29-289ceac0d82d"
          }
        },
        "prescription": {
          "reference": "urn:uuid:4a931ef8-2035-4339-a788-891d0effeb6b"
        },
        "item": [
          {
            "sequence": 1,
            "net": {
              "value": 125.0,
              "system": "urn:iso:std:iso:4217",
              "code": "USD"
            },
            "encounter": [
              {
                "reference": {
                  "fullUrl": "urn:uuid:016fce70-3121-4333-9092-e966110bb9a3",
                  "resource": {
                    "id": "016fce70-3121-4333-9092-e966110bb9a3",
                    "meta": {
                      "profile": [
                        "http://standardhealthrecord.org/fhir/StructureDefinition/shr-encounter-Encounter"
                      ]
                    },
                    "status": "finished",
                    "class": {
                      "code": "ambulatory"
                    },
                    "type": [
                      {
                        "coding": [
                          {
                            "system": "http://snomed.info/sct",
                            "code": "308646001"
                          }
                        ],
                        "text": "Death Certification"
                      }
                    ],
                    "subject": {
                      "reference": "urn:uuid:7c7efa46-a3d8-4d11-80aa-ae8e4f4f9a61"
                    },
                    "period": {
                      "start": "2002-04-16T05:03:13-04:00",
                      "end": "2002-04-16T05:18:13-04:00"
                    },
                    "serviceProvider": {
                      "reference": "urn:uuid:5171e97c-c6f1-4156-8d29-289ceac0d82d"
                    },
                    "resourceType": "Encounter"
                  }
                }
              }
            ]
          },
          {
            "sequence": 1,
            "net": {
              "value": 255.0,
              "system": "urn:iso:std:iso:4217",
              "code": "USD"
            }
          }
        ],
        "total": {
          "value": 255.0,
          "system": "urn:iso:std:iso:4217",
          "code": "USD"
        },
        "resourceType": "Claim"
      }
    },
    {
      "fullUrl": "urn:uuid:e45bd6dd-3d55-4a76-9afd-89c362b90c48",
      "resource": {
        "id": "e45bd6dd-3d55-4a76-9afd-89c362b90c48",
        "meta": {
          "profile": [
            "http://standardhealthrecord.org/fhir/StructureDefinition/shr-medication-MedicationPrescription"
          ]
        },
        "extension": [
          {
            "url": "http://standardhealthrecord.org/fhir/StructureDefinition/shr-base-ActionCode-extension",
            "valueCodeableConcept": {
              "coding": [
                {
                  "system": "http://snomed.info/sct",
                  "code": "33633005",
                  "display": "Prescription of drug (procedure)"
                }
              ],
              "text": "Prescription of drug (procedure)"
            }
          }
        ],
        "status": "active",
        "intent": "order",
        "medicationCodeableConcept": {
          "coding": [
            {
              "system": "http://www.nlm.nih.gov/research/umls/rxnorm",
              "code": "834060",
              "display": "Penicillin V Potassium 250 MG"
            }
          ],
          "text": "Penicillin V Potassium 250 MG"
        },
        "subject": {
          "reference": "urn:uuid:7c7efa46-a3d8-4d11-80aa-ae8e4f4f9a61"
        },
        "context": {
          "reference": "urn:uuid:016fce70-3121-4333-9092-e966110bb9a3"
        },
        "authoredOn": "1933-04-30",
        "resourceType": "MedicationRequest"
      }
    },
    {
      "fullUrl": "urn:uuid:064e955c-da19-48c7-b2d5-f5dec7950401",
      "resource": {
        "id": "064e955c-da19-48c7-b2d5-f5dec7950401",
        "status": "active",
        "use": "complete",
        "patient": {
          "reference": "urn:uuid:7c7efa46-a3d8-4d11-80aa-ae8e4f4f9a61"
        },
        "billablePeriod": {
          "start": "2002-04-16T05:03:13-04:00",
          "end": "2002-04-16T05:18:13-04:00"
        },
        "organization": {
          "reference": {
            "reference": "urn:uuid:5171e97c-c6f1-4156-8d29-289ceac0d82d"
          }
        },
        "prescription": {
          "reference": "urn:uuid:e45bd6dd-3d55-4a76-9afd-89c362b90c48"
        },
        "item": [
          {
            "sequence": 1,
            "net": {
              "value": 125.0,
              "system": "urn:iso:std:iso:4217",
              "code": "USD"
            },
            "encounter": [
              {
                "reference": {
                  "fullUrl": "urn:uuid:016fce70-3121-4333-9092-e966110bb9a3",
                  "resource": {
                    "id": "016fce70-3121-4333-9092-e966110bb9a3",
                    "meta": {
                      "profile": [
                        "http://standardhealthrecord.org/fhir/StructureDefinition/shr-encounter-Encounter"
                      ]
                    },
                    "status": "finished",
                    "class": {
                      "code": "ambulatory"
                    },
                    "type": [
                      {
                        "coding": [
                          {
                            "system": "http://snomed.info/sct",
                            "code": "308646001"
                          }
                        ],
                        "text": "Death Certification"
                      }
                    ],
                    "subject": {
                      "reference": "urn:uuid:7c7efa46-a3d8-4d11-80aa-ae8e4f4f9a61"
                    },
                    "period": {
                      "start": "2002-04-16T05:03:13-04:00",
                      "end": "2002-04-16T05:18:13-04:00"
                    },
                    "serviceProvider": {
                      "reference": "urn:uuid:5171e97c-c6f1-4156-8d29-289ceac0d82d"
                    },
                    "resourceType": "Encounter"
                  }
                }
              }
            ]
          },
          {
            "sequence": 1,
            "net": {
              "value": 255.0,
              "system": "urn:iso:std:iso:4217",
              "code": "USD"
            }
          }
        ],
        "total": {
          "value": 255.0,
          "system": "urn:iso:std:iso:4217",
          "code": "USD"
        },
        "resourceType": "Claim"
      }
    },
    {
      "fullUrl": "urn:uuid:319b4a18-6e8d-4ada-8ae6-4e265258d6e1",
      "resource": {
        "id": "319b4a18-6e8d-4ada-8ae6-4e265258d6e1",
        "meta": {
          "profile": [
            "http://standardhealthrecord.org/fhir/StructureDefinition/shr-observation-Observation"
          ]
        },
        "status": "final",
        "category": [
          {
            "coding": [
              {
                "system": "http://hl7.org/fhir/observation-category",
                "code": "survey"
              }
            ]
          }
        ],
        "code": {
          "coding": [
            {
              "system": "http://snomed.info/sct",
              "code": "273724008",
              "display": "Quality adjusted life years"
            }
          ],
          "text": "Quality adjusted life years"
        },
        "subject": {
          "reference": "urn:uuid:7c7efa46-a3d8-4d11-80aa-ae8e4f4f9a61"
        },
        "effectiveDateTime": "2017-10-31T16:09:28-04:00",
        "issued": "2017-10-31T16:09:28-04:00",
        "valueQuantity": {
          "value": 77.36968560274624,
          "unit": "years",
          "system": "http://unitsofmeasure.org/",
          "code": "years"
        },
        "resourceType": "Observation"
      }
    },
    {
      "fullUrl": "urn:uuid:efa6edec-d6b5-4229-b0d9-ccf974177cd8",
      "resource": {
        "id": "efa6edec-d6b5-4229-b0d9-ccf974177cd8",
        "meta": {
          "profile": [
            "http://standardhealthrecord.org/fhir/StructureDefinition/shr-observation-Observation"
          ]
        },
        "status": "final",
        "category": [
          {
            "coding": [
              {
                "system": "http://hl7.org/fhir/observation-category",
                "code": "survey"
              }
            ]
          }
        ],
        "code": {
          "coding": [
            {
              "system": "http://snomed.info/sct",
              "code": "273421001",
              "display": "Disability rating scale"
            }
          ],
          "text": "Disability rating scale"
        },
        "subject": {
          "reference": "urn:uuid:7c7efa46-a3d8-4d11-80aa-ae8e4f4f9a61"
        },
        "effectiveDateTime": "2017-10-31T16:09:28-04:00",
        "issued": "2017-10-31T16:09:28-04:00",
        "valueQuantity": {
          "value": 17.381174397253755,
          "unit": "years",
          "system": "http://unitsofmeasure.org/",
          "code": "years"
        },
        "resourceType": "Observation"
      }
    }
  ],
  "resourceType": "Bundle"
}