{
  "type": "collection",
  "entry": [
    {
      "fullUrl": "urn:uuid:9c5f64f0-d511-45ab-92b9-acdb943351bc",
      "resource": {
        "id": "9c5f64f0-d511-45ab-92b9-acdb943351bc",
        "meta": {
          "profile": [
            "http://standardhealthrecord.org/fhir/StructureDefinition/shr-actor-Organization"
          ]
        },
        "type": [
          {
            "coding": [
              {
                "system": "http://hl7.org/fhir/organization-type",
                "code": "prov",
                "display": "Healthcare Provider"
              }
            ],
            "text": "Healthcare Provider"
          }
        ],
        "name": "MORTON HOSP SLEEP LAB @ RAYNHAM WOO",
        "resourceType": "Organization"
      }
    },
    {
      "fullUrl": "urn:uuid:88143502-494c-4ec8-a521-50b51bccc19c",
      "resource": {
        "id": "88143502-494c-4ec8-a521-50b51bccc19c",
        "meta": {
          "profile": [
            "http://standardhealthrecord.org/fhir/StructureDefinition/shr-demographics-PersonOfRecord"
          ]
        },
        "text": {
          "status": "generated",
          "div": "<div xmlns=\"http://www.w3.org/1999/xhtml\">Generated by <a href=\"https://github.com/synthetichealth/synthea\">Synthea</a>. Version identifier: 368ac389f34cd3ce3986aa3a0a08e467bf574db3</div>"
        },
        "extension": [
          {
            "url": "http://hl7.org/fhir/us/core/StructureDefinition/us-core-race",
            "valueCodeableConcept": {
              "coding": [
                {
                  "system": "http://hl7.org/fhir/v3/Race",
                  "code": "2106-3",
                  "display": "White"
                }
              ],
              "text": "race"
            }
          },
          {
            "url": "http://hl7.org/fhir/us/core/StructureDefinition/us-core-ethnicity",
            "valueCodeableConcept": {
              "coding": [
                {
                  "system": "http://hl7.org/fhir/v3/Ethnicity",
                  "code": "2186-5",
                  "display": "Nonhispanic"
                }
              ],
              "text": "ethnicity"
            }
          },
          {
            "url": "http://hl7.org/fhir/StructureDefinition/birthPlace",
            "valueAddress": {
              "city": "Easthampton Town",
              "state": "MA",
              "country": "US"
            }
          },
          {
            "url": "http://hl7.org/fhir/StructureDefinition/patient-mothersMaidenName",
            "valueString": "Astrid664 Pollich180"
          },
          {
            "url": "http://hl7.org/fhir/us/core/StructureDefinition/us-core-birthsex",
            "valueCode": "M"
          },
          {
            "url": "http://hl7.org/fhir/StructureDefinition/patient-interpreterRequired",
            "valueBoolean": false
          },
          {
            "url": "http://standardhealthrecord.org/fhir/StructureDefinition/shr-actor-FictionalPerson-extension",
            "valueBoolean": true
          },
          {
            "url": "http://standardhealthrecord.org/fhir/StructureDefinition/shr-demographics-FathersName-extension",
            "valueHumanName": {
              "text": "Demetrius673 Bayer452"
            }
          },
          {
            "url": "http://standardhealthrecord.org/fhir/StructureDefinition/shr-demographics-SocialSecurityNumber-extension",
            "valueString": "999-63-6339"
          }
        ],
        "identifier": [
          {
            "system": "https://github.com/synthetichealth/synthea",
            "value": "4a4b59c4-de2b-4eca-9d0c-98893d5430d6"
          },
          {
            "type": {
              "coding": [
                {
                  "system": "http://hl7.org/fhir/identifier-type",
                  "code": "SB"
                }
              ]
            },
            "system": "http://hl7.org/fhir/sid/us-ssn",
            "value": "999636339"
          },
          {
            "type": {
              "coding": [
                {
                  "system": "http://hl7.org/fhir/v2/0203",
                  "code": "DL"
                }
              ]
            },
            "system": "urn:oid:2.16.840.1.113883.4.3.25",
            "value": "S99976943"
          },
          {
            "type": {
              "coding": [
                {
                  "system": "http://hl7.org/fhir/v2/0203",
                  "code": "MR"
                }
              ]
            },
            "system": "http://hospital.smarthealthit.org",
            "value": "4a4b59c4-de2b-4eca-9d0c-98893d5430d6"
          }
        ],
        "name": [
          {
            "use": "official",
            "family": "Bayer452",
            "given": [
              "Marion385"
            ],
            "prefix": [
              "Mr."
            ]
          }
        ],
        "telecom": [
          {
            "system": "phone",
            "value": "(738) 060-8296",
            "use": "home"
          }
        ],
        "gender": "male",
        "birthDate": "1955-04-10",
        "deceasedDateTime": "2009-08-30T09:20:21-04:00",
        "address": [
          {
            "extension": [
              {
                "extension": [
                  {
                    "url": "latitude",
                    "valueDecimal": 41.85795440120313
                  },
                  {
                    "url": "longitude",
                    "valueDecimal": -71.02882445473637
                  }
                ],
                "url": "http://hl7.org/fhir/StructureDefinition/geolocation"
              }
            ],
            "line": [
              "788 Gleichner Plaza",
              "Suite 832"
            ],
            "city": "Taunton",
            "state": "MA",
            "postalCode": "02783",
            "country": "US"
          }
        ],
        "maritalStatus": {
          "coding": [
            {
              "system": "http://hl7.org/fhir/v3/MaritalStatus",
              "code": "M"
            }
          ],
          "text": "M"
        },
        "multipleBirthBoolean": false,
        "communication": [
          {
            "language": {
              "coding": [
                {
                  "system": "http://hl7.org/fhir/ValueSet/languages",
                  "code": "en-US",
                  "display": "English (United States)"
                }
              ]
            }
          }
        ],
        "generalPractitioner": [
          {
            "reference": "urn:uuid:9c5f64f0-d511-45ab-92b9-acdb943351bc"
          }
        ],
        "resourceType": "Patient"
      }
    },
    {
      "fullUrl": "urn:uuid:8c6f708c-7df0-4cfa-8c6a-84386ccd1503",
      "resource": {
        "id": "8c6f708c-7df0-4cfa-8c6a-84386ccd1503",
        "meta": {
          "profile": [
            "http://standardhealthrecord.org/fhir/StructureDefinition/shr-encounter-Encounter"
          ]
        },
        "status": "finished",
        "class": {
          "code": "outpatient"
        },
        "type": [
          {
            "coding": [
              {
                "system": "http://snomed.info/sct",
                "code": "185349003"
              }
            ],
            "text": "Outpatient Encounter"
          }
        ],
        "subject": {
          "reference": "urn:uuid:88143502-494c-4ec8-a521-50b51bccc19c"
        },
        "period": {
          "start": "2008-09-04T13:34:13-04:00",
          "end": "2008-09-04T14:34:13-04:00"
        },
        "serviceProvider": {
          "reference": "urn:uuid:9c5f64f0-d511-45ab-92b9-acdb943351bc"
        },
        "resourceType": "Encounter"
      }
    },
    {
      "fullUrl": "urn:uuid:ac6ab219-951a-4094-8563-b0618cfea2d8",
      "resource": {
        "id": "ac6ab219-951a-4094-8563-b0618cfea2d8",
        "status": "active",
        "use": "complete",
        "patient": {
          "reference": "urn:uuid:88143502-494c-4ec8-a521-50b51bccc19c"
        },
        "billablePeriod": {
          "start": "2008-09-04T13:34:13-04:00",
          "end": "2008-09-04T14:34:13-04:00"
        },
        "organization": {
          "reference": {
            "reference": "urn:uuid:9c5f64f0-d511-45ab-92b9-acdb943351bc"
          }
        },
        "diagnosis": [
          {
            "sequence": 1,
            "diagnosisReference": {
              "reference": "urn:uuid:dbfb6ef8-12fb-4286-80b6-de5826a893ae"
            }
          },
          {
            "sequence": 2,
            "diagnosisReference": {
              "reference": "urn:uuid:78b5db95-d3dd-437f-8b58-7f1bfc720854"
            }
          }
        ],
        "item": [
          {
            "sequence": 1,
            "net": {
              "value": 125.0,
              "system": "urn:iso:std:iso:4217",
              "code": "USD"
            },
            "encounter": [
              {
                "reference": {
                  "fullUrl": "urn:uuid:8c6f708c-7df0-4cfa-8c6a-84386ccd1503",
                  "resource": {
                    "id": "8c6f708c-7df0-4cfa-8c6a-84386ccd1503",
                    "meta": {
                      "profile": [
                        "http://standardhealthrecord.org/fhir/StructureDefinition/shr-encounter-Encounter"
                      ]
                    },
                    "status": "finished",
                    "class": {
                      "code": "outpatient"
                    },
                    "type": [
                      {
                        "coding": [
                          {
                            "system": "http://snomed.info/sct",
                            "code": "185349003"
                          }
                        ],
                        "text": "Outpatient Encounter"
                      }
                    ],
                    "subject": {
                      "reference": "urn:uuid:88143502-494c-4ec8-a521-50b51bccc19c"
                    },
                    "period": {
                      "start": "2008-09-04T13:34:13-04:00",
                      "end": "2008-09-04T14:34:13-04:00"
                    },
                    "serviceProvider": {
                      "reference": "urn:uuid:9c5f64f0-d511-45ab-92b9-acdb943351bc"
                    },
                    "resourceType": "Encounter"
                  }
                }
              }
            ]
          },
          {
            "sequence": 2,
            "diagnosisLinkId": [
              1
            ],
            "net": {
              "value": 0.0,
              "system": "urn:iso:std:iso:4217",
              "code": "USD"
            }
          },
          {
            "sequence": 3,
            "diagnosisLinkId": [
              2
            ],
            "net": {
              "value": 0.0,
              "system": "urn:iso:std:iso:4217",
              "code": "USD"
            }
          },
          {
            "sequence": 4,
            "category": {
              "coding": [
                {
                  "system": "http://hl7.org/fhir/sid/cvx",
                  "code": "140",
                  "display": "Influenza, seasonal, injectable, preservative free"
                }
              ],
              "text": "Influenza, seasonal, injectable, preservative free"
            },
            "net": {
              "value": 136.0,
              "system": "urn:iso:std:iso:4217",
              "code": "USD"
            }
          }
        ],
        "total": {
          "value": 261.0,
          "system": "urn:iso:std:iso:4217",
          "code": "USD"
        },
        "resourceType": "Claim"
      }
    },
    {
      "fullUrl": "urn:uuid:dbfb6ef8-12fb-4286-80b6-de5826a893ae",
      "resource": {
        "id": "dbfb6ef8-12fb-4286-80b6-de5826a893ae",
        "meta": {
          "profile": [
            "http://standardhealthrecord.org/fhir/StructureDefinition/shr-problem-Problem"
          ]
        },
        "clinicalStatus": "active",
        "verificationStatus": "confirmed",
        "code": {
          "coding": [
            {
              "system": "http://snomed.info/sct",
              "code": "74400008",
              "display": "Appendicitis"
            }
          ],
          "text": "Appendicitis"
        },
        "subject": {
          "reference": "urn:uuid:88143502-494c-4ec8-a521-50b51bccc19c"
        },
        "context": {
          "reference": "urn:uuid:8c6f708c-7df0-4cfa-8c6a-84386ccd1503"
        },
        "onsetDateTime": "1995-05-06T16:00:09-04:00",
        "assertedDate": "1995-05-06",
        "resourceType": "Condition"
      }
    },
    {
      "fullUrl": "urn:uuid:78b5db95-d3dd-437f-8b58-7f1bfc720854",
      "resource": {
        "id": "78b5db95-d3dd-437f-8b58-7f1bfc720854",
        "meta": {
          "profile": [
            "http://standardhealthrecord.org/fhir/StructureDefinition/shr-problem-Problem"
          ]
        },
        "clinicalStatus": "active",
        "verificationStatus": "confirmed",
        "code": {
          "coding": [
            {
              "system": "http://snomed.info/sct",
              "code": "428251008",
              "display": "History of appendectomy"
            }
          ],
          "text": "History of appendectomy"
        },
        "subject": {
          "reference": "urn:uuid:88143502-494c-4ec8-a521-50b51bccc19c"
        },
        "context": {
          "reference": "urn:uuid:8c6f708c-7df0-4cfa-8c6a-84386ccd1503"
        },
        "onsetDateTime": "1995-05-06T16:00:09-04:00",
        "assertedDate": "1995-05-06",
        "resourceType": "Condition"
      }
    },
    {
      "fullUrl": "urn:uuid:ca968537-af11-4a8b-8eeb-bffd6064ee68",
      "resource": {
        "id": "ca968537-af11-4a8b-8eeb-bffd6064ee68",
        "meta": {
          "profile": [
            "http://standardhealthrecord.org/fhir/StructureDefinition/shr-observation-Observation",
            "http://standardhealthrecord.org/fhir/StructureDefinition/shr-vital-VitalSign",
            "http://standardhealthrecord.org/fhir/StructureDefinition/shr-vital-BodyHeight"
          ]
        },
        "status": "final",
        "category": [
          {
            "coding": [
              {
                "system": "http://hl7.org/fhir/observation-category",
                "code": "vital-signs"
              }
            ]
          }
        ],
        "code": {
          "coding": [
            {
              "system": "http://loinc.org",
              "code": "8302-2",
              "display": "Body Height"
            }
          ],
          "text": "Body Height"
        },
        "subject": {
          "reference": "urn:uuid:88143502-494c-4ec8-a521-50b51bccc19c"
        },
        "context": {
          "reference": "urn:uuid:8c6f708c-7df0-4cfa-8c6a-84386ccd1503"
        },
        "effectiveDateTime": "2008-09-04T13:34:13-04:00",
        "issued": "2008-09-04T13:34:13-04:00",
        "valueQuantity": {
          "value": 190.18486578628978,
          "unit": "cm",
          "system": "http://unitsofmeasure.org/",
          "code": "cm"
        },
        "resourceType": "Observation"
      }
    },
    {
      "fullUrl": "urn:uuid:fef1bb11-a0d0-4e1b-bf09-19bb3f0f4766",
      "resource": {
        "id": "fef1bb11-a0d0-4e1b-bf09-19bb3f0f4766",
        "meta": {
          "profile": [
            "http://standardhealthrecord.org/fhir/StructureDefinition/shr-observation-Observation",
            "http://standardhealthrecord.org/fhir/StructureDefinition/shr-vital-VitalSign",
            "http://standardhealthrecord.org/fhir/StructureDefinition/shr-vital-BodyWeight"
          ]
        },
        "status": "final",
        "category": [
          {
            "coding": [
              {
                "system": "http://hl7.org/fhir/observation-category",
                "code": "vital-signs"
              }
            ]
          }
        ],
        "code": {
          "coding": [
            {
              "system": "http://loinc.org",
              "code": "29463-7",
              "display": "Body Weight"
            }
          ],
          "text": "Body Weight"
        },
        "subject": {
          "reference": "urn:uuid:88143502-494c-4ec8-a521-50b51bccc19c"
        },
        "context": {
          "reference": "urn:uuid:8c6f708c-7df0-4cfa-8c6a-84386ccd1503"
        },
        "effectiveDateTime": "2008-09-04T13:34:13-04:00",
        "issued": "2008-09-04T13:34:13-04:00",
        "valueQuantity": {
          "value": 99.18009451552969,
          "unit": "kg",
          "system": "http://unitsofmeasure.org/",
          "code": "kg"
        },
        "resourceType": "Observation"
      }
    },
    {
      "fullUrl": "urn:uuid:f7ec63ec-a51f-4aec-b2d8-2556412b16e9",
      "resource": {
        "id": "f7ec63ec-a51f-4aec-b2d8-2556412b16e9",
        "meta": {
          "profile": [
            "http://standardhealthrecord.org/fhir/StructureDefinition/shr-observation-Observation",
            "http://standardhealthrecord.org/fhir/StructureDefinition/shr-vital-VitalSign",
            "http://standardhealthrecord.org/fhir/StructureDefinition/shr-vital-BodyMassIndex"
          ]
        },
        "status": "final",
        "category": [
          {
            "coding": [
              {
                "system": "http://hl7.org/fhir/observation-category",
                "code": "vital-signs"
              }
            ]
          }
        ],
        "code": {
          "coding": [
            {
              "system": "http://loinc.org",
              "code": "39156-5",
              "display": "Body Mass Index"
            }
          ],
          "text": "Body Mass Index"
        },
        "subject": {
          "reference": "urn:uuid:88143502-494c-4ec8-a521-50b51bccc19c"
        },
        "context": {
          "reference": "urn:uuid:8c6f708c-7df0-4cfa-8c6a-84386ccd1503"
        },
        "effectiveDateTime": "2008-09-04T13:34:13-04:00",
        "issued": "2008-09-04T13:34:13-04:00",
        "valueQuantity": {
          "value": 27.42032569609901,
          "unit": "kg/m2",
          "system": "http://unitsofmeasure.org/",
          "code": "kg/m2"
        },
        "resourceType": "Observation"
      }
    },
    {
      "fullUrl": "urn:uuid:fca44b23-4179-45f4-bebf-0e95632d88e3",
      "resource": {
        "id": "fca44b23-4179-45f4-bebf-0e95632d88e3",
        "meta": {
          "profile": [
            "http://standardhealthrecord.org/fhir/StructureDefinition/shr-observation-Observation",
            "http://standardhealthrecord.org/fhir/StructureDefinition/shr-vital-BloodPressure"
          ]
        },
        "status": "final",
        "category": [
          {
            "coding": [
              {
                "system": "http://hl7.org/fhir/observation-category",
                "code": "vital-signs"
              }
            ]
          }
        ],
        "code": {
          "coding": [
            {
              "system": "http://loinc.org",
              "code": "55284-4",
              "display": "Blood Pressure"
            }
          ]
        },
        "subject": {
          "reference": "urn:uuid:88143502-494c-4ec8-a521-50b51bccc19c"
        },
        "context": {
          "reference": "urn:uuid:8c6f708c-7df0-4cfa-8c6a-84386ccd1503"
        },
        "effectiveDateTime": "2008-09-04T13:34:13-04:00",
        "issued": "2008-09-04T13:34:13-04:00",
        "component": [
          {
            "code": {
              "coding": [
                {
                  "system": "http://loinc.org",
                  "code": "8480-6",
                  "display": "Systolic Blood Pressure"
                }
              ],
              "text": "Systolic Blood Pressure"
            },
            "valueQuantity": {
              "value": 121,
              "unit": "mmHg",
              "system": "http://unitsofmeasure.org/",
              "code": "mmHg"
            }
          },
          {
            "code": {
              "coding": [
                {
                  "system": "http://loinc.org",
                  "code": "8462-4",
                  "display": "Diastolic Blood Pressure"
                }
              ],
              "text": "Diastolic Blood Pressure"
            },
            "valueQuantity": {
              "value": 89,
              "unit": "mmHg",
              "system": "http://unitsofmeasure.org/",
              "code": "mmHg"
            }
          }
        ],
        "resourceType": "Observation"
      }
    },
    {
      "fullUrl": "urn:uuid:0c382906-efda-4152-9760-673a0bc35e6f",
      "resource": {
        "id": "0c382906-efda-4152-9760-673a0bc35e6f",
        "meta": {
          "profile": [
            "http://standardhealthrecord.org/fhir/StructureDefinition/shr-observation-Observation"
          ]
        },
        "status": "final",
        "category": [
          {
            "coding": [
              {
                "system": "http://hl7.org/fhir/observation-category",
                "code": "laboratory"
              }
            ]
          }
        ],
        "code": {
          "coding": [
            {
              "system": "http://loinc.org",
              "code": "2093-3",
              "display": "Total Cholesterol"
            }
          ],
          "text": "Total Cholesterol"
        },
        "subject": {
          "reference": "urn:uuid:88143502-494c-4ec8-a521-50b51bccc19c"
        },
        "context": {
          "reference": "urn:uuid:8c6f708c-7df0-4cfa-8c6a-84386ccd1503"
        },
        "effectiveDateTime": "2008-09-04T13:34:13-04:00",
        "issued": "2008-09-04T13:34:13-04:00",
        "valueQuantity": {
          "value": 185,
          "unit": "mg/dL",
          "system": "http://unitsofmeasure.org/",
          "code": "mg/dL"
        },
        "resourceType": "Observation"
      }
    },
    {
      "fullUrl": "urn:uuid:65f56e72-9e82-4d8e-be8b-fa8c7566bc4b",
      "resource": {
        "id": "65f56e72-9e82-4d8e-be8b-fa8c7566bc4b",
        "meta": {
          "profile": [
            "http://standardhealthrecord.org/fhir/StructureDefinition/shr-observation-Observation"
          ]
        },
        "status": "final",
        "category": [
          {
            "coding": [
              {
                "system": "http://hl7.org/fhir/observation-category",
                "code": "laboratory"
              }
            ]
          }
        ],
        "code": {
          "coding": [
            {
              "system": "http://loinc.org",
              "code": "2571-8",
              "display": "Triglycerides"
            }
          ],
          "text": "Triglycerides"
        },
        "subject": {
          "reference": "urn:uuid:88143502-494c-4ec8-a521-50b51bccc19c"
        },
        "context": {
          "reference": "urn:uuid:8c6f708c-7df0-4cfa-8c6a-84386ccd1503"
        },
        "effectiveDateTime": "2008-09-04T13:34:13-04:00",
        "issued": "2008-09-04T13:34:13-04:00",
        "valueQuantity": {
          "value": 102,
          "unit": "mg/dL",
          "system": "http://unitsofmeasure.org/",
          "code": "mg/dL"
        },
        "resourceType": "Observation"
      }
    },
    {
      "fullUrl": "urn:uuid:6964a72e-f18b-4d0c-9aa8-86e8c507a3e9",
      "resource": {
        "id": "6964a72e-f18b-4d0c-9aa8-86e8c507a3e9",
        "meta": {
          "profile": [
            "http://standardhealthrecord.org/fhir/StructureDefinition/shr-observation-Observation"
          ]
        },
        "status": "final",
        "category": [
          {
            "coding": [
              {
                "system": "http://hl7.org/fhir/observation-category",
                "code": "laboratory"
              }
            ]
          }
        ],
        "code": {
          "coding": [
            {
              "system": "http://loinc.org",
              "code": "18262-6",
              "display": "Low Density Lipoprotein Cholesterol"
            }
          ],
          "text": "Low Density Lipoprotein Cholesterol"
        },
        "subject": {
          "reference": "urn:uuid:88143502-494c-4ec8-a521-50b51bccc19c"
        },
        "context": {
          "reference": "urn:uuid:8c6f708c-7df0-4cfa-8c6a-84386ccd1503"
        },
        "effectiveDateTime": "2008-09-04T13:34:13-04:00",
        "issued": "2008-09-04T13:34:13-04:00",
        "valueQuantity": {
          "value": 87,
          "unit": "mg/dL",
          "system": "http://unitsofmeasure.org/",
          "code": "mg/dL"
        },
        "resourceType": "Observation"
      }
    },
    {
      "fullUrl": "urn:uuid:fdbaca49-acac-4da6-b3bf-e7c35d3a102a",
      "resource": {
        "id": "fdbaca49-acac-4da6-b3bf-e7c35d3a102a",
        "meta": {
          "profile": [
            "http://standardhealthrecord.org/fhir/StructureDefinition/shr-observation-Observation"
          ]
        },
        "status": "final",
        "category": [
          {
            "coding": [
              {
                "system": "http://hl7.org/fhir/observation-category",
                "code": "laboratory"
              }
            ]
          }
        ],
        "code": {
          "coding": [
            {
              "system": "http://loinc.org",
              "code": "2085-9",
              "display": "High Density Lipoprotein Cholesterol"
            }
          ],
          "text": "High Density Lipoprotein Cholesterol"
        },
        "subject": {
          "reference": "urn:uuid:88143502-494c-4ec8-a521-50b51bccc19c"
        },
        "context": {
          "reference": "urn:uuid:8c6f708c-7df0-4cfa-8c6a-84386ccd1503"
        },
        "effectiveDateTime": "2008-09-04T13:34:13-04:00",
        "issued": "2008-09-04T13:34:13-04:00",
        "valueQuantity": {
          "value": 77,
          "unit": "mg/dL",
          "system": "http://unitsofmeasure.org/",
          "code": "mg/dL"
        },
        "resourceType": "Observation"
      }
    },
    {
      "fullUrl": "urn:uuid:a208f157-94e5-408c-b7de-b90067219bb1",
      "resource": {
        "id": "a208f157-94e5-408c-b7de-b90067219bb1",
        "meta": {
          "profile": [
            "http://standardhealthrecord.org/fhir/StructureDefinition/shr-observation-Panel"
          ]
        },
        "status": "final",
        "code": {
          "coding": [
            {
              "system": "http://loinc.org",
              "code": "57698-3",
              "display": "Lipid Panel"
            }
          ]
        },
        "subject": {
          "reference": "urn:uuid:88143502-494c-4ec8-a521-50b51bccc19c"
        },
        "context": {
          "reference": "urn:uuid:8c6f708c-7df0-4cfa-8c6a-84386ccd1503"
        },
        "effectiveDateTime": "2008-09-04T13:34:13-04:00",
        "issued": "2008-09-04T13:34:13-04:00",
        "result": [
          {
            "reference": "urn:uuid:0c382906-efda-4152-9760-673a0bc35e6f",
            "display": "Total Cholesterol"
          },
          {
            "reference": "urn:uuid:65f56e72-9e82-4d8e-be8b-fa8c7566bc4b",
            "display": "Triglycerides"
          },
          {
            "reference": "urn:uuid:6964a72e-f18b-4d0c-9aa8-86e8c507a3e9",
            "display": "Low Density Lipoprotein Cholesterol"
          },
          {
            "reference": "urn:uuid:fdbaca49-acac-4da6-b3bf-e7c35d3a102a",
            "display": "High Density Lipoprotein Cholesterol"
          }
        ],
        "resourceType": "DiagnosticReport"
      }
    },
    {
      "resource": {
        "meta": {
          "profile": [
            "http://standardhealthrecord.org/fhir/StructureDefinition/shr-immunization-Immunization"
          ]
        },
        "status": "completed",
        "notGiven": false,
        "vaccineCode": {
          "coding": [
            {
              "system": "http://hl7.org/fhir/sid/cvx",
              "code": "140",
              "display": "Influenza, seasonal, injectable, preservative free"
            }
          ],
          "text": "Influenza, seasonal, injectable, preservative free"
        },
        "patient": {
          "reference": "urn:uuid:88143502-494c-4ec8-a521-50b51bccc19c"
        },
        "encounter": {
          "reference": "urn:uuid:8c6f708c-7df0-4cfa-8c6a-84386ccd1503"
        },
        "date": "2008-09-04T13:34:13-04:00",
        "primarySource": true,
        "resourceType": "Immunization"
      }
    },
    {
      "fullUrl": "urn:uuid:a03a7175-39ce-408b-97a1-449ce0fc3256",
      "resource": {
        "id": "a03a7175-39ce-408b-97a1-449ce0fc3256",
        "meta": {
          "profile": [
            "http://standardhealthrecord.org/fhir/StructureDefinition/shr-encounter-Encounter"
          ]
        },
        "status": "finished",
        "class": {
          "code": "ambulatory"
        },
        "type": [
          {
            "coding": [
              {
                "system": "http://snomed.info/sct",
                "code": "308646001"
              }
            ],
            "text": "Death Certification"
          }
        ],
        "subject": {
          "reference": "urn:uuid:88143502-494c-4ec8-a521-50b51bccc19c"
        },
        "period": {
          "start": "2009-08-30T09:20:21-04:00",
          "end": "2009-08-30T09:35:21-04:00"
        },
        "serviceProvider": {
          "reference": "urn:uuid:9c5f64f0-d511-45ab-92b9-acdb943351bc"
        },
        "resourceType": "Encounter"
      }
    },
    {
      "fullUrl": "urn:uuid:03c54384-1ff4-40f8-a461-ab2b2a21fabe",
      "resource": {
        "id": "03c54384-1ff4-40f8-a461-ab2b2a21fabe",
        "status": "active",
        "use": "complete",
        "patient": {
          "reference": "urn:uuid:88143502-494c-4ec8-a521-50b51bccc19c"
        },
        "billablePeriod": {
          "start": "2009-08-30T09:20:21-04:00",
          "end": "2009-08-30T09:35:21-04:00"
        },
        "organization": {
          "reference": {
            "reference": "urn:uuid:9c5f64f0-d511-45ab-92b9-acdb943351bc"
          }
        },
        "item": [
          {
            "sequence": 1,
            "net": {
              "value": 125.0,
              "system": "urn:iso:std:iso:4217",
              "code": "USD"
            },
            "encounter": [
              {
                "reference": {
                  "fullUrl": "urn:uuid:a03a7175-39ce-408b-97a1-449ce0fc3256",
                  "resource": {
                    "id": "a03a7175-39ce-408b-97a1-449ce0fc3256",
                    "meta": {
                      "profile": [
                        "http://standardhealthrecord.org/fhir/StructureDefinition/shr-encounter-Encounter"
                      ]
                    },
                    "status": "finished",
                    "class": {
                      "code": "ambulatory"
                    },
                    "type": [
                      {
                        "coding": [
                          {
                            "system": "http://snomed.info/sct",
                            "code": "308646001"
                          }
                        ],
                        "text": "Death Certification"
                      }
                    ],
                    "subject": {
                      "reference": "urn:uuid:88143502-494c-4ec8-a521-50b51bccc19c"
                    },
                    "period": {
                      "start": "2009-08-30T09:20:21-04:00",
                      "end": "2009-08-30T09:35:21-04:00"
                    },
                    "serviceProvider": {
                      "reference": "urn:uuid:9c5f64f0-d511-45ab-92b9-acdb943351bc"
                    },
                    "resourceType": "Encounter"
                  }
                }
              }
            ]
          }
        ],
        "total": {
          "value": 125.0,
          "system": "urn:iso:std:iso:4217",
          "code": "USD"
        },
        "resourceType": "Claim"
      }
    },
    {
      "fullUrl": "urn:uuid:92dd0303-5dee-41b5-8a71-ea38300a8336",
      "resource": {
        "id": "92dd0303-5dee-41b5-8a71-ea38300a8336",
        "meta": {
          "profile": [
            "http://standardhealthrecord.org/fhir/StructureDefinition/shr-observation-Observation"
          ]
        },
        "status": "final",
        "category": [
          {
            "coding": [
              {
                "system": "http://hl7.org/fhir/observation-category"
              }
            ]
          }
        ],
        "code": {
          "coding": [
            {
              "system": "http://loinc.org",
              "code": "69453-9",
              "display": "Cause of Death [US Standard Certificate of Death]"
            }
          ],
          "text": "Cause of Death [US Standard Certificate of Death]"
        },
        "subject": {
          "reference": "urn:uuid:88143502-494c-4ec8-a521-50b51bccc19c"
        },
        "context": {
          "reference": "urn:uuid:a03a7175-39ce-408b-97a1-449ce0fc3256"
        },
        "effectiveDateTime": "2009-08-30T09:20:21-04:00",
        "issued": "2009-08-30T09:20:21-04:00",
        "valueCodeableConcept": {
          "coding": [
            {
              "system": "http://snomed.info/sct",
              "code": "9855000",
              "display": "Natural death with unknown cause"
            }
          ],
          "text": "Natural death with unknown cause"
        },
        "resourceType": "Observation"
      }
    },
    {
      "fullUrl": "urn:uuid:6f8aec0d-1ffa-437a-8990-79ba296322c1",
      "resource": {
        "id": "6f8aec0d-1ffa-437a-8990-79ba296322c1",
        "meta": {
          "profile": [
            "http://standardhealthrecord.org/fhir/StructureDefinition/shr-observation-Panel"
          ]
        },
        "status": "final",
        "code": {
          "coding": [
            {
              "system": "http://loinc.org",
              "code": "69409-1",
              "display": "U.S. standard certificate of death - 2003 revision"
            }
          ]
        },
        "subject": {
          "reference": "urn:uuid:88143502-494c-4ec8-a521-50b51bccc19c"
        },
        "context": {
          "reference": "urn:uuid:a03a7175-39ce-408b-97a1-449ce0fc3256"
        },
        "effectiveDateTime": "2009-08-30T09:20:21-04:00",
        "issued": "2009-08-30T09:20:21-04:00",
        "result": [
          {
            "reference": "urn:uuid:92dd0303-5dee-41b5-8a71-ea38300a8336",
            "display": "Cause of Death [US Standard Certificate of Death]"
          }
        ],
        "resourceType": "DiagnosticReport"
      }
    },
    {
      "fullUrl": "urn:uuid:936e5222-960e-4ea1-b6c6-826e3447b575",
      "resource": {
        "id": "936e5222-960e-4ea1-b6c6-826e3447b575",
        "meta": {
          "profile": [
            "http://standardhealthrecord.org/fhir/StructureDefinition/shr-observation-Observation"
          ]
        },
        "status": "final",
        "category": [
          {
            "coding": [
              {
                "system": "http://hl7.org/fhir/observation-category",
                "code": "survey"
              }
            ]
          }
        ],
        "code": {
          "coding": [
            {
              "system": "http://snomed.info/sct",
              "code": "273724008",
              "display": "Quality adjusted life years"
            }
          ],
          "text": "Quality adjusted life years"
        },
        "subject": {
          "reference": "urn:uuid:88143502-494c-4ec8-a521-50b51bccc19c"
        },
        "effectiveDateTime": "2017-10-31T16:09:28-04:00",
        "issued": "2017-10-31T16:09:28-04:00",
        "valueQuantity": {
          "value": 49.04267402486951,
          "unit": "years",
          "system": "http://unitsofmeasure.org/",
          "code": "years"
        },
        "resourceType": "Observation"
      }
    },
    {
      "fullUrl": "urn:uuid:da76d69f-3a75-4be0-b9ed-a6f40f26a0b3",
      "resource": {
        "id": "da76d69f-3a75-4be0-b9ed-a6f40f26a0b3",
        "meta": {
          "profile": [
            "http://standardhealthrecord.org/fhir/StructureDefinition/shr-observation-Observation"
          ]
        },
        "status": "final",
        "category": [
          {
            "coding": [
              {
                "system": "http://hl7.org/fhir/observation-category",
                "code": "survey"
              }
            ]
          }
        ],
        "code": {
          "coding": [
            {
              "system": "http://snomed.info/sct",
              "code": "273421001",
              "display": "Disability rating scale"
            }
          ],
          "text": "Disability rating scale"
        },
        "subject": {
          "reference": "urn:uuid:88143502-494c-4ec8-a521-50b51bccc19c"
        },
        "effectiveDateTime": "2017-10-31T16:09:28-04:00",
        "issued": "2017-10-31T16:09:28-04:00",
        "valueQuantity": {
          "value": 38.90796597513049,
          "unit": "years",
          "system": "http://unitsofmeasure.org/",
          "code": "years"
        },
        "resourceType": "Observation"
      }
    }
  ],
  "resourceType": "Bundle"
}