{
  "type": "collection",
  "entry": [
    {
      "fullUrl": "urn:uuid:7f2e4157-c9f2-4c84-a917-4fe3daf4889f",
      "resource": {
        "id": "7f2e4157-c9f2-4c84-a917-4fe3daf4889f",
        "meta": {
          "profile": [
            "http://standardhealthrecord.org/fhir/StructureDefinition/shr-actor-Organization"
          ]
        },
        "type": [
          {
            "coding": [
              {
                "system": "http://hl7.org/fhir/organization-type",
                "code": "prov",
                "display": "Healthcare Provider"
              }
            ],
            "text": "Healthcare Provider"
          }
        ],
        "name": "ST VINCENT HOSPITAL WOMEN'S CENTER",
        "resourceType": "Organization"
      }
    },
    {
      "fullUrl": "urn:uuid:f392159e-2585-448d-b2d2-8550341320b5",
      "resource": {
        "id": "f392159e-2585-448d-b2d2-8550341320b5",
        "meta": {
          "profile": [
            "http://standardhealthrecord.org/fhir/StructureDefinition/shr-demographics-PersonOfRecord"
          ]
        },
        "text": {
          "status": "generated",
          "div": "<div xmlns=\"http://www.w3.org/1999/xhtml\">Generated by <a href=\"https://github.com/synthetichealth/synthea\">Synthea</a>. Version identifier: 368ac389f34cd3ce3986aa3a0a08e467bf574db3</div>"
        },
        "extension": [
          {
            "url": "http://hl7.org/fhir/us/core/StructureDefinition/us-core-race",
            "valueCodeableConcept": {
              "coding": [
                {
                  "system": "http://hl7.org/fhir/v3/Race",
                  "code": "2106-3",
                  "display": "White"
                }
              ],
              "text": "race"
            }
          },
          {
            "url": "http://hl7.org/fhir/us/core/StructureDefinition/us-core-ethnicity",
            "valueCodeableConcept": {
              "coding": [
                {
                  "system": "http://hl7.org/fhir/v3/Ethnicity",
                  "code": "2186-5",
                  "display": "Nonhispanic"
                }
              ],
              "text": "ethnicity"
            }
          },
          {
            "url": "http://hl7.org/fhir/StructureDefinition/birthPlace",
            "valueAddress": {
              "city": "Holyoke",
              "state": "MA",
              "country": "US"
            }
          },
          {
            "url": "http://hl7.org/fhir/StructureDefinition/patient-mothersMaidenName",
            "valueString": "Tiffany827 Sawayn196"
          },
          {
            "url": "http://hl7.org/fhir/us/core/StructureDefinition/us-core-birthsex",
            "valueCode": "F"
          },
          {
            "url": "http://hl7.org/fhir/StructureDefinition/patient-interpreterRequired",
            "valueBoolean": false
          },
          {
            "url": "http://standardhealthrecord.org/fhir/StructureDefinition/shr-actor-FictionalPerson-extension",
            "valueBoolean": true
          },
          {
            "url": "http://standardhealthrecord.org/fhir/StructureDefinition/shr-demographics-FathersName-extension",
            "valueHumanName": {
              "text": "Faustino364 Kunze517"
            }
          },
          {
            "url": "http://standardhealthrecord.org/fhir/StructureDefinition/shr-demographics-SocialSecurityNumber-extension",
            "valueString": "999-47-4512"
          }
        ],
        "identifier": [
          {
            "system": "https://github.com/synthetichealth/synthea",
            "value": "d115014f-04e3-4954-aff2-dad3c221706a"
          },
          {
            "type": {
              "coding": [
                {
                  "system": "http://hl7.org/fhir/identifier-type",
                  "code": "SB"
                }
              ]
            },
            "system": "http://hl7.org/fhir/sid/us-ssn",
            "value": "999474512"
          },
          {
            "type": {
              "coding": [
                {
                  "system": "http://hl7.org/fhir/v2/0203",
                  "code": "DL"
                }
              ]
            },
            "system": "urn:oid:2.16.840.1.113883.4.3.25",
            "value": "S99922040"
          },
          {
            "type": {
              "coding": [
                {
                  "system": "http://hl7.org/fhir/v2/0203",
                  "code": "MR"
                }
              ]
            },
            "system": "http://hospital.smarthealthit.org",
            "value": "d115014f-04e3-4954-aff2-dad3c221706a"
          }
        ],
        "name": [
          {
            "use": "official",
            "family": "Beahan635",
            "given": [
              "Glynda333"
            ],
            "prefix": [
              "Mrs."
            ]
          },
          {
            "use": "maiden",
            "family": "Kunze517",
            "given": [
              "Glynda333"
            ]
          }
        ],
        "telecom": [
          {
            "system": "phone",
            "value": "997.490.4231 x976",
            "use": "home"
          }
        ],
        "gender": "female",
        "birthDate": "1971-04-02",
        "address": [
          {
            "extension": [
              {
                "extension": [
                  {
                    "url": "latitude",
                    "valueDecimal": 42.20129289190912
                  },
                  {
                    "url": "longitude",
                    "valueDecimal": -71.73024117503935
                  }
                ],
                "url": "http://hl7.org/fhir/StructureDefinition/geolocation"
              }
            ],
            "line": [
              "93389 Schamberger Gardens"
            ],
            "city": "Millbury",
            "state": "MA",
            "postalCode": "01527",
            "country": "US"
          }
        ],
        "maritalStatus": {
          "coding": [
            {
              "system": "http://hl7.org/fhir/v3/MaritalStatus",
              "code": "M"
            }
          ],
          "text": "M"
        },
        "multipleBirthBoolean": false,
        "communication": [
          {
            "language": {
              "coding": [
                {
                  "system": "http://hl7.org/fhir/ValueSet/languages",
                  "code": "en-US",
                  "display": "English (United States)"
                }
              ]
            }
          }
        ],
        "generalPractitioner": [
          {
            "reference": "urn:uuid:7f2e4157-c9f2-4c84-a917-4fe3daf4889f"
          }
        ],
        "resourceType": "Patient"
      }
    },
    {
      "fullUrl": "urn:uuid:ab2bb7ad-9767-43da-bc40-2f2d8140304b",
      "resource": {
        "id": "ab2bb7ad-9767-43da-bc40-2f2d8140304b",
        "meta": {
          "profile": [
            "http://standardhealthrecord.org/fhir/StructureDefinition/shr-encounter-Encounter"
          ]
        },
        "status": "finished",
        "class": {
          "code": "ambulatory"
        },
        "type": [
          {
            "coding": [
              {
                "system": "http://snomed.info/sct",
                "code": "185345009"
              }
            ],
            "text": "Encounter for symptom"
          }
        ],
        "subject": {
          "reference": "urn:uuid:f392159e-2585-448d-b2d2-8550341320b5"
        },
        "period": {
          "start": "2008-12-30T09:41:46-05:00",
          "end": "2008-12-30T09:41:46-05:00"
        },
        "reason": [
          {
            "coding": [
              {
                "system": "http://snomed.info/sct",
                "code": "75498004",
                "display": "Acute bacterial sinusitis (disorder)"
              }
            ]
          }
        ],
        "serviceProvider": {
          "reference": "urn:uuid:7f2e4157-c9f2-4c84-a917-4fe3daf4889f"
        },
        "resourceType": "Encounter"
      }
    },
    {
      "fullUrl": "urn:uuid:d55a3000-e6cd-4c81-8310-ee10c648d6c3",
      "resource": {
        "id": "d55a3000-e6cd-4c81-8310-ee10c648d6c3",
        "status": "active",
        "use": "complete",
        "patient": {
          "reference": "urn:uuid:f392159e-2585-448d-b2d2-8550341320b5"
        },
        "billablePeriod": {
          "start": "2008-12-30T09:41:46-05:00",
          "end": "2008-12-30T09:41:46-05:00"
        },
        "organization": {
          "reference": {
            "reference": "urn:uuid:7f2e4157-c9f2-4c84-a917-4fe3daf4889f"
          }
        },
        "diagnosis": [
          {
            "sequence": 1,
            "diagnosisReference": {
              "reference": "urn:uuid:095b7902-59be-4e69-a4d3-921840fd4557"
            }
          }
        ],
        "item": [
          {
            "sequence": 1,
            "net": {
              "value": 125.0,
              "system": "urn:iso:std:iso:4217",
              "code": "USD"
            },
            "encounter": [
              {
                "reference": {
                  "fullUrl": "urn:uuid:ab2bb7ad-9767-43da-bc40-2f2d8140304b",
                  "resource": {
                    "id": "ab2bb7ad-9767-43da-bc40-2f2d8140304b",
                    "meta": {
                      "profile": [
                        "http://standardhealthrecord.org/fhir/StructureDefinition/shr-encounter-Encounter"
                      ]
                    },
                    "status": "finished",
                    "class": {
                      "code": "ambulatory"
                    },
                    "type": [
                      {
                        "coding": [
                          {
                            "system": "http://snomed.info/sct",
                            "code": "185345009"
                          }
                        ],
                        "text": "Encounter for symptom"
                      }
                    ],
                    "subject": {
                      "reference": "urn:uuid:f392159e-2585-448d-b2d2-8550341320b5"
                    },
                    "period": {
                      "start": "2008-12-30T09:41:46-05:00",
                      "end": "2008-12-30T09:41:46-05:00"
                    },
                    "reason": [
                      {
                        "coding": [
                          {
                            "system": "http://snomed.info/sct",
                            "code": "75498004",
                            "display": "Acute bacterial sinusitis (disorder)"
                          }
                        ]
                      }
                    ],
                    "serviceProvider": {
                      "reference": "urn:uuid:7f2e4157-c9f2-4c84-a917-4fe3daf4889f"
                    },
                    "resourceType": "Encounter"
                  }
                }
              }
            ]
          },
          {
            "sequence": 2,
            "diagnosisLinkId": [
              1
            ],
            "net": {
              "value": 0.0,
              "system": "urn:iso:std:iso:4217",
              "code": "USD"
            }
          }
        ],
        "total": {
          "value": 125.0,
          "system": "urn:iso:std:iso:4217",
          "code": "USD"
        },
        "resourceType": "Claim"
      }
    },
    {
      "fullUrl": "urn:uuid:095b7902-59be-4e69-a4d3-921840fd4557",
      "resource": {
        "id": "095b7902-59be-4e69-a4d3-921840fd4557",
        "meta": {
          "profile": [
            "http://standardhealthrecord.org/fhir/StructureDefinition/shr-problem-Problem"
          ]
        },
        "clinicalStatus": "resolved",
        "verificationStatus": "confirmed",
        "code": {
          "coding": [
            {
              "system": "http://snomed.info/sct",
              "code": "75498004",
              "display": "Acute bacterial sinusitis (disorder)"
            }
          ],
          "text": "Acute bacterial sinusitis (disorder)"
        },
        "subject": {
          "reference": "urn:uuid:f392159e-2585-448d-b2d2-8550341320b5"
        },
        "context": {
          "reference": "urn:uuid:ab2bb7ad-9767-43da-bc40-2f2d8140304b"
        },
        "onsetDateTime": "2008-12-21T10:07:23-05:00",
        "abatementDateTime": "2009-02-01T08:27:53-05:00",
        "assertedDate": "2008-12-21",
        "resourceType": "Condition"
      }
    },
    {
      "fullUrl": "urn:uuid:8d6c954b-92da-434f-b916-7aef56f0f237",
      "resource": {
        "id": "8d6c954b-92da-434f-b916-7aef56f0f237",
        "meta": {
          "profile": [
            "http://standardhealthrecord.org/fhir/StructureDefinition/shr-encounter-Encounter"
          ]
        },
        "status": "finished",
        "class": {
          "code": "outpatient"
        },
        "type": [
          {
            "coding": [
              {
                "system": "http://snomed.info/sct",
                "code": "185349003"
              }
            ],
            "text": "Outpatient Encounter"
          }
        ],
        "subject": {
          "reference": "urn:uuid:f392159e-2585-448d-b2d2-8550341320b5"
        },
        "period": {
          "start": "2009-07-05T08:14:27-04:00",
          "end": "2009-07-05T09:14:27-04:00"
        },
        "serviceProvider": {
          "reference": "urn:uuid:7f2e4157-c9f2-4c84-a917-4fe3daf4889f"
        },
        "resourceType": "Encounter"
      }
    },
    {
      "fullUrl": "urn:uuid:0d3827d4-f912-4746-8aa0-c85af6c884e8",
      "resource": {
        "id": "0d3827d4-f912-4746-8aa0-c85af6c884e8",
        "status": "active",
        "use": "complete",
        "patient": {
          "reference": "urn:uuid:f392159e-2585-448d-b2d2-8550341320b5"
        },
        "billablePeriod": {
          "start": "2009-07-05T08:14:27-04:00",
          "end": "2009-07-05T09:14:27-04:00"
        },
        "organization": {
          "reference": {
            "reference": "urn:uuid:7f2e4157-c9f2-4c84-a917-4fe3daf4889f"
          }
        },
        "item": [
          {
            "sequence": 1,
            "net": {
              "value": 125.0,
              "system": "urn:iso:std:iso:4217",
              "code": "USD"
            },
            "encounter": [
              {
                "reference": {
                  "fullUrl": "urn:uuid:8d6c954b-92da-434f-b916-7aef56f0f237",
                  "resource": {
                    "id": "8d6c954b-92da-434f-b916-7aef56f0f237",
                    "meta": {
                      "profile": [
                        "http://standardhealthrecord.org/fhir/StructureDefinition/shr-encounter-Encounter"
                      ]
                    },
                    "status": "finished",
                    "class": {
                      "code": "outpatient"
                    },
                    "type": [
                      {
                        "coding": [
                          {
                            "system": "http://snomed.info/sct",
                            "code": "185349003"
                          }
                        ],
                        "text": "Outpatient Encounter"
                      }
                    ],
                    "subject": {
                      "reference": "urn:uuid:f392159e-2585-448d-b2d2-8550341320b5"
                    },
                    "period": {
                      "start": "2009-07-05T08:14:27-04:00",
                      "end": "2009-07-05T09:14:27-04:00"
                    },
                    "serviceProvider": {
                      "reference": "urn:uuid:7f2e4157-c9f2-4c84-a917-4fe3daf4889f"
                    },
                    "resourceType": "Encounter"
                  }
                }
              }
            ]
          },
          {
            "sequence": 2,
            "category": {
              "coding": [
                {
                  "system": "http://hl7.org/fhir/sid/cvx",
                  "code": "140",
                  "display": "Influenza, seasonal, injectable, preservative free"
                }
              ],
              "text": "Influenza, seasonal, injectable, preservative free"
            },
            "net": {
              "value": 136.0,
              "system": "urn:iso:std:iso:4217",
              "code": "USD"
            }
          }
        ],
        "total": {
          "value": 261.0,
          "system": "urn:iso:std:iso:4217",
          "code": "USD"
        },
        "resourceType": "Claim"
      }
    },
    {
      "fullUrl": "urn:uuid:256a9b23-be76-4794-92f6-a127a993b459",
      "resource": {
        "id": "256a9b23-be76-4794-92f6-a127a993b459",
        "meta": {
          "profile": [
            "http://standardhealthrecord.org/fhir/StructureDefinition/shr-observation-Observation",
            "http://standardhealthrecord.org/fhir/StructureDefinition/shr-vital-VitalSign",
            "http://standardhealthrecord.org/fhir/StructureDefinition/shr-vital-BodyHeight"
          ]
        },
        "status": "final",
        "category": [
          {
            "coding": [
              {
                "system": "http://hl7.org/fhir/observation-category",
                "code": "vital-signs"
              }
            ]
          }
        ],
        "code": {
          "coding": [
            {
              "system": "http://loinc.org",
              "code": "8302-2",
              "display": "Body Height"
            }
          ],
          "text": "Body Height"
        },
        "subject": {
          "reference": "urn:uuid:f392159e-2585-448d-b2d2-8550341320b5"
        },
        "context": {
          "reference": "urn:uuid:8d6c954b-92da-434f-b916-7aef56f0f237"
        },
        "effectiveDateTime": "2009-07-05T08:14:27-04:00",
        "issued": "2009-07-05T08:14:27-04:00",
        "valueQuantity": {
          "value": 157.9030880758585,
          "unit": "cm",
          "system": "http://unitsofmeasure.org/",
          "code": "cm"
        },
        "resourceType": "Observation"
      }
    },
    {
      "fullUrl": "urn:uuid:739bd124-2ecb-45c2-a277-e5b46bf08552",
      "resource": {
        "id": "739bd124-2ecb-45c2-a277-e5b46bf08552",
        "meta": {
          "profile": [
            "http://standardhealthrecord.org/fhir/StructureDefinition/shr-observation-Observation",
            "http://standardhealthrecord.org/fhir/StructureDefinition/shr-vital-VitalSign",
            "http://standardhealthrecord.org/fhir/StructureDefinition/shr-vital-BodyWeight"
          ]
        },
        "status": "final",
        "category": [
          {
            "coding": [
              {
                "system": "http://hl7.org/fhir/observation-category",
                "code": "vital-signs"
              }
            ]
          }
        ],
        "code": {
          "coding": [
            {
              "system": "http://loinc.org",
              "code": "29463-7",
              "display": "Body Weight"
            }
          ],
          "text": "Body Weight"
        },
        "subject": {
          "reference": "urn:uuid:f392159e-2585-448d-b2d2-8550341320b5"
        },
        "context": {
          "reference": "urn:uuid:8d6c954b-92da-434f-b916-7aef56f0f237"
        },
        "effectiveDateTime": "2009-07-05T08:14:27-04:00",
        "issued": "2009-07-05T08:14:27-04:00",
        "valueQuantity": {
          "value": 87.3618428446033,
          "unit": "kg",
          "system": "http://unitsofmeasure.org/",
          "code": "kg"
        },
        "resourceType": "Observation"
      }
    },
    {
      "fullUrl": "urn:uuid:e8b23d55-2ec8-47e7-9fac-03c14191d469",
      "resource": {
        "id": "e8b23d55-2ec8-47e7-9fac-03c14191d469",
        "meta": {
          "profile": [
            "http://standardhealthrecord.org/fhir/StructureDefinition/shr-observation-Observation",
            "http://standardhealthrecord.org/fhir/StructureDefinition/shr-vital-VitalSign",
            "http://standardhealthrecord.org/fhir/StructureDefinition/shr-vital-BodyMassIndex"
          ]
        },
        "status": "final",
        "category": [
          {
            "coding": [
              {
                "system": "http://hl7.org/fhir/observation-category",
                "code": "vital-signs"
              }
            ]
          }
        ],
        "code": {
          "coding": [
            {
              "system": "http://loinc.org",
              "code": "39156-5",
              "display": "Body Mass Index"
            }
          ],
          "text": "Body Mass Index"
        },
        "subject": {
          "reference": "urn:uuid:f392159e-2585-448d-b2d2-8550341320b5"
        },
        "context": {
          "reference": "urn:uuid:8d6c954b-92da-434f-b916-7aef56f0f237"
        },
        "effectiveDateTime": "2009-07-05T08:14:27-04:00",
        "issued": "2009-07-05T08:14:27-04:00",
        "valueQuantity": {
          "value": 35.03809934356171,
          "unit": "kg/m2",
          "system": "http://unitsofmeasure.org/",
          "code": "kg/m2"
        },
        "resourceType": "Observation"
      }
    },
    {
      "fullUrl": "urn:uuid:6f9c879e-d70b-427b-894a-f196416d8f5c",
      "resource": {
        "id": "6f9c879e-d70b-427b-894a-f196416d8f5c",
        "meta": {
          "profile": [
            "http://standardhealthrecord.org/fhir/StructureDefinition/shr-observation-Observation",
            "http://standardhealthrecord.org/fhir/StructureDefinition/shr-vital-BloodPressure"
          ]
        },
        "status": "final",
        "category": [
          {
            "coding": [
              {
                "system": "http://hl7.org/fhir/observation-category",
                "code": "vital-signs"
              }
            ]
          }
        ],
        "code": {
          "coding": [
            {
              "system": "http://loinc.org",
              "code": "55284-4",
              "display": "Blood Pressure"
            }
          ]
        },
        "subject": {
          "reference": "urn:uuid:f392159e-2585-448d-b2d2-8550341320b5"
        },
        "context": {
          "reference": "urn:uuid:8d6c954b-92da-434f-b916-7aef56f0f237"
        },
        "effectiveDateTime": "2009-07-05T08:14:27-04:00",
        "issued": "2009-07-05T08:14:27-04:00",
        "component": [
          {
            "code": {
              "coding": [
                {
                  "system": "http://loinc.org",
                  "code": "8480-6",
                  "display": "Systolic Blood Pressure"
                }
              ],
              "text": "Systolic Blood Pressure"
            },
            "valueQuantity": {
              "value": 136,
              "unit": "mmHg",
              "system": "http://unitsofmeasure.org/",
              "code": "mmHg"
            }
          },
          {
            "code": {
              "coding": [
                {
                  "system": "http://loinc.org",
                  "code": "8462-4",
                  "display": "Diastolic Blood Pressure"
                }
              ],
              "text": "Diastolic Blood Pressure"
            },
            "valueQuantity": {
              "value": 84,
              "unit": "mmHg",
              "system": "http://unitsofmeasure.org/",
              "code": "mmHg"
            }
          }
        ],
        "resourceType": "Observation"
      }
    },
    {
      "fullUrl": "urn:uuid:38b9e469-ade2-4fc5-8d58-e0afab9dc132",
      "resource": {
        "id": "38b9e469-ade2-4fc5-8d58-e0afab9dc132",
        "meta": {
          "profile": [
            "http://standardhealthrecord.org/fhir/StructureDefinition/shr-observation-Observation"
          ]
        },
        "status": "final",
        "category": [
          {
            "coding": [
              {
                "system": "http://hl7.org/fhir/observation-category",
                "code": "laboratory"
              }
            ]
          }
        ],
        "code": {
          "coding": [
            {
              "system": "http://loinc.org",
              "code": "2093-3",
              "display": "Total Cholesterol"
            }
          ],
          "text": "Total Cholesterol"
        },
        "subject": {
          "reference": "urn:uuid:f392159e-2585-448d-b2d2-8550341320b5"
        },
        "context": {
          "reference": "urn:uuid:8d6c954b-92da-434f-b916-7aef56f0f237"
        },
        "effectiveDateTime": "2009-07-05T08:14:27-04:00",
        "issued": "2009-07-05T08:14:27-04:00",
        "valueQuantity": {
          "value": 195,
          "unit": "mg/dL",
          "system": "http://unitsofmeasure.org/",
          "code": "mg/dL"
        },
        "resourceType": "Observation"
      }
    },
    {
      "fullUrl": "urn:uuid:e1f04967-4445-4fae-ad75-e66326e19450",
      "resource": {
        "id": "e1f04967-4445-4fae-ad75-e66326e19450",
        "meta": {
          "profile": [
            "http://standardhealthrecord.org/fhir/StructureDefinition/shr-observation-Observation"
          ]
        },
        "status": "final",
        "category": [
          {
            "coding": [
              {
                "system": "http://hl7.org/fhir/observation-category",
                "code": "laboratory"
              }
            ]
          }
        ],
        "code": {
          "coding": [
            {
              "system": "http://loinc.org",
              "code": "2571-8",
              "display": "Triglycerides"
            }
          ],
          "text": "Triglycerides"
        },
        "subject": {
          "reference": "urn:uuid:f392159e-2585-448d-b2d2-8550341320b5"
        },
        "context": {
          "reference": "urn:uuid:8d6c954b-92da-434f-b916-7aef56f0f237"
        },
        "effectiveDateTime": "2009-07-05T08:14:27-04:00",
        "issued": "2009-07-05T08:14:27-04:00",
        "valueQuantity": {
          "value": 138,
          "unit": "mg/dL",
          "system": "http://unitsofmeasure.org/",
          "code": "mg/dL"
        },
        "resourceType": "Observation"
      }
    },
    {
      "fullUrl": "urn:uuid:c7ba0efc-997d-4040-9b73-0fd910a4dec7",
      "resource": {
        "id": "c7ba0efc-997d-4040-9b73-0fd910a4dec7",
        "meta": {
          "profile": [
            "http://standardhealthrecord.org/fhir/StructureDefinition/shr-observation-Observation"
          ]
        },
        "status": "final",
        "category": [
          {
            "coding": [
              {
                "system": "http://hl7.org/fhir/observation-category",
                "code": "laboratory"
              }
            ]
          }
        ],
        "code": {
          "coding": [
            {
              "system": "http://loinc.org",
              "code": "18262-6",
              "display": "Low Density Lipoprotein Cholesterol"
            }
          ],
          "text": "Low Density Lipoprotein Cholesterol"
        },
        "subject": {
          "reference": "urn:uuid:f392159e-2585-448d-b2d2-8550341320b5"
        },
        "context": {
          "reference": "urn:uuid:8d6c954b-92da-434f-b916-7aef56f0f237"
        },
        "effectiveDateTime": "2009-07-05T08:14:27-04:00",
        "issued": "2009-07-05T08:14:27-04:00",
        "valueQuantity": {
          "value": 90,
          "unit": "mg/dL",
          "system": "http://unitsofmeasure.org/",
          "code": "mg/dL"
        },
        "resourceType": "Observation"
      }
    },
    {
      "fullUrl": "urn:uuid:c64f7e5c-ad51-46fd-bb85-52e4901394ea",
      "resource": {
        "id": "c64f7e5c-ad51-46fd-bb85-52e4901394ea",
        "meta": {
          "profile": [
            "http://standardhealthrecord.org/fhir/StructureDefinition/shr-observation-Observation"
          ]
        },
        "status": "final",
        "category": [
          {
            "coding": [
              {
                "system": "http://hl7.org/fhir/observation-category",
                "code": "laboratory"
              }
            ]
          }
        ],
        "code": {
          "coding": [
            {
              "system": "http://loinc.org",
              "code": "2085-9",
              "display": "High Density Lipoprotein Cholesterol"
            }
          ],
          "text": "High Density Lipoprotein Cholesterol"
        },
        "subject": {
          "reference": "urn:uuid:f392159e-2585-448d-b2d2-8550341320b5"
        },
        "context": {
          "reference": "urn:uuid:8d6c954b-92da-434f-b916-7aef56f0f237"
        },
        "effectiveDateTime": "2009-07-05T08:14:27-04:00",
        "issued": "2009-07-05T08:14:27-04:00",
        "valueQuantity": {
          "value": 77,
          "unit": "mg/dL",
          "system": "http://unitsofmeasure.org/",
          "code": "mg/dL"
        },
        "resourceType": "Observation"
      }
    },
    {
      "fullUrl": "urn:uuid:78ee648e-4e27-4602-9924-45c36c8c9028",
      "resource": {
        "id": "78ee648e-4e27-4602-9924-45c36c8c9028",
        "meta": {
          "profile": [
            "http://standardhealthrecord.org/fhir/StructureDefinition/shr-observation-Panel"
          ]
        },
        "status": "final",
        "code": {
          "coding": [
            {
              "system": "http://loinc.org",
              "code": "57698-3",
              "display": "Lipid Panel"
            }
          ]
        },
        "subject": {
          "reference": "urn:uuid:f392159e-2585-448d-b2d2-8550341320b5"
        },
        "context": {
          "reference": "urn:uuid:8d6c954b-92da-434f-b916-7aef56f0f237"
        },
        "effectiveDateTime": "2009-07-05T08:14:27-04:00",
        "issued": "2009-07-05T08:14:27-04:00",
        "result": [
          {
            "reference": "urn:uuid:38b9e469-ade2-4fc5-8d58-e0afab9dc132",
            "display": "Total Cholesterol"
          },
          {
            "reference": "urn:uuid:e1f04967-4445-4fae-ad75-e66326e19450",
            "display": "Triglycerides"
          },
          {
            "reference": "urn:uuid:c7ba0efc-997d-4040-9b73-0fd910a4dec7",
            "display": "Low Density Lipoprotein Cholesterol"
          },
          {
            "reference": "urn:uuid:c64f7e5c-ad51-46fd-bb85-52e4901394ea",
            "display": "High Density Lipoprotein Cholesterol"
          }
        ],
        "resourceType": "DiagnosticReport"
      }
    },
    {
      "resource": {
        "meta": {
          "profile": [
            "http://standardhealthrecord.org/fhir/StructureDefinition/shr-immunization-Immunization"
          ]
        },
        "status": "completed",
        "notGiven": false,
        "vaccineCode": {
          "coding": [
            {
              "system": "http://hl7.org/fhir/sid/cvx",
              "code": "140",
              "display": "Influenza, seasonal, injectable, preservative free"
            }
          ],
          "text": "Influenza, seasonal, injectable, preservative free"
        },
        "patient": {
          "reference": "urn:uuid:f392159e-2585-448d-b2d2-8550341320b5"
        },
        "encounter": {
          "reference": "urn:uuid:8d6c954b-92da-434f-b916-7aef56f0f237"
        },
        "date": "2009-07-05T08:14:27-04:00",
        "primarySource": true,
        "resourceType": "Immunization"
      }
    },
    {
      "fullUrl": "urn:uuid:c09b2e90-5c16-4791-94f2-f09424d59b06",
      "resource": {
        "id": "c09b2e90-5c16-4791-94f2-f09424d59b06",
        "meta": {
          "profile": [
            "http://standardhealthrecord.org/fhir/StructureDefinition/shr-encounter-Encounter"
          ]
        },
        "status": "finished",
        "class": {
          "code": "outpatient"
        },
        "type": [
          {
            "coding": [
              {
                "system": "http://snomed.info/sct",
                "code": "185349003"
              }
            ],
            "text": "Outpatient Encounter"
          }
        ],
        "subject": {
          "reference": "urn:uuid:f392159e-2585-448d-b2d2-8550341320b5"
        },
        "period": {
          "start": "2012-08-14T18:04:52-04:00",
          "end": "2012-08-14T19:04:52-04:00"
        },
        "serviceProvider": {
          "reference": "urn:uuid:7f2e4157-c9f2-4c84-a917-4fe3daf4889f"
        },
        "resourceType": "Encounter"
      }
    },
    {
      "fullUrl": "urn:uuid:212f1dec-bc29-41bf-853c-04b07b0afc25",
      "resource": {
        "id": "212f1dec-bc29-41bf-853c-04b07b0afc25",
        "status": "active",
        "use": "complete",
        "patient": {
          "reference": "urn:uuid:f392159e-2585-448d-b2d2-8550341320b5"
        },
        "billablePeriod": {
          "start": "2012-08-14T18:04:52-04:00",
          "end": "2012-08-14T19:04:52-04:00"
        },
        "organization": {
          "reference": {
            "reference": "urn:uuid:7f2e4157-c9f2-4c84-a917-4fe3daf4889f"
          }
        },
        "item": [
          {
            "sequence": 1,
            "net": {
              "value": 125.0,
              "system": "urn:iso:std:iso:4217",
              "code": "USD"
            },
            "encounter": [
              {
                "reference": {
                  "fullUrl": "urn:uuid:c09b2e90-5c16-4791-94f2-f09424d59b06",
                  "resource": {
                    "id": "c09b2e90-5c16-4791-94f2-f09424d59b06",
                    "meta": {
                      "profile": [
                        "http://standardhealthrecord.org/fhir/StructureDefinition/shr-encounter-Encounter"
                      ]
                    },
                    "status": "finished",
                    "class": {
                      "code": "outpatient"
                    },
                    "type": [
                      {
                        "coding": [
                          {
                            "system": "http://snomed.info/sct",
                            "code": "185349003"
                          }
                        ],
                        "text": "Outpatient Encounter"
                      }
                    ],
                    "subject": {
                      "reference": "urn:uuid:f392159e-2585-448d-b2d2-8550341320b5"
                    },
                    "period": {
                      "start": "2012-08-14T18:04:52-04:00",
                      "end": "2012-08-14T19:04:52-04:00"
                    },
                    "serviceProvider": {
                      "reference": "urn:uuid:7f2e4157-c9f2-4c84-a917-4fe3daf4889f"
                    },
                    "resourceType": "Encounter"
                  }
                }
              }
            ]
          },
          {
            "sequence": 2,
            "category": {
              "coding": [
                {
                  "system": "http://hl7.org/fhir/sid/cvx",
                  "code": "140",
                  "display": "Influenza, seasonal, injectable, preservative free"
                }
              ],
              "text": "Influenza, seasonal, injectable, preservative free"
            },
            "net": {
              "value": 136.0,
              "system": "urn:iso:std:iso:4217",
              "code": "USD"
            }
          },
          {
            "sequence": 3,
            "category": {
              "coding": [
                {
                  "system": "http://hl7.org/fhir/sid/cvx",
                  "code": "113",
                  "display": "Td (adult) preservative free"
                }
              ],
              "text": "Td (adult) preservative free"
            },
            "net": {
              "value": 136.0,
              "system": "urn:iso:std:iso:4217",
              "code": "USD"
            }
          }
        ],
        "total": {
          "value": 397.0,
          "system": "urn:iso:std:iso:4217",
          "code": "USD"
        },
        "resourceType": "Claim"
      }
    },
    {
      "fullUrl": "urn:uuid:f2420d14-b09c-4f1c-9262-6d4c98242328",
      "resource": {
        "id": "f2420d14-b09c-4f1c-9262-6d4c98242328",
        "meta": {
          "profile": [
            "http://standardhealthrecord.org/fhir/StructureDefinition/shr-observation-Observation",
            "http://standardhealthrecord.org/fhir/StructureDefinition/shr-vital-VitalSign",
            "http://standardhealthrecord.org/fhir/StructureDefinition/shr-vital-BodyHeight"
          ]
        },
        "status": "final",
        "category": [
          {
            "coding": [
              {
                "system": "http://hl7.org/fhir/observation-category",
                "code": "vital-signs"
              }
            ]
          }
        ],
        "code": {
          "coding": [
            {
              "system": "http://loinc.org",
              "code": "8302-2",
              "display": "Body Height"
            }
          ],
          "text": "Body Height"
        },
        "subject": {
          "reference": "urn:uuid:f392159e-2585-448d-b2d2-8550341320b5"
        },
        "context": {
          "reference": "urn:uuid:c09b2e90-5c16-4791-94f2-f09424d59b06"
        },
        "effectiveDateTime": "2012-08-14T18:04:52-04:00",
        "issued": "2012-08-14T18:04:52-04:00",
        "valueQuantity": {
          "value": 157.9030880758585,
          "unit": "cm",
          "system": "http://unitsofmeasure.org/",
          "code": "cm"
        },
        "resourceType": "Observation"
      }
    },
    {
      "fullUrl": "urn:uuid:ba794f53-8ae7-4a1d-b4a3-f005e78c6af9",
      "resource": {
        "id": "ba794f53-8ae7-4a1d-b4a3-f005e78c6af9",
        "meta": {
          "profile": [
            "http://standardhealthrecord.org/fhir/StructureDefinition/shr-observation-Observation",
            "http://standardhealthrecord.org/fhir/StructureDefinition/shr-vital-VitalSign",
            "http://standardhealthrecord.org/fhir/StructureDefinition/shr-vital-BodyWeight"
          ]
        },
        "status": "final",
        "category": [
          {
            "coding": [
              {
                "system": "http://hl7.org/fhir/observation-category",
                "code": "vital-signs"
              }
            ]
          }
        ],
        "code": {
          "coding": [
            {
              "system": "http://loinc.org",
              "code": "29463-7",
              "display": "Body Weight"
            }
          ],
          "text": "Body Weight"
        },
        "subject": {
          "reference": "urn:uuid:f392159e-2585-448d-b2d2-8550341320b5"
        },
        "context": {
          "reference": "urn:uuid:c09b2e90-5c16-4791-94f2-f09424d59b06"
        },
        "effectiveDateTime": "2012-08-14T18:04:52-04:00",
        "issued": "2012-08-14T18:04:52-04:00",
        "valueQuantity": {
          "value": 92.06313576272585,
          "unit": "kg",
          "system": "http://unitsofmeasure.org/",
          "code": "kg"
        },
        "resourceType": "Observation"
      }
    },
    {
      "fullUrl": "urn:uuid:6d23fd75-7f0f-4d78-9367-962cf5cde268",
      "resource": {
        "id": "6d23fd75-7f0f-4d78-9367-962cf5cde268",
        "meta": {
          "profile": [
            "http://standardhealthrecord.org/fhir/StructureDefinition/shr-observation-Observation",
            "http://standardhealthrecord.org/fhir/StructureDefinition/shr-vital-VitalSign",
            "http://standardhealthrecord.org/fhir/StructureDefinition/shr-vital-BodyMassIndex"
          ]
        },
        "status": "final",
        "category": [
          {
            "coding": [
              {
                "system": "http://hl7.org/fhir/observation-category",
                "code": "vital-signs"
              }
            ]
          }
        ],
        "code": {
          "coding": [
            {
              "system": "http://loinc.org",
              "code": "39156-5",
              "display": "Body Mass Index"
            }
          ],
          "text": "Body Mass Index"
        },
        "subject": {
          "reference": "urn:uuid:f392159e-2585-448d-b2d2-8550341320b5"
        },
        "context": {
          "reference": "urn:uuid:c09b2e90-5c16-4791-94f2-f09424d59b06"
        },
        "effectiveDateTime": "2012-08-14T18:04:52-04:00",
        "issued": "2012-08-14T18:04:52-04:00",
        "valueQuantity": {
          "value": 36.923640707442594,
          "unit": "kg/m2",
          "system": "http://unitsofmeasure.org/",
          "code": "kg/m2"
        },
        "resourceType": "Observation"
      }
    },
    {
      "fullUrl": "urn:uuid:892d9534-2950-476e-9f44-dd0c02f58a3e",
      "resource": {
        "id": "892d9534-2950-476e-9f44-dd0c02f58a3e",
        "meta": {
          "profile": [
            "http://standardhealthrecord.org/fhir/StructureDefinition/shr-observation-Observation",
            "http://standardhealthrecord.org/fhir/StructureDefinition/shr-vital-BloodPressure"
          ]
        },
        "status": "final",
        "category": [
          {
            "coding": [
              {
                "system": "http://hl7.org/fhir/observation-category",
                "code": "vital-signs"
              }
            ]
          }
        ],
        "code": {
          "coding": [
            {
              "system": "http://loinc.org",
              "code": "55284-4",
              "display": "Blood Pressure"
            }
          ]
        },
        "subject": {
          "reference": "urn:uuid:f392159e-2585-448d-b2d2-8550341320b5"
        },
        "context": {
          "reference": "urn:uuid:c09b2e90-5c16-4791-94f2-f09424d59b06"
        },
        "effectiveDateTime": "2012-08-14T18:04:52-04:00",
        "issued": "2012-08-14T18:04:52-04:00",
        "component": [
          {
            "code": {
              "coding": [
                {
                  "system": "http://loinc.org",
                  "code": "8480-6",
                  "display": "Systolic Blood Pressure"
                }
              ],
              "text": "Systolic Blood Pressure"
            },
            "valueQuantity": {
              "value": 102,
              "unit": "mmHg",
              "system": "http://unitsofmeasure.org/",
              "code": "mmHg"
            }
          },
          {
            "code": {
              "coding": [
                {
                  "system": "http://loinc.org",
                  "code": "8462-4",
                  "display": "Diastolic Blood Pressure"
                }
              ],
              "text": "Diastolic Blood Pressure"
            },
            "valueQuantity": {
              "value": 77,
              "unit": "mmHg",
              "system": "http://unitsofmeasure.org/",
              "code": "mmHg"
            }
          }
        ],
        "resourceType": "Observation"
      }
    },
    {
      "fullUrl": "urn:uuid:95a4cf8e-c129-4c31-9472-603b0ea16f38",
      "resource": {
        "id": "95a4cf8e-c129-4c31-9472-603b0ea16f38",
        "meta": {
          "profile": [
            "http://standardhealthrecord.org/fhir/StructureDefinition/shr-observation-Observation"
          ]
        },
        "status": "final",
        "category": [
          {
            "coding": [
              {
                "system": "http://hl7.org/fhir/observation-category",
                "code": "laboratory"
              }
            ]
          }
        ],
        "code": {
          "coding": [
            {
              "system": "http://loinc.org",
              "code": "2093-3",
              "display": "Total Cholesterol"
            }
          ],
          "text": "Total Cholesterol"
        },
        "subject": {
          "reference": "urn:uuid:f392159e-2585-448d-b2d2-8550341320b5"
        },
        "context": {
          "reference": "urn:uuid:c09b2e90-5c16-4791-94f2-f09424d59b06"
        },
        "effectiveDateTime": "2012-08-14T18:04:52-04:00",
        "issued": "2012-08-14T18:04:52-04:00",
        "valueQuantity": {
          "value": 193,
          "unit": "mg/dL",
          "system": "http://unitsofmeasure.org/",
          "code": "mg/dL"
        },
        "resourceType": "Observation"
      }
    },
    {
      "fullUrl": "urn:uuid:409d7e20-671c-48e4-9027-3ebef01d6e01",
      "resource": {
        "id": "409d7e20-671c-48e4-9027-3ebef01d6e01",
        "meta": {
          "profile": [
            "http://standardhealthrecord.org/fhir/StructureDefinition/shr-observation-Observation"
          ]
        },
        "status": "final",
        "category": [
          {
            "coding": [
              {
                "system": "http://hl7.org/fhir/observation-category",
                "code": "laboratory"
              }
            ]
          }
        ],
        "code": {
          "coding": [
            {
              "system": "http://loinc.org",
              "code": "2571-8",
              "display": "Triglycerides"
            }
          ],
          "text": "Triglycerides"
        },
        "subject": {
          "reference": "urn:uuid:f392159e-2585-448d-b2d2-8550341320b5"
        },
        "context": {
          "reference": "urn:uuid:c09b2e90-5c16-4791-94f2-f09424d59b06"
        },
        "effectiveDateTime": "2012-08-14T18:04:52-04:00",
        "issued": "2012-08-14T18:04:52-04:00",
        "valueQuantity": {
          "value": 115,
          "unit": "mg/dL",
          "system": "http://unitsofmeasure.org/",
          "code": "mg/dL"
        },
        "resourceType": "Observation"
      }
    },
    {
      "fullUrl": "urn:uuid:91dc574a-bb1b-4815-9d5e-b74bc3bc8a91",
      "resource": {
        "id": "91dc574a-bb1b-4815-9d5e-b74bc3bc8a91",
        "meta": {
          "profile": [
            "http://standardhealthrecord.org/fhir/StructureDefinition/shr-observation-Observation"
          ]
        },
        "status": "final",
        "category": [
          {
            "coding": [
              {
                "system": "http://hl7.org/fhir/observation-category",
                "code": "laboratory"
              }
            ]
          }
        ],
        "code": {
          "coding": [
            {
              "system": "http://loinc.org",
              "code": "18262-6",
              "display": "Low Density Lipoprotein Cholesterol"
            }
          ],
          "text": "Low Density Lipoprotein Cholesterol"
        },
        "subject": {
          "reference": "urn:uuid:f392159e-2585-448d-b2d2-8550341320b5"
        },
        "context": {
          "reference": "urn:uuid:c09b2e90-5c16-4791-94f2-f09424d59b06"
        },
        "effectiveDateTime": "2012-08-14T18:04:52-04:00",
        "issued": "2012-08-14T18:04:52-04:00",
        "valueQuantity": {
          "value": 109,
          "unit": "mg/dL",
          "system": "http://unitsofmeasure.org/",
          "code": "mg/dL"
        },
        "resourceType": "Observation"
      }
    },
    {
      "fullUrl": "urn:uuid:9b6ad0a5-4c17-4cc3-bd01-765c62f02341",
      "resource": {
        "id": "9b6ad0a5-4c17-4cc3-bd01-765c62f02341",
        "meta": {
          "profile": [
            "http://standardhealthrecord.org/fhir/StructureDefinition/shr-observation-Observation"
          ]
        },
        "status": "final",
        "category": [
          {
            "coding": [
              {
                "system": "http://hl7.org/fhir/observation-category",
                "code": "laboratory"
              }
            ]
          }
        ],
        "code": {
          "coding": [
            {
              "system": "http://loinc.org",
              "code": "2085-9",
              "display": "High Density Lipoprotein Cholesterol"
            }
          ],
          "text": "High Density Lipoprotein Cholesterol"
        },
        "subject": {
          "reference": "urn:uuid:f392159e-2585-448d-b2d2-8550341320b5"
        },
        "context": {
          "reference": "urn:uuid:c09b2e90-5c16-4791-94f2-f09424d59b06"
        },
        "effectiveDateTime": "2012-08-14T18:04:52-04:00",
        "issued": "2012-08-14T18:04:52-04:00",
        "valueQuantity": {
          "value": 61,
          "unit": "mg/dL",
          "system": "http://unitsofmeasure.org/",
          "code": "mg/dL"
        },
        "resourceType": "Observation"
      }
    },
    {
      "fullUrl": "urn:uuid:00857e90-911f-4c37-b653-d47159dcfa14",
      "resource": {
        "id": "00857e90-911f-4c37-b653-d47159dcfa14",
        "meta": {
          "profile": [
            "http://standardhealthrecord.org/fhir/StructureDefinition/shr-observation-Panel"
          ]
        },
        "status": "final",
        "code": {
          "coding": [
            {
              "system": "http://loinc.org",
              "code": "57698-3",
              "display": "Lipid Panel"
            }
          ]
        },
        "subject": {
          "reference": "urn:uuid:f392159e-2585-448d-b2d2-8550341320b5"
        },
        "context": {
          "reference": "urn:uuid:c09b2e90-5c16-4791-94f2-f09424d59b06"
        },
        "effectiveDateTime": "2012-08-14T18:04:52-04:00",
        "issued": "2012-08-14T18:04:52-04:00",
        "result": [
          {
            "reference": "urn:uuid:95a4cf8e-c129-4c31-9472-603b0ea16f38",
            "display": "Total Cholesterol"
          },
          {
            "reference": "urn:uuid:409d7e20-671c-48e4-9027-3ebef01d6e01",
            "display": "Triglycerides"
          },
          {
            "reference": "urn:uuid:91dc574a-bb1b-4815-9d5e-b74bc3bc8a91",
            "display": "Low Density Lipoprotein Cholesterol"
          },
          {
            "reference": "urn:uuid:9b6ad0a5-4c17-4cc3-bd01-765c62f02341",
            "display": "High Density Lipoprotein Cholesterol"
          }
        ],
        "resourceType": "DiagnosticReport"
      }
    },
    {
      "resource": {
        "meta": {
          "profile": [
            "http://standardhealthrecord.org/fhir/StructureDefinition/shr-immunization-Immunization"
          ]
        },
        "status": "completed",
        "notGiven": false,
        "vaccineCode": {
          "coding": [
            {
              "system": "http://hl7.org/fhir/sid/cvx",
              "code": "140",
              "display": "Influenza, seasonal, injectable, preservative free"
            }
          ],
          "text": "Influenza, seasonal, injectable, preservative free"
        },
        "patient": {
          "reference": "urn:uuid:f392159e-2585-448d-b2d2-8550341320b5"
        },
        "encounter": {
          "reference": "urn:uuid:c09b2e90-5c16-4791-94f2-f09424d59b06"
        },
        "date": "2012-08-14T18:04:52-04:00",
        "primarySource": true,
        "resourceType": "Immunization"
      }
    },
    {
      "resource": {
        "meta": {
          "profile": [
            "http://standardhealthrecord.org/fhir/StructureDefinition/shr-immunization-Immunization"
          ]
        },
        "status": "completed",
        "notGiven": false,
        "vaccineCode": {
          "coding": [
            {
              "system": "http://hl7.org/fhir/sid/cvx",
              "code": "113",
              "display": "Td (adult) preservative free"
            }
          ],
          "text": "Td (adult) preservative free"
        },
        "patient": {
          "reference": "urn:uuid:f392159e-2585-448d-b2d2-8550341320b5"
        },
        "encounter": {
          "reference": "urn:uuid:c09b2e90-5c16-4791-94f2-f09424d59b06"
        },
        "date": "2012-08-14T18:04:52-04:00",
        "primarySource": true,
        "resourceType": "Immunization"
      }
    },
    {
      "fullUrl": "urn:uuid:001932b4-7200-4bf8-a2ab-f92bca5ec4bd",
      "resource": {
        "id": "001932b4-7200-4bf8-a2ab-f92bca5ec4bd",
        "meta": {
          "profile": [
            "http://standardhealthrecord.org/fhir/StructureDefinition/shr-encounter-Encounter"
          ]
        },
        "status": "finished",
        "class": {
          "code": "outpatient"
        },
        "type": [
          {
            "coding": [
              {
                "system": "http://snomed.info/sct",
                "code": "185349003"
              }
            ],
            "text": "Outpatient Encounter"
          }
        ],
        "subject": {
          "reference": "urn:uuid:f392159e-2585-448d-b2d2-8550341320b5"
        },
        "period": {
          "start": "2014-11-06T01:48:07-05:00",
          "end": "2014-11-06T02:48:07-05:00"
        },
        "serviceProvider": {
          "reference": "urn:uuid:7f2e4157-c9f2-4c84-a917-4fe3daf4889f"
        },
        "resourceType": "Encounter"
      }
    },
    {
      "fullUrl": "urn:uuid:ea5c1733-d992-4aea-82d3-0016f6332f26",
      "resource": {
        "id": "ea5c1733-d992-4aea-82d3-0016f6332f26",
        "status": "active",
        "use": "complete",
        "patient": {
          "reference": "urn:uuid:f392159e-2585-448d-b2d2-8550341320b5"
        },
        "billablePeriod": {
          "start": "2014-11-06T01:48:07-05:00",
          "end": "2014-11-06T02:48:07-05:00"
        },
        "organization": {
          "reference": {
            "reference": "urn:uuid:7f2e4157-c9f2-4c84-a917-4fe3daf4889f"
          }
        },
        "item": [
          {
            "sequence": 1,
            "net": {
              "value": 125.0,
              "system": "urn:iso:std:iso:4217",
              "code": "USD"
            },
            "encounter": [
              {
                "reference": {
                  "fullUrl": "urn:uuid:001932b4-7200-4bf8-a2ab-f92bca5ec4bd",
                  "resource": {
                    "id": "001932b4-7200-4bf8-a2ab-f92bca5ec4bd",
                    "meta": {
                      "profile": [
                        "http://standardhealthrecord.org/fhir/StructureDefinition/shr-encounter-Encounter"
                      ]
                    },
                    "status": "finished",
                    "class": {
                      "code": "outpatient"
                    },
                    "type": [
                      {
                        "coding": [
                          {
                            "system": "http://snomed.info/sct",
                            "code": "185349003"
                          }
                        ],
                        "text": "Outpatient Encounter"
                      }
                    ],
                    "subject": {
                      "reference": "urn:uuid:f392159e-2585-448d-b2d2-8550341320b5"
                    },
                    "period": {
                      "start": "2014-11-06T01:48:07-05:00",
                      "end": "2014-11-06T02:48:07-05:00"
                    },
                    "serviceProvider": {
                      "reference": "urn:uuid:7f2e4157-c9f2-4c84-a917-4fe3daf4889f"
                    },
                    "resourceType": "Encounter"
                  }
                }
              }
            ]
          },
          {
            "sequence": 2,
            "category": {
              "coding": [
                {
                  "system": "http://hl7.org/fhir/sid/cvx",
                  "code": "140",
                  "display": "Influenza, seasonal, injectable, preservative free"
                }
              ],
              "text": "Influenza, seasonal, injectable, preservative free"
            },
            "net": {
              "value": 136.0,
              "system": "urn:iso:std:iso:4217",
              "code": "USD"
            }
          }
        ],
        "total": {
          "value": 261.0,
          "system": "urn:iso:std:iso:4217",
          "code": "USD"
        },
        "resourceType": "Claim"
      }
    },
    {
      "fullUrl": "urn:uuid:8272a6c6-29a7-4baa-a488-619bb9f3ed27",
      "resource": {
        "id": "8272a6c6-29a7-4baa-a488-619bb9f3ed27",
        "meta": {
          "profile": [
            "http://standardhealthrecord.org/fhir/StructureDefinition/shr-observation-Observation",
            "http://standardhealthrecord.org/fhir/StructureDefinition/shr-vital-VitalSign",
            "http://standardhealthrecord.org/fhir/StructureDefinition/shr-vital-BodyHeight"
          ]
        },
        "status": "final",
        "category": [
          {
            "coding": [
              {
                "system": "http://hl7.org/fhir/observation-category",
                "code": "vital-signs"
              }
            ]
          }
        ],
        "code": {
          "coding": [
            {
              "system": "http://loinc.org",
              "code": "8302-2",
              "display": "Body Height"
            }
          ],
          "text": "Body Height"
        },
        "subject": {
          "reference": "urn:uuid:f392159e-2585-448d-b2d2-8550341320b5"
        },
        "context": {
          "reference": "urn:uuid:001932b4-7200-4bf8-a2ab-f92bca5ec4bd"
        },
        "effectiveDateTime": "2014-11-06T01:48:07-05:00",
        "issued": "2014-11-06T01:48:07-05:00",
        "valueQuantity": {
          "value": 157.9030880758585,
          "unit": "cm",
          "system": "http://unitsofmeasure.org/",
          "code": "cm"
        },
        "resourceType": "Observation"
      }
    },
    {
      "fullUrl": "urn:uuid:91307e05-3628-4cbf-89bf-1b6685e720de",
      "resource": {
        "id": "91307e05-3628-4cbf-89bf-1b6685e720de",
        "meta": {
          "profile": [
            "http://standardhealthrecord.org/fhir/StructureDefinition/shr-observation-Observation",
            "http://standardhealthrecord.org/fhir/StructureDefinition/shr-vital-VitalSign",
            "http://standardhealthrecord.org/fhir/StructureDefinition/shr-vital-BodyWeight"
          ]
        },
        "status": "final",
        "category": [
          {
            "coding": [
              {
                "system": "http://hl7.org/fhir/observation-category",
                "code": "vital-signs"
              }
            ]
          }
        ],
        "code": {
          "coding": [
            {
              "system": "http://loinc.org",
              "code": "29463-7",
              "display": "Body Weight"
            }
          ],
          "text": "Body Weight"
        },
        "subject": {
          "reference": "urn:uuid:f392159e-2585-448d-b2d2-8550341320b5"
        },
        "context": {
          "reference": "urn:uuid:001932b4-7200-4bf8-a2ab-f92bca5ec4bd"
        },
        "effectiveDateTime": "2014-11-06T01:48:07-05:00",
        "issued": "2014-11-06T01:48:07-05:00",
        "valueQuantity": {
          "value": 94.74976117273611,
          "unit": "kg",
          "system": "http://unitsofmeasure.org/",
          "code": "kg"
        },
        "resourceType": "Observation"
      }
    },
    {
      "fullUrl": "urn:uuid:1d441a23-c09c-46f8-8a21-e02e07656e6f",
      "resource": {
        "id": "1d441a23-c09c-46f8-8a21-e02e07656e6f",
        "meta": {
          "profile": [
            "http://standardhealthrecord.org/fhir/StructureDefinition/shr-observation-Observation",
            "http://standardhealthrecord.org/fhir/StructureDefinition/shr-vital-VitalSign",
            "http://standardhealthrecord.org/fhir/StructureDefinition/shr-vital-BodyMassIndex"
          ]
        },
        "status": "final",
        "category": [
          {
            "coding": [
              {
                "system": "http://hl7.org/fhir/observation-category",
                "code": "vital-signs"
              }
            ]
          }
        ],
        "code": {
          "coding": [
            {
              "system": "http://loinc.org",
              "code": "39156-5",
              "display": "Body Mass Index"
            }
          ],
          "text": "Body Mass Index"
        },
        "subject": {
          "reference": "urn:uuid:f392159e-2585-448d-b2d2-8550341320b5"
        },
        "context": {
          "reference": "urn:uuid:001932b4-7200-4bf8-a2ab-f92bca5ec4bd"
        },
        "effectiveDateTime": "2014-11-06T01:48:07-05:00",
        "issued": "2014-11-06T01:48:07-05:00",
        "valueQuantity": {
          "value": 38.00116202509978,
          "unit": "kg/m2",
          "system": "http://unitsofmeasure.org/",
          "code": "kg/m2"
        },
        "resourceType": "Observation"
      }
    },
    {
      "fullUrl": "urn:uuid:634233e5-d5dd-4274-9880-a21730715d72",
      "resource": {
        "id": "634233e5-d5dd-4274-9880-a21730715d72",
        "meta": {
          "profile": [
            "http://standardhealthrecord.org/fhir/StructureDefinition/shr-observation-Observation",
            "http://standardhealthrecord.org/fhir/StructureDefinition/shr-vital-BloodPressure"
          ]
        },
        "status": "final",
        "category": [
          {
            "coding": [
              {
                "system": "http://hl7.org/fhir/observation-category",
                "code": "vital-signs"
              }
            ]
          }
        ],
        "code": {
          "coding": [
            {
              "system": "http://loinc.org",
              "code": "55284-4",
              "display": "Blood Pressure"
            }
          ]
        },
        "subject": {
          "reference": "urn:uuid:f392159e-2585-448d-b2d2-8550341320b5"
        },
        "context": {
          "reference": "urn:uuid:001932b4-7200-4bf8-a2ab-f92bca5ec4bd"
        },
        "effectiveDateTime": "2014-11-06T01:48:07-05:00",
        "issued": "2014-11-06T01:48:07-05:00",
        "component": [
          {
            "code": {
              "coding": [
                {
                  "system": "http://loinc.org",
                  "code": "8480-6",
                  "display": "Systolic Blood Pressure"
                }
              ],
              "text": "Systolic Blood Pressure"
            },
            "valueQuantity": {
              "value": 120,
              "unit": "mmHg",
              "system": "http://unitsofmeasure.org/",
              "code": "mmHg"
            }
          },
          {
            "code": {
              "coding": [
                {
                  "system": "http://loinc.org",
                  "code": "8462-4",
                  "display": "Diastolic Blood Pressure"
                }
              ],
              "text": "Diastolic Blood Pressure"
            },
            "valueQuantity": {
              "value": 71,
              "unit": "mmHg",
              "system": "http://unitsofmeasure.org/",
              "code": "mmHg"
            }
          }
        ],
        "resourceType": "Observation"
      }
    },
    {
      "resource": {
        "meta": {
          "profile": [
            "http://standardhealthrecord.org/fhir/StructureDefinition/shr-immunization-Immunization"
          ]
        },
        "status": "completed",
        "notGiven": false,
        "vaccineCode": {
          "coding": [
            {
              "system": "http://hl7.org/fhir/sid/cvx",
              "code": "140",
              "display": "Influenza, seasonal, injectable, preservative free"
            }
          ],
          "text": "Influenza, seasonal, injectable, preservative free"
        },
        "patient": {
          "reference": "urn:uuid:f392159e-2585-448d-b2d2-8550341320b5"
        },
        "encounter": {
          "reference": "urn:uuid:001932b4-7200-4bf8-a2ab-f92bca5ec4bd"
        },
        "date": "2014-11-06T01:48:07-05:00",
        "primarySource": true,
        "resourceType": "Immunization"
      }
    },
    {
      "fullUrl": "urn:uuid:dc25fed9-e8d0-4471-aefd-f1c5a35cb006",
      "resource": {
        "id": "dc25fed9-e8d0-4471-aefd-f1c5a35cb006",
        "meta": {
          "profile": [
            "http://standardhealthrecord.org/fhir/StructureDefinition/shr-encounter-Encounter"
          ]
        },
        "status": "finished",
        "class": {
          "code": "outpatient"
        },
        "type": [
          {
            "coding": [
              {
                "system": "http://snomed.info/sct",
                "code": "185349003"
              }
            ],
            "text": "Outpatient Encounter"
          }
        ],
        "subject": {
          "reference": "urn:uuid:f392159e-2585-448d-b2d2-8550341320b5"
        },
        "period": {
          "start": "2016-07-06T14:32:59-04:00",
          "end": "2016-07-06T15:32:59-04:00"
        },
        "serviceProvider": {
          "reference": "urn:uuid:7f2e4157-c9f2-4c84-a917-4fe3daf4889f"
        },
        "resourceType": "Encounter"
      }
    },
    {
      "fullUrl": "urn:uuid:7d280021-f038-42e8-aa85-737b56c8c968",
      "resource": {
        "id": "7d280021-f038-42e8-aa85-737b56c8c968",
        "status": "active",
        "use": "complete",
        "patient": {
          "reference": "urn:uuid:f392159e-2585-448d-b2d2-8550341320b5"
        },
        "billablePeriod": {
          "start": "2016-07-06T14:32:59-04:00",
          "end": "2016-07-06T15:32:59-04:00"
        },
        "organization": {
          "reference": {
            "reference": "urn:uuid:7f2e4157-c9f2-4c84-a917-4fe3daf4889f"
          }
        },
        "item": [
          {
            "sequence": 1,
            "net": {
              "value": 125.0,
              "system": "urn:iso:std:iso:4217",
              "code": "USD"
            },
            "encounter": [
              {
                "reference": {
                  "fullUrl": "urn:uuid:dc25fed9-e8d0-4471-aefd-f1c5a35cb006",
                  "resource": {
                    "id": "dc25fed9-e8d0-4471-aefd-f1c5a35cb006",
                    "meta": {
                      "profile": [
                        "http://standardhealthrecord.org/fhir/StructureDefinition/shr-encounter-Encounter"
                      ]
                    },
                    "status": "finished",
                    "class": {
                      "code": "outpatient"
                    },
                    "type": [
                      {
                        "coding": [
                          {
                            "system": "http://snomed.info/sct",
                            "code": "185349003"
                          }
                        ],
                        "text": "Outpatient Encounter"
                      }
                    ],
                    "subject": {
                      "reference": "urn:uuid:f392159e-2585-448d-b2d2-8550341320b5"
                    },
                    "period": {
                      "start": "2016-07-06T14:32:59-04:00",
                      "end": "2016-07-06T15:32:59-04:00"
                    },
                    "serviceProvider": {
                      "reference": "urn:uuid:7f2e4157-c9f2-4c84-a917-4fe3daf4889f"
                    },
                    "resourceType": "Encounter"
                  }
                }
              }
            ]
          },
          {
            "sequence": 2,
            "category": {
              "coding": [
                {
                  "system": "http://hl7.org/fhir/sid/cvx",
                  "code": "140",
                  "display": "Influenza, seasonal, injectable, preservative free"
                }
              ],
              "text": "Influenza, seasonal, injectable, preservative free"
            },
            "net": {
              "value": 136.0,
              "system": "urn:iso:std:iso:4217",
              "code": "USD"
            }
          }
        ],
        "total": {
          "value": 261.0,
          "system": "urn:iso:std:iso:4217",
          "code": "USD"
        },
        "resourceType": "Claim"
      }
    },
    {
      "fullUrl": "urn:uuid:acb0f4f6-04e9-4e6e-9083-679d02add585",
      "resource": {
        "id": "acb0f4f6-04e9-4e6e-9083-679d02add585",
        "meta": {
          "profile": [
            "http://standardhealthrecord.org/fhir/StructureDefinition/shr-observation-Observation",
            "http://standardhealthrecord.org/fhir/StructureDefinition/shr-vital-VitalSign",
            "http://standardhealthrecord.org/fhir/StructureDefinition/shr-vital-BodyHeight"
          ]
        },
        "status": "final",
        "category": [
          {
            "coding": [
              {
                "system": "http://hl7.org/fhir/observation-category",
                "code": "vital-signs"
              }
            ]
          }
        ],
        "code": {
          "coding": [
            {
              "system": "http://loinc.org",
              "code": "8302-2",
              "display": "Body Height"
            }
          ],
          "text": "Body Height"
        },
        "subject": {
          "reference": "urn:uuid:f392159e-2585-448d-b2d2-8550341320b5"
        },
        "context": {
          "reference": "urn:uuid:dc25fed9-e8d0-4471-aefd-f1c5a35cb006"
        },
        "effectiveDateTime": "2016-07-06T14:32:59-04:00",
        "issued": "2016-07-06T14:32:59-04:00",
        "valueQuantity": {
          "value": 157.9030880758585,
          "unit": "cm",
          "system": "http://unitsofmeasure.org/",
          "code": "cm"
        },
        "resourceType": "Observation"
      }
    },
    {
      "fullUrl": "urn:uuid:6aa960f8-3d13-446b-9089-9ef203101a75",
      "resource": {
        "id": "6aa960f8-3d13-446b-9089-9ef203101a75",
        "meta": {
          "profile": [
            "http://standardhealthrecord.org/fhir/StructureDefinition/shr-observation-Observation",
            "http://standardhealthrecord.org/fhir/StructureDefinition/shr-vital-VitalSign",
            "http://standardhealthrecord.org/fhir/StructureDefinition/shr-vital-BodyWeight"
          ]
        },
        "status": "final",
        "category": [
          {
            "coding": [
              {
                "system": "http://hl7.org/fhir/observation-category",
                "code": "vital-signs"
              }
            ]
          }
        ],
        "code": {
          "coding": [
            {
              "system": "http://loinc.org",
              "code": "29463-7",
              "display": "Body Weight"
            }
          ],
          "text": "Body Weight"
        },
        "subject": {
          "reference": "urn:uuid:f392159e-2585-448d-b2d2-8550341320b5"
        },
        "context": {
          "reference": "urn:uuid:dc25fed9-e8d0-4471-aefd-f1c5a35cb006"
        },
        "effectiveDateTime": "2016-07-06T14:32:59-04:00",
        "issued": "2016-07-06T14:32:59-04:00",
        "valueQuantity": {
          "value": 97.88245270322865,
          "unit": "kg",
          "system": "http://unitsofmeasure.org/",
          "code": "kg"
        },
        "resourceType": "Observation"
      }
    },
    {
      "fullUrl": "urn:uuid:3fc78369-de37-4df4-9ebb-a87b90b69015",
      "resource": {
        "id": "3fc78369-de37-4df4-9ebb-a87b90b69015",
        "meta": {
          "profile": [
            "http://standardhealthrecord.org/fhir/StructureDefinition/shr-observation-Observation",
            "http://standardhealthrecord.org/fhir/StructureDefinition/shr-vital-VitalSign",
            "http://standardhealthrecord.org/fhir/StructureDefinition/shr-vital-BodyMassIndex"
          ]
        },
        "status": "final",
        "category": [
          {
            "coding": [
              {
                "system": "http://hl7.org/fhir/observation-category",
                "code": "vital-signs"
              }
            ]
          }
        ],
        "code": {
          "coding": [
            {
              "system": "http://loinc.org",
              "code": "39156-5",
              "display": "Body Mass Index"
            }
          ],
          "text": "Body Mass Index"
        },
        "subject": {
          "reference": "urn:uuid:f392159e-2585-448d-b2d2-8550341320b5"
        },
        "context": {
          "reference": "urn:uuid:dc25fed9-e8d0-4471-aefd-f1c5a35cb006"
        },
        "effectiveDateTime": "2016-07-06T14:32:59-04:00",
        "issued": "2016-07-06T14:32:59-04:00",
        "valueQuantity": {
          "value": 39.2575864946863,
          "unit": "kg/m2",
          "system": "http://unitsofmeasure.org/",
          "code": "kg/m2"
        },
        "resourceType": "Observation"
      }
    },
    {
      "fullUrl": "urn:uuid:310ff068-6b59-448a-9af3-11d80b4560c0",
      "resource": {
        "id": "310ff068-6b59-448a-9af3-11d80b4560c0",
        "meta": {
          "profile": [
            "http://standardhealthrecord.org/fhir/StructureDefinition/shr-observation-Observation",
            "http://standardhealthrecord.org/fhir/StructureDefinition/shr-vital-BloodPressure"
          ]
        },
        "status": "final",
        "category": [
          {
            "coding": [
              {
                "system": "http://hl7.org/fhir/observation-category",
                "code": "vital-signs"
              }
            ]
          }
        ],
        "code": {
          "coding": [
            {
              "system": "http://loinc.org",
              "code": "55284-4",
              "display": "Blood Pressure"
            }
          ]
        },
        "subject": {
          "reference": "urn:uuid:f392159e-2585-448d-b2d2-8550341320b5"
        },
        "context": {
          "reference": "urn:uuid:dc25fed9-e8d0-4471-aefd-f1c5a35cb006"
        },
        "effectiveDateTime": "2016-07-06T14:32:59-04:00",
        "issued": "2016-07-06T14:32:59-04:00",
        "component": [
          {
            "code": {
              "coding": [
                {
                  "system": "http://loinc.org",
                  "code": "8480-6",
                  "display": "Systolic Blood Pressure"
                }
              ],
              "text": "Systolic Blood Pressure"
            },
            "valueQuantity": {
              "value": 112,
              "unit": "mmHg",
              "system": "http://unitsofmeasure.org/",
              "code": "mmHg"
            }
          },
          {
            "code": {
              "coding": [
                {
                  "system": "http://loinc.org",
                  "code": "8462-4",
                  "display": "Diastolic Blood Pressure"
                }
              ],
              "text": "Diastolic Blood Pressure"
            },
            "valueQuantity": {
              "value": 86,
              "unit": "mmHg",
              "system": "http://unitsofmeasure.org/",
              "code": "mmHg"
            }
          }
        ],
        "resourceType": "Observation"
      }
    },
    {
      "fullUrl": "urn:uuid:741d1b43-b89a-45bc-98cb-da6c6be7939f",
      "resource": {
        "id": "741d1b43-b89a-45bc-98cb-da6c6be7939f",
        "meta": {
          "profile": [
            "http://standardhealthrecord.org/fhir/StructureDefinition/shr-observation-Observation"
          ]
        },
        "status": "final",
        "category": [
          {
            "coding": [
              {
                "system": "http://hl7.org/fhir/observation-category",
                "code": "laboratory"
              }
            ]
          }
        ],
        "code": {
          "coding": [
            {
              "system": "http://loinc.org",
              "code": "2093-3",
              "display": "Total Cholesterol"
            }
          ],
          "text": "Total Cholesterol"
        },
        "subject": {
          "reference": "urn:uuid:f392159e-2585-448d-b2d2-8550341320b5"
        },
        "context": {
          "reference": "urn:uuid:dc25fed9-e8d0-4471-aefd-f1c5a35cb006"
        },
        "effectiveDateTime": "2016-07-06T14:32:59-04:00",
        "issued": "2016-07-06T14:32:59-04:00",
        "valueQuantity": {
          "value": 179,
          "unit": "mg/dL",
          "system": "http://unitsofmeasure.org/",
          "code": "mg/dL"
        },
        "resourceType": "Observation"
      }
    },
    {
      "fullUrl": "urn:uuid:551b15d4-9ad0-4209-b9b6-060cca94c6d2",
      "resource": {
        "id": "551b15d4-9ad0-4209-b9b6-060cca94c6d2",
        "meta": {
          "profile": [
            "http://standardhealthrecord.org/fhir/StructureDefinition/shr-observation-Observation"
          ]
        },
        "status": "final",
        "category": [
          {
            "coding": [
              {
                "system": "http://hl7.org/fhir/observation-category",
                "code": "laboratory"
              }
            ]
          }
        ],
        "code": {
          "coding": [
            {
              "system": "http://loinc.org",
              "code": "2571-8",
              "display": "Triglycerides"
            }
          ],
          "text": "Triglycerides"
        },
        "subject": {
          "reference": "urn:uuid:f392159e-2585-448d-b2d2-8550341320b5"
        },
        "context": {
          "reference": "urn:uuid:dc25fed9-e8d0-4471-aefd-f1c5a35cb006"
        },
        "effectiveDateTime": "2016-07-06T14:32:59-04:00",
        "issued": "2016-07-06T14:32:59-04:00",
        "valueQuantity": {
          "value": 119,
          "unit": "mg/dL",
          "system": "http://unitsofmeasure.org/",
          "code": "mg/dL"
        },
        "resourceType": "Observation"
      }
    },
    {
      "fullUrl": "urn:uuid:8bc3bcb0-0587-4ecf-b65d-849cf8b804e9",
      "resource": {
        "id": "8bc3bcb0-0587-4ecf-b65d-849cf8b804e9",
        "meta": {
          "profile": [
            "http://standardhealthrecord.org/fhir/StructureDefinition/shr-observation-Observation"
          ]
        },
        "status": "final",
        "category": [
          {
            "coding": [
              {
                "system": "http://hl7.org/fhir/observation-category",
                "code": "laboratory"
              }
            ]
          }
        ],
        "code": {
          "coding": [
            {
              "system": "http://loinc.org",
              "code": "18262-6",
              "display": "Low Density Lipoprotein Cholesterol"
            }
          ],
          "text": "Low Density Lipoprotein Cholesterol"
        },
        "subject": {
          "reference": "urn:uuid:f392159e-2585-448d-b2d2-8550341320b5"
        },
        "context": {
          "reference": "urn:uuid:dc25fed9-e8d0-4471-aefd-f1c5a35cb006"
        },
        "effectiveDateTime": "2016-07-06T14:32:59-04:00",
        "issued": "2016-07-06T14:32:59-04:00",
        "valueQuantity": {
          "value": 84,
          "unit": "mg/dL",
          "system": "http://unitsofmeasure.org/",
          "code": "mg/dL"
        },
        "resourceType": "Observation"
      }
    },
    {
      "fullUrl": "urn:uuid:db04a417-35cd-4283-8da6-81b90c93cb76",
      "resource": {
        "id": "db04a417-35cd-4283-8da6-81b90c93cb76",
        "meta": {
          "profile": [
            "http://standardhealthrecord.org/fhir/StructureDefinition/shr-observation-Observation"
          ]
        },
        "status": "final",
        "category": [
          {
            "coding": [
              {
                "system": "http://hl7.org/fhir/observation-category",
                "code": "laboratory"
              }
            ]
          }
        ],
        "code": {
          "coding": [
            {
              "system": "http://loinc.org",
              "code": "2085-9",
              "display": "High Density Lipoprotein Cholesterol"
            }
          ],
          "text": "High Density Lipoprotein Cholesterol"
        },
        "subject": {
          "reference": "urn:uuid:f392159e-2585-448d-b2d2-8550341320b5"
        },
        "context": {
          "reference": "urn:uuid:dc25fed9-e8d0-4471-aefd-f1c5a35cb006"
        },
        "effectiveDateTime": "2016-07-06T14:32:59-04:00",
        "issued": "2016-07-06T14:32:59-04:00",
        "valueQuantity": {
          "value": 71,
          "unit": "mg/dL",
          "system": "http://unitsofmeasure.org/",
          "code": "mg/dL"
        },
        "resourceType": "Observation"
      }
    },
    {
      "fullUrl": "urn:uuid:afab7946-29cb-403e-b211-97f2e8778b2c",
      "resource": {
        "id": "afab7946-29cb-403e-b211-97f2e8778b2c",
        "meta": {
          "profile": [
            "http://standardhealthrecord.org/fhir/StructureDefinition/shr-observation-Panel"
          ]
        },
        "status": "final",
        "code": {
          "coding": [
            {
              "system": "http://loinc.org",
              "code": "57698-3",
              "display": "Lipid Panel"
            }
          ]
        },
        "subject": {
          "reference": "urn:uuid:f392159e-2585-448d-b2d2-8550341320b5"
        },
        "context": {
          "reference": "urn:uuid:dc25fed9-e8d0-4471-aefd-f1c5a35cb006"
        },
        "effectiveDateTime": "2016-07-06T14:32:59-04:00",
        "issued": "2016-07-06T14:32:59-04:00",
        "result": [
          {
            "reference": "urn:uuid:741d1b43-b89a-45bc-98cb-da6c6be7939f",
            "display": "Total Cholesterol"
          },
          {
            "reference": "urn:uuid:551b15d4-9ad0-4209-b9b6-060cca94c6d2",
            "display": "Triglycerides"
          },
          {
            "reference": "urn:uuid:8bc3bcb0-0587-4ecf-b65d-849cf8b804e9",
            "display": "Low Density Lipoprotein Cholesterol"
          },
          {
            "reference": "urn:uuid:db04a417-35cd-4283-8da6-81b90c93cb76",
            "display": "High Density Lipoprotein Cholesterol"
          }
        ],
        "resourceType": "DiagnosticReport"
      }
    },
    {
      "resource": {
        "meta": {
          "profile": [
            "http://standardhealthrecord.org/fhir/StructureDefinition/shr-immunization-Immunization"
          ]
        },
        "status": "completed",
        "notGiven": false,
        "vaccineCode": {
          "coding": [
            {
              "system": "http://hl7.org/fhir/sid/cvx",
              "code": "140",
              "display": "Influenza, seasonal, injectable, preservative free"
            }
          ],
          "text": "Influenza, seasonal, injectable, preservative free"
        },
        "patient": {
          "reference": "urn:uuid:f392159e-2585-448d-b2d2-8550341320b5"
        },
        "encounter": {
          "reference": "urn:uuid:dc25fed9-e8d0-4471-aefd-f1c5a35cb006"
        },
        "date": "2016-07-06T14:32:59-04:00",
        "primarySource": true,
        "resourceType": "Immunization"
      }
    },
    {
      "fullUrl": "urn:uuid:9a567be0-b14e-4150-aec3-3b2d82f561e3",
      "resource": {
        "id": "9a567be0-b14e-4150-aec3-3b2d82f561e3",
        "meta": {
          "profile": [
            "http://standardhealthrecord.org/fhir/StructureDefinition/shr-observation-Observation"
          ]
        },
        "status": "final",
        "category": [
          {
            "coding": [
              {
                "system": "http://hl7.org/fhir/observation-category",
                "code": "survey"
              }
            ]
          }
        ],
        "code": {
          "coding": [
            {
              "system": "http://snomed.info/sct",
              "code": "273724008",
              "display": "Quality adjusted life years"
            }
          ],
          "text": "Quality adjusted life years"
        },
        "subject": {
          "reference": "urn:uuid:f392159e-2585-448d-b2d2-8550341320b5"
        },
        "effectiveDateTime": "2017-10-31T16:09:28-04:00",
        "issued": "2017-10-31T16:09:28-04:00",
        "valueQuantity": {
          "value": 45.988378692538504,
          "unit": "years",
          "system": "http://unitsofmeasure.org/",
          "code": "years"
        },
        "resourceType": "Observation"
      }
    },
    {
      "fullUrl": "urn:uuid:d108841c-6d83-45ee-800d-42575c1c6d45",
      "resource": {
        "id": "d108841c-6d83-45ee-800d-42575c1c6d45",
        "meta": {
          "profile": [
            "http://standardhealthrecord.org/fhir/StructureDefinition/shr-observation-Observation"
          ]
        },
        "status": "final",
        "category": [
          {
            "coding": [
              {
                "system": "http://hl7.org/fhir/observation-category",
                "code": "survey"
              }
            ]
          }
        ],
        "code": {
          "coding": [
            {
              "system": "http://snomed.info/sct",
              "code": "273421001",
              "display": "Disability rating scale"
            }
          ],
          "text": "Disability rating scale"
        },
        "subject": {
          "reference": "urn:uuid:f392159e-2585-448d-b2d2-8550341320b5"
        },
        "effectiveDateTime": "2017-10-31T16:09:28-04:00",
        "issued": "2017-10-31T16:09:28-04:00",
        "valueQuantity": {
          "value": 0.011621307461495516,
          "unit": "years",
          "system": "http://unitsofmeasure.org/",
          "code": "years"
        },
        "resourceType": "Observation"
      }
    }
  ],
  "resourceType": "Bundle"
}