{
  "type": "collection",
  "entry": [
    {
      "fullUrl": "urn:uuid:cc462b16-120b-46e6-871b-23f40a85ea2a",
      "resource": {
        "id": "cc462b16-120b-46e6-871b-23f40a85ea2a",
        "meta": {
          "profile": [
            "http://standardhealthrecord.org/fhir/StructureDefinition/shr-actor-Organization"
          ]
        },
        "type": [
          {
            "coding": [
              {
                "system": "http://hl7.org/fhir/organization-type",
                "code": "prov",
                "display": "Healthcare Provider"
              }
            ],
            "text": "Healthcare Provider"
          }
        ],
        "name": "MOUNT AUBURN HOSPITAL",
        "resourceType": "Organization"
      }
    },
    {
      "fullUrl": "urn:uuid:fca744f8-c824-489e-9522-815480b3c3ad",
      "resource": {
        "id": "fca744f8-c824-489e-9522-815480b3c3ad",
        "meta": {
          "profile": [
            "http://standardhealthrecord.org/fhir/StructureDefinition/shr-demographics-PersonOfRecord"
          ]
        },
        "text": {
          "status": "generated",
          "div": "<div xmlns=\"http://www.w3.org/1999/xhtml\">Generated by <a href=\"https://github.com/synthetichealth/synthea\">Synthea</a>. Version identifier: 368ac389f34cd3ce3986aa3a0a08e467bf574db3</div>"
        },
        "extension": [
          {
            "url": "http://hl7.org/fhir/us/core/StructureDefinition/us-core-race",
            "valueCodeableConcept": {
              "coding": [
                {
                  "system": "http://hl7.org/fhir/v3/Race",
                  "code": "2106-3",
                  "display": "White"
                }
              ],
              "text": "race"
            }
          },
          {
            "url": "http://hl7.org/fhir/us/core/StructureDefinition/us-core-ethnicity",
            "valueCodeableConcept": {
              "coding": [
                {
                  "system": "http://hl7.org/fhir/v3/Ethnicity",
                  "code": "2186-5",
                  "display": "Nonhispanic"
                }
              ],
              "text": "ethnicity"
            }
          },
          {
            "url": "http://hl7.org/fhir/StructureDefinition/birthPlace",
            "valueAddress": {
              "city": "Sturbridge",
              "state": "MA",
              "country": "US"
            }
          },
          {
            "url": "http://hl7.org/fhir/StructureDefinition/patient-mothersMaidenName",
            "valueString": "Honey437 Cassin621"
          },
          {
            "url": "http://hl7.org/fhir/us/core/StructureDefinition/us-core-birthsex",
            "valueCode": "M"
          },
          {
            "url": "http://hl7.org/fhir/StructureDefinition/patient-interpreterRequired",
            "valueBoolean": false
          },
          {
            "url": "http://standardhealthrecord.org/fhir/StructureDefinition/shr-actor-FictionalPerson-extension",
            "valueBoolean": true
          },
          {
            "url": "http://standardhealthrecord.org/fhir/StructureDefinition/shr-demographics-FathersName-extension",
            "valueHumanName": {
              "text": "Wes282 Beahan635"
            }
          },
          {
            "url": "http://standardhealthrecord.org/fhir/StructureDefinition/shr-demographics-SocialSecurityNumber-extension",
            "valueString": "999-77-4398"
          }
        ],
        "identifier": [
          {
            "system": "https://github.com/synthetichealth/synthea",
            "value": "8ec47592-5d28-4bb6-b39c-c37cce0610df"
          },
          {
            "type": {
              "coding": [
                {
                  "system": "http://hl7.org/fhir/identifier-type",
                  "code": "SB"
                }
              ]
            },
            "system": "http://hl7.org/fhir/sid/us-ssn",
            "value": "999774398"
          },
          {
            "type": {
              "coding": [
                {
                  "system": "http://hl7.org/fhir/v2/0203",
                  "code": "DL"
                }
              ]
            },
            "system": "urn:oid:2.16.840.1.113883.4.3.25",
            "value": "S99985834"
          },
          {
            "type": {
              "coding": [
                {
                  "system": "http://hl7.org/fhir/v2/0203",
                  "code": "PPN"
                }
              ]
            },
            "system": "http://standardhealthrecord.org/fhir/StructureDefinition/passportNumber",
            "value": "X99706740X"
          },
          {
            "type": {
              "coding": [
                {
                  "system": "http://hl7.org/fhir/v2/0203",
                  "code": "MR"
                }
              ]
            },
            "system": "http://hospital.smarthealthit.org",
            "value": "8ec47592-5d28-4bb6-b39c-c37cce0610df"
          }
        ],
        "name": [
          {
            "use": "official",
            "family": "Beahan635",
            "given": [
              "Keith205"
            ],
            "prefix": [
              "Mr."
            ]
          }
        ],
        "telecom": [
          {
            "system": "phone",
            "value": "1-745-862-0000",
            "use": "home"
          }
        ],
        "gender": "male",
        "birthDate": "1917-04-07",
        "deceasedDateTime": "1969-05-23T00:45:12-04:00",
        "address": [
          {
            "extension": [
              {
                "extension": [
                  {
                    "url": "latitude",
                    "valueDecimal": 42.36626125910189
                  },
                  {
                    "url": "longitude",
                    "valueDecimal": -71.13835150475894
                  }
                ],
                "url": "http://hl7.org/fhir/StructureDefinition/geolocation"
              }
            ],
            "line": [
              "432 Dereck Lock",
              "Suite 746"
            ],
            "city": "Cambridge",
            "state": "MA",
            "postalCode": "02139",
            "country": "US"
          }
        ],
        "maritalStatus": {
          "coding": [
            {
              "system": "http://hl7.org/fhir/v3/MaritalStatus",
              "code": "M"
            }
          ],
          "text": "M"
        },
        "multipleBirthBoolean": false,
        "communication": [
          {
            "language": {
              "coding": [
                {
                  "system": "http://hl7.org/fhir/ValueSet/languages",
                  "code": "en-US",
                  "display": "English (United States)"
                }
              ]
            }
          }
        ],
        "generalPractitioner": [
          {
            "reference": "urn:uuid:cc462b16-120b-46e6-871b-23f40a85ea2a"
          }
        ],
        "resourceType": "Patient"
      }
    },
    {
      "fullUrl": "urn:uuid:7fa2807f-453d-4701-a23f-7d0338a28705",
      "resource": {
        "id": "7fa2807f-453d-4701-a23f-7d0338a28705",
        "meta": {
          "profile": [
            "http://standardhealthrecord.org/fhir/StructureDefinition/shr-encounter-Encounter"
          ]
        },
        "status": "finished",
        "class": {
          "code": "ambulatory"
        },
        "type": [
          {
            "coding": [
              {
                "system": "http://snomed.info/sct",
                "code": "308646001"
              }
            ],
            "text": "Death Certification"
          }
        ],
        "subject": {
          "reference": "urn:uuid:fca744f8-c824-489e-9522-815480b3c3ad"
        },
        "period": {
          "start": "1969-05-23T00:45:12-04:00",
          "end": "1969-05-23T01:00:12-04:00"
        },
        "serviceProvider": {
          "reference": "urn:uuid:cc462b16-120b-46e6-871b-23f40a85ea2a"
        },
        "resourceType": "Encounter"
      }
    },
    {
      "fullUrl": "urn:uuid:ce1efc12-2e33-476b-87cf-45f929ba25ed",
      "resource": {
        "id": "ce1efc12-2e33-476b-87cf-45f929ba25ed",
        "status": "active",
        "use": "complete",
        "patient": {
          "reference": "urn:uuid:fca744f8-c824-489e-9522-815480b3c3ad"
        },
        "billablePeriod": {
          "start": "1969-05-23T00:45:12-04:00",
          "end": "1969-05-23T01:00:12-04:00"
        },
        "organization": {
          "reference": {
            "reference": "urn:uuid:cc462b16-120b-46e6-871b-23f40a85ea2a"
          }
        },
        "diagnosis": [
          {
            "sequence": 1,
            "diagnosisReference": {
              "reference": "urn:uuid:ce591c8f-5955-4492-9456-55275ebb17c5"
            }
          },
          {
            "sequence": 2,
            "diagnosisReference": {
              "reference": "urn:uuid:2aec464e-4fe6-4db9-a67c-da865e016a5a"
            }
          },
          {
            "sequence": 3,
            "diagnosisReference": {
              "reference": "urn:uuid:1dd3188a-a7e2-4f86-b628-da9aa4f71c8b"
            }
          },
          {
            "sequence": 4,
            "diagnosisReference": {
              "reference": "urn:uuid:62474f6d-d5ba-4a2c-a0fe-6c91b9a1200f"
            }
          },
          {
            "sequence": 5,
            "diagnosisReference": {
              "reference": "urn:uuid:2e01643b-dd00-4af2-ac05-d049c4466efb"
            }
          }
        ],
        "item": [
          {
            "sequence": 1,
            "net": {
              "value": 125.0,
              "system": "urn:iso:std:iso:4217",
              "code": "USD"
            },
            "encounter": [
              {
                "reference": {
                  "fullUrl": "urn:uuid:7fa2807f-453d-4701-a23f-7d0338a28705",
                  "resource": {
                    "id": "7fa2807f-453d-4701-a23f-7d0338a28705",
                    "meta": {
                      "profile": [
                        "http://standardhealthrecord.org/fhir/StructureDefinition/shr-encounter-Encounter"
                      ]
                    },
                    "status": "finished",
                    "class": {
                      "code": "ambulatory"
                    },
                    "type": [
                      {
                        "coding": [
                          {
                            "system": "http://snomed.info/sct",
                            "code": "308646001"
                          }
                        ],
                        "text": "Death Certification"
                      }
                    ],
                    "subject": {
                      "reference": "urn:uuid:fca744f8-c824-489e-9522-815480b3c3ad"
                    },
                    "period": {
                      "start": "1969-05-23T00:45:12-04:00",
                      "end": "1969-05-23T01:00:12-04:00"
                    },
                    "serviceProvider": {
                      "reference": "urn:uuid:cc462b16-120b-46e6-871b-23f40a85ea2a"
                    },
                    "resourceType": "Encounter"
                  }
                }
              }
            ]
          },
          {
            "sequence": 2,
            "diagnosisLinkId": [
              1
            ],
            "net": {
              "value": 0.0,
              "system": "urn:iso:std:iso:4217",
              "code": "USD"
            }
          },
          {
            "sequence": 3,
            "diagnosisLinkId": [
              2
            ],
            "net": {
              "value": 0.0,
              "system": "urn:iso:std:iso:4217",
              "code": "USD"
            }
          },
          {
            "sequence": 4,
            "diagnosisLinkId": [
              3
            ],
            "net": {
              "value": 0.0,
              "system": "urn:iso:std:iso:4217",
              "code": "USD"
            }
          },
          {
            "sequence": 5,
            "diagnosisLinkId": [
              4
            ],
            "net": {
              "value": 0.0,
              "system": "urn:iso:std:iso:4217",
              "code": "USD"
            }
          },
          {
            "sequence": 6,
            "diagnosisLinkId": [
              5
            ],
            "net": {
              "value": 0.0,
              "system": "urn:iso:std:iso:4217",
              "code": "USD"
            }
          }
        ],
        "total": {
          "value": 125.0,
          "system": "urn:iso:std:iso:4217",
          "code": "USD"
        },
        "resourceType": "Claim"
      }
    },
    {
      "fullUrl": "urn:uuid:ce591c8f-5955-4492-9456-55275ebb17c5",
      "resource": {
        "id": "ce591c8f-5955-4492-9456-55275ebb17c5",
        "meta": {
          "profile": [
            "http://standardhealthrecord.org/fhir/StructureDefinition/shr-problem-Problem"
          ]
        },
        "clinicalStatus": "active",
        "verificationStatus": "confirmed",
        "code": {
          "coding": [
            {
              "system": "http://snomed.info/sct",
              "code": "38341003",
              "display": "Hypertension"
            }
          ],
          "text": "Hypertension"
        },
        "subject": {
          "reference": "urn:uuid:fca744f8-c824-489e-9522-815480b3c3ad"
        },
        "context": {
          "reference": "urn:uuid:7fa2807f-453d-4701-a23f-7d0338a28705"
        },
        "onsetDateTime": "1935-12-05T01:34:03-05:00",
        "assertedDate": "1935-12-05",
        "resourceType": "Condition"
      }
    },
    {
      "fullUrl": "urn:uuid:2aec464e-4fe6-4db9-a67c-da865e016a5a",
      "resource": {
        "id": "2aec464e-4fe6-4db9-a67c-da865e016a5a",
        "meta": {
          "profile": [
            "http://standardhealthrecord.org/fhir/StructureDefinition/shr-problem-Problem"
          ]
        },
        "clinicalStatus": "active",
        "verificationStatus": "confirmed",
        "code": {
          "coding": [
            {
              "system": "http://snomed.info/sct",
              "code": "40055000",
              "display": "Chronic sinusitis (disorder)"
            }
          ],
          "text": "Chronic sinusitis (disorder)"
        },
        "subject": {
          "reference": "urn:uuid:fca744f8-c824-489e-9522-815480b3c3ad"
        },
        "context": {
          "reference": "urn:uuid:7fa2807f-453d-4701-a23f-7d0338a28705"
        },
        "onsetDateTime": "1965-01-14T08:19:14-05:00",
        "assertedDate": "1965-01-14",
        "resourceType": "Condition"
      }
    },
    {
      "fullUrl": "urn:uuid:1dd3188a-a7e2-4f86-b628-da9aa4f71c8b",
      "resource": {
        "id": "1dd3188a-a7e2-4f86-b628-da9aa4f71c8b",
        "meta": {
          "profile": [
            "http://standardhealthrecord.org/fhir/StructureDefinition/shr-problem-Problem"
          ]
        },
        "clinicalStatus": "active",
        "verificationStatus": "confirmed",
        "code": {
          "coding": [
            {
              "system": "http://snomed.info/sct",
              "code": "162573006",
              "display": "Suspected lung cancer (situation)"
            }
          ],
          "text": "Suspected lung cancer (situation)"
        },
        "subject": {
          "reference": "urn:uuid:fca744f8-c824-489e-9522-815480b3c3ad"
        },
        "context": {
          "reference": "urn:uuid:7fa2807f-453d-4701-a23f-7d0338a28705"
        },
        "onsetDateTime": "1968-10-29T11:45:10-05:00",
        "assertedDate": "1968-10-29",
        "resourceType": "Condition"
      }
    },
    {
      "fullUrl": "urn:uuid:62474f6d-d5ba-4a2c-a0fe-6c91b9a1200f",
      "resource": {
        "id": "62474f6d-d5ba-4a2c-a0fe-6c91b9a1200f",
        "meta": {
          "profile": [
            "http://standardhealthrecord.org/fhir/StructureDefinition/shr-problem-Problem"
          ]
        },
        "clinicalStatus": "active",
        "verificationStatus": "confirmed",
        "code": {
          "coding": [
            {
              "system": "http://snomed.info/sct",
              "code": "254637007",
              "display": "Non-small cell lung cancer (disorder)"
            }
          ],
          "text": "Non-small cell lung cancer (disorder)"
        },
        "subject": {
          "reference": "urn:uuid:fca744f8-c824-489e-9522-815480b3c3ad"
        },
        "context": {
          "reference": "urn:uuid:7fa2807f-453d-4701-a23f-7d0338a28705"
        },
        "onsetDateTime": "1968-11-11T02:59:46-05:00",
        "assertedDate": "1968-11-11",
        "resourceType": "Condition"
      }
    },
    {
      "fullUrl": "urn:uuid:2e01643b-dd00-4af2-ac05-d049c4466efb",
      "resource": {
        "id": "2e01643b-dd00-4af2-ac05-d049c4466efb",
        "meta": {
          "profile": [
            "http://standardhealthrecord.org/fhir/StructureDefinition/shr-problem-Problem"
          ]
        },
        "clinicalStatus": "active",
        "verificationStatus": "confirmed",
        "code": {
          "coding": [
            {
              "system": "http://snomed.info/sct",
              "code": "423121009",
              "display": "Non-small cell carcinoma of lung, TNM stage 4 (disorder)"
            }
          ],
          "text": "Non-small cell carcinoma of lung, TNM stage 4 (disorder)"
        },
        "subject": {
          "reference": "urn:uuid:fca744f8-c824-489e-9522-815480b3c3ad"
        },
        "context": {
          "reference": "urn:uuid:7fa2807f-453d-4701-a23f-7d0338a28705"
        },
        "onsetDateTime": "1968-11-12T07:06:41-05:00",
        "assertedDate": "1968-11-12",
        "resourceType": "Condition"
      }
    },
    {
      "fullUrl": "urn:uuid:72244b90-c162-4072-8019-3fb2bd5e7280",
      "resource": {
        "id": "72244b90-c162-4072-8019-3fb2bd5e7280",
        "meta": {
          "profile": [
            "http://standardhealthrecord.org/fhir/StructureDefinition/shr-observation-Observation"
          ]
        },
        "status": "final",
        "category": [
          {
            "coding": [
              {
                "system": "http://hl7.org/fhir/observation-category"
              }
            ]
          }
        ],
        "code": {
          "coding": [
            {
              "system": "http://loinc.org",
              "code": "69453-9",
              "display": "Cause of Death [US Standard Certificate of Death]"
            }
          ],
          "text": "Cause of Death [US Standard Certificate of Death]"
        },
        "subject": {
          "reference": "urn:uuid:fca744f8-c824-489e-9522-815480b3c3ad"
        },
        "context": {
          "reference": "urn:uuid:7fa2807f-453d-4701-a23f-7d0338a28705"
        },
        "effectiveDateTime": "1969-05-23T00:45:12-04:00",
        "issued": "1969-05-23T00:45:12-04:00",
        "valueCodeableConcept": {
          "coding": [
            {
              "system": "http://snomed.info/sct",
              "code": "254637007",
              "display": "Non-small cell lung cancer (disorder)"
            }
          ],
          "text": "Non-small cell lung cancer (disorder)"
        },
        "resourceType": "Observation"
      }
    },
    {
      "fullUrl": "urn:uuid:82bf29e9-ab49-4eaf-8b83-3374f7db6e0b",
      "resource": {
        "id": "82bf29e9-ab49-4eaf-8b83-3374f7db6e0b",
        "meta": {
          "profile": [
            "http://standardhealthrecord.org/fhir/StructureDefinition/shr-observation-Panel"
          ]
        },
        "status": "final",
        "code": {
          "coding": [
            {
              "system": "http://loinc.org",
              "code": "69409-1",
              "display": "U.S. standard certificate of death - 2003 revision"
            }
          ]
        },
        "subject": {
          "reference": "urn:uuid:fca744f8-c824-489e-9522-815480b3c3ad"
        },
        "context": {
          "reference": "urn:uuid:7fa2807f-453d-4701-a23f-7d0338a28705"
        },
        "effectiveDateTime": "1969-05-23T00:45:12-04:00",
        "issued": "1969-05-23T00:45:12-04:00",
        "result": [
          {
            "reference": "urn:uuid:72244b90-c162-4072-8019-3fb2bd5e7280",
            "display": "Cause of Death [US Standard Certificate of Death]"
          }
        ],
        "resourceType": "DiagnosticReport"
      }
    },
    {
      "resource": {
        "status": "active",
        "intent": "order",
        "category": [
          {
            "coding": [
              {
                "system": "http://snomed.info/sct",
                "code": "182964004",
                "display": "Terminal care"
              }
            ]
          }
        ],
        "subject": {
          "reference": "urn:uuid:fca744f8-c824-489e-9522-815480b3c3ad"
        },
        "context": {
          "reference": "urn:uuid:7fa2807f-453d-4701-a23f-7d0338a28705"
        },
        "period": {
          "start": "1968-11-12"
        },
        "addresses": [
          {
            "reference": "urn:uuid:2e01643b-dd00-4af2-ac05-d049c4466efb"
          }
        ],
        "activity": [
          {
            "detail": {
              "code": {
                "coding": [
                  {
                    "system": "http://snomed.info/sct",
                    "code": "133918004",
                    "display": "Comfort measures"
                  }
                ]
              },
              "status": "in-progress"
            }
          },
          {
            "detail": {
              "code": {
                "coding": [
                  {
                    "system": "http://snomed.info/sct",
                    "code": "408957008",
                    "display": "Chronic pain control management"
                  }
                ]
              },
              "status": "in-progress"
            }
          },
          {
            "detail": {
              "code": {
                "coding": [
                  {
                    "system": "http://snomed.info/sct",
                    "code": "243072006",
                    "display": "Cancer education"
                  }
                ]
              },
              "status": "in-progress"
            }
          }
        ],
        "resourceType": "CarePlan"
      }
    },
    {
      "fullUrl": "urn:uuid:0ac9c67a-f75b-437c-aecd-e2612cda75e1",
      "resource": {
        "id": "0ac9c67a-f75b-437c-aecd-e2612cda75e1",
        "meta": {
          "profile": [
            "http://standardhealthrecord.org/fhir/StructureDefinition/shr-medication-MedicationPrescription"
          ]
        },
        "extension": [
          {
            "url": "http://standardhealthrecord.org/fhir/StructureDefinition/shr-base-ActionCode-extension",
            "valueCodeableConcept": {
              "coding": [
                {
                  "system": "http://snomed.info/sct",
                  "code": "33633005",
                  "display": "Prescription of drug (procedure)"
                }
              ],
              "text": "Prescription of drug (procedure)"
            }
          }
        ],
        "status": "active",
        "intent": "order",
        "medicationCodeableConcept": {
          "coding": [
            {
              "system": "http://www.nlm.nih.gov/research/umls/rxnorm",
              "code": "834060",
              "display": "Penicillin V Potassium 250 MG"
            }
          ],
          "text": "Penicillin V Potassium 250 MG"
        },
        "subject": {
          "reference": "urn:uuid:fca744f8-c824-489e-9522-815480b3c3ad"
        },
        "context": {
          "reference": "urn:uuid:7fa2807f-453d-4701-a23f-7d0338a28705"
        },
        "authoredOn": "1918-04-17",
        "resourceType": "MedicationRequest"
      }
    },
    {
      "fullUrl": "urn:uuid:097879d5-928e-4776-b514-d03dab789968",
      "resource": {
        "id": "097879d5-928e-4776-b514-d03dab789968",
        "status": "active",
        "use": "complete",
        "patient": {
          "reference": "urn:uuid:fca744f8-c824-489e-9522-815480b3c3ad"
        },
        "billablePeriod": {
          "start": "1969-05-23T00:45:12-04:00",
          "end": "1969-05-23T01:00:12-04:00"
        },
        "organization": {
          "reference": {
            "reference": "urn:uuid:cc462b16-120b-46e6-871b-23f40a85ea2a"
          }
        },
        "prescription": {
          "reference": "urn:uuid:0ac9c67a-f75b-437c-aecd-e2612cda75e1"
        },
        "item": [
          {
            "sequence": 1,
            "net": {
              "value": 125.0,
              "system": "urn:iso:std:iso:4217",
              "code": "USD"
            },
            "encounter": [
              {
                "reference": {
                  "fullUrl": "urn:uuid:7fa2807f-453d-4701-a23f-7d0338a28705",
                  "resource": {
                    "id": "7fa2807f-453d-4701-a23f-7d0338a28705",
                    "meta": {
                      "profile": [
                        "http://standardhealthrecord.org/fhir/StructureDefinition/shr-encounter-Encounter"
                      ]
                    },
                    "status": "finished",
                    "class": {
                      "code": "ambulatory"
                    },
                    "type": [
                      {
                        "coding": [
                          {
                            "system": "http://snomed.info/sct",
                            "code": "308646001"
                          }
                        ],
                        "text": "Death Certification"
                      }
                    ],
                    "subject": {
                      "reference": "urn:uuid:fca744f8-c824-489e-9522-815480b3c3ad"
                    },
                    "period": {
                      "start": "1969-05-23T00:45:12-04:00",
                      "end": "1969-05-23T01:00:12-04:00"
                    },
                    "serviceProvider": {
                      "reference": "urn:uuid:cc462b16-120b-46e6-871b-23f40a85ea2a"
                    },
                    "resourceType": "Encounter"
                  }
                }
              }
            ]
          },
          {
            "sequence": 1,
            "net": {
              "value": 255.0,
              "system": "urn:iso:std:iso:4217",
              "code": "USD"
            }
          }
        ],
        "total": {
          "value": 255.0,
          "system": "urn:iso:std:iso:4217",
          "code": "USD"
        },
        "resourceType": "Claim"
      }
    },
    {
      "fullUrl": "urn:uuid:d040d0fd-84aa-439f-b96d-e0ca37acf090",
      "resource": {
        "id": "d040d0fd-84aa-439f-b96d-e0ca37acf090",
        "meta": {
          "profile": [
            "http://standardhealthrecord.org/fhir/StructureDefinition/shr-observation-Observation"
          ]
        },
        "status": "final",
        "category": [
          {
            "coding": [
              {
                "system": "http://hl7.org/fhir/observation-category",
                "code": "survey"
              }
            ]
          }
        ],
        "code": {
          "coding": [
            {
              "system": "http://snomed.info/sct",
              "code": "273724008",
              "display": "Quality adjusted life years"
            }
          ],
          "text": "Quality adjusted life years"
        },
        "subject": {
          "reference": "urn:uuid:fca744f8-c824-489e-9522-815480b3c3ad"
        },
        "effectiveDateTime": "2017-10-31T16:09:28-04:00",
        "issued": "2017-10-31T16:09:28-04:00",
        "valueQuantity": {
          "value": 51.442719981627114,
          "unit": "years",
          "system": "http://unitsofmeasure.org/",
          "code": "years"
        },
        "resourceType": "Observation"
      }
    },
    {
      "fullUrl": "urn:uuid:fc1592fc-b5d2-4485-ba11-043c71ad9e2b",
      "resource": {
        "id": "fc1592fc-b5d2-4485-ba11-043c71ad9e2b",
        "meta": {
          "profile": [
            "http://standardhealthrecord.org/fhir/StructureDefinition/shr-observation-Observation"
          ]
        },
        "status": "final",
        "category": [
          {
            "coding": [
              {
                "system": "http://hl7.org/fhir/observation-category",
                "code": "survey"
              }
            ]
          }
        ],
        "code": {
          "coding": [
            {
              "system": "http://snomed.info/sct",
              "code": "273421001",
              "display": "Disability rating scale"
            }
          ],
          "text": "Disability rating scale"
        },
        "subject": {
          "reference": "urn:uuid:fca744f8-c824-489e-9522-815480b3c3ad"
        },
        "effectiveDateTime": "2017-10-31T16:09:28-04:00",
        "issued": "2017-10-31T16:09:28-04:00",
        "valueQuantity": {
          "value": 36.34176001837288,
          "unit": "years",
          "system": "http://unitsofmeasure.org/",
          "code": "years"
        },
        "resourceType": "Observation"
      }
    }
  ],
  "resourceType": "Bundle"
}