{
  "type": "collection",
  "entry": [
    {
      "fullUrl": "urn:uuid:ff621e60-5f62-436e-8c21-4075456bdf37",
      "resource": {
        "id": "ff621e60-5f62-436e-8c21-4075456bdf37",
        "meta": {
          "profile": [
            "http://standardhealthrecord.org/fhir/StructureDefinition/shr-actor-Organization"
          ]
        },
        "type": [
          {
            "coding": [
              {
                "system": "http://hl7.org/fhir/organization-type",
                "code": "prov",
                "display": "Healthcare Provider"
              }
            ],
            "text": "Healthcare Provider"
          }
        ],
        "name": "HALLMARK HEALTH SYSTEM MELROSE-WAKE",
        "resourceType": "Organization"
      }
    },
    {
      "fullUrl": "urn:uuid:4bfbb279-5f76-479c-b277-542250d7eac8",
      "resource": {
        "id": "4bfbb279-5f76-479c-b277-542250d7eac8",
        "meta": {
          "profile": [
            "http://standardhealthrecord.org/fhir/StructureDefinition/shr-demographics-PersonOfRecord"
          ]
        },
        "text": {
          "status": "generated",
          "div": "<div xmlns=\"http://www.w3.org/1999/xhtml\">Generated by <a href=\"https://github.com/synthetichealth/synthea\">Synthea</a>. Version identifier: 368ac389f34cd3ce3986aa3a0a08e467bf574db3</div>"
        },
        "extension": [
          {
            "url": "http://hl7.org/fhir/us/core/StructureDefinition/us-core-race",
            "valueCodeableConcept": {
              "coding": [
                {
                  "system": "http://hl7.org/fhir/v3/Race",
                  "code": "2106-3",
                  "display": "White"
                }
              ],
              "text": "race"
            }
          },
          {
            "url": "http://hl7.org/fhir/us/core/StructureDefinition/us-core-ethnicity",
            "valueCodeableConcept": {
              "coding": [
                {
                  "system": "http://hl7.org/fhir/v3/Ethnicity",
                  "code": "2186-5",
                  "display": "Nonhispanic"
                }
              ],
              "text": "ethnicity"
            }
          },
          {
            "url": "http://hl7.org/fhir/StructureDefinition/birthPlace",
            "valueAddress": {
              "city": "Bourne",
              "state": "MA",
              "country": "US"
            }
          },
          {
            "url": "http://hl7.org/fhir/StructureDefinition/patient-mothersMaidenName",
            "valueString": "Chery259 Cassin621"
          },
          {
            "url": "http://hl7.org/fhir/us/core/StructureDefinition/us-core-birthsex",
            "valueCode": "M"
          },
          {
            "url": "http://hl7.org/fhir/StructureDefinition/patient-interpreterRequired",
            "valueBoolean": false
          },
          {
            "url": "http://standardhealthrecord.org/fhir/StructureDefinition/shr-actor-FictionalPerson-extension",
            "valueBoolean": true
          },
          {
            "url": "http://standardhealthrecord.org/fhir/StructureDefinition/shr-demographics-FathersName-extension",
            "valueHumanName": {
              "text": "Cleo967 Bechtelar628"
            }
          },
          {
            "url": "http://standardhealthrecord.org/fhir/StructureDefinition/shr-demographics-SocialSecurityNumber-extension",
            "valueString": "999-20-3592"
          }
        ],
        "identifier": [
          {
            "system": "https://github.com/synthetichealth/synthea",
            "value": "878d6176-d36c-42c3-84b4-4ea8850fb7a0"
          },
          {
            "type": {
              "coding": [
                {
                  "system": "http://hl7.org/fhir/identifier-type",
                  "code": "SB"
                }
              ]
            },
            "system": "http://hl7.org/fhir/sid/us-ssn",
            "value": "999203592"
          },
          {
            "type": {
              "coding": [
                {
                  "system": "http://hl7.org/fhir/v2/0203",
                  "code": "DL"
                }
              ]
            },
            "system": "urn:oid:2.16.840.1.113883.4.3.25",
            "value": "S99967156"
          },
          {
            "type": {
              "coding": [
                {
                  "system": "http://hl7.org/fhir/v2/0203",
                  "code": "MR"
                }
              ]
            },
            "system": "http://hospital.smarthealthit.org",
            "value": "878d6176-d36c-42c3-84b4-4ea8850fb7a0"
          }
        ],
        "name": [
          {
            "use": "official",
            "family": "Bechtelar628",
            "given": [
              "Raleigh417"
            ],
            "prefix": [
              "Mr."
            ]
          }
        ],
        "telecom": [
          {
            "system": "phone",
            "value": "291-161-1842 x65426",
            "use": "home"
          }
        ],
        "gender": "male",
        "birthDate": "1929-07-30",
        "deceasedDateTime": "1982-09-07T16:54:14-04:00",
        "address": [
          {
            "extension": [
              {
                "extension": [
                  {
                    "url": "latitude",
                    "valueDecimal": 42.44490498241309
                  },
                  {
                    "url": "longitude",
                    "valueDecimal": -71.03415136740615
                  }
                ],
                "url": "http://hl7.org/fhir/StructureDefinition/geolocation"
              }
            ],
            "line": [
              "12763 Marks Common"
            ],
            "city": "Melrose",
            "state": "MA",
            "postalCode": "02176",
            "country": "US"
          }
        ],
        "maritalStatus": {
          "coding": [
            {
              "system": "http://hl7.org/fhir/v3/MaritalStatus",
              "code": "S"
            }
          ],
          "text": "S"
        },
        "multipleBirthBoolean": false,
        "communication": [
          {
            "language": {
              "coding": [
                {
                  "system": "http://hl7.org/fhir/ValueSet/languages",
                  "code": "en-US",
                  "display": "English (United States)"
                }
              ]
            }
          }
        ],
        "generalPractitioner": [
          {
            "reference": "urn:uuid:ff621e60-5f62-436e-8c21-4075456bdf37"
          }
        ],
        "resourceType": "Patient"
      }
    },
    {
      "fullUrl": "urn:uuid:c1a72c28-27a2-4be5-8d63-e4ff4abc69f0",
      "resource": {
        "id": "c1a72c28-27a2-4be5-8d63-e4ff4abc69f0",
        "meta": {
          "profile": [
            "http://standardhealthrecord.org/fhir/StructureDefinition/shr-encounter-Encounter"
          ]
        },
        "status": "finished",
        "class": {
          "code": "ambulatory"
        },
        "type": [
          {
            "coding": [
              {
                "system": "http://snomed.info/sct",
                "code": "308646001"
              }
            ],
            "text": "Death Certification"
          }
        ],
        "subject": {
          "reference": "urn:uuid:4bfbb279-5f76-479c-b277-542250d7eac8"
        },
        "period": {
          "start": "1982-09-07T16:54:14-04:00",
          "end": "1982-09-07T17:09:14-04:00"
        },
        "serviceProvider": {
          "reference": "urn:uuid:ff621e60-5f62-436e-8c21-4075456bdf37"
        },
        "resourceType": "Encounter"
      }
    },
    {
      "fullUrl": "urn:uuid:49ef8cc5-35d2-4e8c-b8c2-590cab483554",
      "resource": {
        "id": "49ef8cc5-35d2-4e8c-b8c2-590cab483554",
        "status": "active",
        "use": "complete",
        "patient": {
          "reference": "urn:uuid:4bfbb279-5f76-479c-b277-542250d7eac8"
        },
        "billablePeriod": {
          "start": "1982-09-07T16:54:14-04:00",
          "end": "1982-09-07T17:09:14-04:00"
        },
        "organization": {
          "reference": {
            "reference": "urn:uuid:ff621e60-5f62-436e-8c21-4075456bdf37"
          }
        },
        "diagnosis": [
          {
            "sequence": 1,
            "diagnosisReference": {
              "reference": "urn:uuid:8985c59d-f3fb-4ad1-bad9-8c49acda0456"
            }
          }
        ],
        "item": [
          {
            "sequence": 1,
            "net": {
              "value": 125.0,
              "system": "urn:iso:std:iso:4217",
              "code": "USD"
            },
            "encounter": [
              {
                "reference": {
                  "fullUrl": "urn:uuid:c1a72c28-27a2-4be5-8d63-e4ff4abc69f0",
                  "resource": {
                    "id": "c1a72c28-27a2-4be5-8d63-e4ff4abc69f0",
                    "meta": {
                      "profile": [
                        "http://standardhealthrecord.org/fhir/StructureDefinition/shr-encounter-Encounter"
                      ]
                    },
                    "status": "finished",
                    "class": {
                      "code": "ambulatory"
                    },
                    "type": [
                      {
                        "coding": [
                          {
                            "system": "http://snomed.info/sct",
                            "code": "308646001"
                          }
                        ],
                        "text": "Death Certification"
                      }
                    ],
                    "subject": {
                      "reference": "urn:uuid:4bfbb279-5f76-479c-b277-542250d7eac8"
                    },
                    "period": {
                      "start": "1982-09-07T16:54:14-04:00",
                      "end": "1982-09-07T17:09:14-04:00"
                    },
                    "serviceProvider": {
                      "reference": "urn:uuid:ff621e60-5f62-436e-8c21-4075456bdf37"
                    },
                    "resourceType": "Encounter"
                  }
                }
              }
            ]
          },
          {
            "sequence": 2,
            "diagnosisLinkId": [
              1
            ],
            "net": {
              "value": 0.0,
              "system": "urn:iso:std:iso:4217",
              "code": "USD"
            }
          }
        ],
        "total": {
          "value": 125.0,
          "system": "urn:iso:std:iso:4217",
          "code": "USD"
        },
        "resourceType": "Claim"
      }
    },
    {
      "fullUrl": "urn:uuid:8985c59d-f3fb-4ad1-bad9-8c49acda0456",
      "resource": {
        "id": "8985c59d-f3fb-4ad1-bad9-8c49acda0456",
        "meta": {
          "profile": [
            "http://standardhealthrecord.org/fhir/StructureDefinition/shr-problem-Problem"
          ]
        },
        "clinicalStatus": "active",
        "verificationStatus": "confirmed",
        "code": {
          "coding": [
            {
              "system": "http://snomed.info/sct",
              "code": "15777000",
              "display": "Prediabetes"
            }
          ],
          "text": "Prediabetes"
        },
        "subject": {
          "reference": "urn:uuid:4bfbb279-5f76-479c-b277-542250d7eac8"
        },
        "context": {
          "reference": "urn:uuid:c1a72c28-27a2-4be5-8d63-e4ff4abc69f0"
        },
        "onsetDateTime": "1959-06-25T11:58:24-04:00",
        "assertedDate": "1959-06-25",
        "resourceType": "Condition"
      }
    },
    {
      "fullUrl": "urn:uuid:0058ed50-5783-44cb-a2d0-773ee6f8e287",
      "resource": {
        "id": "0058ed50-5783-44cb-a2d0-773ee6f8e287",
        "meta": {
          "profile": [
            "http://standardhealthrecord.org/fhir/StructureDefinition/shr-observation-Observation"
          ]
        },
        "status": "final",
        "category": [
          {
            "coding": [
              {
                "system": "http://hl7.org/fhir/observation-category"
              }
            ]
          }
        ],
        "code": {
          "coding": [
            {
              "system": "http://loinc.org",
              "code": "69453-9",
              "display": "Cause of Death [US Standard Certificate of Death]"
            }
          ],
          "text": "Cause of Death [US Standard Certificate of Death]"
        },
        "subject": {
          "reference": "urn:uuid:4bfbb279-5f76-479c-b277-542250d7eac8"
        },
        "context": {
          "reference": "urn:uuid:c1a72c28-27a2-4be5-8d63-e4ff4abc69f0"
        },
        "effectiveDateTime": "1982-09-07T16:54:14-04:00",
        "issued": "1982-09-07T16:54:14-04:00",
        "valueCodeableConcept": {
          "coding": [
            {
              "system": "http://snomed.info/sct",
              "code": "9855000",
              "display": "Natural death with unknown cause"
            }
          ],
          "text": "Natural death with unknown cause"
        },
        "resourceType": "Observation"
      }
    },
    {
      "fullUrl": "urn:uuid:28b1576c-0992-44e0-af93-b9e3317d2054",
      "resource": {
        "id": "28b1576c-0992-44e0-af93-b9e3317d2054",
        "meta": {
          "profile": [
            "http://standardhealthrecord.org/fhir/StructureDefinition/shr-observation-Panel"
          ]
        },
        "status": "final",
        "code": {
          "coding": [
            {
              "system": "http://loinc.org",
              "code": "69409-1",
              "display": "U.S. standard certificate of death - 2003 revision"
            }
          ]
        },
        "subject": {
          "reference": "urn:uuid:4bfbb279-5f76-479c-b277-542250d7eac8"
        },
        "context": {
          "reference": "urn:uuid:c1a72c28-27a2-4be5-8d63-e4ff4abc69f0"
        },
        "effectiveDateTime": "1982-09-07T16:54:14-04:00",
        "issued": "1982-09-07T16:54:14-04:00",
        "result": [
          {
            "reference": "urn:uuid:0058ed50-5783-44cb-a2d0-773ee6f8e287",
            "display": "Cause of Death [US Standard Certificate of Death]"
          }
        ],
        "resourceType": "DiagnosticReport"
      }
    },
    {
      "fullUrl": "urn:uuid:fb827788-d546-41b5-a9b2-8200774c3019",
      "resource": {
        "id": "fb827788-d546-41b5-a9b2-8200774c3019",
        "status": "in-progress",
        "description": {
          "text": "Hemoglobin A1c total in Blood < 7.0"
        },
        "addresses": [
          {
            "reference": "urn:uuid:8985c59d-f3fb-4ad1-bad9-8c49acda0456"
          }
        ],
        "resourceType": "Goal"
      }
    },
    {
      "fullUrl": "urn:uuid:2321304d-5b9b-4cdf-ad01-b8533cbb0819",
      "resource": {
        "id": "2321304d-5b9b-4cdf-ad01-b8533cbb0819",
        "status": "in-progress",
        "description": {
          "text": "Glucose [Mass/volume] in Blood < 108"
        },
        "addresses": [
          {
            "reference": "urn:uuid:8985c59d-f3fb-4ad1-bad9-8c49acda0456"
          }
        ],
        "resourceType": "Goal"
      }
    },
    {
      "fullUrl": "urn:uuid:293523e7-e91f-4a7e-9e28-a1534de77591",
      "resource": {
        "id": "293523e7-e91f-4a7e-9e28-a1534de77591",
        "status": "in-progress",
        "description": {
          "text": "Maintain blood pressure below 140/90 mmHg"
        },
        "addresses": [
          {
            "reference": "urn:uuid:8985c59d-f3fb-4ad1-bad9-8c49acda0456"
          }
        ],
        "resourceType": "Goal"
      }
    },
    {
      "fullUrl": "urn:uuid:54da0921-f68d-420b-aa67-2c2ab9a92b04",
      "resource": {
        "id": "54da0921-f68d-420b-aa67-2c2ab9a92b04",
        "status": "in-progress",
        "description": {
          "text": "Improve and maintenance of optimal foot health: aim at early detection of peripheral vascular problems and neuropathy presumed due to diabetes; and prevention of diabetic foot ulcer, gangrene"
        },
        "addresses": [
          {
            "reference": "urn:uuid:8985c59d-f3fb-4ad1-bad9-8c49acda0456"
          }
        ],
        "resourceType": "Goal"
      }
    },
    {
      "fullUrl": "urn:uuid:179b071a-5cb3-481a-8a64-50b29be0c356",
      "resource": {
        "id": "179b071a-5cb3-481a-8a64-50b29be0c356",
        "status": "in-progress",
        "description": {
          "text": "Address patient knowledge deficit on diabetic self-care"
        },
        "addresses": [
          {
            "reference": "urn:uuid:8985c59d-f3fb-4ad1-bad9-8c49acda0456"
          }
        ],
        "resourceType": "Goal"
      }
    },
    {
      "resource": {
        "status": "active",
        "intent": "order",
        "category": [
          {
            "coding": [
              {
                "system": "http://snomed.info/sct",
                "code": "698360004",
                "display": "Diabetes self management plan"
              }
            ]
          }
        ],
        "subject": {
          "reference": "urn:uuid:4bfbb279-5f76-479c-b277-542250d7eac8"
        },
        "context": {
          "reference": "urn:uuid:c1a72c28-27a2-4be5-8d63-e4ff4abc69f0"
        },
        "period": {
          "start": "1959-06-25"
        },
        "addresses": [
          {
            "reference": "urn:uuid:8985c59d-f3fb-4ad1-bad9-8c49acda0456"
          }
        ],
        "goal": [
          {
            "reference": "urn:uuid:fb827788-d546-41b5-a9b2-8200774c3019"
          },
          {
            "reference": "urn:uuid:2321304d-5b9b-4cdf-ad01-b8533cbb0819"
          },
          {
            "reference": "urn:uuid:293523e7-e91f-4a7e-9e28-a1534de77591"
          },
          {
            "reference": "urn:uuid:54da0921-f68d-420b-aa67-2c2ab9a92b04"
          },
          {
            "reference": "urn:uuid:179b071a-5cb3-481a-8a64-50b29be0c356"
          }
        ],
        "activity": [
          {
            "detail": {
              "code": {
                "coding": [
                  {
                    "system": "http://snomed.info/sct",
                    "code": "160670007",
                    "display": "Diabetic diet"
                  }
                ]
              },
              "status": "in-progress"
            }
          },
          {
            "detail": {
              "code": {
                "coding": [
                  {
                    "system": "http://snomed.info/sct",
                    "code": "229065009",
                    "display": "Exercise therapy"
                  }
                ]
              },
              "status": "in-progress"
            }
          }
        ],
        "resourceType": "CarePlan"
      }
    },
    {
      "fullUrl": "urn:uuid:914501e4-3c45-4e77-b031-7a143927f830",
      "resource": {
        "id": "914501e4-3c45-4e77-b031-7a143927f830",
        "meta": {
          "profile": [
            "http://standardhealthrecord.org/fhir/StructureDefinition/shr-medication-MedicationPrescription"
          ]
        },
        "extension": [
          {
            "url": "http://standardhealthrecord.org/fhir/StructureDefinition/shr-base-ActionCode-extension",
            "valueCodeableConcept": {
              "coding": [
                {
                  "system": "http://snomed.info/sct",
                  "code": "33633005",
                  "display": "Prescription of drug (procedure)"
                }
              ],
              "text": "Prescription of drug (procedure)"
            }
          }
        ],
        "status": "active",
        "intent": "order",
        "medicationCodeableConcept": {
          "coding": [
            {
              "system": "http://www.nlm.nih.gov/research/umls/rxnorm",
              "code": "834060",
              "display": "Penicillin V Potassium 250 MG"
            }
          ],
          "text": "Penicillin V Potassium 250 MG"
        },
        "subject": {
          "reference": "urn:uuid:4bfbb279-5f76-479c-b277-542250d7eac8"
        },
        "context": {
          "reference": "urn:uuid:c1a72c28-27a2-4be5-8d63-e4ff4abc69f0"
        },
        "authoredOn": "1940-10-04",
        "resourceType": "MedicationRequest"
      }
    },
    {
      "fullUrl": "urn:uuid:9c58b073-e6d6-460a-bd3e-efb52b15de58",
      "resource": {
        "id": "9c58b073-e6d6-460a-bd3e-efb52b15de58",
        "status": "active",
        "use": "complete",
        "patient": {
          "reference": "urn:uuid:4bfbb279-5f76-479c-b277-542250d7eac8"
        },
        "billablePeriod": {
          "start": "1982-09-07T16:54:14-04:00",
          "end": "1982-09-07T17:09:14-04:00"
        },
        "organization": {
          "reference": {
            "reference": "urn:uuid:ff621e60-5f62-436e-8c21-4075456bdf37"
          }
        },
        "prescription": {
          "reference": "urn:uuid:914501e4-3c45-4e77-b031-7a143927f830"
        },
        "item": [
          {
            "sequence": 1,
            "net": {
              "value": 125.0,
              "system": "urn:iso:std:iso:4217",
              "code": "USD"
            },
            "encounter": [
              {
                "reference": {
                  "fullUrl": "urn:uuid:c1a72c28-27a2-4be5-8d63-e4ff4abc69f0",
                  "resource": {
                    "id": "c1a72c28-27a2-4be5-8d63-e4ff4abc69f0",
                    "meta": {
                      "profile": [
                        "http://standardhealthrecord.org/fhir/StructureDefinition/shr-encounter-Encounter"
                      ]
                    },
                    "status": "finished",
                    "class": {
                      "code": "ambulatory"
                    },
                    "type": [
                      {
                        "coding": [
                          {
                            "system": "http://snomed.info/sct",
                            "code": "308646001"
                          }
                        ],
                        "text": "Death Certification"
                      }
                    ],
                    "subject": {
                      "reference": "urn:uuid:4bfbb279-5f76-479c-b277-542250d7eac8"
                    },
                    "period": {
                      "start": "1982-09-07T16:54:14-04:00",
                      "end": "1982-09-07T17:09:14-04:00"
                    },
                    "serviceProvider": {
                      "reference": "urn:uuid:ff621e60-5f62-436e-8c21-4075456bdf37"
                    },
                    "resourceType": "Encounter"
                  }
                }
              }
            ]
          },
          {
            "sequence": 1,
            "net": {
              "value": 255.0,
              "system": "urn:iso:std:iso:4217",
              "code": "USD"
            }
          }
        ],
        "total": {
          "value": 255.0,
          "system": "urn:iso:std:iso:4217",
          "code": "USD"
        },
        "resourceType": "Claim"
      }
    },
    {
      "fullUrl": "urn:uuid:89b50a84-e7ce-42f5-8d88-efea6722eaf5",
      "resource": {
        "id": "89b50a84-e7ce-42f5-8d88-efea6722eaf5",
        "meta": {
          "profile": [
            "http://standardhealthrecord.org/fhir/StructureDefinition/shr-medication-MedicationPrescription"
          ]
        },
        "extension": [
          {
            "url": "http://standardhealthrecord.org/fhir/StructureDefinition/shr-base-ActionCode-extension",
            "valueCodeableConcept": {
              "coding": [
                {
                  "system": "http://snomed.info/sct",
                  "code": "33633005",
                  "display": "Prescription of drug (procedure)"
                }
              ],
              "text": "Prescription of drug (procedure)"
            }
          }
        ],
        "status": "active",
        "intent": "order",
        "medicationCodeableConcept": {
          "coding": [
            {
              "system": "http://www.nlm.nih.gov/research/umls/rxnorm",
              "code": "834060",
              "display": "Penicillin V Potassium 250 MG"
            }
          ],
          "text": "Penicillin V Potassium 250 MG"
        },
        "subject": {
          "reference": "urn:uuid:4bfbb279-5f76-479c-b277-542250d7eac8"
        },
        "context": {
          "reference": "urn:uuid:c1a72c28-27a2-4be5-8d63-e4ff4abc69f0"
        },
        "authoredOn": "1943-07-14",
        "resourceType": "MedicationRequest"
      }
    },
    {
      "fullUrl": "urn:uuid:3dff6fe7-c926-4fce-87bb-1e3a65741427",
      "resource": {
        "id": "3dff6fe7-c926-4fce-87bb-1e3a65741427",
        "status": "active",
        "use": "complete",
        "patient": {
          "reference": "urn:uuid:4bfbb279-5f76-479c-b277-542250d7eac8"
        },
        "billablePeriod": {
          "start": "1982-09-07T16:54:14-04:00",
          "end": "1982-09-07T17:09:14-04:00"
        },
        "organization": {
          "reference": {
            "reference": "urn:uuid:ff621e60-5f62-436e-8c21-4075456bdf37"
          }
        },
        "prescription": {
          "reference": "urn:uuid:89b50a84-e7ce-42f5-8d88-efea6722eaf5"
        },
        "item": [
          {
            "sequence": 1,
            "net": {
              "value": 125.0,
              "system": "urn:iso:std:iso:4217",
              "code": "USD"
            },
            "encounter": [
              {
                "reference": {
                  "fullUrl": "urn:uuid:c1a72c28-27a2-4be5-8d63-e4ff4abc69f0",
                  "resource": {
                    "id": "c1a72c28-27a2-4be5-8d63-e4ff4abc69f0",
                    "meta": {
                      "profile": [
                        "http://standardhealthrecord.org/fhir/StructureDefinition/shr-encounter-Encounter"
                      ]
                    },
                    "status": "finished",
                    "class": {
                      "code": "ambulatory"
                    },
                    "type": [
                      {
                        "coding": [
                          {
                            "system": "http://snomed.info/sct",
                            "code": "308646001"
                          }
                        ],
                        "text": "Death Certification"
                      }
                    ],
                    "subject": {
                      "reference": "urn:uuid:4bfbb279-5f76-479c-b277-542250d7eac8"
                    },
                    "period": {
                      "start": "1982-09-07T16:54:14-04:00",
                      "end": "1982-09-07T17:09:14-04:00"
                    },
                    "serviceProvider": {
                      "reference": "urn:uuid:ff621e60-5f62-436e-8c21-4075456bdf37"
                    },
                    "resourceType": "Encounter"
                  }
                }
              }
            ]
          },
          {
            "sequence": 1,
            "net": {
              "value": 255.0,
              "system": "urn:iso:std:iso:4217",
              "code": "USD"
            }
          }
        ],
        "total": {
          "value": 255.0,
          "system": "urn:iso:std:iso:4217",
          "code": "USD"
        },
        "resourceType": "Claim"
      }
    },
    {
      "fullUrl": "urn:uuid:00ce4b5a-12e1-46d9-b953-6fb7feeadff7",
      "resource": {
        "id": "00ce4b5a-12e1-46d9-b953-6fb7feeadff7",
        "meta": {
          "profile": [
            "http://standardhealthrecord.org/fhir/StructureDefinition/shr-observation-Observation"
          ]
        },
        "status": "final",
        "category": [
          {
            "coding": [
              {
                "system": "http://hl7.org/fhir/observation-category",
                "code": "survey"
              }
            ]
          }
        ],
        "code": {
          "coding": [
            {
              "system": "http://snomed.info/sct",
              "code": "273724008",
              "display": "Quality adjusted life years"
            }
          ],
          "text": "Quality adjusted life years"
        },
        "subject": {
          "reference": "urn:uuid:4bfbb279-5f76-479c-b277-542250d7eac8"
        },
        "effectiveDateTime": "2017-10-31T16:09:28-04:00",
        "issued": "2017-10-31T16:09:28-04:00",
        "valueQuantity": {
          "value": 51.536120323039235,
          "unit": "years",
          "system": "http://unitsofmeasure.org/",
          "code": "years"
        },
        "resourceType": "Observation"
      }
    },
    {
      "fullUrl": "urn:uuid:d50116a7-1240-40b6-b04e-7354bdb0ae7a",
      "resource": {
        "id": "d50116a7-1240-40b6-b04e-7354bdb0ae7a",
        "meta": {
          "profile": [
            "http://standardhealthrecord.org/fhir/StructureDefinition/shr-observation-Observation"
          ]
        },
        "status": "final",
        "category": [
          {
            "coding": [
              {
                "system": "http://hl7.org/fhir/observation-category",
                "code": "survey"
              }
            ]
          }
        ],
        "code": {
          "coding": [
            {
              "system": "http://snomed.info/sct",
              "code": "273421001",
              "display": "Disability rating scale"
            }
          ],
          "text": "Disability rating scale"
        },
        "subject": {
          "reference": "urn:uuid:4bfbb279-5f76-479c-b277-542250d7eac8"
        },
        "effectiveDateTime": "2017-10-31T16:09:28-04:00",
        "issued": "2017-10-31T16:09:28-04:00",
        "valueQuantity": {
          "value": 36.327299676960756,
          "unit": "years",
          "system": "http://unitsofmeasure.org/",
          "code": "years"
        },
        "resourceType": "Observation"
      }
    }
  ],
  "resourceType": "Bundle"
}