{
  "type": "collection",
  "entry": [
    {
      "fullUrl": "urn:uuid:74870daf-51e8-465c-9876-2193d4a818d5",
      "resource": {
        "id": "74870daf-51e8-465c-9876-2193d4a818d5",
        "meta": {
          "profile": [
            "http://standardhealthrecord.org/fhir/StructureDefinition/shr-actor-Organization"
          ]
        },
        "type": [
          {
            "coding": [
              {
                "system": "http://hl7.org/fhir/organization-type",
                "code": "prov",
                "display": "Healthcare Provider"
              }
            ],
            "text": "Healthcare Provider"
          }
        ],
        "name": "CHA TEEN HEALTH CENTER AT CRLS",
        "resourceType": "Organization"
      }
    },
    {
      "fullUrl": "urn:uuid:b411ae01-22e4-433d-8590-c837a4ee6e9a",
      "resource": {
        "id": "b411ae01-22e4-433d-8590-c837a4ee6e9a",
        "meta": {
          "profile": [
            "http://standardhealthrecord.org/fhir/StructureDefinition/shr-demographics-PersonOfRecord"
          ]
        },
        "text": {
          "status": "generated",
          "div": "<div xmlns=\"http://www.w3.org/1999/xhtml\">Generated by <a href=\"https://github.com/synthetichealth/synthea\">Synthea</a>. Version identifier: 368ac389f34cd3ce3986aa3a0a08e467bf574db3</div>"
        },
        "extension": [
          {
            "url": "http://hl7.org/fhir/us/core/StructureDefinition/us-core-race",
            "valueCodeableConcept": {
              "coding": [
                {
                  "system": "http://hl7.org/fhir/v3/Race",
                  "code": "2106-3",
                  "display": "White"
                }
              ],
              "text": "race"
            }
          },
          {
            "url": "http://hl7.org/fhir/us/core/StructureDefinition/us-core-ethnicity",
            "valueCodeableConcept": {
              "coding": [
                {
                  "system": "http://hl7.org/fhir/v3/Ethnicity",
                  "code": "2186-5",
                  "display": "Nonhispanic"
                }
              ],
              "text": "ethnicity"
            }
          },
          {
            "url": "http://hl7.org/fhir/StructureDefinition/birthPlace",
            "valueAddress": {
              "city": "Easton",
              "state": "MA",
              "country": "US"
            }
          },
          {
            "url": "http://hl7.org/fhir/StructureDefinition/patient-mothersMaidenName",
            "valueString": "Mandie741 Runte323"
          },
          {
            "url": "http://hl7.org/fhir/us/core/StructureDefinition/us-core-birthsex",
            "valueCode": "M"
          },
          {
            "url": "http://hl7.org/fhir/StructureDefinition/patient-interpreterRequired",
            "valueBoolean": false
          },
          {
            "url": "http://standardhealthrecord.org/fhir/StructureDefinition/shr-actor-FictionalPerson-extension",
            "valueBoolean": true
          },
          {
            "url": "http://standardhealthrecord.org/fhir/StructureDefinition/shr-demographics-FathersName-extension",
            "valueHumanName": {
              "text": "Arlie954 Bechtelar628"
            }
          },
          {
            "url": "http://standardhealthrecord.org/fhir/StructureDefinition/shr-demographics-SocialSecurityNumber-extension",
            "valueString": "999-95-9918"
          }
        ],
        "identifier": [
          {
            "system": "https://github.com/synthetichealth/synthea",
            "value": "3bab11cc-62c0-4a50-a78b-a9afcafba9f9"
          },
          {
            "type": {
              "coding": [
                {
                  "system": "http://hl7.org/fhir/identifier-type",
                  "code": "SB"
                }
              ]
            },
            "system": "http://hl7.org/fhir/sid/us-ssn",
            "value": "999959918"
          },
          {
            "type": {
              "coding": [
                {
                  "system": "http://hl7.org/fhir/v2/0203",
                  "code": "DL"
                }
              ]
            },
            "system": "urn:oid:2.16.840.1.113883.4.3.25",
            "value": "S99940088"
          },
          {
            "type": {
              "coding": [
                {
                  "system": "http://hl7.org/fhir/v2/0203",
                  "code": "PPN"
                }
              ]
            },
            "system": "http://standardhealthrecord.org/fhir/StructureDefinition/passportNumber",
            "value": "X67890958X"
          },
          {
            "type": {
              "coding": [
                {
                  "system": "http://hl7.org/fhir/v2/0203",
                  "code": "MR"
                }
              ]
            },
            "system": "http://hospital.smarthealthit.org",
            "value": "3bab11cc-62c0-4a50-a78b-a9afcafba9f9"
          }
        ],
        "name": [
          {
            "use": "official",
            "family": "Bechtelar628",
            "given": [
              "Ricardo852"
            ],
            "prefix": [
              "Mr."
            ]
          }
        ],
        "telecom": [
          {
            "system": "phone",
            "value": "467-346-5527",
            "use": "home"
          }
        ],
        "gender": "male",
        "birthDate": "1933-05-12",
        "deceasedDateTime": "1998-04-13T19:59:47-04:00",
        "address": [
          {
            "extension": [
              {
                "extension": [
                  {
                    "url": "latitude",
                    "valueDecimal": 42.37320417080955
                  },
                  {
                    "url": "longitude",
                    "valueDecimal": -71.11625089425785
                  }
                ],
                "url": "http://hl7.org/fhir/StructureDefinition/geolocation"
              }
            ],
            "line": [
              "7134 Schmitt Passage",
              "Suite 889"
            ],
            "city": "Cambridge",
            "state": "MA",
            "postalCode": "02141",
            "country": "US"
          }
        ],
        "maritalStatus": {
          "coding": [
            {
              "system": "http://hl7.org/fhir/v3/MaritalStatus",
              "code": "S"
            }
          ],
          "text": "S"
        },
        "multipleBirthBoolean": false,
        "communication": [
          {
            "language": {
              "coding": [
                {
                  "system": "http://hl7.org/fhir/ValueSet/languages",
                  "code": "en-US",
                  "display": "English (United States)"
                }
              ]
            }
          }
        ],
        "generalPractitioner": [
          {
            "reference": "urn:uuid:74870daf-51e8-465c-9876-2193d4a818d5"
          }
        ],
        "resourceType": "Patient"
      }
    },
    {
      "fullUrl": "urn:uuid:b35e75c5-4bf2-4b41-ba8c-c6ba2a73beb4",
      "resource": {
        "id": "b35e75c5-4bf2-4b41-ba8c-c6ba2a73beb4",
        "meta": {
          "profile": [
            "http://standardhealthrecord.org/fhir/StructureDefinition/shr-encounter-Encounter"
          ]
        },
        "status": "finished",
        "class": {
          "code": "ambulatory"
        },
        "type": [
          {
            "coding": [
              {
                "system": "http://snomed.info/sct",
                "code": "308646001"
              }
            ],
            "text": "Death Certification"
          }
        ],
        "subject": {
          "reference": "urn:uuid:b411ae01-22e4-433d-8590-c837a4ee6e9a"
        },
        "period": {
          "start": "1998-04-13T19:59:47-04:00",
          "end": "1998-04-13T20:14:47-04:00"
        },
        "serviceProvider": {
          "reference": "urn:uuid:74870daf-51e8-465c-9876-2193d4a818d5"
        },
        "resourceType": "Encounter"
      }
    },
    {
      "fullUrl": "urn:uuid:ea669e7f-6603-4afd-844e-563274aa06db",
      "resource": {
        "id": "ea669e7f-6603-4afd-844e-563274aa06db",
        "status": "active",
        "use": "complete",
        "patient": {
          "reference": "urn:uuid:b411ae01-22e4-433d-8590-c837a4ee6e9a"
        },
        "billablePeriod": {
          "start": "1998-04-13T19:59:47-04:00",
          "end": "1998-04-13T20:14:47-04:00"
        },
        "organization": {
          "reference": {
            "reference": "urn:uuid:74870daf-51e8-465c-9876-2193d4a818d5"
          }
        },
        "diagnosis": [
          {
            "sequence": 1,
            "diagnosisReference": {
              "reference": "urn:uuid:3ea8c916-9594-48ff-a6b3-4de1e4b5ab83"
            }
          },
          {
            "sequence": 2,
            "diagnosisReference": {
              "reference": "urn:uuid:e1cf5678-eb45-42d7-93a9-0efd604e7bae"
            }
          },
          {
            "sequence": 3,
            "diagnosisReference": {
              "reference": "urn:uuid:772894ad-f1b7-4db3-98ef-69cf7a90592b"
            }
          }
        ],
        "item": [
          {
            "sequence": 1,
            "net": {
              "value": 125.0,
              "system": "urn:iso:std:iso:4217",
              "code": "USD"
            },
            "encounter": [
              {
                "reference": {
                  "fullUrl": "urn:uuid:b35e75c5-4bf2-4b41-ba8c-c6ba2a73beb4",
                  "resource": {
                    "id": "b35e75c5-4bf2-4b41-ba8c-c6ba2a73beb4",
                    "meta": {
                      "profile": [
                        "http://standardhealthrecord.org/fhir/StructureDefinition/shr-encounter-Encounter"
                      ]
                    },
                    "status": "finished",
                    "class": {
                      "code": "ambulatory"
                    },
                    "type": [
                      {
                        "coding": [
                          {
                            "system": "http://snomed.info/sct",
                            "code": "308646001"
                          }
                        ],
                        "text": "Death Certification"
                      }
                    ],
                    "subject": {
                      "reference": "urn:uuid:b411ae01-22e4-433d-8590-c837a4ee6e9a"
                    },
                    "period": {
                      "start": "1998-04-13T19:59:47-04:00",
                      "end": "1998-04-13T20:14:47-04:00"
                    },
                    "serviceProvider": {
                      "reference": "urn:uuid:74870daf-51e8-465c-9876-2193d4a818d5"
                    },
                    "resourceType": "Encounter"
                  }
                }
              }
            ]
          },
          {
            "sequence": 2,
            "diagnosisLinkId": [
              1
            ],
            "net": {
              "value": 0.0,
              "system": "urn:iso:std:iso:4217",
              "code": "USD"
            }
          },
          {
            "sequence": 3,
            "diagnosisLinkId": [
              2
            ],
            "net": {
              "value": 0.0,
              "system": "urn:iso:std:iso:4217",
              "code": "USD"
            }
          },
          {
            "sequence": 4,
            "diagnosisLinkId": [
              3
            ],
            "net": {
              "value": 0.0,
              "system": "urn:iso:std:iso:4217",
              "code": "USD"
            }
          }
        ],
        "total": {
          "value": 125.0,
          "system": "urn:iso:std:iso:4217",
          "code": "USD"
        },
        "resourceType": "Claim"
      }
    },
    {
      "fullUrl": "urn:uuid:3ea8c916-9594-48ff-a6b3-4de1e4b5ab83",
      "resource": {
        "id": "3ea8c916-9594-48ff-a6b3-4de1e4b5ab83",
        "meta": {
          "profile": [
            "http://standardhealthrecord.org/fhir/StructureDefinition/shr-problem-Problem"
          ]
        },
        "clinicalStatus": "active",
        "verificationStatus": "confirmed",
        "code": {
          "coding": [
            {
              "system": "http://snomed.info/sct",
              "code": "195967001",
              "display": "Asthma"
            }
          ],
          "text": "Asthma"
        },
        "subject": {
          "reference": "urn:uuid:b411ae01-22e4-433d-8590-c837a4ee6e9a"
        },
        "context": {
          "reference": "urn:uuid:b35e75c5-4bf2-4b41-ba8c-c6ba2a73beb4"
        },
        "onsetDateTime": "1953-01-09T12:14:21-05:00",
        "assertedDate": "1953-01-09",
        "resourceType": "Condition"
      }
    },
    {
      "fullUrl": "urn:uuid:e1cf5678-eb45-42d7-93a9-0efd604e7bae",
      "resource": {
        "id": "e1cf5678-eb45-42d7-93a9-0efd604e7bae",
        "meta": {
          "profile": [
            "http://standardhealthrecord.org/fhir/StructureDefinition/shr-problem-Problem"
          ]
        },
        "clinicalStatus": "active",
        "verificationStatus": "confirmed",
        "code": {
          "coding": [
            {
              "system": "http://snomed.info/sct",
              "code": "40055000",
              "display": "Chronic sinusitis (disorder)"
            }
          ],
          "text": "Chronic sinusitis (disorder)"
        },
        "subject": {
          "reference": "urn:uuid:b411ae01-22e4-433d-8590-c837a4ee6e9a"
        },
        "context": {
          "reference": "urn:uuid:b35e75c5-4bf2-4b41-ba8c-c6ba2a73beb4"
        },
        "onsetDateTime": "1960-07-27T15:36:37-04:00",
        "assertedDate": "1960-07-27",
        "resourceType": "Condition"
      }
    },
    {
      "fullUrl": "urn:uuid:772894ad-f1b7-4db3-98ef-69cf7a90592b",
      "resource": {
        "id": "772894ad-f1b7-4db3-98ef-69cf7a90592b",
        "meta": {
          "profile": [
            "http://standardhealthrecord.org/fhir/StructureDefinition/shr-problem-Problem"
          ]
        },
        "clinicalStatus": "active",
        "verificationStatus": "confirmed",
        "code": {
          "coding": [
            {
              "system": "http://snomed.info/sct",
              "code": "87433001",
              "display": "Pulmonary emphysema (disorder)"
            }
          ],
          "text": "Pulmonary emphysema (disorder)"
        },
        "subject": {
          "reference": "urn:uuid:b411ae01-22e4-433d-8590-c837a4ee6e9a"
        },
        "context": {
          "reference": "urn:uuid:b35e75c5-4bf2-4b41-ba8c-c6ba2a73beb4"
        },
        "onsetDateTime": "1977-08-06T16:01:02-04:00",
        "assertedDate": "1977-08-06",
        "resourceType": "Condition"
      }
    },
    {
      "fullUrl": "urn:uuid:567f925c-430a-48be-a6fa-eb4687b86e88",
      "resource": {
        "id": "567f925c-430a-48be-a6fa-eb4687b86e88",
        "meta": {
          "profile": [
            "http://standardhealthrecord.org/fhir/StructureDefinition/shr-observation-Observation"
          ]
        },
        "status": "final",
        "category": [
          {
            "coding": [
              {
                "system": "http://hl7.org/fhir/observation-category"
              }
            ]
          }
        ],
        "code": {
          "coding": [
            {
              "system": "http://loinc.org",
              "code": "69453-9",
              "display": "Cause of Death [US Standard Certificate of Death]"
            }
          ],
          "text": "Cause of Death [US Standard Certificate of Death]"
        },
        "subject": {
          "reference": "urn:uuid:b411ae01-22e4-433d-8590-c837a4ee6e9a"
        },
        "context": {
          "reference": "urn:uuid:b35e75c5-4bf2-4b41-ba8c-c6ba2a73beb4"
        },
        "effectiveDateTime": "1998-04-13T19:59:47-04:00",
        "issued": "1998-04-13T19:59:47-04:00",
        "valueCodeableConcept": {
          "coding": [
            {
              "system": "http://snomed.info/sct",
              "code": "87433001",
              "display": "Pulmonary emphysema (disorder)"
            }
          ],
          "text": "Pulmonary emphysema (disorder)"
        },
        "resourceType": "Observation"
      }
    },
    {
      "fullUrl": "urn:uuid:2ceeaaf9-79f3-449f-b366-9a79a09c29e4",
      "resource": {
        "id": "2ceeaaf9-79f3-449f-b366-9a79a09c29e4",
        "meta": {
          "profile": [
            "http://standardhealthrecord.org/fhir/StructureDefinition/shr-observation-Panel"
          ]
        },
        "status": "final",
        "code": {
          "coding": [
            {
              "system": "http://loinc.org",
              "code": "69409-1",
              "display": "U.S. standard certificate of death - 2003 revision"
            }
          ]
        },
        "subject": {
          "reference": "urn:uuid:b411ae01-22e4-433d-8590-c837a4ee6e9a"
        },
        "context": {
          "reference": "urn:uuid:b35e75c5-4bf2-4b41-ba8c-c6ba2a73beb4"
        },
        "effectiveDateTime": "1998-04-13T19:59:47-04:00",
        "issued": "1998-04-13T19:59:47-04:00",
        "result": [
          {
            "reference": "urn:uuid:567f925c-430a-48be-a6fa-eb4687b86e88",
            "display": "Cause of Death [US Standard Certificate of Death]"
          }
        ],
        "resourceType": "DiagnosticReport"
      }
    },
    {
      "resource": {
        "status": "active",
        "intent": "order",
        "category": [
          {
            "coding": [
              {
                "system": "http://snomed.info/sct",
                "code": "699728000",
                "display": "Asthma self management"
              }
            ]
          }
        ],
        "subject": {
          "reference": "urn:uuid:b411ae01-22e4-433d-8590-c837a4ee6e9a"
        },
        "context": {
          "reference": "urn:uuid:b35e75c5-4bf2-4b41-ba8c-c6ba2a73beb4"
        },
        "period": {
          "start": "1936-06-07"
        },
        "activity": [
          {
            "detail": {
              "code": {
                "coding": [
                  {
                    "system": "http://snomed.info/sct",
                    "code": "710818004",
                    "display": "Inhaled steroid therapy"
                  }
                ]
              },
              "status": "in-progress"
            }
          },
          {
            "detail": {
              "code": {
                "coding": [
                  {
                    "system": "http://snomed.info/sct",
                    "code": "708409001",
                    "display": "Home nebulizer therapy"
                  }
                ]
              },
              "status": "in-progress"
            }
          },
          {
            "detail": {
              "code": {
                "coding": [
                  {
                    "system": "http://snomed.info/sct",
                    "code": "229298005",
                    "display": "Breathing control"
                  }
                ]
              },
              "status": "in-progress"
            }
          }
        ],
        "resourceType": "CarePlan"
      }
    },
    {
      "resource": {
        "status": "active",
        "intent": "order",
        "category": [
          {
            "coding": [
              {
                "system": "http://snomed.info/sct",
                "code": "412776001",
                "display": "Chronic obstructive pulmonary disease clinical management plan"
              }
            ]
          }
        ],
        "subject": {
          "reference": "urn:uuid:b411ae01-22e4-433d-8590-c837a4ee6e9a"
        },
        "context": {
          "reference": "urn:uuid:b35e75c5-4bf2-4b41-ba8c-c6ba2a73beb4"
        },
        "period": {
          "start": "1977-08-06"
        },
        "addresses": [
          {
            "reference": "urn:uuid:772894ad-f1b7-4db3-98ef-69cf7a90592b"
          }
        ],
        "activity": [
          {
            "detail": {
              "code": {
                "coding": [
                  {
                    "system": "http://snomed.info/sct",
                    "code": "710081004",
                    "display": "Smoking cessation therapy"
                  }
                ]
              },
              "status": "in-progress"
            }
          },
          {
            "detail": {
              "code": {
                "coding": [
                  {
                    "system": "http://snomed.info/sct",
                    "code": "426990007",
                    "display": "Home oxygen therapy (procedure)"
                  }
                ]
              },
              "status": "in-progress"
            }
          }
        ],
        "resourceType": "CarePlan"
      }
    },
    {
      "fullUrl": "urn:uuid:308538c2-8674-4b75-8adc-4b83ed0b91a6",
      "resource": {
        "id": "308538c2-8674-4b75-8adc-4b83ed0b91a6",
        "meta": {
          "profile": [
            "http://standardhealthrecord.org/fhir/StructureDefinition/shr-medication-MedicationPrescription"
          ]
        },
        "extension": [
          {
            "url": "http://standardhealthrecord.org/fhir/StructureDefinition/shr-base-ActionCode-extension",
            "valueCodeableConcept": {
              "coding": [
                {
                  "system": "http://snomed.info/sct",
                  "code": "33633005",
                  "display": "Prescription of drug (procedure)"
                }
              ],
              "text": "Prescription of drug (procedure)"
            }
          }
        ],
        "status": "active",
        "intent": "order",
        "medicationCodeableConcept": {
          "coding": [
            {
              "system": "http://www.nlm.nih.gov/research/umls/rxnorm",
              "code": "895994",
              "display": "120 ACTUAT Fluticasone propionate 0.044 MG/ACTUAT Metered Dose Inhaler"
            }
          ],
          "text": "120 ACTUAT Fluticasone propionate 0.044 MG/ACTUAT Metered Dose Inhaler"
        },
        "subject": {
          "reference": "urn:uuid:b411ae01-22e4-433d-8590-c837a4ee6e9a"
        },
        "context": {
          "reference": "urn:uuid:b35e75c5-4bf2-4b41-ba8c-c6ba2a73beb4"
        },
        "authoredOn": "1936-06-07",
        "dosageInstruction": [
          {
            "sequence": 1,
            "asNeededBoolean": true
          }
        ],
        "resourceType": "MedicationRequest"
      }
    },
    {
      "fullUrl": "urn:uuid:7873acc3-20ab-4cb2-88b8-54e865096328",
      "resource": {
        "id": "7873acc3-20ab-4cb2-88b8-54e865096328",
        "status": "active",
        "use": "complete",
        "patient": {
          "reference": "urn:uuid:b411ae01-22e4-433d-8590-c837a4ee6e9a"
        },
        "billablePeriod": {
          "start": "1998-04-13T19:59:47-04:00",
          "end": "1998-04-13T20:14:47-04:00"
        },
        "organization": {
          "reference": {
            "reference": "urn:uuid:74870daf-51e8-465c-9876-2193d4a818d5"
          }
        },
        "prescription": {
          "reference": "urn:uuid:308538c2-8674-4b75-8adc-4b83ed0b91a6"
        },
        "item": [
          {
            "sequence": 1,
            "net": {
              "value": 125.0,
              "system": "urn:iso:std:iso:4217",
              "code": "USD"
            },
            "encounter": [
              {
                "reference": {
                  "fullUrl": "urn:uuid:b35e75c5-4bf2-4b41-ba8c-c6ba2a73beb4",
                  "resource": {
                    "id": "b35e75c5-4bf2-4b41-ba8c-c6ba2a73beb4",
                    "meta": {
                      "profile": [
                        "http://standardhealthrecord.org/fhir/StructureDefinition/shr-encounter-Encounter"
                      ]
                    },
                    "status": "finished",
                    "class": {
                      "code": "ambulatory"
                    },
                    "type": [
                      {
                        "coding": [
                          {
                            "system": "http://snomed.info/sct",
                            "code": "308646001"
                          }
                        ],
                        "text": "Death Certification"
                      }
                    ],
                    "subject": {
                      "reference": "urn:uuid:b411ae01-22e4-433d-8590-c837a4ee6e9a"
                    },
                    "period": {
                      "start": "1998-04-13T19:59:47-04:00",
                      "end": "1998-04-13T20:14:47-04:00"
                    },
                    "serviceProvider": {
                      "reference": "urn:uuid:74870daf-51e8-465c-9876-2193d4a818d5"
                    },
                    "resourceType": "Encounter"
                  }
                }
              }
            ]
          },
          {
            "sequence": 1,
            "net": {
              "value": 255.0,
              "system": "urn:iso:std:iso:4217",
              "code": "USD"
            }
          }
        ],
        "total": {
          "value": 255.0,
          "system": "urn:iso:std:iso:4217",
          "code": "USD"
        },
        "resourceType": "Claim"
      }
    },
    {
      "fullUrl": "urn:uuid:f7e747ec-8047-40dd-86b7-af3c254faad5",
      "resource": {
        "id": "f7e747ec-8047-40dd-86b7-af3c254faad5",
        "meta": {
          "profile": [
            "http://standardhealthrecord.org/fhir/StructureDefinition/shr-medication-MedicationPrescription"
          ]
        },
        "extension": [
          {
            "url": "http://standardhealthrecord.org/fhir/StructureDefinition/shr-base-ActionCode-extension",
            "valueCodeableConcept": {
              "coding": [
                {
                  "system": "http://snomed.info/sct",
                  "code": "33633005",
                  "display": "Prescription of drug (procedure)"
                }
              ],
              "text": "Prescription of drug (procedure)"
            }
          }
        ],
        "status": "active",
        "intent": "order",
        "medicationCodeableConcept": {
          "coding": [
            {
              "system": "http://www.nlm.nih.gov/research/umls/rxnorm",
              "code": "745679",
              "display": "200 ACTUAT Albuterol 0.09 MG/ACTUAT Metered Dose Inhaler"
            }
          ],
          "text": "200 ACTUAT Albuterol 0.09 MG/ACTUAT Metered Dose Inhaler"
        },
        "subject": {
          "reference": "urn:uuid:b411ae01-22e4-433d-8590-c837a4ee6e9a"
        },
        "context": {
          "reference": "urn:uuid:b35e75c5-4bf2-4b41-ba8c-c6ba2a73beb4"
        },
        "authoredOn": "1936-06-07",
        "dosageInstruction": [
          {
            "sequence": 1,
            "asNeededBoolean": true
          }
        ],
        "resourceType": "MedicationRequest"
      }
    },
    {
      "fullUrl": "urn:uuid:26572576-3e3b-4359-9573-e8509c752bc9",
      "resource": {
        "id": "26572576-3e3b-4359-9573-e8509c752bc9",
        "status": "active",
        "use": "complete",
        "patient": {
          "reference": "urn:uuid:b411ae01-22e4-433d-8590-c837a4ee6e9a"
        },
        "billablePeriod": {
          "start": "1998-04-13T19:59:47-04:00",
          "end": "1998-04-13T20:14:47-04:00"
        },
        "organization": {
          "reference": {
            "reference": "urn:uuid:74870daf-51e8-465c-9876-2193d4a818d5"
          }
        },
        "prescription": {
          "reference": "urn:uuid:f7e747ec-8047-40dd-86b7-af3c254faad5"
        },
        "item": [
          {
            "sequence": 1,
            "net": {
              "value": 125.0,
              "system": "urn:iso:std:iso:4217",
              "code": "USD"
            },
            "encounter": [
              {
                "reference": {
                  "fullUrl": "urn:uuid:b35e75c5-4bf2-4b41-ba8c-c6ba2a73beb4",
                  "resource": {
                    "id": "b35e75c5-4bf2-4b41-ba8c-c6ba2a73beb4",
                    "meta": {
                      "profile": [
                        "http://standardhealthrecord.org/fhir/StructureDefinition/shr-encounter-Encounter"
                      ]
                    },
                    "status": "finished",
                    "class": {
                      "code": "ambulatory"
                    },
                    "type": [
                      {
                        "coding": [
                          {
                            "system": "http://snomed.info/sct",
                            "code": "308646001"
                          }
                        ],
                        "text": "Death Certification"
                      }
                    ],
                    "subject": {
                      "reference": "urn:uuid:b411ae01-22e4-433d-8590-c837a4ee6e9a"
                    },
                    "period": {
                      "start": "1998-04-13T19:59:47-04:00",
                      "end": "1998-04-13T20:14:47-04:00"
                    },
                    "serviceProvider": {
                      "reference": "urn:uuid:74870daf-51e8-465c-9876-2193d4a818d5"
                    },
                    "resourceType": "Encounter"
                  }
                }
              }
            ]
          },
          {
            "sequence": 1,
            "net": {
              "value": 255.0,
              "system": "urn:iso:std:iso:4217",
              "code": "USD"
            }
          }
        ],
        "total": {
          "value": 255.0,
          "system": "urn:iso:std:iso:4217",
          "code": "USD"
        },
        "resourceType": "Claim"
      }
    },
    {
      "fullUrl": "urn:uuid:3fbe2a56-1382-4c96-b47c-2573677f49cf",
      "resource": {
        "id": "3fbe2a56-1382-4c96-b47c-2573677f49cf",
        "meta": {
          "profile": [
            "http://standardhealthrecord.org/fhir/StructureDefinition/shr-medication-MedicationPrescription"
          ]
        },
        "extension": [
          {
            "url": "http://standardhealthrecord.org/fhir/StructureDefinition/shr-base-ActionCode-extension",
            "valueCodeableConcept": {
              "coding": [
                {
                  "system": "http://snomed.info/sct",
                  "code": "33633005",
                  "display": "Prescription of drug (procedure)"
                }
              ],
              "text": "Prescription of drug (procedure)"
            }
          }
        ],
        "status": "active",
        "intent": "order",
        "medicationCodeableConcept": {
          "coding": [
            {
              "system": "http://www.nlm.nih.gov/research/umls/rxnorm",
              "code": "834101",
              "display": "Penicillin V Potassium 500 MG"
            }
          ],
          "text": "Penicillin V Potassium 500 MG"
        },
        "subject": {
          "reference": "urn:uuid:b411ae01-22e4-433d-8590-c837a4ee6e9a"
        },
        "context": {
          "reference": "urn:uuid:b35e75c5-4bf2-4b41-ba8c-c6ba2a73beb4"
        },
        "authoredOn": "1965-03-31",
        "resourceType": "MedicationRequest"
      }
    },
    {
      "fullUrl": "urn:uuid:32138d52-af61-4880-b016-c46bac47ad4d",
      "resource": {
        "id": "32138d52-af61-4880-b016-c46bac47ad4d",
        "status": "active",
        "use": "complete",
        "patient": {
          "reference": "urn:uuid:b411ae01-22e4-433d-8590-c837a4ee6e9a"
        },
        "billablePeriod": {
          "start": "1998-04-13T19:59:47-04:00",
          "end": "1998-04-13T20:14:47-04:00"
        },
        "organization": {
          "reference": {
            "reference": "urn:uuid:74870daf-51e8-465c-9876-2193d4a818d5"
          }
        },
        "prescription": {
          "reference": "urn:uuid:3fbe2a56-1382-4c96-b47c-2573677f49cf"
        },
        "item": [
          {
            "sequence": 1,
            "net": {
              "value": 125.0,
              "system": "urn:iso:std:iso:4217",
              "code": "USD"
            },
            "encounter": [
              {
                "reference": {
                  "fullUrl": "urn:uuid:b35e75c5-4bf2-4b41-ba8c-c6ba2a73beb4",
                  "resource": {
                    "id": "b35e75c5-4bf2-4b41-ba8c-c6ba2a73beb4",
                    "meta": {
                      "profile": [
                        "http://standardhealthrecord.org/fhir/StructureDefinition/shr-encounter-Encounter"
                      ]
                    },
                    "status": "finished",
                    "class": {
                      "code": "ambulatory"
                    },
                    "type": [
                      {
                        "coding": [
                          {
                            "system": "http://snomed.info/sct",
                            "code": "308646001"
                          }
                        ],
                        "text": "Death Certification"
                      }
                    ],
                    "subject": {
                      "reference": "urn:uuid:b411ae01-22e4-433d-8590-c837a4ee6e9a"
                    },
                    "period": {
                      "start": "1998-04-13T19:59:47-04:00",
                      "end": "1998-04-13T20:14:47-04:00"
                    },
                    "serviceProvider": {
                      "reference": "urn:uuid:74870daf-51e8-465c-9876-2193d4a818d5"
                    },
                    "resourceType": "Encounter"
                  }
                }
              }
            ]
          },
          {
            "sequence": 1,
            "net": {
              "value": 255.0,
              "system": "urn:iso:std:iso:4217",
              "code": "USD"
            }
          }
        ],
        "total": {
          "value": 255.0,
          "system": "urn:iso:std:iso:4217",
          "code": "USD"
        },
        "resourceType": "Claim"
      }
    },
    {
      "fullUrl": "urn:uuid:c160967b-8b79-4bd8-9d6a-db991f57accf",
      "resource": {
        "id": "c160967b-8b79-4bd8-9d6a-db991f57accf",
        "meta": {
          "profile": [
            "http://standardhealthrecord.org/fhir/StructureDefinition/shr-medication-MedicationPrescription"
          ]
        },
        "extension": [
          {
            "url": "http://standardhealthrecord.org/fhir/StructureDefinition/shr-base-ActionCode-extension",
            "valueCodeableConcept": {
              "coding": [
                {
                  "system": "http://snomed.info/sct",
                  "code": "33633005",
                  "display": "Prescription of drug (procedure)"
                }
              ],
              "text": "Prescription of drug (procedure)"
            }
          }
        ],
        "status": "active",
        "intent": "order",
        "medicationCodeableConcept": {
          "coding": [
            {
              "system": "http://www.nlm.nih.gov/research/umls/rxnorm",
              "code": "896188",
              "display": "Fluticasone propionate 0.25 MG/ACTUAT / salmeterol 0.05 MG/ACTUAT [Advair]"
            }
          ],
          "text": "Fluticasone propionate 0.25 MG/ACTUAT / salmeterol 0.05 MG/ACTUAT [Advair]"
        },
        "subject": {
          "reference": "urn:uuid:b411ae01-22e4-433d-8590-c837a4ee6e9a"
        },
        "context": {
          "reference": "urn:uuid:b35e75c5-4bf2-4b41-ba8c-c6ba2a73beb4"
        },
        "authoredOn": "1979-11-19",
        "reasonReference": [
          {
            "reference": "urn:uuid:772894ad-f1b7-4db3-98ef-69cf7a90592b"
          }
        ],
        "resourceType": "MedicationRequest"
      }
    },
    {
      "fullUrl": "urn:uuid:270904b7-6f9d-4548-b5ac-c72227bdaf2d",
      "resource": {
        "id": "270904b7-6f9d-4548-b5ac-c72227bdaf2d",
        "status": "active",
        "use": "complete",
        "patient": {
          "reference": "urn:uuid:b411ae01-22e4-433d-8590-c837a4ee6e9a"
        },
        "billablePeriod": {
          "start": "1998-04-13T19:59:47-04:00",
          "end": "1998-04-13T20:14:47-04:00"
        },
        "organization": {
          "reference": {
            "reference": "urn:uuid:74870daf-51e8-465c-9876-2193d4a818d5"
          }
        },
        "prescription": {
          "reference": "urn:uuid:c160967b-8b79-4bd8-9d6a-db991f57accf"
        },
        "item": [
          {
            "sequence": 1,
            "net": {
              "value": 125.0,
              "system": "urn:iso:std:iso:4217",
              "code": "USD"
            },
            "encounter": [
              {
                "reference": {
                  "fullUrl": "urn:uuid:b35e75c5-4bf2-4b41-ba8c-c6ba2a73beb4",
                  "resource": {
                    "id": "b35e75c5-4bf2-4b41-ba8c-c6ba2a73beb4",
                    "meta": {
                      "profile": [
                        "http://standardhealthrecord.org/fhir/StructureDefinition/shr-encounter-Encounter"
                      ]
                    },
                    "status": "finished",
                    "class": {
                      "code": "ambulatory"
                    },
                    "type": [
                      {
                        "coding": [
                          {
                            "system": "http://snomed.info/sct",
                            "code": "308646001"
                          }
                        ],
                        "text": "Death Certification"
                      }
                    ],
                    "subject": {
                      "reference": "urn:uuid:b411ae01-22e4-433d-8590-c837a4ee6e9a"
                    },
                    "period": {
                      "start": "1998-04-13T19:59:47-04:00",
                      "end": "1998-04-13T20:14:47-04:00"
                    },
                    "serviceProvider": {
                      "reference": "urn:uuid:74870daf-51e8-465c-9876-2193d4a818d5"
                    },
                    "resourceType": "Encounter"
                  }
                }
              }
            ]
          },
          {
            "sequence": 1,
            "net": {
              "value": 255.0,
              "system": "urn:iso:std:iso:4217",
              "code": "USD"
            }
          }
        ],
        "total": {
          "value": 255.0,
          "system": "urn:iso:std:iso:4217",
          "code": "USD"
        },
        "resourceType": "Claim"
      }
    },
    {
      "fullUrl": "urn:uuid:9f436128-7253-40d3-a2f6-e179a8fbcd73",
      "resource": {
        "id": "9f436128-7253-40d3-a2f6-e179a8fbcd73",
        "meta": {
          "profile": [
            "http://standardhealthrecord.org/fhir/StructureDefinition/shr-medication-MedicationPrescription"
          ]
        },
        "extension": [
          {
            "url": "http://standardhealthrecord.org/fhir/StructureDefinition/shr-base-ActionCode-extension",
            "valueCodeableConcept": {
              "coding": [
                {
                  "system": "http://snomed.info/sct",
                  "code": "33633005",
                  "display": "Prescription of drug (procedure)"
                }
              ],
              "text": "Prescription of drug (procedure)"
            }
          }
        ],
        "status": "active",
        "intent": "order",
        "medicationCodeableConcept": {
          "coding": [
            {
              "system": "http://www.nlm.nih.gov/research/umls/rxnorm",
              "code": "834101",
              "display": "Penicillin V Potassium 500 MG"
            }
          ],
          "text": "Penicillin V Potassium 500 MG"
        },
        "subject": {
          "reference": "urn:uuid:b411ae01-22e4-433d-8590-c837a4ee6e9a"
        },
        "context": {
          "reference": "urn:uuid:b35e75c5-4bf2-4b41-ba8c-c6ba2a73beb4"
        },
        "authoredOn": "1981-07-10",
        "resourceType": "MedicationRequest"
      }
    },
    {
      "fullUrl": "urn:uuid:93212107-0925-4d34-af85-471b38c2d857",
      "resource": {
        "id": "93212107-0925-4d34-af85-471b38c2d857",
        "status": "active",
        "use": "complete",
        "patient": {
          "reference": "urn:uuid:b411ae01-22e4-433d-8590-c837a4ee6e9a"
        },
        "billablePeriod": {
          "start": "1998-04-13T19:59:47-04:00",
          "end": "1998-04-13T20:14:47-04:00"
        },
        "organization": {
          "reference": {
            "reference": "urn:uuid:74870daf-51e8-465c-9876-2193d4a818d5"
          }
        },
        "prescription": {
          "reference": "urn:uuid:9f436128-7253-40d3-a2f6-e179a8fbcd73"
        },
        "item": [
          {
            "sequence": 1,
            "net": {
              "value": 125.0,
              "system": "urn:iso:std:iso:4217",
              "code": "USD"
            },
            "encounter": [
              {
                "reference": {
                  "fullUrl": "urn:uuid:b35e75c5-4bf2-4b41-ba8c-c6ba2a73beb4",
                  "resource": {
                    "id": "b35e75c5-4bf2-4b41-ba8c-c6ba2a73beb4",
                    "meta": {
                      "profile": [
                        "http://standardhealthrecord.org/fhir/StructureDefinition/shr-encounter-Encounter"
                      ]
                    },
                    "status": "finished",
                    "class": {
                      "code": "ambulatory"
                    },
                    "type": [
                      {
                        "coding": [
                          {
                            "system": "http://snomed.info/sct",
                            "code": "308646001"
                          }
                        ],
                        "text": "Death Certification"
                      }
                    ],
                    "subject": {
                      "reference": "urn:uuid:b411ae01-22e4-433d-8590-c837a4ee6e9a"
                    },
                    "period": {
                      "start": "1998-04-13T19:59:47-04:00",
                      "end": "1998-04-13T20:14:47-04:00"
                    },
                    "serviceProvider": {
                      "reference": "urn:uuid:74870daf-51e8-465c-9876-2193d4a818d5"
                    },
                    "resourceType": "Encounter"
                  }
                }
              }
            ]
          },
          {
            "sequence": 1,
            "net": {
              "value": 255.0,
              "system": "urn:iso:std:iso:4217",
              "code": "USD"
            }
          }
        ],
        "total": {
          "value": 255.0,
          "system": "urn:iso:std:iso:4217",
          "code": "USD"
        },
        "resourceType": "Claim"
      }
    },
    {
      "fullUrl": "urn:uuid:c9a9c9a0-a14f-430b-81c4-7aef62e3c0f9",
      "resource": {
        "id": "c9a9c9a0-a14f-430b-81c4-7aef62e3c0f9",
        "meta": {
          "profile": [
            "http://standardhealthrecord.org/fhir/StructureDefinition/shr-observation-Observation"
          ]
        },
        "status": "final",
        "category": [
          {
            "coding": [
              {
                "system": "http://hl7.org/fhir/observation-category",
                "code": "survey"
              }
            ]
          }
        ],
        "code": {
          "coding": [
            {
              "system": "http://snomed.info/sct",
              "code": "273724008",
              "display": "Quality adjusted life years"
            }
          ],
          "text": "Quality adjusted life years"
        },
        "subject": {
          "reference": "urn:uuid:b411ae01-22e4-433d-8590-c837a4ee6e9a"
        },
        "effectiveDateTime": "2017-10-31T16:09:28-04:00",
        "issued": "2017-10-31T16:09:28-04:00",
        "valueQuantity": {
          "value": 62.524048545872816,
          "unit": "years",
          "system": "http://unitsofmeasure.org/",
          "code": "years"
        },
        "resourceType": "Observation"
      }
    },
    {
      "fullUrl": "urn:uuid:68edf6c4-d3cf-4cd1-8f48-bd05df168b04",
      "resource": {
        "id": "68edf6c4-d3cf-4cd1-8f48-bd05df168b04",
        "meta": {
          "profile": [
            "http://standardhealthrecord.org/fhir/StructureDefinition/shr-observation-Observation"
          ]
        },
        "status": "final",
        "category": [
          {
            "coding": [
              {
                "system": "http://hl7.org/fhir/observation-category",
                "code": "survey"
              }
            ]
          }
        ],
        "code": {
          "coding": [
            {
              "system": "http://snomed.info/sct",
              "code": "273421001",
              "display": "Disability rating scale"
            }
          ],
          "text": "Disability rating scale"
        },
        "subject": {
          "reference": "urn:uuid:b411ae01-22e4-433d-8590-c837a4ee6e9a"
        },
        "effectiveDateTime": "2017-10-31T16:09:28-04:00",
        "issued": "2017-10-31T16:09:28-04:00",
        "valueQuantity": {
          "value": 26.833391454127185,
          "unit": "years",
          "system": "http://unitsofmeasure.org/",
          "code": "years"
        },
        "resourceType": "Observation"
      }
    }
  ],
  "resourceType": "Bundle"
}