{
  "type": "collection",
  "entry": [
    {
      "fullUrl": "urn:uuid:f3bebe90-badc-4d1b-81b1-4dac1c62396a",
      "resource": {
        "id": "f3bebe90-badc-4d1b-81b1-4dac1c62396a",
        "meta": {
          "profile": [
            "http://standardhealthrecord.org/fhir/StructureDefinition/shr-actor-Organization"
          ]
        },
        "type": [
          {
            "coding": [
              {
                "system": "http://hl7.org/fhir/organization-type",
                "code": "prov",
                "display": "Healthcare Provider"
              }
            ],
            "text": "Healthcare Provider"
          }
        ],
        "name": "CHA EAST CAMBRIDGE CARE CENTER",
        "resourceType": "Organization"
      }
    },
    {
      "fullUrl": "urn:uuid:4c77182c-7f5a-4da0-85ef-d910b0c70105",
      "resource": {
        "id": "4c77182c-7f5a-4da0-85ef-d910b0c70105",
        "meta": {
          "profile": [
            "http://standardhealthrecord.org/fhir/StructureDefinition/shr-demographics-PersonOfRecord"
          ]
        },
        "text": {
          "status": "generated",
          "div": "<div xmlns=\"http://www.w3.org/1999/xhtml\">Generated by <a href=\"https://github.com/synthetichealth/synthea\">Synthea</a>. Version identifier: 368ac389f34cd3ce3986aa3a0a08e467bf574db3</div>"
        },
        "extension": [
          {
            "url": "http://hl7.org/fhir/us/core/StructureDefinition/us-core-race",
            "valueCodeableConcept": {
              "coding": [
                {
                  "system": "http://hl7.org/fhir/v3/Race",
                  "code": "2131-1",
                  "display": "Other"
                }
              ],
              "text": "race"
            }
          },
          {
            "url": "http://hl7.org/fhir/us/core/StructureDefinition/us-core-ethnicity",
            "valueCodeableConcept": {
              "coding": [
                {
                  "system": "http://hl7.org/fhir/v3/Ethnicity",
                  "code": "2180-8",
                  "display": "Puerto_rican"
                }
              ],
              "text": "ethnicity"
            }
          },
          {
            "url": "http://hl7.org/fhir/StructureDefinition/birthPlace",
            "valueAddress": {
              "city": "Dedham",
              "state": "MA",
              "country": "US"
            }
          },
          {
            "url": "http://hl7.org/fhir/StructureDefinition/patient-mothersMaidenName",
            "valueString": "Caroyln924 Schiller652"
          },
          {
            "url": "http://hl7.org/fhir/us/core/StructureDefinition/us-core-birthsex",
            "valueCode": "M"
          },
          {
            "url": "http://hl7.org/fhir/StructureDefinition/patient-interpreterRequired",
            "valueBoolean": false
          },
          {
            "url": "http://standardhealthrecord.org/fhir/StructureDefinition/shr-actor-FictionalPerson-extension",
            "valueBoolean": true
          },
          {
            "url": "http://standardhealthrecord.org/fhir/StructureDefinition/shr-demographics-FathersName-extension",
            "valueHumanName": {
              "text": "Federico715 Becker5"
            }
          },
          {
            "url": "http://standardhealthrecord.org/fhir/StructureDefinition/shr-demographics-SocialSecurityNumber-extension",
            "valueString": "999-13-4628"
          }
        ],
        "identifier": [
          {
            "system": "https://github.com/synthetichealth/synthea",
            "value": "3506d321-ecb0-4068-af9d-95fae0a78f2e"
          },
          {
            "type": {
              "coding": [
                {
                  "system": "http://hl7.org/fhir/identifier-type",
                  "code": "SB"
                }
              ]
            },
            "system": "http://hl7.org/fhir/sid/us-ssn",
            "value": "999134628"
          },
          {
            "type": {
              "coding": [
                {
                  "system": "http://hl7.org/fhir/v2/0203",
                  "code": "DL"
                }
              ]
            },
            "system": "urn:oid:2.16.840.1.113883.4.3.25",
            "value": "S99961769"
          },
          {
            "type": {
              "coding": [
                {
                  "system": "http://hl7.org/fhir/v2/0203",
                  "code": "MR"
                }
              ]
            },
            "system": "http://hospital.smarthealthit.org",
            "value": "3506d321-ecb0-4068-af9d-95fae0a78f2e"
          }
        ],
        "name": [
          {
            "use": "official",
            "family": "Becker5",
            "given": [
              "Marcos760"
            ],
            "prefix": [
              "Mr."
            ]
          }
        ],
        "telecom": [
          {
            "system": "phone",
            "value": "1-917-183-7827",
            "use": "home"
          }
        ],
        "gender": "male",
        "birthDate": "1934-08-05",
        "deceasedDateTime": "1994-08-31T19:44:51-04:00",
        "address": [
          {
            "extension": [
              {
                "extension": [
                  {
                    "url": "latitude",
                    "valueDecimal": 42.369727153117694
                  },
                  {
                    "url": "longitude",
                    "valueDecimal": -71.0825606361416
                  }
                ],
                "url": "http://hl7.org/fhir/StructureDefinition/geolocation"
              }
            ],
            "line": [
              "6067 Stark Oval"
            ],
            "city": "Cambridge",
            "state": "MA",
            "postalCode": "02238",
            "country": "US"
          }
        ],
        "maritalStatus": {
          "coding": [
            {
              "system": "http://hl7.org/fhir/v3/MaritalStatus",
              "code": "S"
            }
          ],
          "text": "S"
        },
        "multipleBirthBoolean": false,
        "communication": [
          {
            "language": {
              "coding": [
                {
                  "system": "http://hl7.org/fhir/ValueSet/languages",
                  "code": "es",
                  "display": "Spanish"
                }
              ]
            }
          }
        ],
        "generalPractitioner": [
          {
            "reference": "urn:uuid:f3bebe90-badc-4d1b-81b1-4dac1c62396a"
          }
        ],
        "resourceType": "Patient"
      }
    },
    {
      "fullUrl": "urn:uuid:5492d5ee-24a0-4684-bb29-e5694c6b7803",
      "resource": {
        "id": "5492d5ee-24a0-4684-bb29-e5694c6b7803",
        "meta": {
          "profile": [
            "http://standardhealthrecord.org/fhir/StructureDefinition/shr-encounter-Encounter"
          ]
        },
        "status": "finished",
        "class": {
          "code": "ambulatory"
        },
        "type": [
          {
            "coding": [
              {
                "system": "http://snomed.info/sct",
                "code": "308646001"
              }
            ],
            "text": "Death Certification"
          }
        ],
        "subject": {
          "reference": "urn:uuid:4c77182c-7f5a-4da0-85ef-d910b0c70105"
        },
        "period": {
          "start": "1994-08-31T19:44:51-04:00",
          "end": "1994-08-31T19:59:51-04:00"
        },
        "serviceProvider": {
          "reference": "urn:uuid:f3bebe90-badc-4d1b-81b1-4dac1c62396a"
        },
        "resourceType": "Encounter"
      }
    },
    {
      "fullUrl": "urn:uuid:ccf14fec-7e3c-4a03-b125-1a366343af55",
      "resource": {
        "id": "ccf14fec-7e3c-4a03-b125-1a366343af55",
        "status": "active",
        "use": "complete",
        "patient": {
          "reference": "urn:uuid:4c77182c-7f5a-4da0-85ef-d910b0c70105"
        },
        "billablePeriod": {
          "start": "1994-08-31T19:44:51-04:00",
          "end": "1994-08-31T19:59:51-04:00"
        },
        "organization": {
          "reference": {
            "reference": "urn:uuid:f3bebe90-badc-4d1b-81b1-4dac1c62396a"
          }
        },
        "diagnosis": [
          {
            "sequence": 1,
            "diagnosisReference": {
              "reference": "urn:uuid:79ec1057-5609-4ad4-bd2b-d9ccf9d9a077"
            }
          },
          {
            "sequence": 2,
            "diagnosisReference": {
              "reference": "urn:uuid:69d2d834-fd12-422b-b026-62f3d49ae489"
            }
          },
          {
            "sequence": 3,
            "diagnosisReference": {
              "reference": "urn:uuid:52b6a364-4c1b-4efa-97ae-5e048bbf7acc"
            }
          },
          {
            "sequence": 4,
            "diagnosisReference": {
              "reference": "urn:uuid:a7d03df7-3329-4a60-9f5d-8b5aaf82fa6b"
            }
          },
          {
            "sequence": 5,
            "diagnosisReference": {
              "reference": "urn:uuid:f92e487a-5406-4405-b954-ac3acab58b59"
            }
          }
        ],
        "item": [
          {
            "sequence": 1,
            "net": {
              "value": 125.0,
              "system": "urn:iso:std:iso:4217",
              "code": "USD"
            },
            "encounter": [
              {
                "reference": {
                  "fullUrl": "urn:uuid:5492d5ee-24a0-4684-bb29-e5694c6b7803",
                  "resource": {
                    "id": "5492d5ee-24a0-4684-bb29-e5694c6b7803",
                    "meta": {
                      "profile": [
                        "http://standardhealthrecord.org/fhir/StructureDefinition/shr-encounter-Encounter"
                      ]
                    },
                    "status": "finished",
                    "class": {
                      "code": "ambulatory"
                    },
                    "type": [
                      {
                        "coding": [
                          {
                            "system": "http://snomed.info/sct",
                            "code": "308646001"
                          }
                        ],
                        "text": "Death Certification"
                      }
                    ],
                    "subject": {
                      "reference": "urn:uuid:4c77182c-7f5a-4da0-85ef-d910b0c70105"
                    },
                    "period": {
                      "start": "1994-08-31T19:44:51-04:00",
                      "end": "1994-08-31T19:59:51-04:00"
                    },
                    "serviceProvider": {
                      "reference": "urn:uuid:f3bebe90-badc-4d1b-81b1-4dac1c62396a"
                    },
                    "resourceType": "Encounter"
                  }
                }
              }
            ]
          },
          {
            "sequence": 2,
            "diagnosisLinkId": [
              1
            ],
            "net": {
              "value": 0.0,
              "system": "urn:iso:std:iso:4217",
              "code": "USD"
            }
          },
          {
            "sequence": 3,
            "diagnosisLinkId": [
              2
            ],
            "net": {
              "value": 0.0,
              "system": "urn:iso:std:iso:4217",
              "code": "USD"
            }
          },
          {
            "sequence": 4,
            "diagnosisLinkId": [
              3
            ],
            "net": {
              "value": 0.0,
              "system": "urn:iso:std:iso:4217",
              "code": "USD"
            }
          },
          {
            "sequence": 5,
            "diagnosisLinkId": [
              4
            ],
            "net": {
              "value": 0.0,
              "system": "urn:iso:std:iso:4217",
              "code": "USD"
            }
          },
          {
            "sequence": 6,
            "diagnosisLinkId": [
              5
            ],
            "net": {
              "value": 0.0,
              "system": "urn:iso:std:iso:4217",
              "code": "USD"
            }
          }
        ],
        "total": {
          "value": 125.0,
          "system": "urn:iso:std:iso:4217",
          "code": "USD"
        },
        "resourceType": "Claim"
      }
    },
    {
      "fullUrl": "urn:uuid:79ec1057-5609-4ad4-bd2b-d9ccf9d9a077",
      "resource": {
        "id": "79ec1057-5609-4ad4-bd2b-d9ccf9d9a077",
        "meta": {
          "profile": [
            "http://standardhealthrecord.org/fhir/StructureDefinition/shr-problem-Problem"
          ]
        },
        "clinicalStatus": "active",
        "verificationStatus": "confirmed",
        "code": {
          "coding": [
            {
              "system": "http://snomed.info/sct",
              "code": "15777000",
              "display": "Prediabetes"
            }
          ],
          "text": "Prediabetes"
        },
        "subject": {
          "reference": "urn:uuid:4c77182c-7f5a-4da0-85ef-d910b0c70105"
        },
        "context": {
          "reference": "urn:uuid:5492d5ee-24a0-4684-bb29-e5694c6b7803"
        },
        "onsetDateTime": "1957-12-27T09:01:45-05:00",
        "assertedDate": "1957-12-27",
        "resourceType": "Condition"
      }
    },
    {
      "fullUrl": "urn:uuid:69d2d834-fd12-422b-b026-62f3d49ae489",
      "resource": {
        "id": "69d2d834-fd12-422b-b026-62f3d49ae489",
        "meta": {
          "profile": [
            "http://standardhealthrecord.org/fhir/StructureDefinition/shr-problem-Problem"
          ]
        },
        "clinicalStatus": "active",
        "verificationStatus": "confirmed",
        "code": {
          "coding": [
            {
              "system": "http://snomed.info/sct",
              "code": "185086009",
              "display": "Chronic obstructive bronchitis (disorder)"
            }
          ],
          "text": "Chronic obstructive bronchitis (disorder)"
        },
        "subject": {
          "reference": "urn:uuid:4c77182c-7f5a-4da0-85ef-d910b0c70105"
        },
        "context": {
          "reference": "urn:uuid:5492d5ee-24a0-4684-bb29-e5694c6b7803"
        },
        "onsetDateTime": "1979-11-18T19:34:15-05:00",
        "assertedDate": "1979-11-18",
        "resourceType": "Condition"
      }
    },
    {
      "fullUrl": "urn:uuid:52b6a364-4c1b-4efa-97ae-5e048bbf7acc",
      "resource": {
        "id": "52b6a364-4c1b-4efa-97ae-5e048bbf7acc",
        "meta": {
          "profile": [
            "http://standardhealthrecord.org/fhir/StructureDefinition/shr-problem-Problem"
          ]
        },
        "clinicalStatus": "active",
        "verificationStatus": "confirmed",
        "code": {
          "coding": [
            {
              "system": "http://snomed.info/sct",
              "code": "162573006",
              "display": "Suspected lung cancer (situation)"
            }
          ],
          "text": "Suspected lung cancer (situation)"
        },
        "subject": {
          "reference": "urn:uuid:4c77182c-7f5a-4da0-85ef-d910b0c70105"
        },
        "context": {
          "reference": "urn:uuid:5492d5ee-24a0-4684-bb29-e5694c6b7803"
        },
        "onsetDateTime": "1993-11-11T06:58:36-05:00",
        "assertedDate": "1993-11-11",
        "resourceType": "Condition"
      }
    },
    {
      "fullUrl": "urn:uuid:a7d03df7-3329-4a60-9f5d-8b5aaf82fa6b",
      "resource": {
        "id": "a7d03df7-3329-4a60-9f5d-8b5aaf82fa6b",
        "meta": {
          "profile": [
            "http://standardhealthrecord.org/fhir/StructureDefinition/shr-problem-Problem"
          ]
        },
        "clinicalStatus": "active",
        "verificationStatus": "confirmed",
        "code": {
          "coding": [
            {
              "system": "http://snomed.info/sct",
              "code": "254637007",
              "display": "Non-small cell lung cancer (disorder)"
            }
          ],
          "text": "Non-small cell lung cancer (disorder)"
        },
        "subject": {
          "reference": "urn:uuid:4c77182c-7f5a-4da0-85ef-d910b0c70105"
        },
        "context": {
          "reference": "urn:uuid:5492d5ee-24a0-4684-bb29-e5694c6b7803"
        },
        "onsetDateTime": "1993-11-22T17:22:53-05:00",
        "assertedDate": "1993-11-22",
        "resourceType": "Condition"
      }
    },
    {
      "fullUrl": "urn:uuid:f92e487a-5406-4405-b954-ac3acab58b59",
      "resource": {
        "id": "f92e487a-5406-4405-b954-ac3acab58b59",
        "meta": {
          "profile": [
            "http://standardhealthrecord.org/fhir/StructureDefinition/shr-problem-Problem"
          ]
        },
        "clinicalStatus": "active",
        "verificationStatus": "confirmed",
        "code": {
          "coding": [
            {
              "system": "http://snomed.info/sct",
              "code": "423121009",
              "display": "Non-small cell carcinoma of lung, TNM stage 4 (disorder)"
            }
          ],
          "text": "Non-small cell carcinoma of lung, TNM stage 4 (disorder)"
        },
        "subject": {
          "reference": "urn:uuid:4c77182c-7f5a-4da0-85ef-d910b0c70105"
        },
        "context": {
          "reference": "urn:uuid:5492d5ee-24a0-4684-bb29-e5694c6b7803"
        },
        "onsetDateTime": "1993-11-25T06:46:36-05:00",
        "assertedDate": "1993-11-25",
        "resourceType": "Condition"
      }
    },
    {
      "fullUrl": "urn:uuid:36b56542-f208-4972-be47-8543218c656c",
      "resource": {
        "id": "36b56542-f208-4972-be47-8543218c656c",
        "meta": {
          "profile": [
            "http://standardhealthrecord.org/fhir/StructureDefinition/shr-observation-Observation"
          ]
        },
        "status": "final",
        "category": [
          {
            "coding": [
              {
                "system": "http://hl7.org/fhir/observation-category"
              }
            ]
          }
        ],
        "code": {
          "coding": [
            {
              "system": "http://loinc.org",
              "code": "69453-9",
              "display": "Cause of Death [US Standard Certificate of Death]"
            }
          ],
          "text": "Cause of Death [US Standard Certificate of Death]"
        },
        "subject": {
          "reference": "urn:uuid:4c77182c-7f5a-4da0-85ef-d910b0c70105"
        },
        "context": {
          "reference": "urn:uuid:5492d5ee-24a0-4684-bb29-e5694c6b7803"
        },
        "effectiveDateTime": "1994-08-31T19:44:51-04:00",
        "issued": "1994-08-31T19:44:51-04:00",
        "valueCodeableConcept": {
          "coding": [
            {
              "system": "http://snomed.info/sct",
              "code": "254637007",
              "display": "Non-small cell lung cancer (disorder)"
            }
          ],
          "text": "Non-small cell lung cancer (disorder)"
        },
        "resourceType": "Observation"
      }
    },
    {
      "fullUrl": "urn:uuid:8c9ff3a7-d33e-4f3d-8dbb-1d910330df45",
      "resource": {
        "id": "8c9ff3a7-d33e-4f3d-8dbb-1d910330df45",
        "meta": {
          "profile": [
            "http://standardhealthrecord.org/fhir/StructureDefinition/shr-observation-Panel"
          ]
        },
        "status": "final",
        "code": {
          "coding": [
            {
              "system": "http://loinc.org",
              "code": "69409-1",
              "display": "U.S. standard certificate of death - 2003 revision"
            }
          ]
        },
        "subject": {
          "reference": "urn:uuid:4c77182c-7f5a-4da0-85ef-d910b0c70105"
        },
        "context": {
          "reference": "urn:uuid:5492d5ee-24a0-4684-bb29-e5694c6b7803"
        },
        "effectiveDateTime": "1994-08-31T19:44:51-04:00",
        "issued": "1994-08-31T19:44:51-04:00",
        "result": [
          {
            "reference": "urn:uuid:36b56542-f208-4972-be47-8543218c656c",
            "display": "Cause of Death [US Standard Certificate of Death]"
          }
        ],
        "resourceType": "DiagnosticReport"
      }
    },
    {
      "resource": {
        "status": "active",
        "intent": "order",
        "category": [
          {
            "coding": [
              {
                "system": "http://snomed.info/sct",
                "code": "326051000000105",
                "display": "Self care"
              }
            ]
          }
        ],
        "subject": {
          "reference": "urn:uuid:4c77182c-7f5a-4da0-85ef-d910b0c70105"
        },
        "context": {
          "reference": "urn:uuid:5492d5ee-24a0-4684-bb29-e5694c6b7803"
        },
        "period": {
          "start": "1937-03-12"
        },
        "activity": [
          {
            "detail": {
              "code": {
                "coding": [
                  {
                    "system": "http://snomed.info/sct",
                    "code": "58332002",
                    "display": "Allergy education"
                  }
                ]
              },
              "status": "in-progress"
            }
          }
        ],
        "resourceType": "CarePlan"
      }
    },
    {
      "fullUrl": "urn:uuid:0fbe86aa-72fb-4a78-bbf2-1a5cc74f4c44",
      "resource": {
        "id": "0fbe86aa-72fb-4a78-bbf2-1a5cc74f4c44",
        "status": "in-progress",
        "description": {
          "text": "Hemoglobin A1c total in Blood < 7.0"
        },
        "addresses": [
          {
            "reference": "urn:uuid:79ec1057-5609-4ad4-bd2b-d9ccf9d9a077"
          }
        ],
        "resourceType": "Goal"
      }
    },
    {
      "fullUrl": "urn:uuid:35551609-c437-4fcb-8a90-b3a3d2dc8373",
      "resource": {
        "id": "35551609-c437-4fcb-8a90-b3a3d2dc8373",
        "status": "in-progress",
        "description": {
          "text": "Glucose [Mass/volume] in Blood < 108"
        },
        "addresses": [
          {
            "reference": "urn:uuid:79ec1057-5609-4ad4-bd2b-d9ccf9d9a077"
          }
        ],
        "resourceType": "Goal"
      }
    },
    {
      "fullUrl": "urn:uuid:2e5e9be6-6755-49aa-9251-299fdaac731c",
      "resource": {
        "id": "2e5e9be6-6755-49aa-9251-299fdaac731c",
        "status": "in-progress",
        "description": {
          "text": "Maintain blood pressure below 140/90 mmHg"
        },
        "addresses": [
          {
            "reference": "urn:uuid:79ec1057-5609-4ad4-bd2b-d9ccf9d9a077"
          }
        ],
        "resourceType": "Goal"
      }
    },
    {
      "fullUrl": "urn:uuid:23def3a7-bfb3-4c07-b392-32beda890f8e",
      "resource": {
        "id": "23def3a7-bfb3-4c07-b392-32beda890f8e",
        "status": "in-progress",
        "description": {
          "text": "Improve and maintenance of optimal foot health: aim at early detection of peripheral vascular problems and neuropathy presumed due to diabetes; and prevention of diabetic foot ulcer, gangrene"
        },
        "addresses": [
          {
            "reference": "urn:uuid:79ec1057-5609-4ad4-bd2b-d9ccf9d9a077"
          }
        ],
        "resourceType": "Goal"
      }
    },
    {
      "fullUrl": "urn:uuid:e6e95573-738b-48f5-8390-7f71b0acf0f7",
      "resource": {
        "id": "e6e95573-738b-48f5-8390-7f71b0acf0f7",
        "status": "in-progress",
        "description": {
          "text": "Address patient knowledge deficit on diabetic self-care"
        },
        "addresses": [
          {
            "reference": "urn:uuid:79ec1057-5609-4ad4-bd2b-d9ccf9d9a077"
          }
        ],
        "resourceType": "Goal"
      }
    },
    {
      "resource": {
        "status": "active",
        "intent": "order",
        "category": [
          {
            "coding": [
              {
                "system": "http://snomed.info/sct",
                "code": "698360004",
                "display": "Diabetes self management plan"
              }
            ]
          }
        ],
        "subject": {
          "reference": "urn:uuid:4c77182c-7f5a-4da0-85ef-d910b0c70105"
        },
        "context": {
          "reference": "urn:uuid:5492d5ee-24a0-4684-bb29-e5694c6b7803"
        },
        "period": {
          "start": "1957-12-27"
        },
        "addresses": [
          {
            "reference": "urn:uuid:79ec1057-5609-4ad4-bd2b-d9ccf9d9a077"
          }
        ],
        "goal": [
          {
            "reference": "urn:uuid:0fbe86aa-72fb-4a78-bbf2-1a5cc74f4c44"
          },
          {
            "reference": "urn:uuid:35551609-c437-4fcb-8a90-b3a3d2dc8373"
          },
          {
            "reference": "urn:uuid:2e5e9be6-6755-49aa-9251-299fdaac731c"
          },
          {
            "reference": "urn:uuid:23def3a7-bfb3-4c07-b392-32beda890f8e"
          },
          {
            "reference": "urn:uuid:e6e95573-738b-48f5-8390-7f71b0acf0f7"
          }
        ],
        "activity": [
          {
            "detail": {
              "code": {
                "coding": [
                  {
                    "system": "http://snomed.info/sct",
                    "code": "160670007",
                    "display": "Diabetic diet"
                  }
                ]
              },
              "status": "in-progress"
            }
          },
          {
            "detail": {
              "code": {
                "coding": [
                  {
                    "system": "http://snomed.info/sct",
                    "code": "229065009",
                    "display": "Exercise therapy"
                  }
                ]
              },
              "status": "in-progress"
            }
          }
        ],
        "resourceType": "CarePlan"
      }
    },
    {
      "resource": {
        "status": "active",
        "intent": "order",
        "category": [
          {
            "coding": [
              {
                "system": "http://snomed.info/sct",
                "code": "412776001",
                "display": "Chronic obstructive pulmonary disease clinical management plan"
              }
            ]
          }
        ],
        "subject": {
          "reference": "urn:uuid:4c77182c-7f5a-4da0-85ef-d910b0c70105"
        },
        "context": {
          "reference": "urn:uuid:5492d5ee-24a0-4684-bb29-e5694c6b7803"
        },
        "period": {
          "start": "1979-11-18"
        },
        "addresses": [
          {
            "reference": "urn:uuid:69d2d834-fd12-422b-b026-62f3d49ae489"
          }
        ],
        "activity": [
          {
            "detail": {
              "code": {
                "coding": [
                  {
                    "system": "http://snomed.info/sct",
                    "code": "710081004",
                    "display": "Smoking cessation therapy"
                  }
                ]
              },
              "status": "in-progress"
            }
          },
          {
            "detail": {
              "code": {
                "coding": [
                  {
                    "system": "http://snomed.info/sct",
                    "code": "426990007",
                    "display": "Home oxygen therapy (procedure)"
                  }
                ]
              },
              "status": "in-progress"
            }
          }
        ],
        "resourceType": "CarePlan"
      }
    },
    {
      "resource": {
        "status": "active",
        "intent": "order",
        "category": [
          {
            "coding": [
              {
                "system": "http://snomed.info/sct",
                "code": "182964004",
                "display": "Terminal care"
              }
            ]
          }
        ],
        "subject": {
          "reference": "urn:uuid:4c77182c-7f5a-4da0-85ef-d910b0c70105"
        },
        "context": {
          "reference": "urn:uuid:5492d5ee-24a0-4684-bb29-e5694c6b7803"
        },
        "period": {
          "start": "1993-11-25"
        },
        "addresses": [
          {
            "reference": "urn:uuid:f92e487a-5406-4405-b954-ac3acab58b59"
          }
        ],
        "activity": [
          {
            "detail": {
              "code": {
                "coding": [
                  {
                    "system": "http://snomed.info/sct",
                    "code": "133918004",
                    "display": "Comfort measures"
                  }
                ]
              },
              "status": "in-progress"
            }
          },
          {
            "detail": {
              "code": {
                "coding": [
                  {
                    "system": "http://snomed.info/sct",
                    "code": "408957008",
                    "display": "Chronic pain control management"
                  }
                ]
              },
              "status": "in-progress"
            }
          },
          {
            "detail": {
              "code": {
                "coding": [
                  {
                    "system": "http://snomed.info/sct",
                    "code": "243072006",
                    "display": "Cancer education"
                  }
                ]
              },
              "status": "in-progress"
            }
          }
        ],
        "resourceType": "CarePlan"
      }
    },
    {
      "fullUrl": "urn:uuid:a1a8eacc-1cb6-47dc-92ad-15393d7e200f",
      "resource": {
        "id": "a1a8eacc-1cb6-47dc-92ad-15393d7e200f",
        "meta": {
          "profile": [
            "http://standardhealthrecord.org/fhir/StructureDefinition/shr-medication-MedicationPrescription"
          ]
        },
        "extension": [
          {
            "url": "http://standardhealthrecord.org/fhir/StructureDefinition/shr-base-ActionCode-extension",
            "valueCodeableConcept": {
              "coding": [
                {
                  "system": "http://snomed.info/sct",
                  "code": "33633005",
                  "display": "Prescription of drug (procedure)"
                }
              ],
              "text": "Prescription of drug (procedure)"
            }
          }
        ],
        "status": "active",
        "intent": "order",
        "medicationCodeableConcept": {
          "coding": [
            {
              "system": "http://www.nlm.nih.gov/research/umls/rxnorm",
              "code": "834101",
              "display": "Penicillin V Potassium 500 MG"
            }
          ],
          "text": "Penicillin V Potassium 500 MG"
        },
        "subject": {
          "reference": "urn:uuid:4c77182c-7f5a-4da0-85ef-d910b0c70105"
        },
        "context": {
          "reference": "urn:uuid:5492d5ee-24a0-4684-bb29-e5694c6b7803"
        },
        "authoredOn": "1960-07-12",
        "resourceType": "MedicationRequest"
      }
    },
    {
      "fullUrl": "urn:uuid:c7dccf71-96f6-424e-8b40-297b4a49a4c4",
      "resource": {
        "id": "c7dccf71-96f6-424e-8b40-297b4a49a4c4",
        "status": "active",
        "use": "complete",
        "patient": {
          "reference": "urn:uuid:4c77182c-7f5a-4da0-85ef-d910b0c70105"
        },
        "billablePeriod": {
          "start": "1994-08-31T19:44:51-04:00",
          "end": "1994-08-31T19:59:51-04:00"
        },
        "organization": {
          "reference": {
            "reference": "urn:uuid:f3bebe90-badc-4d1b-81b1-4dac1c62396a"
          }
        },
        "prescription": {
          "reference": "urn:uuid:a1a8eacc-1cb6-47dc-92ad-15393d7e200f"
        },
        "item": [
          {
            "sequence": 1,
            "net": {
              "value": 125.0,
              "system": "urn:iso:std:iso:4217",
              "code": "USD"
            },
            "encounter": [
              {
                "reference": {
                  "fullUrl": "urn:uuid:5492d5ee-24a0-4684-bb29-e5694c6b7803",
                  "resource": {
                    "id": "5492d5ee-24a0-4684-bb29-e5694c6b7803",
                    "meta": {
                      "profile": [
                        "http://standardhealthrecord.org/fhir/StructureDefinition/shr-encounter-Encounter"
                      ]
                    },
                    "status": "finished",
                    "class": {
                      "code": "ambulatory"
                    },
                    "type": [
                      {
                        "coding": [
                          {
                            "system": "http://snomed.info/sct",
                            "code": "308646001"
                          }
                        ],
                        "text": "Death Certification"
                      }
                    ],
                    "subject": {
                      "reference": "urn:uuid:4c77182c-7f5a-4da0-85ef-d910b0c70105"
                    },
                    "period": {
                      "start": "1994-08-31T19:44:51-04:00",
                      "end": "1994-08-31T19:59:51-04:00"
                    },
                    "serviceProvider": {
                      "reference": "urn:uuid:f3bebe90-badc-4d1b-81b1-4dac1c62396a"
                    },
                    "resourceType": "Encounter"
                  }
                }
              }
            ]
          },
          {
            "sequence": 1,
            "net": {
              "value": 255.0,
              "system": "urn:iso:std:iso:4217",
              "code": "USD"
            }
          }
        ],
        "total": {
          "value": 255.0,
          "system": "urn:iso:std:iso:4217",
          "code": "USD"
        },
        "resourceType": "Claim"
      }
    },
    {
      "fullUrl": "urn:uuid:a8400555-372f-49ab-9398-0766df8659af",
      "resource": {
        "id": "a8400555-372f-49ab-9398-0766df8659af",
        "meta": {
          "profile": [
            "http://standardhealthrecord.org/fhir/StructureDefinition/shr-medication-MedicationPrescription"
          ]
        },
        "extension": [
          {
            "url": "http://standardhealthrecord.org/fhir/StructureDefinition/shr-base-ActionCode-extension",
            "valueCodeableConcept": {
              "coding": [
                {
                  "system": "http://snomed.info/sct",
                  "code": "33633005",
                  "display": "Prescription of drug (procedure)"
                }
              ],
              "text": "Prescription of drug (procedure)"
            }
          }
        ],
        "status": "active",
        "intent": "order",
        "medicationCodeableConcept": {
          "coding": [
            {
              "system": "http://www.nlm.nih.gov/research/umls/rxnorm",
              "code": "896188",
              "display": "Fluticasone propionate 0.25 MG/ACTUAT / salmeterol 0.05 MG/ACTUAT [Advair]"
            }
          ],
          "text": "Fluticasone propionate 0.25 MG/ACTUAT / salmeterol 0.05 MG/ACTUAT [Advair]"
        },
        "subject": {
          "reference": "urn:uuid:4c77182c-7f5a-4da0-85ef-d910b0c70105"
        },
        "context": {
          "reference": "urn:uuid:5492d5ee-24a0-4684-bb29-e5694c6b7803"
        },
        "authoredOn": "1980-11-10",
        "reasonReference": [
          {
            "reference": "urn:uuid:69d2d834-fd12-422b-b026-62f3d49ae489"
          }
        ],
        "resourceType": "MedicationRequest"
      }
    },
    {
      "fullUrl": "urn:uuid:b87e8ec2-5cef-4f76-95de-90426c262542",
      "resource": {
        "id": "b87e8ec2-5cef-4f76-95de-90426c262542",
        "status": "active",
        "use": "complete",
        "patient": {
          "reference": "urn:uuid:4c77182c-7f5a-4da0-85ef-d910b0c70105"
        },
        "billablePeriod": {
          "start": "1994-08-31T19:44:51-04:00",
          "end": "1994-08-31T19:59:51-04:00"
        },
        "organization": {
          "reference": {
            "reference": "urn:uuid:f3bebe90-badc-4d1b-81b1-4dac1c62396a"
          }
        },
        "prescription": {
          "reference": "urn:uuid:a8400555-372f-49ab-9398-0766df8659af"
        },
        "item": [
          {
            "sequence": 1,
            "net": {
              "value": 125.0,
              "system": "urn:iso:std:iso:4217",
              "code": "USD"
            },
            "encounter": [
              {
                "reference": {
                  "fullUrl": "urn:uuid:5492d5ee-24a0-4684-bb29-e5694c6b7803",
                  "resource": {
                    "id": "5492d5ee-24a0-4684-bb29-e5694c6b7803",
                    "meta": {
                      "profile": [
                        "http://standardhealthrecord.org/fhir/StructureDefinition/shr-encounter-Encounter"
                      ]
                    },
                    "status": "finished",
                    "class": {
                      "code": "ambulatory"
                    },
                    "type": [
                      {
                        "coding": [
                          {
                            "system": "http://snomed.info/sct",
                            "code": "308646001"
                          }
                        ],
                        "text": "Death Certification"
                      }
                    ],
                    "subject": {
                      "reference": "urn:uuid:4c77182c-7f5a-4da0-85ef-d910b0c70105"
                    },
                    "period": {
                      "start": "1994-08-31T19:44:51-04:00",
                      "end": "1994-08-31T19:59:51-04:00"
                    },
                    "serviceProvider": {
                      "reference": "urn:uuid:f3bebe90-badc-4d1b-81b1-4dac1c62396a"
                    },
                    "resourceType": "Encounter"
                  }
                }
              }
            ]
          },
          {
            "sequence": 1,
            "net": {
              "value": 255.0,
              "system": "urn:iso:std:iso:4217",
              "code": "USD"
            }
          }
        ],
        "total": {
          "value": 255.0,
          "system": "urn:iso:std:iso:4217",
          "code": "USD"
        },
        "resourceType": "Claim"
      }
    },
    {
      "fullUrl": "urn:uuid:202720dd-305e-4218-bbe0-a107cc8c79a3",
      "resource": {
        "id": "202720dd-305e-4218-bbe0-a107cc8c79a3",
        "meta": {
          "profile": [
            "http://standardhealthrecord.org/fhir/StructureDefinition/shr-observation-Observation"
          ]
        },
        "status": "final",
        "category": [
          {
            "coding": [
              {
                "system": "http://hl7.org/fhir/observation-category",
                "code": "survey"
              }
            ]
          }
        ],
        "code": {
          "coding": [
            {
              "system": "http://snomed.info/sct",
              "code": "273724008",
              "display": "Quality adjusted life years"
            }
          ],
          "text": "Quality adjusted life years"
        },
        "subject": {
          "reference": "urn:uuid:4c77182c-7f5a-4da0-85ef-d910b0c70105"
        },
        "effectiveDateTime": "2017-10-31T16:09:28-04:00",
        "issued": "2017-10-31T16:09:28-04:00",
        "valueQuantity": {
          "value": 57.49302634007856,
          "unit": "years",
          "system": "http://unitsofmeasure.org/",
          "code": "years"
        },
        "resourceType": "Observation"
      }
    },
    {
      "fullUrl": "urn:uuid:9fb0c781-cf88-4d33-bd9b-4d50270fc65e",
      "resource": {
        "id": "9fb0c781-cf88-4d33-bd9b-4d50270fc65e",
        "meta": {
          "profile": [
            "http://standardhealthrecord.org/fhir/StructureDefinition/shr-observation-Observation"
          ]
        },
        "status": "final",
        "category": [
          {
            "coding": [
              {
                "system": "http://hl7.org/fhir/observation-category",
                "code": "survey"
              }
            ]
          }
        ],
        "code": {
          "coding": [
            {
              "system": "http://snomed.info/sct",
              "code": "273421001",
              "display": "Disability rating scale"
            }
          ],
          "text": "Disability rating scale"
        },
        "subject": {
          "reference": "urn:uuid:4c77182c-7f5a-4da0-85ef-d910b0c70105"
        },
        "effectiveDateTime": "2017-10-31T16:09:28-04:00",
        "issued": "2017-10-31T16:09:28-04:00",
        "valueQuantity": {
          "value": 31.174973659921438,
          "unit": "years",
          "system": "http://unitsofmeasure.org/",
          "code": "years"
        },
        "resourceType": "Observation"
      }
    }
  ],
  "resourceType": "Bundle"
}