{
  "type": "collection",
  "entry": [
    {
      "fullUrl": "urn:uuid:066fd854-74ed-461d-ad23-39a035c923d5",
      "resource": {
        "id": "066fd854-74ed-461d-ad23-39a035c923d5",
        "meta": {
          "profile": [
            "http://standardhealthrecord.org/fhir/StructureDefinition/shr-actor-Organization"
          ]
        },
        "type": [
          {
            "coding": [
              {
                "system": "http://hl7.org/fhir/organization-type",
                "code": "prov",
                "display": "Healthcare Provider"
              }
            ],
            "text": "Healthcare Provider"
          }
        ],
        "name": "NORTH SHORE MED CTR PT SVC CTR BLOO",
        "resourceType": "Organization"
      }
    },
    {
      "fullUrl": "urn:uuid:3fd984d7-df5c-44e5-af98-79f9416f309f",
      "resource": {
        "id": "3fd984d7-df5c-44e5-af98-79f9416f309f",
        "meta": {
          "profile": [
            "http://standardhealthrecord.org/fhir/StructureDefinition/shr-demographics-PersonOfRecord"
          ]
        },
        "text": {
          "status": "generated",
          "div": "<div xmlns=\"http://www.w3.org/1999/xhtml\">Generated by <a href=\"https://github.com/synthetichealth/synthea\">Synthea</a>. Version identifier: 368ac389f34cd3ce3986aa3a0a08e467bf574db3</div>"
        },
        "extension": [
          {
            "url": "http://hl7.org/fhir/us/core/StructureDefinition/us-core-race",
            "valueCodeableConcept": {
              "coding": [
                {
                  "system": "http://hl7.org/fhir/v3/Race",
                  "code": "2106-3",
                  "display": "White"
                }
              ],
              "text": "race"
            }
          },
          {
            "url": "http://hl7.org/fhir/us/core/StructureDefinition/us-core-ethnicity",
            "valueCodeableConcept": {
              "coding": [
                {
                  "system": "http://hl7.org/fhir/v3/Ethnicity",
                  "code": "2186-5",
                  "display": "Nonhispanic"
                }
              ],
              "text": "ethnicity"
            }
          },
          {
            "url": "http://hl7.org/fhir/StructureDefinition/birthPlace",
            "valueAddress": {
              "city": "Holden",
              "state": "MA",
              "country": "US"
            }
          },
          {
            "url": "http://hl7.org/fhir/StructureDefinition/patient-mothersMaidenName",
            "valueString": "Felisa292 Renner298"
          },
          {
            "url": "http://hl7.org/fhir/us/core/StructureDefinition/us-core-birthsex",
            "valueCode": "F"
          },
          {
            "url": "http://hl7.org/fhir/StructureDefinition/patient-interpreterRequired",
            "valueBoolean": false
          },
          {
            "url": "http://standardhealthrecord.org/fhir/StructureDefinition/shr-actor-FictionalPerson-extension",
            "valueBoolean": true
          },
          {
            "url": "http://standardhealthrecord.org/fhir/StructureDefinition/shr-demographics-FathersName-extension",
            "valueHumanName": {
              "text": "Arlie954 Luettgen263"
            }
          },
          {
            "url": "http://standardhealthrecord.org/fhir/StructureDefinition/shr-demographics-SocialSecurityNumber-extension",
            "valueString": "999-73-8268"
          }
        ],
        "identifier": [
          {
            "system": "https://github.com/synthetichealth/synthea",
            "value": "7641f0e5-4672-452c-9ca6-be74f0926b5e"
          },
          {
            "type": {
              "coding": [
                {
                  "system": "http://hl7.org/fhir/identifier-type",
                  "code": "SB"
                }
              ]
            },
            "system": "http://hl7.org/fhir/sid/us-ssn",
            "value": "999738268"
          },
          {
            "type": {
              "coding": [
                {
                  "system": "http://hl7.org/fhir/v2/0203",
                  "code": "DL"
                }
              ]
            },
            "system": "urn:oid:2.16.840.1.113883.4.3.25",
            "value": "S99911472"
          },
          {
            "type": {
              "coding": [
                {
                  "system": "http://hl7.org/fhir/v2/0203",
                  "code": "MR"
                }
              ]
            },
            "system": "http://hospital.smarthealthit.org",
            "value": "7641f0e5-4672-452c-9ca6-be74f0926b5e"
          }
        ],
        "name": [
          {
            "use": "official",
            "family": "Beer862",
            "given": [
              "Kyung154"
            ],
            "prefix": [
              "Mrs."
            ]
          },
          {
            "use": "maiden",
            "family": "Luettgen263",
            "given": [
              "Kyung154"
            ]
          }
        ],
        "telecom": [
          {
            "system": "phone",
            "value": "842.062.5946",
            "use": "home"
          }
        ],
        "gender": "female",
        "birthDate": "1931-07-05",
        "deceasedDateTime": "2007-02-04T20:17:25-05:00",
        "address": [
          {
            "extension": [
              {
                "extension": [
                  {
                    "url": "latitude",
                    "valueDecimal": 42.45459273603809
                  },
                  {
                    "url": "longitude",
                    "valueDecimal": -71.02465841015248
                  }
                ],
                "url": "http://hl7.org/fhir/StructureDefinition/geolocation"
              }
            ],
            "line": [
              "67040 Frankie Springs"
            ],
            "city": "Saugus",
            "state": "MA",
            "postalCode": "01906",
            "country": "US"
          }
        ],
        "maritalStatus": {
          "coding": [
            {
              "system": "http://hl7.org/fhir/v3/MaritalStatus",
              "code": "M"
            }
          ],
          "text": "M"
        },
        "multipleBirthBoolean": false,
        "communication": [
          {
            "language": {
              "coding": [
                {
                  "system": "http://hl7.org/fhir/ValueSet/languages",
                  "code": "en-US",
                  "display": "English (United States)"
                }
              ]
            }
          }
        ],
        "generalPractitioner": [
          {
            "reference": "urn:uuid:066fd854-74ed-461d-ad23-39a035c923d5"
          }
        ],
        "resourceType": "Patient"
      }
    },
    {
      "fullUrl": "urn:uuid:753c2d6d-68fd-464a-883e-314febc3022e",
      "resource": {
        "id": "753c2d6d-68fd-464a-883e-314febc3022e",
        "meta": {
          "profile": [
            "http://standardhealthrecord.org/fhir/StructureDefinition/shr-encounter-Encounter"
          ]
        },
        "status": "finished",
        "class": {
          "code": "ambulatory"
        },
        "type": [
          {
            "coding": [
              {
                "system": "http://snomed.info/sct",
                "code": "308646001"
              }
            ],
            "text": "Death Certification"
          }
        ],
        "subject": {
          "reference": "urn:uuid:3fd984d7-df5c-44e5-af98-79f9416f309f"
        },
        "period": {
          "start": "2007-02-04T20:17:25-05:00",
          "end": "2007-02-04T20:32:25-05:00"
        },
        "serviceProvider": {
          "reference": "urn:uuid:066fd854-74ed-461d-ad23-39a035c923d5"
        },
        "resourceType": "Encounter"
      }
    },
    {
      "fullUrl": "urn:uuid:7399421a-df60-4bf3-92bd-0be6fe3f949d",
      "resource": {
        "id": "7399421a-df60-4bf3-92bd-0be6fe3f949d",
        "status": "active",
        "use": "complete",
        "patient": {
          "reference": "urn:uuid:3fd984d7-df5c-44e5-af98-79f9416f309f"
        },
        "billablePeriod": {
          "start": "2007-02-04T20:17:25-05:00",
          "end": "2007-02-04T20:32:25-05:00"
        },
        "organization": {
          "reference": {
            "reference": "urn:uuid:066fd854-74ed-461d-ad23-39a035c923d5"
          }
        },
        "diagnosis": [
          {
            "sequence": 1,
            "diagnosisReference": {
              "reference": "urn:uuid:70ce39f3-f3ad-4787-8c0a-5b75d24f2556"
            }
          },
          {
            "sequence": 2,
            "diagnosisReference": {
              "reference": "urn:uuid:df431715-65a5-42a8-bc3b-2c6d1de5878a"
            }
          }
        ],
        "item": [
          {
            "sequence": 1,
            "net": {
              "value": 125.0,
              "system": "urn:iso:std:iso:4217",
              "code": "USD"
            },
            "encounter": [
              {
                "reference": {
                  "fullUrl": "urn:uuid:753c2d6d-68fd-464a-883e-314febc3022e",
                  "resource": {
                    "id": "753c2d6d-68fd-464a-883e-314febc3022e",
                    "meta": {
                      "profile": [
                        "http://standardhealthrecord.org/fhir/StructureDefinition/shr-encounter-Encounter"
                      ]
                    },
                    "status": "finished",
                    "class": {
                      "code": "ambulatory"
                    },
                    "type": [
                      {
                        "coding": [
                          {
                            "system": "http://snomed.info/sct",
                            "code": "308646001"
                          }
                        ],
                        "text": "Death Certification"
                      }
                    ],
                    "subject": {
                      "reference": "urn:uuid:3fd984d7-df5c-44e5-af98-79f9416f309f"
                    },
                    "period": {
                      "start": "2007-02-04T20:17:25-05:00",
                      "end": "2007-02-04T20:32:25-05:00"
                    },
                    "serviceProvider": {
                      "reference": "urn:uuid:066fd854-74ed-461d-ad23-39a035c923d5"
                    },
                    "resourceType": "Encounter"
                  }
                }
              }
            ]
          },
          {
            "sequence": 2,
            "diagnosisLinkId": [
              1
            ],
            "net": {
              "value": 0.0,
              "system": "urn:iso:std:iso:4217",
              "code": "USD"
            }
          },
          {
            "sequence": 3,
            "diagnosisLinkId": [
              2
            ],
            "net": {
              "value": 0.0,
              "system": "urn:iso:std:iso:4217",
              "code": "USD"
            }
          }
        ],
        "total": {
          "value": 125.0,
          "system": "urn:iso:std:iso:4217",
          "code": "USD"
        },
        "resourceType": "Claim"
      }
    },
    {
      "fullUrl": "urn:uuid:70ce39f3-f3ad-4787-8c0a-5b75d24f2556",
      "resource": {
        "id": "70ce39f3-f3ad-4787-8c0a-5b75d24f2556",
        "meta": {
          "profile": [
            "http://standardhealthrecord.org/fhir/StructureDefinition/shr-problem-Problem"
          ]
        },
        "clinicalStatus": "active",
        "verificationStatus": "confirmed",
        "code": {
          "coding": [
            {
              "system": "http://snomed.info/sct",
              "code": "197927001",
              "display": "Recurrent urinary tract infection"
            }
          ],
          "text": "Recurrent urinary tract infection"
        },
        "subject": {
          "reference": "urn:uuid:3fd984d7-df5c-44e5-af98-79f9416f309f"
        },
        "context": {
          "reference": "urn:uuid:753c2d6d-68fd-464a-883e-314febc3022e"
        },
        "onsetDateTime": "1963-06-07T16:57:11-04:00",
        "assertedDate": "1963-06-07",
        "resourceType": "Condition"
      }
    },
    {
      "fullUrl": "urn:uuid:df431715-65a5-42a8-bc3b-2c6d1de5878a",
      "resource": {
        "id": "df431715-65a5-42a8-bc3b-2c6d1de5878a",
        "meta": {
          "profile": [
            "http://standardhealthrecord.org/fhir/StructureDefinition/shr-problem-Problem"
          ]
        },
        "clinicalStatus": "active",
        "verificationStatus": "confirmed",
        "code": {
          "coding": [
            {
              "system": "http://snomed.info/sct",
              "code": "230690007",
              "display": "Stroke"
            }
          ],
          "text": "Stroke"
        },
        "subject": {
          "reference": "urn:uuid:3fd984d7-df5c-44e5-af98-79f9416f309f"
        },
        "context": {
          "reference": "urn:uuid:753c2d6d-68fd-464a-883e-314febc3022e"
        },
        "onsetDateTime": "2005-07-31T20:17:25-04:00",
        "assertedDate": "2005-07-31",
        "resourceType": "Condition"
      }
    },
    {
      "fullUrl": "urn:uuid:9a7605ae-af30-4086-9b16-ac4a0869569c",
      "resource": {
        "id": "9a7605ae-af30-4086-9b16-ac4a0869569c",
        "meta": {
          "profile": [
            "http://standardhealthrecord.org/fhir/StructureDefinition/shr-observation-Observation"
          ]
        },
        "status": "final",
        "category": [
          {
            "coding": [
              {
                "system": "http://hl7.org/fhir/observation-category"
              }
            ]
          }
        ],
        "code": {
          "coding": [
            {
              "system": "http://loinc.org",
              "code": "69453-9",
              "display": "Cause of Death [US Standard Certificate of Death]"
            }
          ],
          "text": "Cause of Death [US Standard Certificate of Death]"
        },
        "subject": {
          "reference": "urn:uuid:3fd984d7-df5c-44e5-af98-79f9416f309f"
        },
        "context": {
          "reference": "urn:uuid:753c2d6d-68fd-464a-883e-314febc3022e"
        },
        "effectiveDateTime": "2007-02-04T20:17:25-05:00",
        "issued": "2007-02-04T20:17:25-05:00",
        "valueCodeableConcept": {
          "coding": [
            {
              "system": "http://snomed.info/sct",
              "code": "9855000",
              "display": "Natural death with unknown cause"
            }
          ],
          "text": "Natural death with unknown cause"
        },
        "resourceType": "Observation"
      }
    },
    {
      "fullUrl": "urn:uuid:74420e86-54a6-4ab3-b17b-89f686da3ee8",
      "resource": {
        "id": "74420e86-54a6-4ab3-b17b-89f686da3ee8",
        "meta": {
          "profile": [
            "http://standardhealthrecord.org/fhir/StructureDefinition/shr-observation-Panel"
          ]
        },
        "status": "final",
        "code": {
          "coding": [
            {
              "system": "http://loinc.org",
              "code": "69409-1",
              "display": "U.S. standard certificate of death - 2003 revision"
            }
          ]
        },
        "subject": {
          "reference": "urn:uuid:3fd984d7-df5c-44e5-af98-79f9416f309f"
        },
        "context": {
          "reference": "urn:uuid:753c2d6d-68fd-464a-883e-314febc3022e"
        },
        "effectiveDateTime": "2007-02-04T20:17:25-05:00",
        "issued": "2007-02-04T20:17:25-05:00",
        "result": [
          {
            "reference": "urn:uuid:9a7605ae-af30-4086-9b16-ac4a0869569c",
            "display": "Cause of Death [US Standard Certificate of Death]"
          }
        ],
        "resourceType": "DiagnosticReport"
      }
    },
    {
      "resource": {
        "status": "active",
        "intent": "order",
        "category": [
          {
            "coding": [
              {
                "system": "http://snomed.info/sct",
                "code": "698358001",
                "display": "Angina self management plan"
              }
            ]
          }
        ],
        "subject": {
          "reference": "urn:uuid:3fd984d7-df5c-44e5-af98-79f9416f309f"
        },
        "context": {
          "reference": "urn:uuid:753c2d6d-68fd-464a-883e-314febc3022e"
        },
        "period": {
          "start": "2005-08-25"
        },
        "addresses": [
          {
            "reference": "urn:uuid:df431715-65a5-42a8-bc3b-2c6d1de5878a"
          }
        ],
        "activity": [
          {
            "detail": {
              "code": {
                "coding": [
                  {
                    "system": "http://snomed.info/sct",
                    "code": "229065009",
                    "display": "Exercise therapy"
                  }
                ]
              },
              "status": "in-progress"
            }
          },
          {
            "detail": {
              "code": {
                "coding": [
                  {
                    "system": "http://snomed.info/sct",
                    "code": "226060000",
                    "display": "Stress management"
                  }
                ]
              },
              "status": "in-progress"
            }
          },
          {
            "detail": {
              "code": {
                "coding": [
                  {
                    "system": "http://snomed.info/sct",
                    "code": "710081004",
                    "display": "Smoking cessation therapy"
                  }
                ]
              },
              "status": "in-progress"
            }
          },
          {
            "detail": {
              "code": {
                "coding": [
                  {
                    "system": "http://snomed.info/sct",
                    "code": "226234005",
                    "display": "Healthy diet"
                  }
                ]
              },
              "status": "in-progress"
            }
          }
        ],
        "resourceType": "CarePlan"
      }
    },
    {
      "fullUrl": "urn:uuid:9c45b998-7d5c-4779-89f0-ea5d39c67973",
      "resource": {
        "id": "9c45b998-7d5c-4779-89f0-ea5d39c67973",
        "meta": {
          "profile": [
            "http://standardhealthrecord.org/fhir/StructureDefinition/shr-observation-Observation"
          ]
        },
        "status": "final",
        "category": [
          {
            "coding": [
              {
                "system": "http://hl7.org/fhir/observation-category",
                "code": "survey"
              }
            ]
          }
        ],
        "code": {
          "coding": [
            {
              "system": "http://snomed.info/sct",
              "code": "273724008",
              "display": "Quality adjusted life years"
            }
          ],
          "text": "Quality adjusted life years"
        },
        "subject": {
          "reference": "urn:uuid:3fd984d7-df5c-44e5-af98-79f9416f309f"
        },
        "effectiveDateTime": "2017-10-31T16:09:28-04:00",
        "issued": "2017-10-31T16:09:28-04:00",
        "valueQuantity": {
          "value": 72.72165490386934,
          "unit": "years",
          "system": "http://unitsofmeasure.org/",
          "code": "years"
        },
        "resourceType": "Observation"
      }
    },
    {
      "fullUrl": "urn:uuid:37afc437-912d-4895-b1c6-7b3665b8bc97",
      "resource": {
        "id": "37afc437-912d-4895-b1c6-7b3665b8bc97",
        "meta": {
          "profile": [
            "http://standardhealthrecord.org/fhir/StructureDefinition/shr-observation-Observation"
          ]
        },
        "status": "final",
        "category": [
          {
            "coding": [
              {
                "system": "http://hl7.org/fhir/observation-category",
                "code": "survey"
              }
            ]
          }
        ],
        "code": {
          "coding": [
            {
              "system": "http://snomed.info/sct",
              "code": "273421001",
              "display": "Disability rating scale"
            }
          ],
          "text": "Disability rating scale"
        },
        "subject": {
          "reference": "urn:uuid:3fd984d7-df5c-44e5-af98-79f9416f309f"
        },
        "effectiveDateTime": "2017-10-31T16:09:28-04:00",
        "issued": "2017-10-31T16:09:28-04:00",
        "valueQuantity": {
          "value": 19.61084509613068,
          "unit": "years",
          "system": "http://unitsofmeasure.org/",
          "code": "years"
        },
        "resourceType": "Observation"
      }
    }
  ],
  "resourceType": "Bundle"
}