{
  "type": "collection",
  "entry": [
    {
      "fullUrl": "urn:uuid:122a7c36-4f1b-46d1-8dba-e2fe5118bd2d",
      "resource": {
        "id": "122a7c36-4f1b-46d1-8dba-e2fe5118bd2d",
        "meta": {
          "profile": [
            "http://standardhealthrecord.org/fhir/StructureDefinition/shr-actor-Organization"
          ]
        },
        "type": [
          {
            "coding": [
              {
                "system": "http://hl7.org/fhir/organization-type",
                "code": "prov",
                "display": "Healthcare Provider"
              }
            ],
            "text": "Healthcare Provider"
          }
        ],
        "name": "MANCHESTER RADIOLOGY SERVICES",
        "resourceType": "Organization"
      }
    },
    {
      "fullUrl": "urn:uuid:e0cb68d2-e975-4f95-828a-cfa1e33fadab",
      "resource": {
        "id": "e0cb68d2-e975-4f95-828a-cfa1e33fadab",
        "meta": {
          "profile": [
            "http://standardhealthrecord.org/fhir/StructureDefinition/shr-demographics-PersonOfRecord"
          ]
        },
        "text": {
          "status": "generated",
          "div": "<div xmlns=\"http://www.w3.org/1999/xhtml\">Generated by <a href=\"https://github.com/synthetichealth/synthea\">Synthea</a>. Version identifier: 368ac389f34cd3ce3986aa3a0a08e467bf574db3</div>"
        },
        "extension": [
          {
            "url": "http://hl7.org/fhir/us/core/StructureDefinition/us-core-race",
            "valueCodeableConcept": {
              "coding": [
                {
                  "system": "http://hl7.org/fhir/v3/Race",
                  "code": "2106-3",
                  "display": "White"
                }
              ],
              "text": "race"
            }
          },
          {
            "url": "http://hl7.org/fhir/us/core/StructureDefinition/us-core-ethnicity",
            "valueCodeableConcept": {
              "coding": [
                {
                  "system": "http://hl7.org/fhir/v3/Ethnicity",
                  "code": "2186-5",
                  "display": "Nonhispanic"
                }
              ],
              "text": "ethnicity"
            }
          },
          {
            "url": "http://hl7.org/fhir/StructureDefinition/birthPlace",
            "valueAddress": {
              "city": "Salisbury",
              "state": "MA",
              "country": "US"
            }
          },
          {
            "url": "http://hl7.org/fhir/StructureDefinition/patient-mothersMaidenName",
            "valueString": "Dori898 Ullrich983"
          },
          {
            "url": "http://hl7.org/fhir/us/core/StructureDefinition/us-core-birthsex",
            "valueCode": "M"
          },
          {
            "url": "http://hl7.org/fhir/StructureDefinition/patient-interpreterRequired",
            "valueBoolean": false
          },
          {
            "url": "http://standardhealthrecord.org/fhir/StructureDefinition/shr-actor-FictionalPerson-extension",
            "valueBoolean": true
          },
          {
            "url": "http://standardhealthrecord.org/fhir/StructureDefinition/shr-demographics-FathersName-extension",
            "valueHumanName": {
              "text": "Jospeh908 Beier2"
            }
          },
          {
            "url": "http://standardhealthrecord.org/fhir/StructureDefinition/shr-demographics-SocialSecurityNumber-extension",
            "valueString": "999-10-2648"
          }
        ],
        "identifier": [
          {
            "system": "https://github.com/synthetichealth/synthea",
            "value": "086e5145-c0f2-4c33-bef6-055de9045242"
          },
          {
            "type": {
              "coding": [
                {
                  "system": "http://hl7.org/fhir/identifier-type",
                  "code": "SB"
                }
              ]
            },
            "system": "http://hl7.org/fhir/sid/us-ssn",
            "value": "999102648"
          },
          {
            "type": {
              "coding": [
                {
                  "system": "http://hl7.org/fhir/v2/0203",
                  "code": "DL"
                }
              ]
            },
            "system": "urn:oid:2.16.840.1.113883.4.3.25",
            "value": "S99962486"
          },
          {
            "type": {
              "coding": [
                {
                  "system": "http://hl7.org/fhir/v2/0203",
                  "code": "PPN"
                }
              ]
            },
            "system": "http://standardhealthrecord.org/fhir/StructureDefinition/passportNumber",
            "value": "X71403955X"
          },
          {
            "type": {
              "coding": [
                {
                  "system": "http://hl7.org/fhir/v2/0203",
                  "code": "MR"
                }
              ]
            },
            "system": "http://hospital.smarthealthit.org",
            "value": "086e5145-c0f2-4c33-bef6-055de9045242"
          }
        ],
        "name": [
          {
            "use": "official",
            "family": "Beier2",
            "given": [
              "Ellsworth98"
            ],
            "prefix": [
              "Mr."
            ]
          }
        ],
        "telecom": [
          {
            "system": "phone",
            "value": "760-192-2371 x1721",
            "use": "home"
          }
        ],
        "gender": "male",
        "birthDate": "1988-08-18",
        "address": [
          {
            "extension": [
              {
                "extension": [
                  {
                    "url": "latitude",
                    "valueDecimal": 42.567460648118086
                  },
                  {
                    "url": "longitude",
                    "valueDecimal": -70.72324154913454
                  }
                ],
                "url": "http://hl7.org/fhir/StructureDefinition/geolocation"
              }
            ],
            "line": [
              "71359 Fritsch Dam",
              "Suite 196"
            ],
            "city": "Manchester-by-the-Sea",
            "state": "MA",
            "postalCode": "01944",
            "country": "US"
          }
        ],
        "maritalStatus": {
          "coding": [
            {
              "system": "http://hl7.org/fhir/v3/MaritalStatus",
              "code": "M"
            }
          ],
          "text": "M"
        },
        "multipleBirthBoolean": false,
        "communication": [
          {
            "language": {
              "coding": [
                {
                  "system": "http://hl7.org/fhir/ValueSet/languages",
                  "code": "en-US",
                  "display": "English (United States)"
                }
              ]
            }
          }
        ],
        "generalPractitioner": [
          {
            "reference": "urn:uuid:122a7c36-4f1b-46d1-8dba-e2fe5118bd2d"
          }
        ],
        "resourceType": "Patient"
      }
    },
    {
      "fullUrl": "urn:uuid:754d04a8-e390-4f3a-8bf9-b816d0412f32",
      "resource": {
        "id": "754d04a8-e390-4f3a-8bf9-b816d0412f32",
        "meta": {
          "profile": [
            "http://standardhealthrecord.org/fhir/StructureDefinition/shr-encounter-Encounter"
          ]
        },
        "status": "finished",
        "class": {
          "code": "ambulatory"
        },
        "type": [
          {
            "coding": [
              {
                "system": "http://snomed.info/sct",
                "code": "185345009"
              }
            ],
            "text": "Encounter for symptom"
          }
        ],
        "subject": {
          "reference": "urn:uuid:e0cb68d2-e975-4f95-828a-cfa1e33fadab"
        },
        "period": {
          "start": "2008-06-30T23:36:44-04:00",
          "end": "2008-06-30T23:36:44-04:00"
        },
        "reason": [
          {
            "coding": [
              {
                "system": "http://snomed.info/sct",
                "code": "444814009",
                "display": "Viral sinusitis (disorder)"
              }
            ]
          }
        ],
        "serviceProvider": {
          "reference": "urn:uuid:122a7c36-4f1b-46d1-8dba-e2fe5118bd2d"
        },
        "resourceType": "Encounter"
      }
    },
    {
      "fullUrl": "urn:uuid:04816597-b345-467f-a38f-00bae78536b7",
      "resource": {
        "id": "04816597-b345-467f-a38f-00bae78536b7",
        "status": "active",
        "use": "complete",
        "patient": {
          "reference": "urn:uuid:e0cb68d2-e975-4f95-828a-cfa1e33fadab"
        },
        "billablePeriod": {
          "start": "2008-06-30T23:36:44-04:00",
          "end": "2008-06-30T23:36:44-04:00"
        },
        "organization": {
          "reference": {
            "reference": "urn:uuid:122a7c36-4f1b-46d1-8dba-e2fe5118bd2d"
          }
        },
        "diagnosis": [
          {
            "sequence": 1,
            "diagnosisReference": {
              "reference": "urn:uuid:837b29f3-b837-4a86-a797-60b127e51897"
            }
          }
        ],
        "item": [
          {
            "sequence": 1,
            "net": {
              "value": 125.0,
              "system": "urn:iso:std:iso:4217",
              "code": "USD"
            },
            "encounter": [
              {
                "reference": {
                  "fullUrl": "urn:uuid:754d04a8-e390-4f3a-8bf9-b816d0412f32",
                  "resource": {
                    "id": "754d04a8-e390-4f3a-8bf9-b816d0412f32",
                    "meta": {
                      "profile": [
                        "http://standardhealthrecord.org/fhir/StructureDefinition/shr-encounter-Encounter"
                      ]
                    },
                    "status": "finished",
                    "class": {
                      "code": "ambulatory"
                    },
                    "type": [
                      {
                        "coding": [
                          {
                            "system": "http://snomed.info/sct",
                            "code": "185345009"
                          }
                        ],
                        "text": "Encounter for symptom"
                      }
                    ],
                    "subject": {
                      "reference": "urn:uuid:e0cb68d2-e975-4f95-828a-cfa1e33fadab"
                    },
                    "period": {
                      "start": "2008-06-30T23:36:44-04:00",
                      "end": "2008-06-30T23:36:44-04:00"
                    },
                    "reason": [
                      {
                        "coding": [
                          {
                            "system": "http://snomed.info/sct",
                            "code": "444814009",
                            "display": "Viral sinusitis (disorder)"
                          }
                        ]
                      }
                    ],
                    "serviceProvider": {
                      "reference": "urn:uuid:122a7c36-4f1b-46d1-8dba-e2fe5118bd2d"
                    },
                    "resourceType": "Encounter"
                  }
                }
              }
            ]
          },
          {
            "sequence": 2,
            "diagnosisLinkId": [
              1
            ],
            "net": {
              "value": 0.0,
              "system": "urn:iso:std:iso:4217",
              "code": "USD"
            }
          }
        ],
        "total": {
          "value": 125.0,
          "system": "urn:iso:std:iso:4217",
          "code": "USD"
        },
        "resourceType": "Claim"
      }
    },
    {
      "fullUrl": "urn:uuid:837b29f3-b837-4a86-a797-60b127e51897",
      "resource": {
        "id": "837b29f3-b837-4a86-a797-60b127e51897",
        "meta": {
          "profile": [
            "http://standardhealthrecord.org/fhir/StructureDefinition/shr-problem-Problem"
          ]
        },
        "clinicalStatus": "resolved",
        "verificationStatus": "confirmed",
        "code": {
          "coding": [
            {
              "system": "http://snomed.info/sct",
              "code": "444814009",
              "display": "Viral sinusitis (disorder)"
            }
          ],
          "text": "Viral sinusitis (disorder)"
        },
        "subject": {
          "reference": "urn:uuid:e0cb68d2-e975-4f95-828a-cfa1e33fadab"
        },
        "context": {
          "reference": "urn:uuid:754d04a8-e390-4f3a-8bf9-b816d0412f32"
        },
        "onsetDateTime": "2008-06-25T08:07:25-04:00",
        "abatementDateTime": "2008-07-08T05:25:14-04:00",
        "assertedDate": "2008-06-25",
        "resourceType": "Condition"
      }
    },
    {
      "fullUrl": "urn:uuid:8e5439b6-f78f-4596-aa7f-4ed516beb1fa",
      "resource": {
        "id": "8e5439b6-f78f-4596-aa7f-4ed516beb1fa",
        "meta": {
          "profile": [
            "http://standardhealthrecord.org/fhir/StructureDefinition/shr-encounter-Encounter"
          ]
        },
        "status": "finished",
        "class": {
          "code": "outpatient"
        },
        "type": [
          {
            "coding": [
              {
                "system": "http://snomed.info/sct",
                "code": "185349003"
              }
            ],
            "text": "Outpatient Encounter"
          }
        ],
        "subject": {
          "reference": "urn:uuid:e0cb68d2-e975-4f95-828a-cfa1e33fadab"
        },
        "period": {
          "start": "2008-09-14T23:41:25-04:00",
          "end": "2008-09-15T00:41:25-04:00"
        },
        "serviceProvider": {
          "reference": "urn:uuid:122a7c36-4f1b-46d1-8dba-e2fe5118bd2d"
        },
        "resourceType": "Encounter"
      }
    },
    {
      "fullUrl": "urn:uuid:07d05930-37a7-4678-a9cb-1f52435b6d79",
      "resource": {
        "id": "07d05930-37a7-4678-a9cb-1f52435b6d79",
        "status": "active",
        "use": "complete",
        "patient": {
          "reference": "urn:uuid:e0cb68d2-e975-4f95-828a-cfa1e33fadab"
        },
        "billablePeriod": {
          "start": "2008-09-14T23:41:25-04:00",
          "end": "2008-09-15T00:41:25-04:00"
        },
        "organization": {
          "reference": {
            "reference": "urn:uuid:122a7c36-4f1b-46d1-8dba-e2fe5118bd2d"
          }
        },
        "procedure": [
          {
            "sequence": 1,
            "procedureReference": {
              "reference": "urn:uuid:b09627dc-7a55-4fba-9809-998c1fd9aaa5"
            }
          }
        ],
        "item": [
          {
            "sequence": 1,
            "net": {
              "value": 125.0,
              "system": "urn:iso:std:iso:4217",
              "code": "USD"
            },
            "encounter": [
              {
                "reference": {
                  "fullUrl": "urn:uuid:8e5439b6-f78f-4596-aa7f-4ed516beb1fa",
                  "resource": {
                    "id": "8e5439b6-f78f-4596-aa7f-4ed516beb1fa",
                    "meta": {
                      "profile": [
                        "http://standardhealthrecord.org/fhir/StructureDefinition/shr-encounter-Encounter"
                      ]
                    },
                    "status": "finished",
                    "class": {
                      "code": "outpatient"
                    },
                    "type": [
                      {
                        "coding": [
                          {
                            "system": "http://snomed.info/sct",
                            "code": "185349003"
                          }
                        ],
                        "text": "Outpatient Encounter"
                      }
                    ],
                    "subject": {
                      "reference": "urn:uuid:e0cb68d2-e975-4f95-828a-cfa1e33fadab"
                    },
                    "period": {
                      "start": "2008-09-14T23:41:25-04:00",
                      "end": "2008-09-15T00:41:25-04:00"
                    },
                    "serviceProvider": {
                      "reference": "urn:uuid:122a7c36-4f1b-46d1-8dba-e2fe5118bd2d"
                    },
                    "resourceType": "Encounter"
                  }
                }
              }
            ]
          },
          {
            "sequence": 2,
            "procedureLinkId": [
              2
            ],
            "net": {
              "value": 1508.6649932999997,
              "system": "urn:iso:std:iso:4217",
              "code": "USD"
            }
          },
          {
            "sequence": 3,
            "category": {
              "coding": [
                {
                  "system": "http://hl7.org/fhir/sid/cvx",
                  "code": "140",
                  "display": "Influenza, seasonal, injectable, preservative free"
                }
              ],
              "text": "Influenza, seasonal, injectable, preservative free"
            },
            "net": {
              "value": 136.0,
              "system": "urn:iso:std:iso:4217",
              "code": "USD"
            }
          }
        ],
        "total": {
          "value": 1769.6649932999997,
          "system": "urn:iso:std:iso:4217",
          "code": "USD"
        },
        "resourceType": "Claim"
      }
    },
    {
      "fullUrl": "urn:uuid:3db538a6-9508-4e9f-b106-4b306b4bab1e",
      "resource": {
        "id": "3db538a6-9508-4e9f-b106-4b306b4bab1e",
        "meta": {
          "profile": [
            "http://standardhealthrecord.org/fhir/StructureDefinition/shr-observation-Observation",
            "http://standardhealthrecord.org/fhir/StructureDefinition/shr-vital-VitalSign",
            "http://standardhealthrecord.org/fhir/StructureDefinition/shr-vital-BodyHeight"
          ]
        },
        "status": "final",
        "category": [
          {
            "coding": [
              {
                "system": "http://hl7.org/fhir/observation-category",
                "code": "vital-signs"
              }
            ]
          }
        ],
        "code": {
          "coding": [
            {
              "system": "http://loinc.org",
              "code": "8302-2",
              "display": "Body Height"
            }
          ],
          "text": "Body Height"
        },
        "subject": {
          "reference": "urn:uuid:e0cb68d2-e975-4f95-828a-cfa1e33fadab"
        },
        "context": {
          "reference": "urn:uuid:8e5439b6-f78f-4596-aa7f-4ed516beb1fa"
        },
        "effectiveDateTime": "2008-09-14T23:41:25-04:00",
        "issued": "2008-09-14T23:41:25-04:00",
        "valueQuantity": {
          "value": 180.09286193236815,
          "unit": "cm",
          "system": "http://unitsofmeasure.org/",
          "code": "cm"
        },
        "resourceType": "Observation"
      }
    },
    {
      "fullUrl": "urn:uuid:99f87154-5f2f-4943-b1d9-c69f7fee4f0a",
      "resource": {
        "id": "99f87154-5f2f-4943-b1d9-c69f7fee4f0a",
        "meta": {
          "profile": [
            "http://standardhealthrecord.org/fhir/StructureDefinition/shr-observation-Observation",
            "http://standardhealthrecord.org/fhir/StructureDefinition/shr-vital-VitalSign",
            "http://standardhealthrecord.org/fhir/StructureDefinition/shr-vital-BodyWeight"
          ]
        },
        "status": "final",
        "category": [
          {
            "coding": [
              {
                "system": "http://hl7.org/fhir/observation-category",
                "code": "vital-signs"
              }
            ]
          }
        ],
        "code": {
          "coding": [
            {
              "system": "http://loinc.org",
              "code": "29463-7",
              "display": "Body Weight"
            }
          ],
          "text": "Body Weight"
        },
        "subject": {
          "reference": "urn:uuid:e0cb68d2-e975-4f95-828a-cfa1e33fadab"
        },
        "context": {
          "reference": "urn:uuid:8e5439b6-f78f-4596-aa7f-4ed516beb1fa"
        },
        "effectiveDateTime": "2008-09-14T23:41:25-04:00",
        "issued": "2008-09-14T23:41:25-04:00",
        "valueQuantity": {
          "value": 102.21271538511458,
          "unit": "kg",
          "system": "http://unitsofmeasure.org/",
          "code": "kg"
        },
        "resourceType": "Observation"
      }
    },
    {
      "fullUrl": "urn:uuid:c2dc2a90-a211-4eef-899f-ddd633186c79",
      "resource": {
        "id": "c2dc2a90-a211-4eef-899f-ddd633186c79",
        "meta": {
          "profile": [
            "http://standardhealthrecord.org/fhir/StructureDefinition/shr-observation-Observation",
            "http://standardhealthrecord.org/fhir/StructureDefinition/shr-vital-VitalSign",
            "http://standardhealthrecord.org/fhir/StructureDefinition/shr-vital-BodyMassIndex"
          ]
        },
        "status": "final",
        "category": [
          {
            "coding": [
              {
                "system": "http://hl7.org/fhir/observation-category",
                "code": "vital-signs"
              }
            ]
          }
        ],
        "code": {
          "coding": [
            {
              "system": "http://loinc.org",
              "code": "39156-5",
              "display": "Body Mass Index"
            }
          ],
          "text": "Body Mass Index"
        },
        "subject": {
          "reference": "urn:uuid:e0cb68d2-e975-4f95-828a-cfa1e33fadab"
        },
        "context": {
          "reference": "urn:uuid:8e5439b6-f78f-4596-aa7f-4ed516beb1fa"
        },
        "effectiveDateTime": "2008-09-14T23:41:25-04:00",
        "issued": "2008-09-14T23:41:25-04:00",
        "valueQuantity": {
          "value": 31.514609240300178,
          "unit": "kg/m2",
          "system": "http://unitsofmeasure.org/",
          "code": "kg/m2"
        },
        "resourceType": "Observation"
      }
    },
    {
      "fullUrl": "urn:uuid:47a9d869-da69-4375-ba61-458612d01930",
      "resource": {
        "id": "47a9d869-da69-4375-ba61-458612d01930",
        "meta": {
          "profile": [
            "http://standardhealthrecord.org/fhir/StructureDefinition/shr-observation-Observation",
            "http://standardhealthrecord.org/fhir/StructureDefinition/shr-vital-BloodPressure"
          ]
        },
        "status": "final",
        "category": [
          {
            "coding": [
              {
                "system": "http://hl7.org/fhir/observation-category",
                "code": "vital-signs"
              }
            ]
          }
        ],
        "code": {
          "coding": [
            {
              "system": "http://loinc.org",
              "code": "55284-4",
              "display": "Blood Pressure"
            }
          ]
        },
        "subject": {
          "reference": "urn:uuid:e0cb68d2-e975-4f95-828a-cfa1e33fadab"
        },
        "context": {
          "reference": "urn:uuid:8e5439b6-f78f-4596-aa7f-4ed516beb1fa"
        },
        "effectiveDateTime": "2008-09-14T23:41:25-04:00",
        "issued": "2008-09-14T23:41:25-04:00",
        "component": [
          {
            "code": {
              "coding": [
                {
                  "system": "http://loinc.org",
                  "code": "8480-6",
                  "display": "Systolic Blood Pressure"
                }
              ],
              "text": "Systolic Blood Pressure"
            },
            "valueQuantity": {
              "value": 108,
              "unit": "mmHg",
              "system": "http://unitsofmeasure.org/",
              "code": "mmHg"
            }
          },
          {
            "code": {
              "coding": [
                {
                  "system": "http://loinc.org",
                  "code": "8462-4",
                  "display": "Diastolic Blood Pressure"
                }
              ],
              "text": "Diastolic Blood Pressure"
            },
            "valueQuantity": {
              "value": 71,
              "unit": "mmHg",
              "system": "http://unitsofmeasure.org/",
              "code": "mmHg"
            }
          }
        ],
        "resourceType": "Observation"
      }
    },
    {
      "fullUrl": "urn:uuid:b09627dc-7a55-4fba-9809-998c1fd9aaa5",
      "resource": {
        "id": "b09627dc-7a55-4fba-9809-998c1fd9aaa5",
        "meta": {
          "profile": [
            "http://standardhealthrecord.org/fhir/StructureDefinition/shr-procedure-Procedure"
          ]
        },
        "extension": [
          {
            "url": "http://standardhealthrecord.org/fhir/StructureDefinition/shr-core-CodeableConcept-extension",
            "valueCodeableConcept": {
              "coding": [
                {
                  "system": "http://snomed.info/sct",
                  "code": "428191000124101",
                  "display": "Documentation of current medications"
                }
              ],
              "text": "Documentation of current medications"
            }
          }
        ],
        "status": "completed",
        "code": {
          "coding": [
            {
              "system": "http://snomed.info/sct",
              "code": "428191000124101",
              "display": "Documentation of current medications"
            }
          ],
          "text": "Documentation of current medications"
        },
        "subject": {
          "reference": "urn:uuid:e0cb68d2-e975-4f95-828a-cfa1e33fadab"
        },
        "context": {
          "reference": "urn:uuid:8e5439b6-f78f-4596-aa7f-4ed516beb1fa"
        },
        "performedDateTime": "2008-09-14T23:41:25-04:00",
        "resourceType": "Procedure"
      }
    },
    {
      "resource": {
        "meta": {
          "profile": [
            "http://standardhealthrecord.org/fhir/StructureDefinition/shr-immunization-Immunization"
          ]
        },
        "status": "completed",
        "notGiven": false,
        "vaccineCode": {
          "coding": [
            {
              "system": "http://hl7.org/fhir/sid/cvx",
              "code": "140",
              "display": "Influenza, seasonal, injectable, preservative free"
            }
          ],
          "text": "Influenza, seasonal, injectable, preservative free"
        },
        "patient": {
          "reference": "urn:uuid:e0cb68d2-e975-4f95-828a-cfa1e33fadab"
        },
        "encounter": {
          "reference": "urn:uuid:8e5439b6-f78f-4596-aa7f-4ed516beb1fa"
        },
        "date": "2008-09-14T23:41:25-04:00",
        "primarySource": true,
        "resourceType": "Immunization"
      }
    },
    {
      "fullUrl": "urn:uuid:f2faad4f-a069-4b33-bd5e-8a59e3037e5b",
      "resource": {
        "id": "f2faad4f-a069-4b33-bd5e-8a59e3037e5b",
        "meta": {
          "profile": [
            "http://standardhealthrecord.org/fhir/StructureDefinition/shr-encounter-Encounter"
          ]
        },
        "status": "finished",
        "class": {
          "code": "ambulatory"
        },
        "type": [
          {
            "coding": [
              {
                "system": "http://snomed.info/sct",
                "code": "185345009"
              }
            ],
            "text": "Encounter for symptom"
          }
        ],
        "subject": {
          "reference": "urn:uuid:e0cb68d2-e975-4f95-828a-cfa1e33fadab"
        },
        "period": {
          "start": "2008-12-16T14:05:58-05:00",
          "end": "2008-12-16T14:05:58-05:00"
        },
        "reason": [
          {
            "coding": [
              {
                "system": "http://snomed.info/sct",
                "code": "444814009",
                "display": "Viral sinusitis (disorder)"
              }
            ]
          }
        ],
        "serviceProvider": {
          "reference": "urn:uuid:122a7c36-4f1b-46d1-8dba-e2fe5118bd2d"
        },
        "resourceType": "Encounter"
      }
    },
    {
      "fullUrl": "urn:uuid:94246aae-1758-4ca7-991b-d1da1642edbb",
      "resource": {
        "id": "94246aae-1758-4ca7-991b-d1da1642edbb",
        "status": "active",
        "use": "complete",
        "patient": {
          "reference": "urn:uuid:e0cb68d2-e975-4f95-828a-cfa1e33fadab"
        },
        "billablePeriod": {
          "start": "2008-12-16T14:05:58-05:00",
          "end": "2008-12-16T14:05:58-05:00"
        },
        "organization": {
          "reference": {
            "reference": "urn:uuid:122a7c36-4f1b-46d1-8dba-e2fe5118bd2d"
          }
        },
        "diagnosis": [
          {
            "sequence": 1,
            "diagnosisReference": {
              "reference": "urn:uuid:c9eaacff-1086-4a3d-a79e-476be47c0403"
            }
          }
        ],
        "item": [
          {
            "sequence": 1,
            "net": {
              "value": 125.0,
              "system": "urn:iso:std:iso:4217",
              "code": "USD"
            },
            "encounter": [
              {
                "reference": {
                  "fullUrl": "urn:uuid:f2faad4f-a069-4b33-bd5e-8a59e3037e5b",
                  "resource": {
                    "id": "f2faad4f-a069-4b33-bd5e-8a59e3037e5b",
                    "meta": {
                      "profile": [
                        "http://standardhealthrecord.org/fhir/StructureDefinition/shr-encounter-Encounter"
                      ]
                    },
                    "status": "finished",
                    "class": {
                      "code": "ambulatory"
                    },
                    "type": [
                      {
                        "coding": [
                          {
                            "system": "http://snomed.info/sct",
                            "code": "185345009"
                          }
                        ],
                        "text": "Encounter for symptom"
                      }
                    ],
                    "subject": {
                      "reference": "urn:uuid:e0cb68d2-e975-4f95-828a-cfa1e33fadab"
                    },
                    "period": {
                      "start": "2008-12-16T14:05:58-05:00",
                      "end": "2008-12-16T14:05:58-05:00"
                    },
                    "reason": [
                      {
                        "coding": [
                          {
                            "system": "http://snomed.info/sct",
                            "code": "444814009",
                            "display": "Viral sinusitis (disorder)"
                          }
                        ]
                      }
                    ],
                    "serviceProvider": {
                      "reference": "urn:uuid:122a7c36-4f1b-46d1-8dba-e2fe5118bd2d"
                    },
                    "resourceType": "Encounter"
                  }
                }
              }
            ]
          },
          {
            "sequence": 2,
            "diagnosisLinkId": [
              1
            ],
            "net": {
              "value": 0.0,
              "system": "urn:iso:std:iso:4217",
              "code": "USD"
            }
          }
        ],
        "total": {
          "value": 125.0,
          "system": "urn:iso:std:iso:4217",
          "code": "USD"
        },
        "resourceType": "Claim"
      }
    },
    {
      "fullUrl": "urn:uuid:c9eaacff-1086-4a3d-a79e-476be47c0403",
      "resource": {
        "id": "c9eaacff-1086-4a3d-a79e-476be47c0403",
        "meta": {
          "profile": [
            "http://standardhealthrecord.org/fhir/StructureDefinition/shr-problem-Problem"
          ]
        },
        "clinicalStatus": "resolved",
        "verificationStatus": "confirmed",
        "code": {
          "coding": [
            {
              "system": "http://snomed.info/sct",
              "code": "444814009",
              "display": "Viral sinusitis (disorder)"
            }
          ],
          "text": "Viral sinusitis (disorder)"
        },
        "subject": {
          "reference": "urn:uuid:e0cb68d2-e975-4f95-828a-cfa1e33fadab"
        },
        "context": {
          "reference": "urn:uuid:f2faad4f-a069-4b33-bd5e-8a59e3037e5b"
        },
        "onsetDateTime": "2008-12-08T05:25:14-05:00",
        "abatementDateTime": "2008-12-28T01:17:36-05:00",
        "assertedDate": "2008-12-08",
        "resourceType": "Condition"
      }
    },
    {
      "fullUrl": "urn:uuid:abe4448c-2389-49f6-b158-440095cdf514",
      "resource": {
        "id": "abe4448c-2389-49f6-b158-440095cdf514",
        "meta": {
          "profile": [
            "http://standardhealthrecord.org/fhir/StructureDefinition/shr-encounter-Encounter"
          ]
        },
        "status": "finished",
        "class": {
          "code": "outpatient"
        },
        "type": [
          {
            "coding": [
              {
                "system": "http://snomed.info/sct",
                "code": "185349003"
              }
            ],
            "text": "Outpatient Encounter"
          }
        ],
        "subject": {
          "reference": "urn:uuid:e0cb68d2-e975-4f95-828a-cfa1e33fadab"
        },
        "period": {
          "start": "2011-12-01T02:09:09-05:00",
          "end": "2011-12-01T03:09:09-05:00"
        },
        "serviceProvider": {
          "reference": "urn:uuid:122a7c36-4f1b-46d1-8dba-e2fe5118bd2d"
        },
        "resourceType": "Encounter"
      }
    },
    {
      "fullUrl": "urn:uuid:1ab37383-bc35-4ba5-8477-391b08934041",
      "resource": {
        "id": "1ab37383-bc35-4ba5-8477-391b08934041",
        "status": "active",
        "use": "complete",
        "patient": {
          "reference": "urn:uuid:e0cb68d2-e975-4f95-828a-cfa1e33fadab"
        },
        "billablePeriod": {
          "start": "2011-12-01T02:09:09-05:00",
          "end": "2011-12-01T03:09:09-05:00"
        },
        "organization": {
          "reference": {
            "reference": "urn:uuid:122a7c36-4f1b-46d1-8dba-e2fe5118bd2d"
          }
        },
        "item": [
          {
            "sequence": 1,
            "net": {
              "value": 125.0,
              "system": "urn:iso:std:iso:4217",
              "code": "USD"
            },
            "encounter": [
              {
                "reference": {
                  "fullUrl": "urn:uuid:abe4448c-2389-49f6-b158-440095cdf514",
                  "resource": {
                    "id": "abe4448c-2389-49f6-b158-440095cdf514",
                    "meta": {
                      "profile": [
                        "http://standardhealthrecord.org/fhir/StructureDefinition/shr-encounter-Encounter"
                      ]
                    },
                    "status": "finished",
                    "class": {
                      "code": "outpatient"
                    },
                    "type": [
                      {
                        "coding": [
                          {
                            "system": "http://snomed.info/sct",
                            "code": "185349003"
                          }
                        ],
                        "text": "Outpatient Encounter"
                      }
                    ],
                    "subject": {
                      "reference": "urn:uuid:e0cb68d2-e975-4f95-828a-cfa1e33fadab"
                    },
                    "period": {
                      "start": "2011-12-01T02:09:09-05:00",
                      "end": "2011-12-01T03:09:09-05:00"
                    },
                    "serviceProvider": {
                      "reference": "urn:uuid:122a7c36-4f1b-46d1-8dba-e2fe5118bd2d"
                    },
                    "resourceType": "Encounter"
                  }
                }
              }
            ]
          },
          {
            "sequence": 2,
            "category": {
              "coding": [
                {
                  "system": "http://hl7.org/fhir/sid/cvx",
                  "code": "140",
                  "display": "Influenza, seasonal, injectable, preservative free"
                }
              ],
              "text": "Influenza, seasonal, injectable, preservative free"
            },
            "net": {
              "value": 136.0,
              "system": "urn:iso:std:iso:4217",
              "code": "USD"
            }
          },
          {
            "sequence": 3,
            "category": {
              "coding": [
                {
                  "system": "http://hl7.org/fhir/sid/cvx",
                  "code": "113",
                  "display": "Td (adult) preservative free"
                }
              ],
              "text": "Td (adult) preservative free"
            },
            "net": {
              "value": 136.0,
              "system": "urn:iso:std:iso:4217",
              "code": "USD"
            }
          }
        ],
        "total": {
          "value": 397.0,
          "system": "urn:iso:std:iso:4217",
          "code": "USD"
        },
        "resourceType": "Claim"
      }
    },
    {
      "fullUrl": "urn:uuid:3159c3ab-2400-4e24-9448-33635146f862",
      "resource": {
        "id": "3159c3ab-2400-4e24-9448-33635146f862",
        "meta": {
          "profile": [
            "http://standardhealthrecord.org/fhir/StructureDefinition/shr-observation-Observation",
            "http://standardhealthrecord.org/fhir/StructureDefinition/shr-vital-VitalSign",
            "http://standardhealthrecord.org/fhir/StructureDefinition/shr-vital-BodyHeight"
          ]
        },
        "status": "final",
        "category": [
          {
            "coding": [
              {
                "system": "http://hl7.org/fhir/observation-category",
                "code": "vital-signs"
              }
            ]
          }
        ],
        "code": {
          "coding": [
            {
              "system": "http://loinc.org",
              "code": "8302-2",
              "display": "Body Height"
            }
          ],
          "text": "Body Height"
        },
        "subject": {
          "reference": "urn:uuid:e0cb68d2-e975-4f95-828a-cfa1e33fadab"
        },
        "context": {
          "reference": "urn:uuid:abe4448c-2389-49f6-b158-440095cdf514"
        },
        "effectiveDateTime": "2011-12-01T02:09:09-05:00",
        "issued": "2011-12-01T02:09:09-05:00",
        "valueQuantity": {
          "value": 180.09286193236815,
          "unit": "cm",
          "system": "http://unitsofmeasure.org/",
          "code": "cm"
        },
        "resourceType": "Observation"
      }
    },
    {
      "fullUrl": "urn:uuid:a41ee1ba-1218-491d-8667-034e5772a5f8",
      "resource": {
        "id": "a41ee1ba-1218-491d-8667-034e5772a5f8",
        "meta": {
          "profile": [
            "http://standardhealthrecord.org/fhir/StructureDefinition/shr-observation-Observation",
            "http://standardhealthrecord.org/fhir/StructureDefinition/shr-vital-VitalSign",
            "http://standardhealthrecord.org/fhir/StructureDefinition/shr-vital-BodyWeight"
          ]
        },
        "status": "final",
        "category": [
          {
            "coding": [
              {
                "system": "http://hl7.org/fhir/observation-category",
                "code": "vital-signs"
              }
            ]
          }
        ],
        "code": {
          "coding": [
            {
              "system": "http://loinc.org",
              "code": "29463-7",
              "display": "Body Weight"
            }
          ],
          "text": "Body Weight"
        },
        "subject": {
          "reference": "urn:uuid:e0cb68d2-e975-4f95-828a-cfa1e33fadab"
        },
        "context": {
          "reference": "urn:uuid:abe4448c-2389-49f6-b158-440095cdf514"
        },
        "effectiveDateTime": "2011-12-01T02:09:09-05:00",
        "issued": "2011-12-01T02:09:09-05:00",
        "valueQuantity": {
          "value": 106.05251005847995,
          "unit": "kg",
          "system": "http://unitsofmeasure.org/",
          "code": "kg"
        },
        "resourceType": "Observation"
      }
    },
    {
      "fullUrl": "urn:uuid:247566a6-06ca-4c5b-9dfd-e65f15e12a63",
      "resource": {
        "id": "247566a6-06ca-4c5b-9dfd-e65f15e12a63",
        "meta": {
          "profile": [
            "http://standardhealthrecord.org/fhir/StructureDefinition/shr-observation-Observation",
            "http://standardhealthrecord.org/fhir/StructureDefinition/shr-vital-VitalSign",
            "http://standardhealthrecord.org/fhir/StructureDefinition/shr-vital-BodyMassIndex"
          ]
        },
        "status": "final",
        "category": [
          {
            "coding": [
              {
                "system": "http://hl7.org/fhir/observation-category",
                "code": "vital-signs"
              }
            ]
          }
        ],
        "code": {
          "coding": [
            {
              "system": "http://loinc.org",
              "code": "39156-5",
              "display": "Body Mass Index"
            }
          ],
          "text": "Body Mass Index"
        },
        "subject": {
          "reference": "urn:uuid:e0cb68d2-e975-4f95-828a-cfa1e33fadab"
        },
        "context": {
          "reference": "urn:uuid:abe4448c-2389-49f6-b158-440095cdf514"
        },
        "effectiveDateTime": "2011-12-01T02:09:09-05:00",
        "issued": "2011-12-01T02:09:09-05:00",
        "valueQuantity": {
          "value": 32.69850919089007,
          "unit": "kg/m2",
          "system": "http://unitsofmeasure.org/",
          "code": "kg/m2"
        },
        "resourceType": "Observation"
      }
    },
    {
      "fullUrl": "urn:uuid:36f093e9-d8c0-4fde-9ec4-d9881567580a",
      "resource": {
        "id": "36f093e9-d8c0-4fde-9ec4-d9881567580a",
        "meta": {
          "profile": [
            "http://standardhealthrecord.org/fhir/StructureDefinition/shr-observation-Observation",
            "http://standardhealthrecord.org/fhir/StructureDefinition/shr-vital-BloodPressure"
          ]
        },
        "status": "final",
        "category": [
          {
            "coding": [
              {
                "system": "http://hl7.org/fhir/observation-category",
                "code": "vital-signs"
              }
            ]
          }
        ],
        "code": {
          "coding": [
            {
              "system": "http://loinc.org",
              "code": "55284-4",
              "display": "Blood Pressure"
            }
          ]
        },
        "subject": {
          "reference": "urn:uuid:e0cb68d2-e975-4f95-828a-cfa1e33fadab"
        },
        "context": {
          "reference": "urn:uuid:abe4448c-2389-49f6-b158-440095cdf514"
        },
        "effectiveDateTime": "2011-12-01T02:09:09-05:00",
        "issued": "2011-12-01T02:09:09-05:00",
        "component": [
          {
            "code": {
              "coding": [
                {
                  "system": "http://loinc.org",
                  "code": "8480-6",
                  "display": "Systolic Blood Pressure"
                }
              ],
              "text": "Systolic Blood Pressure"
            },
            "valueQuantity": {
              "value": 109,
              "unit": "mmHg",
              "system": "http://unitsofmeasure.org/",
              "code": "mmHg"
            }
          },
          {
            "code": {
              "coding": [
                {
                  "system": "http://loinc.org",
                  "code": "8462-4",
                  "display": "Diastolic Blood Pressure"
                }
              ],
              "text": "Diastolic Blood Pressure"
            },
            "valueQuantity": {
              "value": 72,
              "unit": "mmHg",
              "system": "http://unitsofmeasure.org/",
              "code": "mmHg"
            }
          }
        ],
        "resourceType": "Observation"
      }
    },
    {
      "resource": {
        "meta": {
          "profile": [
            "http://standardhealthrecord.org/fhir/StructureDefinition/shr-immunization-Immunization"
          ]
        },
        "status": "completed",
        "notGiven": false,
        "vaccineCode": {
          "coding": [
            {
              "system": "http://hl7.org/fhir/sid/cvx",
              "code": "140",
              "display": "Influenza, seasonal, injectable, preservative free"
            }
          ],
          "text": "Influenza, seasonal, injectable, preservative free"
        },
        "patient": {
          "reference": "urn:uuid:e0cb68d2-e975-4f95-828a-cfa1e33fadab"
        },
        "encounter": {
          "reference": "urn:uuid:abe4448c-2389-49f6-b158-440095cdf514"
        },
        "date": "2011-12-01T02:09:09-05:00",
        "primarySource": true,
        "resourceType": "Immunization"
      }
    },
    {
      "resource": {
        "meta": {
          "profile": [
            "http://standardhealthrecord.org/fhir/StructureDefinition/shr-immunization-Immunization"
          ]
        },
        "status": "completed",
        "notGiven": false,
        "vaccineCode": {
          "coding": [
            {
              "system": "http://hl7.org/fhir/sid/cvx",
              "code": "113",
              "display": "Td (adult) preservative free"
            }
          ],
          "text": "Td (adult) preservative free"
        },
        "patient": {
          "reference": "urn:uuid:e0cb68d2-e975-4f95-828a-cfa1e33fadab"
        },
        "encounter": {
          "reference": "urn:uuid:abe4448c-2389-49f6-b158-440095cdf514"
        },
        "date": "2011-12-01T02:09:09-05:00",
        "primarySource": true,
        "resourceType": "Immunization"
      }
    },
    {
      "fullUrl": "urn:uuid:d37a49af-78b8-4519-ae51-90ebb51cf955",
      "resource": {
        "id": "d37a49af-78b8-4519-ae51-90ebb51cf955",
        "meta": {
          "profile": [
            "http://standardhealthrecord.org/fhir/StructureDefinition/shr-encounter-Encounter"
          ]
        },
        "status": "finished",
        "class": {
          "code": "outpatient"
        },
        "type": [
          {
            "coding": [
              {
                "system": "http://snomed.info/sct",
                "code": "185349003"
              }
            ],
            "text": "Outpatient Encounter"
          }
        ],
        "subject": {
          "reference": "urn:uuid:e0cb68d2-e975-4f95-828a-cfa1e33fadab"
        },
        "period": {
          "start": "2014-12-18T12:11:37-05:00",
          "end": "2014-12-18T13:11:37-05:00"
        },
        "serviceProvider": {
          "reference": "urn:uuid:122a7c36-4f1b-46d1-8dba-e2fe5118bd2d"
        },
        "resourceType": "Encounter"
      }
    },
    {
      "fullUrl": "urn:uuid:91389c34-e904-4102-a2c9-72fc66c285d3",
      "resource": {
        "id": "91389c34-e904-4102-a2c9-72fc66c285d3",
        "status": "active",
        "use": "complete",
        "patient": {
          "reference": "urn:uuid:e0cb68d2-e975-4f95-828a-cfa1e33fadab"
        },
        "billablePeriod": {
          "start": "2014-12-18T12:11:37-05:00",
          "end": "2014-12-18T13:11:37-05:00"
        },
        "organization": {
          "reference": {
            "reference": "urn:uuid:122a7c36-4f1b-46d1-8dba-e2fe5118bd2d"
          }
        },
        "item": [
          {
            "sequence": 1,
            "net": {
              "value": 125.0,
              "system": "urn:iso:std:iso:4217",
              "code": "USD"
            },
            "encounter": [
              {
                "reference": {
                  "fullUrl": "urn:uuid:d37a49af-78b8-4519-ae51-90ebb51cf955",
                  "resource": {
                    "id": "d37a49af-78b8-4519-ae51-90ebb51cf955",
                    "meta": {
                      "profile": [
                        "http://standardhealthrecord.org/fhir/StructureDefinition/shr-encounter-Encounter"
                      ]
                    },
                    "status": "finished",
                    "class": {
                      "code": "outpatient"
                    },
                    "type": [
                      {
                        "coding": [
                          {
                            "system": "http://snomed.info/sct",
                            "code": "185349003"
                          }
                        ],
                        "text": "Outpatient Encounter"
                      }
                    ],
                    "subject": {
                      "reference": "urn:uuid:e0cb68d2-e975-4f95-828a-cfa1e33fadab"
                    },
                    "period": {
                      "start": "2014-12-18T12:11:37-05:00",
                      "end": "2014-12-18T13:11:37-05:00"
                    },
                    "serviceProvider": {
                      "reference": "urn:uuid:122a7c36-4f1b-46d1-8dba-e2fe5118bd2d"
                    },
                    "resourceType": "Encounter"
                  }
                }
              }
            ]
          },
          {
            "sequence": 2,
            "category": {
              "coding": [
                {
                  "system": "http://hl7.org/fhir/sid/cvx",
                  "code": "140",
                  "display": "Influenza, seasonal, injectable, preservative free"
                }
              ],
              "text": "Influenza, seasonal, injectable, preservative free"
            },
            "net": {
              "value": 136.0,
              "system": "urn:iso:std:iso:4217",
              "code": "USD"
            }
          }
        ],
        "total": {
          "value": 261.0,
          "system": "urn:iso:std:iso:4217",
          "code": "USD"
        },
        "resourceType": "Claim"
      }
    },
    {
      "fullUrl": "urn:uuid:dbd88769-1942-4507-bbdd-e3161a5022f9",
      "resource": {
        "id": "dbd88769-1942-4507-bbdd-e3161a5022f9",
        "meta": {
          "profile": [
            "http://standardhealthrecord.org/fhir/StructureDefinition/shr-observation-Observation",
            "http://standardhealthrecord.org/fhir/StructureDefinition/shr-vital-VitalSign",
            "http://standardhealthrecord.org/fhir/StructureDefinition/shr-vital-BodyHeight"
          ]
        },
        "status": "final",
        "category": [
          {
            "coding": [
              {
                "system": "http://hl7.org/fhir/observation-category",
                "code": "vital-signs"
              }
            ]
          }
        ],
        "code": {
          "coding": [
            {
              "system": "http://loinc.org",
              "code": "8302-2",
              "display": "Body Height"
            }
          ],
          "text": "Body Height"
        },
        "subject": {
          "reference": "urn:uuid:e0cb68d2-e975-4f95-828a-cfa1e33fadab"
        },
        "context": {
          "reference": "urn:uuid:d37a49af-78b8-4519-ae51-90ebb51cf955"
        },
        "effectiveDateTime": "2014-12-18T12:11:37-05:00",
        "issued": "2014-12-18T12:11:37-05:00",
        "valueQuantity": {
          "value": 180.09286193236815,
          "unit": "cm",
          "system": "http://unitsofmeasure.org/",
          "code": "cm"
        },
        "resourceType": "Observation"
      }
    },
    {
      "fullUrl": "urn:uuid:a33ab015-f8f0-42f9-9f5e-23da5727075e",
      "resource": {
        "id": "a33ab015-f8f0-42f9-9f5e-23da5727075e",
        "meta": {
          "profile": [
            "http://standardhealthrecord.org/fhir/StructureDefinition/shr-observation-Observation",
            "http://standardhealthrecord.org/fhir/StructureDefinition/shr-vital-VitalSign",
            "http://standardhealthrecord.org/fhir/StructureDefinition/shr-vital-BodyWeight"
          ]
        },
        "status": "final",
        "category": [
          {
            "coding": [
              {
                "system": "http://hl7.org/fhir/observation-category",
                "code": "vital-signs"
              }
            ]
          }
        ],
        "code": {
          "coding": [
            {
              "system": "http://loinc.org",
              "code": "29463-7",
              "display": "Body Weight"
            }
          ],
          "text": "Body Weight"
        },
        "subject": {
          "reference": "urn:uuid:e0cb68d2-e975-4f95-828a-cfa1e33fadab"
        },
        "context": {
          "reference": "urn:uuid:d37a49af-78b8-4519-ae51-90ebb51cf955"
        },
        "effectiveDateTime": "2014-12-18T12:11:37-05:00",
        "issued": "2014-12-18T12:11:37-05:00",
        "valueQuantity": {
          "value": 111.54598575670526,
          "unit": "kg",
          "system": "http://unitsofmeasure.org/",
          "code": "kg"
        },
        "resourceType": "Observation"
      }
    },
    {
      "fullUrl": "urn:uuid:459baa50-937b-4216-b71b-967ad1721694",
      "resource": {
        "id": "459baa50-937b-4216-b71b-967ad1721694",
        "meta": {
          "profile": [
            "http://standardhealthrecord.org/fhir/StructureDefinition/shr-observation-Observation",
            "http://standardhealthrecord.org/fhir/StructureDefinition/shr-vital-VitalSign",
            "http://standardhealthrecord.org/fhir/StructureDefinition/shr-vital-BodyMassIndex"
          ]
        },
        "status": "final",
        "category": [
          {
            "coding": [
              {
                "system": "http://hl7.org/fhir/observation-category",
                "code": "vital-signs"
              }
            ]
          }
        ],
        "code": {
          "coding": [
            {
              "system": "http://loinc.org",
              "code": "39156-5",
              "display": "Body Mass Index"
            }
          ],
          "text": "Body Mass Index"
        },
        "subject": {
          "reference": "urn:uuid:e0cb68d2-e975-4f95-828a-cfa1e33fadab"
        },
        "context": {
          "reference": "urn:uuid:d37a49af-78b8-4519-ae51-90ebb51cf955"
        },
        "effectiveDateTime": "2014-12-18T12:11:37-05:00",
        "issued": "2014-12-18T12:11:37-05:00",
        "valueQuantity": {
          "value": 34.392278301204385,
          "unit": "kg/m2",
          "system": "http://unitsofmeasure.org/",
          "code": "kg/m2"
        },
        "resourceType": "Observation"
      }
    },
    {
      "fullUrl": "urn:uuid:b52810fa-8c38-4a56-bf36-9de14e5b0602",
      "resource": {
        "id": "b52810fa-8c38-4a56-bf36-9de14e5b0602",
        "meta": {
          "profile": [
            "http://standardhealthrecord.org/fhir/StructureDefinition/shr-observation-Observation",
            "http://standardhealthrecord.org/fhir/StructureDefinition/shr-vital-BloodPressure"
          ]
        },
        "status": "final",
        "category": [
          {
            "coding": [
              {
                "system": "http://hl7.org/fhir/observation-category",
                "code": "vital-signs"
              }
            ]
          }
        ],
        "code": {
          "coding": [
            {
              "system": "http://loinc.org",
              "code": "55284-4",
              "display": "Blood Pressure"
            }
          ]
        },
        "subject": {
          "reference": "urn:uuid:e0cb68d2-e975-4f95-828a-cfa1e33fadab"
        },
        "context": {
          "reference": "urn:uuid:d37a49af-78b8-4519-ae51-90ebb51cf955"
        },
        "effectiveDateTime": "2014-12-18T12:11:37-05:00",
        "issued": "2014-12-18T12:11:37-05:00",
        "component": [
          {
            "code": {
              "coding": [
                {
                  "system": "http://loinc.org",
                  "code": "8480-6",
                  "display": "Systolic Blood Pressure"
                }
              ],
              "text": "Systolic Blood Pressure"
            },
            "valueQuantity": {
              "value": 116,
              "unit": "mmHg",
              "system": "http://unitsofmeasure.org/",
              "code": "mmHg"
            }
          },
          {
            "code": {
              "coding": [
                {
                  "system": "http://loinc.org",
                  "code": "8462-4",
                  "display": "Diastolic Blood Pressure"
                }
              ],
              "text": "Diastolic Blood Pressure"
            },
            "valueQuantity": {
              "value": 72,
              "unit": "mmHg",
              "system": "http://unitsofmeasure.org/",
              "code": "mmHg"
            }
          }
        ],
        "resourceType": "Observation"
      }
    },
    {
      "resource": {
        "meta": {
          "profile": [
            "http://standardhealthrecord.org/fhir/StructureDefinition/shr-immunization-Immunization"
          ]
        },
        "status": "completed",
        "notGiven": false,
        "vaccineCode": {
          "coding": [
            {
              "system": "http://hl7.org/fhir/sid/cvx",
              "code": "140",
              "display": "Influenza, seasonal, injectable, preservative free"
            }
          ],
          "text": "Influenza, seasonal, injectable, preservative free"
        },
        "patient": {
          "reference": "urn:uuid:e0cb68d2-e975-4f95-828a-cfa1e33fadab"
        },
        "encounter": {
          "reference": "urn:uuid:d37a49af-78b8-4519-ae51-90ebb51cf955"
        },
        "date": "2014-12-18T12:11:37-05:00",
        "primarySource": true,
        "resourceType": "Immunization"
      }
    },
    {
      "fullUrl": "urn:uuid:f3ef70e4-2410-49e3-80dc-89e5192ce608",
      "resource": {
        "id": "f3ef70e4-2410-49e3-80dc-89e5192ce608",
        "meta": {
          "profile": [
            "http://standardhealthrecord.org/fhir/StructureDefinition/shr-encounter-Encounter"
          ]
        },
        "status": "finished",
        "class": {
          "code": "ambulatory"
        },
        "type": [
          {
            "coding": [
              {
                "system": "http://snomed.info/sct",
                "code": "185345009"
              }
            ],
            "text": "Encounter for symptom"
          }
        ],
        "subject": {
          "reference": "urn:uuid:e0cb68d2-e975-4f95-828a-cfa1e33fadab"
        },
        "period": {
          "start": "2016-02-04T00:04:50-05:00",
          "end": "2016-02-04T00:04:50-05:00"
        },
        "reason": [
          {
            "coding": [
              {
                "system": "http://snomed.info/sct",
                "code": "444814009",
                "display": "Viral sinusitis (disorder)"
              }
            ]
          }
        ],
        "serviceProvider": {
          "reference": "urn:uuid:122a7c36-4f1b-46d1-8dba-e2fe5118bd2d"
        },
        "resourceType": "Encounter"
      }
    },
    {
      "fullUrl": "urn:uuid:49a984f7-caab-453f-ba37-2f792d85d47b",
      "resource": {
        "id": "49a984f7-caab-453f-ba37-2f792d85d47b",
        "status": "active",
        "use": "complete",
        "patient": {
          "reference": "urn:uuid:e0cb68d2-e975-4f95-828a-cfa1e33fadab"
        },
        "billablePeriod": {
          "start": "2016-02-04T00:04:50-05:00",
          "end": "2016-02-04T00:04:50-05:00"
        },
        "organization": {
          "reference": {
            "reference": "urn:uuid:122a7c36-4f1b-46d1-8dba-e2fe5118bd2d"
          }
        },
        "diagnosis": [
          {
            "sequence": 1,
            "diagnosisReference": {
              "reference": "urn:uuid:58926c39-3ca9-4c14-82fd-d8e513c77cd6"
            }
          }
        ],
        "item": [
          {
            "sequence": 1,
            "net": {
              "value": 125.0,
              "system": "urn:iso:std:iso:4217",
              "code": "USD"
            },
            "encounter": [
              {
                "reference": {
                  "fullUrl": "urn:uuid:f3ef70e4-2410-49e3-80dc-89e5192ce608",
                  "resource": {
                    "id": "f3ef70e4-2410-49e3-80dc-89e5192ce608",
                    "meta": {
                      "profile": [
                        "http://standardhealthrecord.org/fhir/StructureDefinition/shr-encounter-Encounter"
                      ]
                    },
                    "status": "finished",
                    "class": {
                      "code": "ambulatory"
                    },
                    "type": [
                      {
                        "coding": [
                          {
                            "system": "http://snomed.info/sct",
                            "code": "185345009"
                          }
                        ],
                        "text": "Encounter for symptom"
                      }
                    ],
                    "subject": {
                      "reference": "urn:uuid:e0cb68d2-e975-4f95-828a-cfa1e33fadab"
                    },
                    "period": {
                      "start": "2016-02-04T00:04:50-05:00",
                      "end": "2016-02-04T00:04:50-05:00"
                    },
                    "reason": [
                      {
                        "coding": [
                          {
                            "system": "http://snomed.info/sct",
                            "code": "444814009",
                            "display": "Viral sinusitis (disorder)"
                          }
                        ]
                      }
                    ],
                    "serviceProvider": {
                      "reference": "urn:uuid:122a7c36-4f1b-46d1-8dba-e2fe5118bd2d"
                    },
                    "resourceType": "Encounter"
                  }
                }
              }
            ]
          },
          {
            "sequence": 2,
            "diagnosisLinkId": [
              1
            ],
            "net": {
              "value": 0.0,
              "system": "urn:iso:std:iso:4217",
              "code": "USD"
            }
          }
        ],
        "total": {
          "value": 125.0,
          "system": "urn:iso:std:iso:4217",
          "code": "USD"
        },
        "resourceType": "Claim"
      }
    },
    {
      "fullUrl": "urn:uuid:58926c39-3ca9-4c14-82fd-d8e513c77cd6",
      "resource": {
        "id": "58926c39-3ca9-4c14-82fd-d8e513c77cd6",
        "meta": {
          "profile": [
            "http://standardhealthrecord.org/fhir/StructureDefinition/shr-problem-Problem"
          ]
        },
        "clinicalStatus": "resolved",
        "verificationStatus": "confirmed",
        "code": {
          "coding": [
            {
              "system": "http://snomed.info/sct",
              "code": "444814009",
              "display": "Viral sinusitis (disorder)"
            }
          ],
          "text": "Viral sinusitis (disorder)"
        },
        "subject": {
          "reference": "urn:uuid:e0cb68d2-e975-4f95-828a-cfa1e33fadab"
        },
        "context": {
          "reference": "urn:uuid:f3ef70e4-2410-49e3-80dc-89e5192ce608"
        },
        "onsetDateTime": "2016-01-28T01:17:36-05:00",
        "abatementDateTime": "2016-02-14T17:01:53-05:00",
        "assertedDate": "2016-01-28",
        "resourceType": "Condition"
      }
    },
    {
      "fullUrl": "urn:uuid:55099a8c-1eaf-4cd0-86d2-0db58a6ff3fa",
      "resource": {
        "id": "55099a8c-1eaf-4cd0-86d2-0db58a6ff3fa",
        "meta": {
          "profile": [
            "http://standardhealthrecord.org/fhir/StructureDefinition/shr-encounter-Encounter"
          ]
        },
        "status": "finished",
        "class": {
          "code": "ambulatory"
        },
        "type": [
          {
            "coding": [
              {
                "system": "http://snomed.info/sct",
                "code": "185345009"
              }
            ],
            "text": "Encounter for symptom"
          }
        ],
        "subject": {
          "reference": "urn:uuid:e0cb68d2-e975-4f95-828a-cfa1e33fadab"
        },
        "period": {
          "start": "2016-09-22T17:10:59-04:00",
          "end": "2016-09-22T17:10:59-04:00"
        },
        "reason": [
          {
            "coding": [
              {
                "system": "http://snomed.info/sct",
                "code": "444814009",
                "display": "Viral sinusitis (disorder)"
              }
            ]
          }
        ],
        "serviceProvider": {
          "reference": "urn:uuid:122a7c36-4f1b-46d1-8dba-e2fe5118bd2d"
        },
        "resourceType": "Encounter"
      }
    },
    {
      "fullUrl": "urn:uuid:9463623e-fe37-4667-b0b7-1dcf9ff8b31f",
      "resource": {
        "id": "9463623e-fe37-4667-b0b7-1dcf9ff8b31f",
        "status": "active",
        "use": "complete",
        "patient": {
          "reference": "urn:uuid:e0cb68d2-e975-4f95-828a-cfa1e33fadab"
        },
        "billablePeriod": {
          "start": "2016-09-22T17:10:59-04:00",
          "end": "2016-09-22T17:10:59-04:00"
        },
        "organization": {
          "reference": {
            "reference": "urn:uuid:122a7c36-4f1b-46d1-8dba-e2fe5118bd2d"
          }
        },
        "diagnosis": [
          {
            "sequence": 1,
            "diagnosisReference": {
              "reference": "urn:uuid:78b902d6-6897-498f-8c82-a17c3b25d1da"
            }
          }
        ],
        "item": [
          {
            "sequence": 1,
            "net": {
              "value": 125.0,
              "system": "urn:iso:std:iso:4217",
              "code": "USD"
            },
            "encounter": [
              {
                "reference": {
                  "fullUrl": "urn:uuid:55099a8c-1eaf-4cd0-86d2-0db58a6ff3fa",
                  "resource": {
                    "id": "55099a8c-1eaf-4cd0-86d2-0db58a6ff3fa",
                    "meta": {
                      "profile": [
                        "http://standardhealthrecord.org/fhir/StructureDefinition/shr-encounter-Encounter"
                      ]
                    },
                    "status": "finished",
                    "class": {
                      "code": "ambulatory"
                    },
                    "type": [
                      {
                        "coding": [
                          {
                            "system": "http://snomed.info/sct",
                            "code": "185345009"
                          }
                        ],
                        "text": "Encounter for symptom"
                      }
                    ],
                    "subject": {
                      "reference": "urn:uuid:e0cb68d2-e975-4f95-828a-cfa1e33fadab"
                    },
                    "period": {
                      "start": "2016-09-22T17:10:59-04:00",
                      "end": "2016-09-22T17:10:59-04:00"
                    },
                    "reason": [
                      {
                        "coding": [
                          {
                            "system": "http://snomed.info/sct",
                            "code": "444814009",
                            "display": "Viral sinusitis (disorder)"
                          }
                        ]
                      }
                    ],
                    "serviceProvider": {
                      "reference": "urn:uuid:122a7c36-4f1b-46d1-8dba-e2fe5118bd2d"
                    },
                    "resourceType": "Encounter"
                  }
                }
              }
            ]
          },
          {
            "sequence": 2,
            "diagnosisLinkId": [
              1
            ],
            "net": {
              "value": 0.0,
              "system": "urn:iso:std:iso:4217",
              "code": "USD"
            }
          }
        ],
        "total": {
          "value": 125.0,
          "system": "urn:iso:std:iso:4217",
          "code": "USD"
        },
        "resourceType": "Claim"
      }
    },
    {
      "fullUrl": "urn:uuid:78b902d6-6897-498f-8c82-a17c3b25d1da",
      "resource": {
        "id": "78b902d6-6897-498f-8c82-a17c3b25d1da",
        "meta": {
          "profile": [
            "http://standardhealthrecord.org/fhir/StructureDefinition/shr-problem-Problem"
          ]
        },
        "clinicalStatus": "resolved",
        "verificationStatus": "confirmed",
        "code": {
          "coding": [
            {
              "system": "http://snomed.info/sct",
              "code": "444814009",
              "display": "Viral sinusitis (disorder)"
            }
          ],
          "text": "Viral sinusitis (disorder)"
        },
        "subject": {
          "reference": "urn:uuid:e0cb68d2-e975-4f95-828a-cfa1e33fadab"
        },
        "context": {
          "reference": "urn:uuid:55099a8c-1eaf-4cd0-86d2-0db58a6ff3fa"
        },
        "onsetDateTime": "2016-09-14T17:01:53-04:00",
        "abatementDateTime": "2016-10-12T02:44:54-04:00",
        "assertedDate": "2016-09-14",
        "resourceType": "Condition"
      }
    },
    {
      "fullUrl": "urn:uuid:75afc6af-fa02-4592-b0ef-8732a81d075b",
      "resource": {
        "id": "75afc6af-fa02-4592-b0ef-8732a81d075b",
        "meta": {
          "profile": [
            "http://standardhealthrecord.org/fhir/StructureDefinition/shr-observation-Observation"
          ]
        },
        "status": "final",
        "category": [
          {
            "coding": [
              {
                "system": "http://hl7.org/fhir/observation-category",
                "code": "survey"
              }
            ]
          }
        ],
        "code": {
          "coding": [
            {
              "system": "http://snomed.info/sct",
              "code": "273724008",
              "display": "Quality adjusted life years"
            }
          ],
          "text": "Quality adjusted life years"
        },
        "subject": {
          "reference": "urn:uuid:e0cb68d2-e975-4f95-828a-cfa1e33fadab"
        },
        "effectiveDateTime": "2017-10-31T16:09:28-04:00",
        "issued": "2017-10-31T16:09:28-04:00",
        "valueQuantity": {
          "value": 28.969966631633337,
          "unit": "years",
          "system": "http://unitsofmeasure.org/",
          "code": "years"
        },
        "resourceType": "Observation"
      }
    },
    {
      "fullUrl": "urn:uuid:bc9ccb5e-8ba0-458c-ae46-1ca0e0b06a88",
      "resource": {
        "id": "bc9ccb5e-8ba0-458c-ae46-1ca0e0b06a88",
        "meta": {
          "profile": [
            "http://standardhealthrecord.org/fhir/StructureDefinition/shr-observation-Observation"
          ]
        },
        "status": "final",
        "category": [
          {
            "coding": [
              {
                "system": "http://hl7.org/fhir/observation-category",
                "code": "survey"
              }
            ]
          }
        ],
        "code": {
          "coding": [
            {
              "system": "http://snomed.info/sct",
              "code": "273421001",
              "display": "Disability rating scale"
            }
          ],
          "text": "Disability rating scale"
        },
        "subject": {
          "reference": "urn:uuid:e0cb68d2-e975-4f95-828a-cfa1e33fadab"
        },
        "effectiveDateTime": "2017-10-31T16:09:28-04:00",
        "issued": "2017-10-31T16:09:28-04:00",
        "valueQuantity": {
          "value": 0.030033368366662427,
          "unit": "years",
          "system": "http://unitsofmeasure.org/",
          "code": "years"
        },
        "resourceType": "Observation"
      }
    }
  ],
  "resourceType": "Bundle"
}