{
  "type": "collection",
  "entry": [
    {
      "fullUrl": "urn:uuid:3f454d71-27a2-451f-a18e-271ec0e66aac",
      "resource": {
        "id": "3f454d71-27a2-451f-a18e-271ec0e66aac",
        "meta": {
          "profile": [
            "http://standardhealthrecord.org/fhir/StructureDefinition/shr-actor-Organization"
          ]
        },
        "type": [
          {
            "coding": [
              {
                "system": "http://hl7.org/fhir/organization-type",
                "code": "prov",
                "display": "Healthcare Provider"
              }
            ],
            "text": "Healthcare Provider"
          }
        ],
        "name": "MARLBOROUGH HOSPITAL",
        "resourceType": "Organization"
      }
    },
    {
      "fullUrl": "urn:uuid:69ccd36c-4bff-44d8-bd96-dbbb7a5834ca",
      "resource": {
        "id": "69ccd36c-4bff-44d8-bd96-dbbb7a5834ca",
        "meta": {
          "profile": [
            "http://standardhealthrecord.org/fhir/StructureDefinition/shr-demographics-PersonOfRecord"
          ]
        },
        "text": {
          "status": "generated",
          "div": "<div xmlns=\"http://www.w3.org/1999/xhtml\">Generated by <a href=\"https://github.com/synthetichealth/synthea\">Synthea</a>. Version identifier: 368ac389f34cd3ce3986aa3a0a08e467bf574db3</div>"
        },
        "extension": [
          {
            "url": "http://hl7.org/fhir/us/core/StructureDefinition/us-core-race",
            "valueCodeableConcept": {
              "coding": [
                {
                  "system": "http://hl7.org/fhir/v3/Race",
                  "code": "2106-3",
                  "display": "White"
                }
              ],
              "text": "race"
            }
          },
          {
            "url": "http://hl7.org/fhir/us/core/StructureDefinition/us-core-ethnicity",
            "valueCodeableConcept": {
              "coding": [
                {
                  "system": "http://hl7.org/fhir/v3/Ethnicity",
                  "code": "2186-5",
                  "display": "Nonhispanic"
                }
              ],
              "text": "ethnicity"
            }
          },
          {
            "url": "http://hl7.org/fhir/StructureDefinition/birthPlace",
            "valueAddress": {
              "city": "Weymouth Town",
              "state": "MA",
              "country": "US"
            }
          },
          {
            "url": "http://hl7.org/fhir/StructureDefinition/patient-mothersMaidenName",
            "valueString": "Maurice271 Johnston596"
          },
          {
            "url": "http://hl7.org/fhir/us/core/StructureDefinition/us-core-birthsex",
            "valueCode": "M"
          },
          {
            "url": "http://hl7.org/fhir/StructureDefinition/patient-interpreterRequired",
            "valueBoolean": false
          },
          {
            "url": "http://standardhealthrecord.org/fhir/StructureDefinition/shr-actor-FictionalPerson-extension",
            "valueBoolean": true
          },
          {
            "url": "http://standardhealthrecord.org/fhir/StructureDefinition/shr-demographics-FathersName-extension",
            "valueHumanName": {
              "text": "Garth873 Beier2"
            }
          },
          {
            "url": "http://standardhealthrecord.org/fhir/StructureDefinition/shr-demographics-SocialSecurityNumber-extension",
            "valueString": "999-81-1517"
          }
        ],
        "identifier": [
          {
            "system": "https://github.com/synthetichealth/synthea",
            "value": "d596f927-1800-4091-bc19-12ef8dd4d0d1"
          },
          {
            "type": {
              "coding": [
                {
                  "system": "http://hl7.org/fhir/identifier-type",
                  "code": "SB"
                }
              ]
            },
            "system": "http://hl7.org/fhir/sid/us-ssn",
            "value": "999811517"
          },
          {
            "type": {
              "coding": [
                {
                  "system": "http://hl7.org/fhir/v2/0203",
                  "code": "DL"
                }
              ]
            },
            "system": "urn:oid:2.16.840.1.113883.4.3.25",
            "value": "S99979887"
          },
          {
            "type": {
              "coding": [
                {
                  "system": "http://hl7.org/fhir/v2/0203",
                  "code": "PPN"
                }
              ]
            },
            "system": "http://standardhealthrecord.org/fhir/StructureDefinition/passportNumber",
            "value": "X46201391X"
          },
          {
            "type": {
              "coding": [
                {
                  "system": "http://hl7.org/fhir/v2/0203",
                  "code": "MR"
                }
              ]
            },
            "system": "http://hospital.smarthealthit.org",
            "value": "d596f927-1800-4091-bc19-12ef8dd4d0d1"
          }
        ],
        "name": [
          {
            "use": "official",
            "family": "Beier2",
            "given": [
              "Francesco692"
            ],
            "prefix": [
              "Mr."
            ]
          }
        ],
        "telecom": [
          {
            "system": "phone",
            "value": "659.381.5471 x27982",
            "use": "home"
          }
        ],
        "gender": "male",
        "birthDate": "1926-10-13",
        "deceasedDateTime": "2002-04-03T01:00:20-05:00",
        "address": [
          {
            "extension": [
              {
                "extension": [
                  {
                    "url": "latitude",
                    "valueDecimal": 42.343010667910306
                  },
                  {
                    "url": "longitude",
                    "valueDecimal": -71.59384508115907
                  }
                ],
                "url": "http://hl7.org/fhir/StructureDefinition/geolocation"
              }
            ],
            "line": [
              "18419 Rohan Keys",
              "Suite 210"
            ],
            "city": "Marlborough",
            "state": "MA",
            "postalCode": "01752",
            "country": "US"
          }
        ],
        "maritalStatus": {
          "coding": [
            {
              "system": "http://hl7.org/fhir/v3/MaritalStatus",
              "code": "M"
            }
          ],
          "text": "M"
        },
        "multipleBirthBoolean": false,
        "communication": [
          {
            "language": {
              "coding": [
                {
                  "system": "http://hl7.org/fhir/ValueSet/languages",
                  "code": "en-US",
                  "display": "English (United States)"
                }
              ]
            }
          }
        ],
        "generalPractitioner": [
          {
            "reference": "urn:uuid:3f454d71-27a2-451f-a18e-271ec0e66aac"
          }
        ],
        "resourceType": "Patient"
      }
    },
    {
      "fullUrl": "urn:uuid:10621a82-3932-4625-865c-71e46c9c827e",
      "resource": {
        "id": "10621a82-3932-4625-865c-71e46c9c827e",
        "meta": {
          "profile": [
            "http://standardhealthrecord.org/fhir/StructureDefinition/shr-encounter-Encounter"
          ]
        },
        "status": "finished",
        "class": {
          "code": "ambulatory"
        },
        "type": [
          {
            "coding": [
              {
                "system": "http://snomed.info/sct",
                "code": "308646001"
              }
            ],
            "text": "Death Certification"
          }
        ],
        "subject": {
          "reference": "urn:uuid:69ccd36c-4bff-44d8-bd96-dbbb7a5834ca"
        },
        "period": {
          "start": "2002-04-03T01:00:20-05:00",
          "end": "2002-04-03T01:15:20-05:00"
        },
        "serviceProvider": {
          "reference": "urn:uuid:3f454d71-27a2-451f-a18e-271ec0e66aac"
        },
        "resourceType": "Encounter"
      }
    },
    {
      "fullUrl": "urn:uuid:c598361c-9bcd-495b-a381-7780a6d17a07",
      "resource": {
        "id": "c598361c-9bcd-495b-a381-7780a6d17a07",
        "status": "active",
        "use": "complete",
        "patient": {
          "reference": "urn:uuid:69ccd36c-4bff-44d8-bd96-dbbb7a5834ca"
        },
        "billablePeriod": {
          "start": "2002-04-03T01:00:20-05:00",
          "end": "2002-04-03T01:15:20-05:00"
        },
        "organization": {
          "reference": {
            "reference": "urn:uuid:3f454d71-27a2-451f-a18e-271ec0e66aac"
          }
        },
        "diagnosis": [
          {
            "sequence": 1,
            "diagnosisReference": {
              "reference": "urn:uuid:56eef329-b728-4ede-bc5d-0ca7a8df03a9"
            }
          },
          {
            "sequence": 2,
            "diagnosisReference": {
              "reference": "urn:uuid:4f5c91f9-86a1-4ab0-9715-cf82ffe42eb5"
            }
          },
          {
            "sequence": 3,
            "diagnosisReference": {
              "reference": "urn:uuid:4653b282-7026-4421-be6e-a848e3234def"
            }
          },
          {
            "sequence": 4,
            "diagnosisReference": {
              "reference": "urn:uuid:3bbebad5-e65b-4bb8-85c9-6c41cb58b8a1"
            }
          },
          {
            "sequence": 5,
            "diagnosisReference": {
              "reference": "urn:uuid:0a82e558-c7ad-4e1e-98ec-cf1b77c99bdf"
            }
          },
          {
            "sequence": 6,
            "diagnosisReference": {
              "reference": "urn:uuid:a13f5285-2845-4883-9468-9c254f2bb5e5"
            }
          }
        ],
        "item": [
          {
            "sequence": 1,
            "net": {
              "value": 125.0,
              "system": "urn:iso:std:iso:4217",
              "code": "USD"
            },
            "encounter": [
              {
                "reference": {
                  "fullUrl": "urn:uuid:10621a82-3932-4625-865c-71e46c9c827e",
                  "resource": {
                    "id": "10621a82-3932-4625-865c-71e46c9c827e",
                    "meta": {
                      "profile": [
                        "http://standardhealthrecord.org/fhir/StructureDefinition/shr-encounter-Encounter"
                      ]
                    },
                    "status": "finished",
                    "class": {
                      "code": "ambulatory"
                    },
                    "type": [
                      {
                        "coding": [
                          {
                            "system": "http://snomed.info/sct",
                            "code": "308646001"
                          }
                        ],
                        "text": "Death Certification"
                      }
                    ],
                    "subject": {
                      "reference": "urn:uuid:69ccd36c-4bff-44d8-bd96-dbbb7a5834ca"
                    },
                    "period": {
                      "start": "2002-04-03T01:00:20-05:00",
                      "end": "2002-04-03T01:15:20-05:00"
                    },
                    "serviceProvider": {
                      "reference": "urn:uuid:3f454d71-27a2-451f-a18e-271ec0e66aac"
                    },
                    "resourceType": "Encounter"
                  }
                }
              }
            ]
          },
          {
            "sequence": 2,
            "diagnosisLinkId": [
              1
            ],
            "net": {
              "value": 0.0,
              "system": "urn:iso:std:iso:4217",
              "code": "USD"
            }
          },
          {
            "sequence": 3,
            "diagnosisLinkId": [
              2
            ],
            "net": {
              "value": 0.0,
              "system": "urn:iso:std:iso:4217",
              "code": "USD"
            }
          },
          {
            "sequence": 4,
            "diagnosisLinkId": [
              3
            ],
            "net": {
              "value": 0.0,
              "system": "urn:iso:std:iso:4217",
              "code": "USD"
            }
          },
          {
            "sequence": 5,
            "diagnosisLinkId": [
              4
            ],
            "net": {
              "value": 0.0,
              "system": "urn:iso:std:iso:4217",
              "code": "USD"
            }
          },
          {
            "sequence": 6,
            "diagnosisLinkId": [
              5
            ],
            "net": {
              "value": 0.0,
              "system": "urn:iso:std:iso:4217",
              "code": "USD"
            }
          },
          {
            "sequence": 7,
            "diagnosisLinkId": [
              6
            ],
            "net": {
              "value": 0.0,
              "system": "urn:iso:std:iso:4217",
              "code": "USD"
            }
          }
        ],
        "total": {
          "value": 125.0,
          "system": "urn:iso:std:iso:4217",
          "code": "USD"
        },
        "resourceType": "Claim"
      }
    },
    {
      "fullUrl": "urn:uuid:56eef329-b728-4ede-bc5d-0ca7a8df03a9",
      "resource": {
        "id": "56eef329-b728-4ede-bc5d-0ca7a8df03a9",
        "meta": {
          "profile": [
            "http://standardhealthrecord.org/fhir/StructureDefinition/shr-problem-Problem"
          ]
        },
        "clinicalStatus": "active",
        "verificationStatus": "confirmed",
        "code": {
          "coding": [
            {
              "system": "http://snomed.info/sct",
              "code": "38341003",
              "display": "Hypertension"
            }
          ],
          "text": "Hypertension"
        },
        "subject": {
          "reference": "urn:uuid:69ccd36c-4bff-44d8-bd96-dbbb7a5834ca"
        },
        "context": {
          "reference": "urn:uuid:10621a82-3932-4625-865c-71e46c9c827e"
        },
        "onsetDateTime": "1945-09-14T03:28:05-04:00",
        "assertedDate": "1945-09-14",
        "resourceType": "Condition"
      }
    },
    {
      "fullUrl": "urn:uuid:4f5c91f9-86a1-4ab0-9715-cf82ffe42eb5",
      "resource": {
        "id": "4f5c91f9-86a1-4ab0-9715-cf82ffe42eb5",
        "meta": {
          "profile": [
            "http://standardhealthrecord.org/fhir/StructureDefinition/shr-problem-Problem"
          ]
        },
        "clinicalStatus": "active",
        "verificationStatus": "confirmed",
        "code": {
          "coding": [
            {
              "system": "http://snomed.info/sct",
              "code": "74400008",
              "display": "Appendicitis"
            }
          ],
          "text": "Appendicitis"
        },
        "subject": {
          "reference": "urn:uuid:69ccd36c-4bff-44d8-bd96-dbbb7a5834ca"
        },
        "context": {
          "reference": "urn:uuid:10621a82-3932-4625-865c-71e46c9c827e"
        },
        "onsetDateTime": "1962-04-12T04:56:38-05:00",
        "assertedDate": "1962-04-12",
        "resourceType": "Condition"
      }
    },
    {
      "fullUrl": "urn:uuid:4653b282-7026-4421-be6e-a848e3234def",
      "resource": {
        "id": "4653b282-7026-4421-be6e-a848e3234def",
        "meta": {
          "profile": [
            "http://standardhealthrecord.org/fhir/StructureDefinition/shr-problem-Problem"
          ]
        },
        "clinicalStatus": "active",
        "verificationStatus": "confirmed",
        "code": {
          "coding": [
            {
              "system": "http://snomed.info/sct",
              "code": "47693006",
              "display": "Rupture of appendix"
            }
          ],
          "text": "Rupture of appendix"
        },
        "subject": {
          "reference": "urn:uuid:69ccd36c-4bff-44d8-bd96-dbbb7a5834ca"
        },
        "context": {
          "reference": "urn:uuid:10621a82-3932-4625-865c-71e46c9c827e"
        },
        "onsetDateTime": "1962-04-12T04:56:38-05:00",
        "assertedDate": "1962-04-12",
        "resourceType": "Condition"
      }
    },
    {
      "fullUrl": "urn:uuid:3bbebad5-e65b-4bb8-85c9-6c41cb58b8a1",
      "resource": {
        "id": "3bbebad5-e65b-4bb8-85c9-6c41cb58b8a1",
        "meta": {
          "profile": [
            "http://standardhealthrecord.org/fhir/StructureDefinition/shr-problem-Problem"
          ]
        },
        "clinicalStatus": "active",
        "verificationStatus": "confirmed",
        "code": {
          "coding": [
            {
              "system": "http://snomed.info/sct",
              "code": "428251008",
              "display": "History of appendectomy"
            }
          ],
          "text": "History of appendectomy"
        },
        "subject": {
          "reference": "urn:uuid:69ccd36c-4bff-44d8-bd96-dbbb7a5834ca"
        },
        "context": {
          "reference": "urn:uuid:10621a82-3932-4625-865c-71e46c9c827e"
        },
        "onsetDateTime": "1962-04-12T04:56:38-05:00",
        "assertedDate": "1962-04-12",
        "resourceType": "Condition"
      }
    },
    {
      "fullUrl": "urn:uuid:0a82e558-c7ad-4e1e-98ec-cf1b77c99bdf",
      "resource": {
        "id": "0a82e558-c7ad-4e1e-98ec-cf1b77c99bdf",
        "meta": {
          "profile": [
            "http://standardhealthrecord.org/fhir/StructureDefinition/shr-problem-Problem"
          ]
        },
        "clinicalStatus": "active",
        "verificationStatus": "confirmed",
        "code": {
          "coding": [
            {
              "system": "http://snomed.info/sct",
              "code": "64859006",
              "display": "Osteoporosis (disorder)"
            }
          ],
          "text": "Osteoporosis (disorder)"
        },
        "subject": {
          "reference": "urn:uuid:69ccd36c-4bff-44d8-bd96-dbbb7a5834ca"
        },
        "context": {
          "reference": "urn:uuid:10621a82-3932-4625-865c-71e46c9c827e"
        },
        "onsetDateTime": "1987-09-19T16:32:41-04:00",
        "assertedDate": "1987-09-19",
        "resourceType": "Condition"
      }
    },
    {
      "fullUrl": "urn:uuid:a13f5285-2845-4883-9468-9c254f2bb5e5",
      "resource": {
        "id": "a13f5285-2845-4883-9468-9c254f2bb5e5",
        "meta": {
          "profile": [
            "http://standardhealthrecord.org/fhir/StructureDefinition/shr-problem-Problem"
          ]
        },
        "clinicalStatus": "active",
        "verificationStatus": "confirmed",
        "code": {
          "coding": [
            {
              "system": "http://snomed.info/sct",
              "code": "55680006",
              "display": "Drug overdose"
            }
          ],
          "text": "Drug overdose"
        },
        "subject": {
          "reference": "urn:uuid:69ccd36c-4bff-44d8-bd96-dbbb7a5834ca"
        },
        "context": {
          "reference": "urn:uuid:10621a82-3932-4625-865c-71e46c9c827e"
        },
        "onsetDateTime": "2001-04-14T01:00:20-04:00",
        "assertedDate": "2001-04-14",
        "resourceType": "Condition"
      }
    },
    {
      "fullUrl": "urn:uuid:3d1fd5b6-359d-413a-80f0-56ba1257df9b",
      "resource": {
        "id": "3d1fd5b6-359d-413a-80f0-56ba1257df9b",
        "meta": {
          "profile": [
            "http://standardhealthrecord.org/fhir/StructureDefinition/shr-observation-Observation"
          ]
        },
        "status": "final",
        "category": [
          {
            "coding": [
              {
                "system": "http://hl7.org/fhir/observation-category"
              }
            ]
          }
        ],
        "code": {
          "coding": [
            {
              "system": "http://loinc.org",
              "code": "69453-9",
              "display": "Cause of Death [US Standard Certificate of Death]"
            }
          ],
          "text": "Cause of Death [US Standard Certificate of Death]"
        },
        "subject": {
          "reference": "urn:uuid:69ccd36c-4bff-44d8-bd96-dbbb7a5834ca"
        },
        "context": {
          "reference": "urn:uuid:10621a82-3932-4625-865c-71e46c9c827e"
        },
        "effectiveDateTime": "2002-04-03T01:00:20-05:00",
        "issued": "2002-04-03T01:00:20-05:00",
        "valueCodeableConcept": {
          "coding": [
            {
              "system": "http://snomed.info/sct",
              "code": "9855000",
              "display": "Natural death with unknown cause"
            }
          ],
          "text": "Natural death with unknown cause"
        },
        "resourceType": "Observation"
      }
    },
    {
      "fullUrl": "urn:uuid:143213eb-585d-4ec0-95b9-e6886560bb2f",
      "resource": {
        "id": "143213eb-585d-4ec0-95b9-e6886560bb2f",
        "meta": {
          "profile": [
            "http://standardhealthrecord.org/fhir/StructureDefinition/shr-observation-Panel"
          ]
        },
        "status": "final",
        "code": {
          "coding": [
            {
              "system": "http://loinc.org",
              "code": "69409-1",
              "display": "U.S. standard certificate of death - 2003 revision"
            }
          ]
        },
        "subject": {
          "reference": "urn:uuid:69ccd36c-4bff-44d8-bd96-dbbb7a5834ca"
        },
        "context": {
          "reference": "urn:uuid:10621a82-3932-4625-865c-71e46c9c827e"
        },
        "effectiveDateTime": "2002-04-03T01:00:20-05:00",
        "issued": "2002-04-03T01:00:20-05:00",
        "result": [
          {
            "reference": "urn:uuid:3d1fd5b6-359d-413a-80f0-56ba1257df9b",
            "display": "Cause of Death [US Standard Certificate of Death]"
          }
        ],
        "resourceType": "DiagnosticReport"
      }
    },
    {
      "fullUrl": "urn:uuid:6a181b7f-cef1-4cbd-970f-a59edadfe8a6",
      "resource": {
        "id": "6a181b7f-cef1-4cbd-970f-a59edadfe8a6",
        "meta": {
          "profile": [
            "http://standardhealthrecord.org/fhir/StructureDefinition/shr-observation-Observation"
          ]
        },
        "status": "final",
        "category": [
          {
            "coding": [
              {
                "system": "http://hl7.org/fhir/observation-category",
                "code": "survey"
              }
            ]
          }
        ],
        "code": {
          "coding": [
            {
              "system": "http://snomed.info/sct",
              "code": "273724008",
              "display": "Quality adjusted life years"
            }
          ],
          "text": "Quality adjusted life years"
        },
        "subject": {
          "reference": "urn:uuid:69ccd36c-4bff-44d8-bd96-dbbb7a5834ca"
        },
        "effectiveDateTime": "2017-10-31T16:09:28-04:00",
        "issued": "2017-10-31T16:09:28-04:00",
        "valueQuantity": {
          "value": 62.40554071508572,
          "unit": "years",
          "system": "http://unitsofmeasure.org/",
          "code": "years"
        },
        "resourceType": "Observation"
      }
    },
    {
      "fullUrl": "urn:uuid:677e8fdc-b82e-4b2f-8522-7bab8e50ff60",
      "resource": {
        "id": "677e8fdc-b82e-4b2f-8522-7bab8e50ff60",
        "meta": {
          "profile": [
            "http://standardhealthrecord.org/fhir/StructureDefinition/shr-observation-Observation"
          ]
        },
        "status": "final",
        "category": [
          {
            "coding": [
              {
                "system": "http://hl7.org/fhir/observation-category",
                "code": "survey"
              }
            ]
          }
        ],
        "code": {
          "coding": [
            {
              "system": "http://snomed.info/sct",
              "code": "273421001",
              "display": "Disability rating scale"
            }
          ],
          "text": "Disability rating scale"
        },
        "subject": {
          "reference": "urn:uuid:69ccd36c-4bff-44d8-bd96-dbbb7a5834ca"
        },
        "effectiveDateTime": "2017-10-31T16:09:28-04:00",
        "issued": "2017-10-31T16:09:28-04:00",
        "valueQuantity": {
          "value": 29.92695928491429,
          "unit": "years",
          "system": "http://unitsofmeasure.org/",
          "code": "years"
        },
        "resourceType": "Observation"
      }
    }
  ],
  "resourceType": "Bundle"
}