{
  "type": "collection",
  "entry": [
    {
      "fullUrl": "urn:uuid:5ffe3b64-8831-4975-85d4-7fcad46c37dd",
      "resource": {
        "id": "5ffe3b64-8831-4975-85d4-7fcad46c37dd",
        "meta": {
          "profile": [
            "http://standardhealthrecord.org/fhir/StructureDefinition/shr-actor-Organization"
          ]
        },
        "type": [
          {
            "coding": [
              {
                "system": "http://hl7.org/fhir/organization-type",
                "code": "prov",
                "display": "Healthcare Provider"
              }
            ],
            "text": "Healthcare Provider"
          }
        ],
        "name": "SIGNATURE BROCKTON @430 LIBERTY ST",
        "resourceType": "Organization"
      }
    },
    {
      "fullUrl": "urn:uuid:c7125d61-e22d-492e-93b5-68ffd544d865",
      "resource": {
        "id": "c7125d61-e22d-492e-93b5-68ffd544d865",
        "meta": {
          "profile": [
            "http://standardhealthrecord.org/fhir/StructureDefinition/shr-demographics-PersonOfRecord"
          ]
        },
        "text": {
          "status": "generated",
          "div": "<div xmlns=\"http://www.w3.org/1999/xhtml\">Generated by <a href=\"https://github.com/synthetichealth/synthea\">Synthea</a>. Version identifier: 368ac389f34cd3ce3986aa3a0a08e467bf574db3</div>"
        },
        "extension": [
          {
            "url": "http://hl7.org/fhir/us/core/StructureDefinition/us-core-race",
            "valueCodeableConcept": {
              "coding": [
                {
                  "system": "http://hl7.org/fhir/v3/Race",
                  "code": "2106-3",
                  "display": "White"
                }
              ],
              "text": "race"
            }
          },
          {
            "url": "http://hl7.org/fhir/us/core/StructureDefinition/us-core-ethnicity",
            "valueCodeableConcept": {
              "coding": [
                {
                  "system": "http://hl7.org/fhir/v3/Ethnicity",
                  "code": "2186-5",
                  "display": "Nonhispanic"
                }
              ],
              "text": "ethnicity"
            }
          },
          {
            "url": "http://hl7.org/fhir/StructureDefinition/birthPlace",
            "valueAddress": {
              "city": "Worcester",
              "state": "MA",
              "country": "US"
            }
          },
          {
            "url": "http://hl7.org/fhir/StructureDefinition/patient-mothersMaidenName",
            "valueString": "Marilou138 Smitham933"
          },
          {
            "url": "http://hl7.org/fhir/us/core/StructureDefinition/us-core-birthsex",
            "valueCode": "M"
          },
          {
            "url": "http://hl7.org/fhir/StructureDefinition/patient-interpreterRequired",
            "valueBoolean": false
          },
          {
            "url": "http://standardhealthrecord.org/fhir/StructureDefinition/shr-actor-FictionalPerson-extension",
            "valueBoolean": true
          },
          {
            "url": "http://standardhealthrecord.org/fhir/StructureDefinition/shr-demographics-FathersName-extension",
            "valueHumanName": {
              "text": "David933 Beier2"
            }
          },
          {
            "url": "http://standardhealthrecord.org/fhir/StructureDefinition/shr-demographics-SocialSecurityNumber-extension",
            "valueString": "999-50-1813"
          }
        ],
        "identifier": [
          {
            "system": "https://github.com/synthetichealth/synthea",
            "value": "b0267db8-7199-4ee9-821b-ea9da3f86625"
          },
          {
            "type": {
              "coding": [
                {
                  "system": "http://hl7.org/fhir/identifier-type",
                  "code": "SB"
                }
              ]
            },
            "system": "http://hl7.org/fhir/sid/us-ssn",
            "value": "999501813"
          },
          {
            "type": {
              "coding": [
                {
                  "system": "http://hl7.org/fhir/v2/0203",
                  "code": "DL"
                }
              ]
            },
            "system": "urn:oid:2.16.840.1.113883.4.3.25",
            "value": "S99936136"
          },
          {
            "type": {
              "coding": [
                {
                  "system": "http://hl7.org/fhir/v2/0203",
                  "code": "MR"
                }
              ]
            },
            "system": "http://hospital.smarthealthit.org",
            "value": "b0267db8-7199-4ee9-821b-ea9da3f86625"
          }
        ],
        "name": [
          {
            "use": "official",
            "family": "Beier2",
            "given": [
              "Wilbur331"
            ],
            "prefix": [
              "Mr."
            ]
          }
        ],
        "telecom": [
          {
            "system": "phone",
            "value": "715-643-1245",
            "use": "home"
          }
        ],
        "gender": "male",
        "birthDate": "1928-03-29",
        "deceasedDateTime": "1995-06-24T23:29:55-04:00",
        "address": [
          {
            "extension": [
              {
                "extension": [
                  {
                    "url": "latitude",
                    "valueDecimal": 42.076700475633345
                  },
                  {
                    "url": "longitude",
                    "valueDecimal": -70.91179158305701
                  }
                ],
                "url": "http://hl7.org/fhir/StructureDefinition/geolocation"
              }
            ],
            "line": [
              "300 Gusikowski Lodge"
            ],
            "city": "Whitman",
            "state": "MA",
            "postalCode": "02382",
            "country": "US"
          }
        ],
        "maritalStatus": {
          "coding": [
            {
              "system": "http://hl7.org/fhir/v3/MaritalStatus",
              "code": "M"
            }
          ],
          "text": "M"
        },
        "multipleBirthBoolean": false,
        "communication": [
          {
            "language": {
              "coding": [
                {
                  "system": "http://hl7.org/fhir/ValueSet/languages",
                  "code": "en-US",
                  "display": "English (United States)"
                }
              ]
            }
          }
        ],
        "generalPractitioner": [
          {
            "reference": "urn:uuid:5ffe3b64-8831-4975-85d4-7fcad46c37dd"
          }
        ],
        "resourceType": "Patient"
      }
    },
    {
      "fullUrl": "urn:uuid:b4db1005-b96d-40b1-a722-e2f8a0744b4b",
      "resource": {
        "id": "b4db1005-b96d-40b1-a722-e2f8a0744b4b",
        "meta": {
          "profile": [
            "http://standardhealthrecord.org/fhir/StructureDefinition/shr-encounter-Encounter"
          ]
        },
        "status": "finished",
        "class": {
          "code": "ambulatory"
        },
        "type": [
          {
            "coding": [
              {
                "system": "http://snomed.info/sct",
                "code": "308646001"
              }
            ],
            "text": "Death Certification"
          }
        ],
        "subject": {
          "reference": "urn:uuid:c7125d61-e22d-492e-93b5-68ffd544d865"
        },
        "period": {
          "start": "1995-06-24T23:29:55-04:00",
          "end": "1995-06-24T23:44:55-04:00"
        },
        "serviceProvider": {
          "reference": "urn:uuid:5ffe3b64-8831-4975-85d4-7fcad46c37dd"
        },
        "resourceType": "Encounter"
      }
    },
    {
      "fullUrl": "urn:uuid:a4fbcea6-abb4-4c0b-a843-b77256dde8a1",
      "resource": {
        "id": "a4fbcea6-abb4-4c0b-a843-b77256dde8a1",
        "status": "active",
        "use": "complete",
        "patient": {
          "reference": "urn:uuid:c7125d61-e22d-492e-93b5-68ffd544d865"
        },
        "billablePeriod": {
          "start": "1995-06-24T23:29:55-04:00",
          "end": "1995-06-24T23:44:55-04:00"
        },
        "organization": {
          "reference": {
            "reference": "urn:uuid:5ffe3b64-8831-4975-85d4-7fcad46c37dd"
          }
        },
        "diagnosis": [
          {
            "sequence": 1,
            "diagnosisReference": {
              "reference": "urn:uuid:cbe28ef2-107f-41f3-bda3-f3db889f9991"
            }
          },
          {
            "sequence": 2,
            "diagnosisReference": {
              "reference": "urn:uuid:e46bf8e1-cd9e-4070-a582-14e4954b0815"
            }
          }
        ],
        "item": [
          {
            "sequence": 1,
            "net": {
              "value": 125.0,
              "system": "urn:iso:std:iso:4217",
              "code": "USD"
            },
            "encounter": [
              {
                "reference": {
                  "fullUrl": "urn:uuid:b4db1005-b96d-40b1-a722-e2f8a0744b4b",
                  "resource": {
                    "id": "b4db1005-b96d-40b1-a722-e2f8a0744b4b",
                    "meta": {
                      "profile": [
                        "http://standardhealthrecord.org/fhir/StructureDefinition/shr-encounter-Encounter"
                      ]
                    },
                    "status": "finished",
                    "class": {
                      "code": "ambulatory"
                    },
                    "type": [
                      {
                        "coding": [
                          {
                            "system": "http://snomed.info/sct",
                            "code": "308646001"
                          }
                        ],
                        "text": "Death Certification"
                      }
                    ],
                    "subject": {
                      "reference": "urn:uuid:c7125d61-e22d-492e-93b5-68ffd544d865"
                    },
                    "period": {
                      "start": "1995-06-24T23:29:55-04:00",
                      "end": "1995-06-24T23:44:55-04:00"
                    },
                    "serviceProvider": {
                      "reference": "urn:uuid:5ffe3b64-8831-4975-85d4-7fcad46c37dd"
                    },
                    "resourceType": "Encounter"
                  }
                }
              }
            ]
          },
          {
            "sequence": 2,
            "diagnosisLinkId": [
              1
            ],
            "net": {
              "value": 0.0,
              "system": "urn:iso:std:iso:4217",
              "code": "USD"
            }
          },
          {
            "sequence": 3,
            "diagnosisLinkId": [
              2
            ],
            "net": {
              "value": 0.0,
              "system": "urn:iso:std:iso:4217",
              "code": "USD"
            }
          }
        ],
        "total": {
          "value": 125.0,
          "system": "urn:iso:std:iso:4217",
          "code": "USD"
        },
        "resourceType": "Claim"
      }
    },
    {
      "fullUrl": "urn:uuid:cbe28ef2-107f-41f3-bda3-f3db889f9991",
      "resource": {
        "id": "cbe28ef2-107f-41f3-bda3-f3db889f9991",
        "meta": {
          "profile": [
            "http://standardhealthrecord.org/fhir/StructureDefinition/shr-problem-Problem"
          ]
        },
        "clinicalStatus": "active",
        "verificationStatus": "confirmed",
        "code": {
          "coding": [
            {
              "system": "http://snomed.info/sct",
              "code": "68496003",
              "display": "Polyp of colon"
            }
          ],
          "text": "Polyp of colon"
        },
        "subject": {
          "reference": "urn:uuid:c7125d61-e22d-492e-93b5-68ffd544d865"
        },
        "context": {
          "reference": "urn:uuid:b4db1005-b96d-40b1-a722-e2f8a0744b4b"
        },
        "onsetDateTime": "1993-03-30T13:47:53-05:00",
        "assertedDate": "1993-03-30",
        "resourceType": "Condition"
      }
    },
    {
      "fullUrl": "urn:uuid:e46bf8e1-cd9e-4070-a582-14e4954b0815",
      "resource": {
        "id": "e46bf8e1-cd9e-4070-a582-14e4954b0815",
        "meta": {
          "profile": [
            "http://standardhealthrecord.org/fhir/StructureDefinition/shr-problem-Problem"
          ]
        },
        "clinicalStatus": "active",
        "verificationStatus": "confirmed",
        "code": {
          "coding": [
            {
              "system": "http://snomed.info/sct",
              "code": "109838007",
              "display": "Overlapping malignant neoplasm of colon"
            }
          ],
          "text": "Overlapping malignant neoplasm of colon"
        },
        "subject": {
          "reference": "urn:uuid:c7125d61-e22d-492e-93b5-68ffd544d865"
        },
        "context": {
          "reference": "urn:uuid:b4db1005-b96d-40b1-a722-e2f8a0744b4b"
        },
        "onsetDateTime": "1993-04-09T16:36:42-04:00",
        "assertedDate": "1993-04-09",
        "resourceType": "Condition"
      }
    },
    {
      "fullUrl": "urn:uuid:9c25fc52-11ae-467a-8b18-4c63d4bb677e",
      "resource": {
        "id": "9c25fc52-11ae-467a-8b18-4c63d4bb677e",
        "meta": {
          "profile": [
            "http://standardhealthrecord.org/fhir/StructureDefinition/shr-observation-Observation"
          ]
        },
        "status": "final",
        "category": [
          {
            "coding": [
              {
                "system": "http://hl7.org/fhir/observation-category"
              }
            ]
          }
        ],
        "code": {
          "coding": [
            {
              "system": "http://loinc.org",
              "code": "69453-9",
              "display": "Cause of Death [US Standard Certificate of Death]"
            }
          ],
          "text": "Cause of Death [US Standard Certificate of Death]"
        },
        "subject": {
          "reference": "urn:uuid:c7125d61-e22d-492e-93b5-68ffd544d865"
        },
        "context": {
          "reference": "urn:uuid:b4db1005-b96d-40b1-a722-e2f8a0744b4b"
        },
        "effectiveDateTime": "1995-06-24T23:29:55-04:00",
        "issued": "1995-06-24T23:29:55-04:00",
        "valueCodeableConcept": {
          "coding": [
            {
              "system": "http://snomed.info/sct",
              "code": "109838007",
              "display": "Overlapping malignant neoplasm of colon"
            }
          ],
          "text": "Overlapping malignant neoplasm of colon"
        },
        "resourceType": "Observation"
      }
    },
    {
      "fullUrl": "urn:uuid:d9916c6a-4f2f-45dd-aa42-d41c7ff40ba2",
      "resource": {
        "id": "d9916c6a-4f2f-45dd-aa42-d41c7ff40ba2",
        "meta": {
          "profile": [
            "http://standardhealthrecord.org/fhir/StructureDefinition/shr-observation-Panel"
          ]
        },
        "status": "final",
        "code": {
          "coding": [
            {
              "system": "http://loinc.org",
              "code": "69409-1",
              "display": "U.S. standard certificate of death - 2003 revision"
            }
          ]
        },
        "subject": {
          "reference": "urn:uuid:c7125d61-e22d-492e-93b5-68ffd544d865"
        },
        "context": {
          "reference": "urn:uuid:b4db1005-b96d-40b1-a722-e2f8a0744b4b"
        },
        "effectiveDateTime": "1995-06-24T23:29:55-04:00",
        "issued": "1995-06-24T23:29:55-04:00",
        "result": [
          {
            "reference": "urn:uuid:9c25fc52-11ae-467a-8b18-4c63d4bb677e",
            "display": "Cause of Death [US Standard Certificate of Death]"
          }
        ],
        "resourceType": "DiagnosticReport"
      }
    },
    {
      "resource": {
        "status": "active",
        "intent": "order",
        "category": [
          {
            "coding": [
              {
                "system": "http://snomed.info/sct",
                "code": "395082007",
                "display": "Cancer care plan"
              }
            ]
          }
        ],
        "subject": {
          "reference": "urn:uuid:c7125d61-e22d-492e-93b5-68ffd544d865"
        },
        "context": {
          "reference": "urn:uuid:b4db1005-b96d-40b1-a722-e2f8a0744b4b"
        },
        "period": {
          "start": "1993-04-09"
        },
        "addresses": [
          {
            "reference": "urn:uuid:e46bf8e1-cd9e-4070-a582-14e4954b0815"
          }
        ],
        "activity": [
          {
            "detail": {
              "code": {
                "coding": [
                  {
                    "system": "http://snomed.info/sct",
                    "code": "226234005",
                    "display": "Healthy diet"
                  }
                ]
              },
              "status": "in-progress"
            }
          },
          {
            "detail": {
              "code": {
                "coding": [
                  {
                    "system": "http://snomed.info/sct",
                    "code": "703993001",
                    "display": "Colonoscopy planned"
                  }
                ]
              },
              "status": "in-progress"
            }
          },
          {
            "detail": {
              "code": {
                "coding": [
                  {
                    "system": "http://snomed.info/sct",
                    "code": "243072006",
                    "display": "Cancer education"
                  }
                ]
              },
              "status": "in-progress"
            }
          }
        ],
        "resourceType": "CarePlan"
      }
    },
    {
      "fullUrl": "urn:uuid:98a66dde-674c-4f4e-86c1-3f07f28fb52b",
      "resource": {
        "id": "98a66dde-674c-4f4e-86c1-3f07f28fb52b",
        "meta": {
          "profile": [
            "http://standardhealthrecord.org/fhir/StructureDefinition/shr-medication-MedicationPrescription"
          ]
        },
        "extension": [
          {
            "url": "http://standardhealthrecord.org/fhir/StructureDefinition/shr-base-ActionCode-extension",
            "valueCodeableConcept": {
              "coding": [
                {
                  "system": "http://snomed.info/sct",
                  "code": "33633005",
                  "display": "Prescription of drug (procedure)"
                }
              ],
              "text": "Prescription of drug (procedure)"
            }
          }
        ],
        "status": "active",
        "intent": "order",
        "medicationCodeableConcept": {
          "coding": [
            {
              "system": "http://www.nlm.nih.gov/research/umls/rxnorm",
              "code": "834101",
              "display": "Penicillin V Potassium 500 MG"
            }
          ],
          "text": "Penicillin V Potassium 500 MG"
        },
        "subject": {
          "reference": "urn:uuid:c7125d61-e22d-492e-93b5-68ffd544d865"
        },
        "context": {
          "reference": "urn:uuid:b4db1005-b96d-40b1-a722-e2f8a0744b4b"
        },
        "authoredOn": "1965-12-02",
        "resourceType": "MedicationRequest"
      }
    },
    {
      "fullUrl": "urn:uuid:56162331-622d-4214-970f-4b33a461f810",
      "resource": {
        "id": "56162331-622d-4214-970f-4b33a461f810",
        "status": "active",
        "use": "complete",
        "patient": {
          "reference": "urn:uuid:c7125d61-e22d-492e-93b5-68ffd544d865"
        },
        "billablePeriod": {
          "start": "1995-06-24T23:29:55-04:00",
          "end": "1995-06-24T23:44:55-04:00"
        },
        "organization": {
          "reference": {
            "reference": "urn:uuid:5ffe3b64-8831-4975-85d4-7fcad46c37dd"
          }
        },
        "prescription": {
          "reference": "urn:uuid:98a66dde-674c-4f4e-86c1-3f07f28fb52b"
        },
        "item": [
          {
            "sequence": 1,
            "net": {
              "value": 125.0,
              "system": "urn:iso:std:iso:4217",
              "code": "USD"
            },
            "encounter": [
              {
                "reference": {
                  "fullUrl": "urn:uuid:b4db1005-b96d-40b1-a722-e2f8a0744b4b",
                  "resource": {
                    "id": "b4db1005-b96d-40b1-a722-e2f8a0744b4b",
                    "meta": {
                      "profile": [
                        "http://standardhealthrecord.org/fhir/StructureDefinition/shr-encounter-Encounter"
                      ]
                    },
                    "status": "finished",
                    "class": {
                      "code": "ambulatory"
                    },
                    "type": [
                      {
                        "coding": [
                          {
                            "system": "http://snomed.info/sct",
                            "code": "308646001"
                          }
                        ],
                        "text": "Death Certification"
                      }
                    ],
                    "subject": {
                      "reference": "urn:uuid:c7125d61-e22d-492e-93b5-68ffd544d865"
                    },
                    "period": {
                      "start": "1995-06-24T23:29:55-04:00",
                      "end": "1995-06-24T23:44:55-04:00"
                    },
                    "serviceProvider": {
                      "reference": "urn:uuid:5ffe3b64-8831-4975-85d4-7fcad46c37dd"
                    },
                    "resourceType": "Encounter"
                  }
                }
              }
            ]
          },
          {
            "sequence": 1,
            "net": {
              "value": 255.0,
              "system": "urn:iso:std:iso:4217",
              "code": "USD"
            }
          }
        ],
        "total": {
          "value": 255.0,
          "system": "urn:iso:std:iso:4217",
          "code": "USD"
        },
        "resourceType": "Claim"
      }
    },
    {
      "fullUrl": "urn:uuid:3d199cb3-8fbb-49c9-b9b3-b2d26418db75",
      "resource": {
        "id": "3d199cb3-8fbb-49c9-b9b3-b2d26418db75",
        "meta": {
          "profile": [
            "http://standardhealthrecord.org/fhir/StructureDefinition/shr-observation-Observation"
          ]
        },
        "status": "final",
        "category": [
          {
            "coding": [
              {
                "system": "http://hl7.org/fhir/observation-category",
                "code": "survey"
              }
            ]
          }
        ],
        "code": {
          "coding": [
            {
              "system": "http://snomed.info/sct",
              "code": "273724008",
              "display": "Quality adjusted life years"
            }
          ],
          "text": "Quality adjusted life years"
        },
        "subject": {
          "reference": "urn:uuid:c7125d61-e22d-492e-93b5-68ffd544d865"
        },
        "effectiveDateTime": "2017-10-31T16:09:28-04:00",
        "issued": "2017-10-31T16:09:28-04:00",
        "valueQuantity": {
          "value": 66.73612423632699,
          "unit": "years",
          "system": "http://unitsofmeasure.org/",
          "code": "years"
        },
        "resourceType": "Observation"
      }
    },
    {
      "fullUrl": "urn:uuid:a4e97bd5-bbcd-46ef-8e50-602d2298b2be",
      "resource": {
        "id": "a4e97bd5-bbcd-46ef-8e50-602d2298b2be",
        "meta": {
          "profile": [
            "http://standardhealthrecord.org/fhir/StructureDefinition/shr-observation-Observation"
          ]
        },
        "status": "final",
        "category": [
          {
            "coding": [
              {
                "system": "http://hl7.org/fhir/observation-category",
                "code": "survey"
              }
            ]
          }
        ],
        "code": {
          "coding": [
            {
              "system": "http://snomed.info/sct",
              "code": "273421001",
              "display": "Disability rating scale"
            }
          ],
          "text": "Disability rating scale"
        },
        "subject": {
          "reference": "urn:uuid:c7125d61-e22d-492e-93b5-68ffd544d865"
        },
        "effectiveDateTime": "2017-10-31T16:09:28-04:00",
        "issued": "2017-10-31T16:09:28-04:00",
        "valueQuantity": {
          "value": 23.265655763673006,
          "unit": "years",
          "system": "http://unitsofmeasure.org/",
          "code": "years"
        },
        "resourceType": "Observation"
      }
    }
  ],
  "resourceType": "Bundle"
}