{
  "type": "collection",
  "entry": [
    {
      "fullUrl": "urn:uuid:21da8938-1092-4ce6-8f9b-e42e84aec0b4",
      "resource": {
        "id": "21da8938-1092-4ce6-8f9b-e42e84aec0b4",
        "meta": {
          "profile": [
            "http://standardhealthrecord.org/fhir/StructureDefinition/shr-actor-Organization"
          ]
        },
        "type": [
          {
            "coding": [
              {
                "system": "http://hl7.org/fhir/organization-type",
                "code": "prov",
                "display": "Healthcare Provider"
              }
            ],
            "text": "Healthcare Provider"
          }
        ],
        "name": "MILFORD REGIONAL REHABILITN SVCS",
        "resourceType": "Organization"
      }
    },
    {
      "fullUrl": "urn:uuid:71b875cc-e54a-4d4d-b538-a2a0031bce8c",
      "resource": {
        "id": "71b875cc-e54a-4d4d-b538-a2a0031bce8c",
        "meta": {
          "profile": [
            "http://standardhealthrecord.org/fhir/StructureDefinition/shr-demographics-PersonOfRecord"
          ]
        },
        "text": {
          "status": "generated",
          "div": "<div xmlns=\"http://www.w3.org/1999/xhtml\">Generated by <a href=\"https://github.com/synthetichealth/synthea\">Synthea</a>. Version identifier: 368ac389f34cd3ce3986aa3a0a08e467bf574db3</div>"
        },
        "extension": [
          {
            "url": "http://hl7.org/fhir/us/core/StructureDefinition/us-core-race",
            "valueCodeableConcept": {
              "coding": [
                {
                  "system": "http://hl7.org/fhir/v3/Race",
                  "code": "2106-3",
                  "display": "White"
                }
              ],
              "text": "race"
            }
          },
          {
            "url": "http://hl7.org/fhir/us/core/StructureDefinition/us-core-ethnicity",
            "valueCodeableConcept": {
              "coding": [
                {
                  "system": "http://hl7.org/fhir/v3/Ethnicity",
                  "code": "2186-5",
                  "display": "Nonhispanic"
                }
              ],
              "text": "ethnicity"
            }
          },
          {
            "url": "http://hl7.org/fhir/StructureDefinition/birthPlace",
            "valueAddress": {
              "city": "Brockton",
              "state": "MA",
              "country": "US"
            }
          },
          {
            "url": "http://hl7.org/fhir/StructureDefinition/patient-mothersMaidenName",
            "valueString": "Kendra54 Fay991"
          },
          {
            "url": "http://hl7.org/fhir/us/core/StructureDefinition/us-core-birthsex",
            "valueCode": "F"
          },
          {
            "url": "http://hl7.org/fhir/StructureDefinition/patient-interpreterRequired",
            "valueBoolean": false
          },
          {
            "url": "http://standardhealthrecord.org/fhir/StructureDefinition/shr-actor-FictionalPerson-extension",
            "valueBoolean": true
          },
          {
            "url": "http://standardhealthrecord.org/fhir/StructureDefinition/shr-demographics-FathersName-extension",
            "valueHumanName": {
              "text": "Fletcher50 Bogan763"
            }
          },
          {
            "url": "http://standardhealthrecord.org/fhir/StructureDefinition/shr-demographics-SocialSecurityNumber-extension",
            "valueString": "999-25-6740"
          }
        ],
        "identifier": [
          {
            "system": "https://github.com/synthetichealth/synthea",
            "value": "35876ce2-fa9c-4350-ab03-97b8235cea88"
          },
          {
            "type": {
              "coding": [
                {
                  "system": "http://hl7.org/fhir/identifier-type",
                  "code": "SB"
                }
              ]
            },
            "system": "http://hl7.org/fhir/sid/us-ssn",
            "value": "999256740"
          },
          {
            "type": {
              "coding": [
                {
                  "system": "http://hl7.org/fhir/v2/0203",
                  "code": "DL"
                }
              ]
            },
            "system": "urn:oid:2.16.840.1.113883.4.3.25",
            "value": "S99983085"
          },
          {
            "type": {
              "coding": [
                {
                  "system": "http://hl7.org/fhir/v2/0203",
                  "code": "PPN"
                }
              ]
            },
            "system": "http://standardhealthrecord.org/fhir/StructureDefinition/passportNumber",
            "value": "X35789052X"
          },
          {
            "type": {
              "coding": [
                {
                  "system": "http://hl7.org/fhir/v2/0203",
                  "code": "MR"
                }
              ]
            },
            "system": "http://hospital.smarthealthit.org",
            "value": "35876ce2-fa9c-4350-ab03-97b8235cea88"
          }
        ],
        "name": [
          {
            "use": "official",
            "family": "Beier2",
            "given": [
              "Mahalia819"
            ],
            "prefix": [
              "Mrs."
            ]
          },
          {
            "use": "maiden",
            "family": "Bogan763",
            "given": [
              "Mahalia819"
            ]
          }
        ],
        "telecom": [
          {
            "system": "phone",
            "value": "(713) 998-8654 x032",
            "use": "home"
          }
        ],
        "gender": "female",
        "birthDate": "1928-03-01",
        "deceasedDateTime": "1976-10-22T05:42:23-04:00",
        "address": [
          {
            "extension": [
              {
                "extension": [
                  {
                    "url": "latitude",
                    "valueDecimal": 42.13346693901878
                  },
                  {
                    "url": "longitude",
                    "valueDecimal": -71.44043597187854
                  }
                ],
                "url": "http://hl7.org/fhir/StructureDefinition/geolocation"
              }
            ],
            "line": [
              "6776 Vinnie Run",
              "Apt. 913"
            ],
            "city": "Franklin Town",
            "state": "MA",
            "postalCode": "02038",
            "country": "US"
          }
        ],
        "maritalStatus": {
          "coding": [
            {
              "system": "http://hl7.org/fhir/v3/MaritalStatus",
              "code": "M"
            }
          ],
          "text": "M"
        },
        "multipleBirthBoolean": false,
        "communication": [
          {
            "language": {
              "coding": [
                {
                  "system": "http://hl7.org/fhir/ValueSet/languages",
                  "code": "en-US",
                  "display": "English (United States)"
                }
              ]
            }
          }
        ],
        "generalPractitioner": [
          {
            "reference": "urn:uuid:21da8938-1092-4ce6-8f9b-e42e84aec0b4"
          }
        ],
        "resourceType": "Patient"
      }
    },
    {
      "fullUrl": "urn:uuid:e8fd37e7-7a85-47eb-9830-911e4359c324",
      "resource": {
        "id": "e8fd37e7-7a85-47eb-9830-911e4359c324",
        "meta": {
          "profile": [
            "http://standardhealthrecord.org/fhir/StructureDefinition/shr-encounter-Encounter"
          ]
        },
        "status": "finished",
        "class": {
          "code": "ambulatory"
        },
        "type": [
          {
            "coding": [
              {
                "system": "http://snomed.info/sct",
                "code": "308646001"
              }
            ],
            "text": "Death Certification"
          }
        ],
        "subject": {
          "reference": "urn:uuid:71b875cc-e54a-4d4d-b538-a2a0031bce8c"
        },
        "period": {
          "start": "1976-10-22T05:42:23-04:00",
          "end": "1976-10-22T05:57:23-04:00"
        },
        "serviceProvider": {
          "reference": "urn:uuid:21da8938-1092-4ce6-8f9b-e42e84aec0b4"
        },
        "resourceType": "Encounter"
      }
    },
    {
      "fullUrl": "urn:uuid:bb9eca30-c417-4855-a96e-4bba11792ed9",
      "resource": {
        "id": "bb9eca30-c417-4855-a96e-4bba11792ed9",
        "status": "active",
        "use": "complete",
        "patient": {
          "reference": "urn:uuid:71b875cc-e54a-4d4d-b538-a2a0031bce8c"
        },
        "billablePeriod": {
          "start": "1976-10-22T05:42:23-04:00",
          "end": "1976-10-22T05:57:23-04:00"
        },
        "organization": {
          "reference": {
            "reference": "urn:uuid:21da8938-1092-4ce6-8f9b-e42e84aec0b4"
          }
        },
        "diagnosis": [
          {
            "sequence": 1,
            "diagnosisReference": {
              "reference": "urn:uuid:6be71714-40ac-47e3-a016-779484fbb454"
            }
          },
          {
            "sequence": 2,
            "diagnosisReference": {
              "reference": "urn:uuid:ff865b51-8097-486c-b2f7-d86a8eb236f7"
            }
          },
          {
            "sequence": 3,
            "diagnosisReference": {
              "reference": "urn:uuid:38b96d13-dc9e-4a20-b40a-e0932e344999"
            }
          }
        ],
        "item": [
          {
            "sequence": 1,
            "net": {
              "value": 125.0,
              "system": "urn:iso:std:iso:4217",
              "code": "USD"
            },
            "encounter": [
              {
                "reference": {
                  "fullUrl": "urn:uuid:e8fd37e7-7a85-47eb-9830-911e4359c324",
                  "resource": {
                    "id": "e8fd37e7-7a85-47eb-9830-911e4359c324",
                    "meta": {
                      "profile": [
                        "http://standardhealthrecord.org/fhir/StructureDefinition/shr-encounter-Encounter"
                      ]
                    },
                    "status": "finished",
                    "class": {
                      "code": "ambulatory"
                    },
                    "type": [
                      {
                        "coding": [
                          {
                            "system": "http://snomed.info/sct",
                            "code": "308646001"
                          }
                        ],
                        "text": "Death Certification"
                      }
                    ],
                    "subject": {
                      "reference": "urn:uuid:71b875cc-e54a-4d4d-b538-a2a0031bce8c"
                    },
                    "period": {
                      "start": "1976-10-22T05:42:23-04:00",
                      "end": "1976-10-22T05:57:23-04:00"
                    },
                    "serviceProvider": {
                      "reference": "urn:uuid:21da8938-1092-4ce6-8f9b-e42e84aec0b4"
                    },
                    "resourceType": "Encounter"
                  }
                }
              }
            ]
          },
          {
            "sequence": 2,
            "diagnosisLinkId": [
              1
            ],
            "net": {
              "value": 0.0,
              "system": "urn:iso:std:iso:4217",
              "code": "USD"
            }
          },
          {
            "sequence": 3,
            "diagnosisLinkId": [
              2
            ],
            "net": {
              "value": 0.0,
              "system": "urn:iso:std:iso:4217",
              "code": "USD"
            }
          },
          {
            "sequence": 4,
            "diagnosisLinkId": [
              3
            ],
            "net": {
              "value": 0.0,
              "system": "urn:iso:std:iso:4217",
              "code": "USD"
            }
          }
        ],
        "total": {
          "value": 125.0,
          "system": "urn:iso:std:iso:4217",
          "code": "USD"
        },
        "resourceType": "Claim"
      }
    },
    {
      "fullUrl": "urn:uuid:6be71714-40ac-47e3-a016-779484fbb454",
      "resource": {
        "id": "6be71714-40ac-47e3-a016-779484fbb454",
        "meta": {
          "profile": [
            "http://standardhealthrecord.org/fhir/StructureDefinition/shr-problem-Problem"
          ]
        },
        "clinicalStatus": "active",
        "verificationStatus": "confirmed",
        "code": {
          "coding": [
            {
              "system": "http://snomed.info/sct",
              "code": "38341003",
              "display": "Hypertension"
            }
          ],
          "text": "Hypertension"
        },
        "subject": {
          "reference": "urn:uuid:71b875cc-e54a-4d4d-b538-a2a0031bce8c"
        },
        "context": {
          "reference": "urn:uuid:e8fd37e7-7a85-47eb-9830-911e4359c324"
        },
        "onsetDateTime": "1946-09-19T07:38:14-04:00",
        "assertedDate": "1946-09-19",
        "resourceType": "Condition"
      }
    },
    {
      "fullUrl": "urn:uuid:ff865b51-8097-486c-b2f7-d86a8eb236f7",
      "resource": {
        "id": "ff865b51-8097-486c-b2f7-d86a8eb236f7",
        "meta": {
          "profile": [
            "http://standardhealthrecord.org/fhir/StructureDefinition/shr-problem-Problem"
          ]
        },
        "clinicalStatus": "active",
        "verificationStatus": "confirmed",
        "code": {
          "coding": [
            {
              "system": "http://snomed.info/sct",
              "code": "239873007",
              "display": "Osteoarthritis of knee"
            }
          ],
          "text": "Osteoarthritis of knee"
        },
        "subject": {
          "reference": "urn:uuid:71b875cc-e54a-4d4d-b538-a2a0031bce8c"
        },
        "context": {
          "reference": "urn:uuid:e8fd37e7-7a85-47eb-9830-911e4359c324"
        },
        "onsetDateTime": "1968-02-02T16:54:42-05:00",
        "assertedDate": "1968-02-02",
        "resourceType": "Condition"
      }
    },
    {
      "fullUrl": "urn:uuid:38b96d13-dc9e-4a20-b40a-e0932e344999",
      "resource": {
        "id": "38b96d13-dc9e-4a20-b40a-e0932e344999",
        "meta": {
          "profile": [
            "http://standardhealthrecord.org/fhir/StructureDefinition/shr-problem-Problem"
          ]
        },
        "clinicalStatus": "active",
        "verificationStatus": "confirmed",
        "code": {
          "coding": [
            {
              "system": "http://snomed.info/sct",
              "code": "87433001",
              "display": "Pulmonary emphysema (disorder)"
            }
          ],
          "text": "Pulmonary emphysema (disorder)"
        },
        "subject": {
          "reference": "urn:uuid:71b875cc-e54a-4d4d-b538-a2a0031bce8c"
        },
        "context": {
          "reference": "urn:uuid:e8fd37e7-7a85-47eb-9830-911e4359c324"
        },
        "onsetDateTime": "1970-07-09T15:46:40-04:00",
        "assertedDate": "1970-07-09",
        "resourceType": "Condition"
      }
    },
    {
      "fullUrl": "urn:uuid:53262070-ce53-405f-a7c9-8516fbbb7cb5",
      "resource": {
        "id": "53262070-ce53-405f-a7c9-8516fbbb7cb5",
        "meta": {
          "profile": [
            "http://standardhealthrecord.org/fhir/StructureDefinition/shr-observation-Observation"
          ]
        },
        "status": "final",
        "category": [
          {
            "coding": [
              {
                "system": "http://hl7.org/fhir/observation-category"
              }
            ]
          }
        ],
        "code": {
          "coding": [
            {
              "system": "http://loinc.org",
              "code": "69453-9",
              "display": "Cause of Death [US Standard Certificate of Death]"
            }
          ],
          "text": "Cause of Death [US Standard Certificate of Death]"
        },
        "subject": {
          "reference": "urn:uuid:71b875cc-e54a-4d4d-b538-a2a0031bce8c"
        },
        "context": {
          "reference": "urn:uuid:e8fd37e7-7a85-47eb-9830-911e4359c324"
        },
        "effectiveDateTime": "1976-10-22T05:42:23-04:00",
        "issued": "1976-10-22T05:42:23-04:00",
        "valueCodeableConcept": {
          "coding": [
            {
              "system": "http://snomed.info/sct",
              "code": "87433001",
              "display": "Pulmonary emphysema (disorder)"
            }
          ],
          "text": "Pulmonary emphysema (disorder)"
        },
        "resourceType": "Observation"
      }
    },
    {
      "fullUrl": "urn:uuid:cf538188-7ee3-4ffe-8765-ab7cc9d63758",
      "resource": {
        "id": "cf538188-7ee3-4ffe-8765-ab7cc9d63758",
        "meta": {
          "profile": [
            "http://standardhealthrecord.org/fhir/StructureDefinition/shr-observation-Panel"
          ]
        },
        "status": "final",
        "code": {
          "coding": [
            {
              "system": "http://loinc.org",
              "code": "69409-1",
              "display": "U.S. standard certificate of death - 2003 revision"
            }
          ]
        },
        "subject": {
          "reference": "urn:uuid:71b875cc-e54a-4d4d-b538-a2a0031bce8c"
        },
        "context": {
          "reference": "urn:uuid:e8fd37e7-7a85-47eb-9830-911e4359c324"
        },
        "effectiveDateTime": "1976-10-22T05:42:23-04:00",
        "issued": "1976-10-22T05:42:23-04:00",
        "result": [
          {
            "reference": "urn:uuid:53262070-ce53-405f-a7c9-8516fbbb7cb5",
            "display": "Cause of Death [US Standard Certificate of Death]"
          }
        ],
        "resourceType": "DiagnosticReport"
      }
    },
    {
      "resource": {
        "status": "active",
        "intent": "order",
        "category": [
          {
            "coding": [
              {
                "system": "http://snomed.info/sct",
                "code": "872781000000100",
                "display": "Musculoskeletal care"
              }
            ]
          }
        ],
        "subject": {
          "reference": "urn:uuid:71b875cc-e54a-4d4d-b538-a2a0031bce8c"
        },
        "context": {
          "reference": "urn:uuid:e8fd37e7-7a85-47eb-9830-911e4359c324"
        },
        "period": {
          "start": "1968-02-02"
        },
        "addresses": [
          {
            "reference": "urn:uuid:ff865b51-8097-486c-b2f7-d86a8eb236f7"
          }
        ],
        "activity": [
          {
            "detail": {
              "code": {
                "coding": [
                  {
                    "system": "http://snomed.info/sct",
                    "code": "872781000000100",
                    "display": "Joint mobility exercises"
                  }
                ]
              },
              "status": "in-progress"
            }
          },
          {
            "detail": {
              "code": {
                "coding": [
                  {
                    "system": "http://snomed.info/sct",
                    "code": "266694003",
                    "display": "Heat therapy"
                  }
                ]
              },
              "status": "in-progress"
            }
          }
        ],
        "resourceType": "CarePlan"
      }
    },
    {
      "resource": {
        "status": "active",
        "intent": "order",
        "category": [
          {
            "coding": [
              {
                "system": "http://snomed.info/sct",
                "code": "412776001",
                "display": "Chronic obstructive pulmonary disease clinical management plan"
              }
            ]
          }
        ],
        "subject": {
          "reference": "urn:uuid:71b875cc-e54a-4d4d-b538-a2a0031bce8c"
        },
        "context": {
          "reference": "urn:uuid:e8fd37e7-7a85-47eb-9830-911e4359c324"
        },
        "period": {
          "start": "1970-07-09"
        },
        "addresses": [
          {
            "reference": "urn:uuid:38b96d13-dc9e-4a20-b40a-e0932e344999"
          }
        ],
        "activity": [
          {
            "detail": {
              "code": {
                "coding": [
                  {
                    "system": "http://snomed.info/sct",
                    "code": "710081004",
                    "display": "Smoking cessation therapy"
                  }
                ]
              },
              "status": "in-progress"
            }
          },
          {
            "detail": {
              "code": {
                "coding": [
                  {
                    "system": "http://snomed.info/sct",
                    "code": "426990007",
                    "display": "Home oxygen therapy (procedure)"
                  }
                ]
              },
              "status": "in-progress"
            }
          }
        ],
        "resourceType": "CarePlan"
      }
    },
    {
      "fullUrl": "urn:uuid:7a7642b5-1a11-4117-a1f4-dd48a40b1799",
      "resource": {
        "id": "7a7642b5-1a11-4117-a1f4-dd48a40b1799",
        "meta": {
          "profile": [
            "http://standardhealthrecord.org/fhir/StructureDefinition/shr-medication-MedicationPrescription"
          ]
        },
        "extension": [
          {
            "url": "http://standardhealthrecord.org/fhir/StructureDefinition/shr-base-ActionCode-extension",
            "valueCodeableConcept": {
              "coding": [
                {
                  "system": "http://snomed.info/sct",
                  "code": "33633005",
                  "display": "Prescription of drug (procedure)"
                }
              ],
              "text": "Prescription of drug (procedure)"
            }
          }
        ],
        "status": "active",
        "intent": "order",
        "medicationCodeableConcept": {
          "coding": [
            {
              "system": "http://www.nlm.nih.gov/research/umls/rxnorm",
              "code": "857005",
              "display": "Acetaminophen 325 MG / HYDROcodone Bitartrate 7.5 MG Oral Tablet"
            }
          ],
          "text": "Acetaminophen 325 MG / HYDROcodone Bitartrate 7.5 MG Oral Tablet"
        },
        "subject": {
          "reference": "urn:uuid:71b875cc-e54a-4d4d-b538-a2a0031bce8c"
        },
        "context": {
          "reference": "urn:uuid:e8fd37e7-7a85-47eb-9830-911e4359c324"
        },
        "authoredOn": "1965-09-16",
        "dosageInstruction": [
          {
            "sequence": 1,
            "timing": {
              "repeat": {
                "frequency": 1,
                "period": 6,
                "periodUnit": "h"
              }
            },
            "asNeededBoolean": false,
            "doseQuantity": {
              "value": 1
            }
          }
        ],
        "dispenseRequest": {
          "quantity": {
            "value": 56,
            "unit": "doses"
          },
          "expectedSupplyDuration": {
            "value": 2,
            "unit": "weeks",
            "system": "http://unitsofmeasure.org",
            "code": "wk"
          }
        },
        "resourceType": "MedicationRequest"
      }
    },
    {
      "fullUrl": "urn:uuid:2b84f83f-e548-4712-9111-8e4a55e2ac4c",
      "resource": {
        "id": "2b84f83f-e548-4712-9111-8e4a55e2ac4c",
        "status": "active",
        "use": "complete",
        "patient": {
          "reference": "urn:uuid:71b875cc-e54a-4d4d-b538-a2a0031bce8c"
        },
        "billablePeriod": {
          "start": "1976-10-22T05:42:23-04:00",
          "end": "1976-10-22T05:57:23-04:00"
        },
        "organization": {
          "reference": {
            "reference": "urn:uuid:21da8938-1092-4ce6-8f9b-e42e84aec0b4"
          }
        },
        "prescription": {
          "reference": "urn:uuid:7a7642b5-1a11-4117-a1f4-dd48a40b1799"
        },
        "item": [
          {
            "sequence": 1,
            "net": {
              "value": 125.0,
              "system": "urn:iso:std:iso:4217",
              "code": "USD"
            },
            "encounter": [
              {
                "reference": {
                  "fullUrl": "urn:uuid:e8fd37e7-7a85-47eb-9830-911e4359c324",
                  "resource": {
                    "id": "e8fd37e7-7a85-47eb-9830-911e4359c324",
                    "meta": {
                      "profile": [
                        "http://standardhealthrecord.org/fhir/StructureDefinition/shr-encounter-Encounter"
                      ]
                    },
                    "status": "finished",
                    "class": {
                      "code": "ambulatory"
                    },
                    "type": [
                      {
                        "coding": [
                          {
                            "system": "http://snomed.info/sct",
                            "code": "308646001"
                          }
                        ],
                        "text": "Death Certification"
                      }
                    ],
                    "subject": {
                      "reference": "urn:uuid:71b875cc-e54a-4d4d-b538-a2a0031bce8c"
                    },
                    "period": {
                      "start": "1976-10-22T05:42:23-04:00",
                      "end": "1976-10-22T05:57:23-04:00"
                    },
                    "serviceProvider": {
                      "reference": "urn:uuid:21da8938-1092-4ce6-8f9b-e42e84aec0b4"
                    },
                    "resourceType": "Encounter"
                  }
                }
              }
            ]
          },
          {
            "sequence": 1,
            "net": {
              "value": 255.0,
              "system": "urn:iso:std:iso:4217",
              "code": "USD"
            }
          }
        ],
        "total": {
          "value": 255.0,
          "system": "urn:iso:std:iso:4217",
          "code": "USD"
        },
        "resourceType": "Claim"
      }
    },
    {
      "fullUrl": "urn:uuid:6240e905-8195-4d34-8f9f-50d04563f000",
      "resource": {
        "id": "6240e905-8195-4d34-8f9f-50d04563f000",
        "meta": {
          "profile": [
            "http://standardhealthrecord.org/fhir/StructureDefinition/shr-medication-MedicationPrescription"
          ]
        },
        "extension": [
          {
            "url": "http://standardhealthrecord.org/fhir/StructureDefinition/shr-base-ActionCode-extension",
            "valueCodeableConcept": {
              "coding": [
                {
                  "system": "http://snomed.info/sct",
                  "code": "33633005",
                  "display": "Prescription of drug (procedure)"
                }
              ],
              "text": "Prescription of drug (procedure)"
            }
          }
        ],
        "status": "active",
        "intent": "order",
        "medicationCodeableConcept": {
          "coding": [
            {
              "system": "http://www.nlm.nih.gov/research/umls/rxnorm",
              "code": "849727",
              "display": "Naproxen sodium 220 MG [Aleve]"
            }
          ],
          "text": "Naproxen sodium 220 MG [Aleve]"
        },
        "subject": {
          "reference": "urn:uuid:71b875cc-e54a-4d4d-b538-a2a0031bce8c"
        },
        "context": {
          "reference": "urn:uuid:e8fd37e7-7a85-47eb-9830-911e4359c324"
        },
        "authoredOn": "1968-02-02",
        "reasonReference": [
          {
            "reference": "urn:uuid:ff865b51-8097-486c-b2f7-d86a8eb236f7"
          }
        ],
        "resourceType": "MedicationRequest"
      }
    },
    {
      "fullUrl": "urn:uuid:b0d048a0-e091-465e-974d-4aa7d3197a6c",
      "resource": {
        "id": "b0d048a0-e091-465e-974d-4aa7d3197a6c",
        "status": "active",
        "use": "complete",
        "patient": {
          "reference": "urn:uuid:71b875cc-e54a-4d4d-b538-a2a0031bce8c"
        },
        "billablePeriod": {
          "start": "1976-10-22T05:42:23-04:00",
          "end": "1976-10-22T05:57:23-04:00"
        },
        "organization": {
          "reference": {
            "reference": "urn:uuid:21da8938-1092-4ce6-8f9b-e42e84aec0b4"
          }
        },
        "prescription": {
          "reference": "urn:uuid:6240e905-8195-4d34-8f9f-50d04563f000"
        },
        "item": [
          {
            "sequence": 1,
            "net": {
              "value": 125.0,
              "system": "urn:iso:std:iso:4217",
              "code": "USD"
            },
            "encounter": [
              {
                "reference": {
                  "fullUrl": "urn:uuid:e8fd37e7-7a85-47eb-9830-911e4359c324",
                  "resource": {
                    "id": "e8fd37e7-7a85-47eb-9830-911e4359c324",
                    "meta": {
                      "profile": [
                        "http://standardhealthrecord.org/fhir/StructureDefinition/shr-encounter-Encounter"
                      ]
                    },
                    "status": "finished",
                    "class": {
                      "code": "ambulatory"
                    },
                    "type": [
                      {
                        "coding": [
                          {
                            "system": "http://snomed.info/sct",
                            "code": "308646001"
                          }
                        ],
                        "text": "Death Certification"
                      }
                    ],
                    "subject": {
                      "reference": "urn:uuid:71b875cc-e54a-4d4d-b538-a2a0031bce8c"
                    },
                    "period": {
                      "start": "1976-10-22T05:42:23-04:00",
                      "end": "1976-10-22T05:57:23-04:00"
                    },
                    "serviceProvider": {
                      "reference": "urn:uuid:21da8938-1092-4ce6-8f9b-e42e84aec0b4"
                    },
                    "resourceType": "Encounter"
                  }
                }
              }
            ]
          },
          {
            "sequence": 1,
            "net": {
              "value": 255.0,
              "system": "urn:iso:std:iso:4217",
              "code": "USD"
            }
          }
        ],
        "total": {
          "value": 255.0,
          "system": "urn:iso:std:iso:4217",
          "code": "USD"
        },
        "resourceType": "Claim"
      }
    },
    {
      "fullUrl": "urn:uuid:d4ab926c-cb79-4acc-a1e0-19ca744469cd",
      "resource": {
        "id": "d4ab926c-cb79-4acc-a1e0-19ca744469cd",
        "meta": {
          "profile": [
            "http://standardhealthrecord.org/fhir/StructureDefinition/shr-medication-MedicationPrescription"
          ]
        },
        "extension": [
          {
            "url": "http://standardhealthrecord.org/fhir/StructureDefinition/shr-base-ActionCode-extension",
            "valueCodeableConcept": {
              "coding": [
                {
                  "system": "http://snomed.info/sct",
                  "code": "33633005",
                  "display": "Prescription of drug (procedure)"
                }
              ],
              "text": "Prescription of drug (procedure)"
            }
          }
        ],
        "status": "active",
        "intent": "order",
        "medicationCodeableConcept": {
          "coding": [
            {
              "system": "http://www.nlm.nih.gov/research/umls/rxnorm",
              "code": "896188",
              "display": "Fluticasone propionate 0.25 MG/ACTUAT / salmeterol 0.05 MG/ACTUAT [Advair]"
            }
          ],
          "text": "Fluticasone propionate 0.25 MG/ACTUAT / salmeterol 0.05 MG/ACTUAT [Advair]"
        },
        "subject": {
          "reference": "urn:uuid:71b875cc-e54a-4d4d-b538-a2a0031bce8c"
        },
        "context": {
          "reference": "urn:uuid:e8fd37e7-7a85-47eb-9830-911e4359c324"
        },
        "authoredOn": "1972-10-23",
        "reasonReference": [
          {
            "reference": "urn:uuid:38b96d13-dc9e-4a20-b40a-e0932e344999"
          }
        ],
        "resourceType": "MedicationRequest"
      }
    },
    {
      "fullUrl": "urn:uuid:2e2fe9f0-d3fc-4b38-9bab-23f0c610517a",
      "resource": {
        "id": "2e2fe9f0-d3fc-4b38-9bab-23f0c610517a",
        "status": "active",
        "use": "complete",
        "patient": {
          "reference": "urn:uuid:71b875cc-e54a-4d4d-b538-a2a0031bce8c"
        },
        "billablePeriod": {
          "start": "1976-10-22T05:42:23-04:00",
          "end": "1976-10-22T05:57:23-04:00"
        },
        "organization": {
          "reference": {
            "reference": "urn:uuid:21da8938-1092-4ce6-8f9b-e42e84aec0b4"
          }
        },
        "prescription": {
          "reference": "urn:uuid:d4ab926c-cb79-4acc-a1e0-19ca744469cd"
        },
        "item": [
          {
            "sequence": 1,
            "net": {
              "value": 125.0,
              "system": "urn:iso:std:iso:4217",
              "code": "USD"
            },
            "encounter": [
              {
                "reference": {
                  "fullUrl": "urn:uuid:e8fd37e7-7a85-47eb-9830-911e4359c324",
                  "resource": {
                    "id": "e8fd37e7-7a85-47eb-9830-911e4359c324",
                    "meta": {
                      "profile": [
                        "http://standardhealthrecord.org/fhir/StructureDefinition/shr-encounter-Encounter"
                      ]
                    },
                    "status": "finished",
                    "class": {
                      "code": "ambulatory"
                    },
                    "type": [
                      {
                        "coding": [
                          {
                            "system": "http://snomed.info/sct",
                            "code": "308646001"
                          }
                        ],
                        "text": "Death Certification"
                      }
                    ],
                    "subject": {
                      "reference": "urn:uuid:71b875cc-e54a-4d4d-b538-a2a0031bce8c"
                    },
                    "period": {
                      "start": "1976-10-22T05:42:23-04:00",
                      "end": "1976-10-22T05:57:23-04:00"
                    },
                    "serviceProvider": {
                      "reference": "urn:uuid:21da8938-1092-4ce6-8f9b-e42e84aec0b4"
                    },
                    "resourceType": "Encounter"
                  }
                }
              }
            ]
          },
          {
            "sequence": 1,
            "net": {
              "value": 255.0,
              "system": "urn:iso:std:iso:4217",
              "code": "USD"
            }
          }
        ],
        "total": {
          "value": 255.0,
          "system": "urn:iso:std:iso:4217",
          "code": "USD"
        },
        "resourceType": "Claim"
      }
    },
    {
      "fullUrl": "urn:uuid:60daacd4-258a-4ffa-831c-f1b761f01a25",
      "resource": {
        "id": "60daacd4-258a-4ffa-831c-f1b761f01a25",
        "meta": {
          "profile": [
            "http://standardhealthrecord.org/fhir/StructureDefinition/shr-observation-Observation"
          ]
        },
        "status": "final",
        "category": [
          {
            "coding": [
              {
                "system": "http://hl7.org/fhir/observation-category",
                "code": "survey"
              }
            ]
          }
        ],
        "code": {
          "coding": [
            {
              "system": "http://snomed.info/sct",
              "code": "273724008",
              "display": "Quality adjusted life years"
            }
          ],
          "text": "Quality adjusted life years"
        },
        "subject": {
          "reference": "urn:uuid:71b875cc-e54a-4d4d-b538-a2a0031bce8c"
        },
        "effectiveDateTime": "2017-10-31T16:09:28-04:00",
        "issued": "2017-10-31T16:09:28-04:00",
        "valueQuantity": {
          "value": 46.952838996211355,
          "unit": "years",
          "system": "http://unitsofmeasure.org/",
          "code": "years"
        },
        "resourceType": "Observation"
      }
    },
    {
      "fullUrl": "urn:uuid:830bb22e-2083-4f26-a8c9-31563687fce1",
      "resource": {
        "id": "830bb22e-2083-4f26-a8c9-31563687fce1",
        "meta": {
          "profile": [
            "http://standardhealthrecord.org/fhir/StructureDefinition/shr-observation-Observation"
          ]
        },
        "status": "final",
        "category": [
          {
            "coding": [
              {
                "system": "http://hl7.org/fhir/observation-category",
                "code": "survey"
              }
            ]
          }
        ],
        "code": {
          "coding": [
            {
              "system": "http://snomed.info/sct",
              "code": "273421001",
              "display": "Disability rating scale"
            }
          ],
          "text": "Disability rating scale"
        },
        "subject": {
          "reference": "urn:uuid:71b875cc-e54a-4d4d-b538-a2a0031bce8c"
        },
        "effectiveDateTime": "2017-10-31T16:09:28-04:00",
        "issued": "2017-10-31T16:09:28-04:00",
        "valueQuantity": {
          "value": 40.591481003788644,
          "unit": "years",
          "system": "http://unitsofmeasure.org/",
          "code": "years"
        },
        "resourceType": "Observation"
      }
    }
  ],
  "resourceType": "Bundle"
}