{
  "type": "collection",
  "entry": [
    {
      "fullUrl": "urn:uuid:969998b4-1f56-470b-9bc7-2b0be0150221",
      "resource": {
        "id": "969998b4-1f56-470b-9bc7-2b0be0150221",
        "meta": {
          "profile": [
            "http://standardhealthrecord.org/fhir/StructureDefinition/shr-actor-Organization"
          ]
        },
        "type": [
          {
            "coding": [
              {
                "system": "http://hl7.org/fhir/organization-type",
                "code": "prov",
                "display": "Healthcare Provider"
              }
            ],
            "text": "Healthcare Provider"
          }
        ],
        "name": "BAYSTATE PRIMARY CARE (MONSON)",
        "resourceType": "Organization"
      }
    },
    {
      "fullUrl": "urn:uuid:af7f7b8e-86ce-4faa-89c3-ff5b64634056",
      "resource": {
        "id": "af7f7b8e-86ce-4faa-89c3-ff5b64634056",
        "meta": {
          "profile": [
            "http://standardhealthrecord.org/fhir/StructureDefinition/shr-demographics-PersonOfRecord"
          ]
        },
        "text": {
          "status": "generated",
          "div": "<div xmlns=\"http://www.w3.org/1999/xhtml\">Generated by <a href=\"https://github.com/synthetichealth/synthea\">Synthea</a>. Version identifier: 368ac389f34cd3ce3986aa3a0a08e467bf574db3</div>"
        },
        "extension": [
          {
            "url": "http://hl7.org/fhir/us/core/StructureDefinition/us-core-race",
            "valueCodeableConcept": {
              "coding": [
                {
                  "system": "http://hl7.org/fhir/v3/Race",
                  "code": "2106-3",
                  "display": "White"
                }
              ],
              "text": "race"
            }
          },
          {
            "url": "http://hl7.org/fhir/us/core/StructureDefinition/us-core-ethnicity",
            "valueCodeableConcept": {
              "coding": [
                {
                  "system": "http://hl7.org/fhir/v3/Ethnicity",
                  "code": "2186-5",
                  "display": "Nonhispanic"
                }
              ],
              "text": "ethnicity"
            }
          },
          {
            "url": "http://hl7.org/fhir/StructureDefinition/birthPlace",
            "valueAddress": {
              "city": "Acton",
              "state": "MA",
              "country": "US"
            }
          },
          {
            "url": "http://hl7.org/fhir/StructureDefinition/patient-mothersMaidenName",
            "valueString": "Evan673 Ferry622"
          },
          {
            "url": "http://hl7.org/fhir/us/core/StructureDefinition/us-core-birthsex",
            "valueCode": "F"
          },
          {
            "url": "http://hl7.org/fhir/StructureDefinition/patient-interpreterRequired",
            "valueBoolean": false
          },
          {
            "url": "http://standardhealthrecord.org/fhir/StructureDefinition/shr-actor-FictionalPerson-extension",
            "valueBoolean": true
          },
          {
            "url": "http://standardhealthrecord.org/fhir/StructureDefinition/shr-demographics-FathersName-extension",
            "valueHumanName": {
              "text": "Sebastian470 Hackett993"
            }
          },
          {
            "url": "http://standardhealthrecord.org/fhir/StructureDefinition/shr-demographics-SocialSecurityNumber-extension",
            "valueString": "999-54-2445"
          }
        ],
        "identifier": [
          {
            "system": "https://github.com/synthetichealth/synthea",
            "value": "32bf4072-7154-46ca-9d55-ba75972235f5"
          },
          {
            "type": {
              "coding": [
                {
                  "system": "http://hl7.org/fhir/identifier-type",
                  "code": "SB"
                }
              ]
            },
            "system": "http://hl7.org/fhir/sid/us-ssn",
            "value": "999542445"
          },
          {
            "type": {
              "coding": [
                {
                  "system": "http://hl7.org/fhir/v2/0203",
                  "code": "DL"
                }
              ]
            },
            "system": "urn:oid:2.16.840.1.113883.4.3.25",
            "value": "S99994020"
          },
          {
            "type": {
              "coding": [
                {
                  "system": "http://hl7.org/fhir/v2/0203",
                  "code": "PPN"
                }
              ]
            },
            "system": "http://standardhealthrecord.org/fhir/StructureDefinition/passportNumber",
            "value": "X83904964X"
          },
          {
            "type": {
              "coding": [
                {
                  "system": "http://hl7.org/fhir/v2/0203",
                  "code": "MR"
                }
              ]
            },
            "system": "http://hospital.smarthealthit.org",
            "value": "32bf4072-7154-46ca-9d55-ba75972235f5"
          }
        ],
        "name": [
          {
            "use": "official",
            "family": "Berge463",
            "given": [
              "Norman373"
            ],
            "prefix": [
              "Mrs."
            ]
          },
          {
            "use": "maiden",
            "family": "Hackett993",
            "given": [
              "Norman373"
            ]
          }
        ],
        "telecom": [
          {
            "system": "phone",
            "value": "(607) 537-6621",
            "use": "home"
          }
        ],
        "gender": "female",
        "birthDate": "1918-06-14",
        "deceasedDateTime": "2003-05-25T22:31:28-04:00",
        "address": [
          {
            "extension": [
              {
                "extension": [
                  {
                    "url": "latitude",
                    "valueDecimal": 42.14161276185495
                  },
                  {
                    "url": "longitude",
                    "valueDecimal": -72.29155073445449
                  }
                ],
                "url": "http://hl7.org/fhir/StructureDefinition/geolocation"
              }
            ],
            "line": [
              "681 Beer Junction"
            ],
            "city": "Monson",
            "state": "MA",
            "postalCode": "01057",
            "country": "US"
          }
        ],
        "maritalStatus": {
          "coding": [
            {
              "system": "http://hl7.org/fhir/v3/MaritalStatus",
              "code": "M"
            }
          ],
          "text": "M"
        },
        "multipleBirthBoolean": false,
        "communication": [
          {
            "language": {
              "coding": [
                {
                  "system": "http://hl7.org/fhir/ValueSet/languages",
                  "code": "en-US",
                  "display": "English (United States)"
                }
              ]
            }
          }
        ],
        "generalPractitioner": [
          {
            "reference": "urn:uuid:969998b4-1f56-470b-9bc7-2b0be0150221"
          }
        ],
        "resourceType": "Patient"
      }
    },
    {
      "fullUrl": "urn:uuid:c3ad1ec3-5ec8-4c12-84e6-f349e069b676",
      "resource": {
        "id": "c3ad1ec3-5ec8-4c12-84e6-f349e069b676",
        "meta": {
          "profile": [
            "http://standardhealthrecord.org/fhir/StructureDefinition/shr-encounter-Encounter"
          ]
        },
        "status": "finished",
        "class": {
          "code": "ambulatory"
        },
        "type": [
          {
            "coding": [
              {
                "system": "http://snomed.info/sct",
                "code": "308646001"
              }
            ],
            "text": "Death Certification"
          }
        ],
        "subject": {
          "reference": "urn:uuid:af7f7b8e-86ce-4faa-89c3-ff5b64634056"
        },
        "period": {
          "start": "2003-05-25T22:31:28-04:00",
          "end": "2003-05-25T22:46:28-04:00"
        },
        "serviceProvider": {
          "reference": "urn:uuid:969998b4-1f56-470b-9bc7-2b0be0150221"
        },
        "resourceType": "Encounter"
      }
    },
    {
      "fullUrl": "urn:uuid:d6c13931-9332-4264-baff-c6eedd2e77f5",
      "resource": {
        "id": "d6c13931-9332-4264-baff-c6eedd2e77f5",
        "status": "active",
        "use": "complete",
        "patient": {
          "reference": "urn:uuid:af7f7b8e-86ce-4faa-89c3-ff5b64634056"
        },
        "billablePeriod": {
          "start": "2003-05-25T22:31:28-04:00",
          "end": "2003-05-25T22:46:28-04:00"
        },
        "organization": {
          "reference": {
            "reference": "urn:uuid:969998b4-1f56-470b-9bc7-2b0be0150221"
          }
        },
        "diagnosis": [
          {
            "sequence": 1,
            "diagnosisReference": {
              "reference": "urn:uuid:47b9be7e-6010-4312-9d01-e02b6d6196b7"
            }
          },
          {
            "sequence": 2,
            "diagnosisReference": {
              "reference": "urn:uuid:830bc92b-c97c-4370-bc30-e854cd6aeff4"
            }
          },
          {
            "sequence": 3,
            "diagnosisReference": {
              "reference": "urn:uuid:e4490ce5-b2ff-4282-a62f-ba1f299b73b2"
            }
          },
          {
            "sequence": 4,
            "diagnosisReference": {
              "reference": "urn:uuid:a6a82ef7-7157-424d-84bc-908462874b95"
            }
          }
        ],
        "item": [
          {
            "sequence": 1,
            "net": {
              "value": 125.0,
              "system": "urn:iso:std:iso:4217",
              "code": "USD"
            },
            "encounter": [
              {
                "reference": {
                  "fullUrl": "urn:uuid:c3ad1ec3-5ec8-4c12-84e6-f349e069b676",
                  "resource": {
                    "id": "c3ad1ec3-5ec8-4c12-84e6-f349e069b676",
                    "meta": {
                      "profile": [
                        "http://standardhealthrecord.org/fhir/StructureDefinition/shr-encounter-Encounter"
                      ]
                    },
                    "status": "finished",
                    "class": {
                      "code": "ambulatory"
                    },
                    "type": [
                      {
                        "coding": [
                          {
                            "system": "http://snomed.info/sct",
                            "code": "308646001"
                          }
                        ],
                        "text": "Death Certification"
                      }
                    ],
                    "subject": {
                      "reference": "urn:uuid:af7f7b8e-86ce-4faa-89c3-ff5b64634056"
                    },
                    "period": {
                      "start": "2003-05-25T22:31:28-04:00",
                      "end": "2003-05-25T22:46:28-04:00"
                    },
                    "serviceProvider": {
                      "reference": "urn:uuid:969998b4-1f56-470b-9bc7-2b0be0150221"
                    },
                    "resourceType": "Encounter"
                  }
                }
              }
            ]
          },
          {
            "sequence": 2,
            "diagnosisLinkId": [
              1
            ],
            "net": {
              "value": 0.0,
              "system": "urn:iso:std:iso:4217",
              "code": "USD"
            }
          },
          {
            "sequence": 3,
            "diagnosisLinkId": [
              2
            ],
            "net": {
              "value": 0.0,
              "system": "urn:iso:std:iso:4217",
              "code": "USD"
            }
          },
          {
            "sequence": 4,
            "diagnosisLinkId": [
              3
            ],
            "net": {
              "value": 0.0,
              "system": "urn:iso:std:iso:4217",
              "code": "USD"
            }
          },
          {
            "sequence": 5,
            "diagnosisLinkId": [
              4
            ],
            "net": {
              "value": 0.0,
              "system": "urn:iso:std:iso:4217",
              "code": "USD"
            }
          }
        ],
        "total": {
          "value": 125.0,
          "system": "urn:iso:std:iso:4217",
          "code": "USD"
        },
        "resourceType": "Claim"
      }
    },
    {
      "fullUrl": "urn:uuid:47b9be7e-6010-4312-9d01-e02b6d6196b7",
      "resource": {
        "id": "47b9be7e-6010-4312-9d01-e02b6d6196b7",
        "meta": {
          "profile": [
            "http://standardhealthrecord.org/fhir/StructureDefinition/shr-problem-Problem"
          ]
        },
        "clinicalStatus": "active",
        "verificationStatus": "confirmed",
        "code": {
          "coding": [
            {
              "system": "http://snomed.info/sct",
              "code": "195967001",
              "display": "Asthma"
            }
          ],
          "text": "Asthma"
        },
        "subject": {
          "reference": "urn:uuid:af7f7b8e-86ce-4faa-89c3-ff5b64634056"
        },
        "context": {
          "reference": "urn:uuid:c3ad1ec3-5ec8-4c12-84e6-f349e069b676"
        },
        "onsetDateTime": "1938-11-01T05:21:27-05:00",
        "assertedDate": "1938-11-01",
        "resourceType": "Condition"
      }
    },
    {
      "fullUrl": "urn:uuid:830bc92b-c97c-4370-bc30-e854cd6aeff4",
      "resource": {
        "id": "830bc92b-c97c-4370-bc30-e854cd6aeff4",
        "meta": {
          "profile": [
            "http://standardhealthrecord.org/fhir/StructureDefinition/shr-problem-Problem"
          ]
        },
        "clinicalStatus": "active",
        "verificationStatus": "confirmed",
        "code": {
          "coding": [
            {
              "system": "http://snomed.info/sct",
              "code": "15777000",
              "display": "Prediabetes"
            }
          ],
          "text": "Prediabetes"
        },
        "subject": {
          "reference": "urn:uuid:af7f7b8e-86ce-4faa-89c3-ff5b64634056"
        },
        "context": {
          "reference": "urn:uuid:c3ad1ec3-5ec8-4c12-84e6-f349e069b676"
        },
        "onsetDateTime": "1953-10-21T04:23:43-05:00",
        "assertedDate": "1953-10-21",
        "resourceType": "Condition"
      }
    },
    {
      "fullUrl": "urn:uuid:e4490ce5-b2ff-4282-a62f-ba1f299b73b2",
      "resource": {
        "id": "e4490ce5-b2ff-4282-a62f-ba1f299b73b2",
        "meta": {
          "profile": [
            "http://standardhealthrecord.org/fhir/StructureDefinition/shr-problem-Problem"
          ]
        },
        "clinicalStatus": "active",
        "verificationStatus": "confirmed",
        "code": {
          "coding": [
            {
              "system": "http://snomed.info/sct",
              "code": "26929004",
              "display": "Alzheimer's disease (disorder)"
            }
          ],
          "text": "Alzheimer's disease (disorder)"
        },
        "subject": {
          "reference": "urn:uuid:af7f7b8e-86ce-4faa-89c3-ff5b64634056"
        },
        "context": {
          "reference": "urn:uuid:c3ad1ec3-5ec8-4c12-84e6-f349e069b676"
        },
        "onsetDateTime": "1992-05-06T20:06:19-04:00",
        "assertedDate": "1992-05-06",
        "resourceType": "Condition"
      }
    },
    {
      "fullUrl": "urn:uuid:a6a82ef7-7157-424d-84bc-908462874b95",
      "resource": {
        "id": "a6a82ef7-7157-424d-84bc-908462874b95",
        "meta": {
          "profile": [
            "http://standardhealthrecord.org/fhir/StructureDefinition/shr-problem-Problem"
          ]
        },
        "clinicalStatus": "active",
        "verificationStatus": "confirmed",
        "code": {
          "coding": [
            {
              "system": "http://snomed.info/sct",
              "code": "230690007",
              "display": "Stroke"
            }
          ],
          "text": "Stroke"
        },
        "subject": {
          "reference": "urn:uuid:af7f7b8e-86ce-4faa-89c3-ff5b64634056"
        },
        "context": {
          "reference": "urn:uuid:c3ad1ec3-5ec8-4c12-84e6-f349e069b676"
        },
        "onsetDateTime": "1994-12-02T23:34:20-05:00",
        "assertedDate": "1994-12-02",
        "resourceType": "Condition"
      }
    },
    {
      "fullUrl": "urn:uuid:ce3707ca-88b5-42ed-914e-f60449b34a38",
      "resource": {
        "id": "ce3707ca-88b5-42ed-914e-f60449b34a38",
        "meta": {
          "profile": [
            "http://standardhealthrecord.org/fhir/StructureDefinition/shr-observation-Observation"
          ]
        },
        "status": "final",
        "category": [
          {
            "coding": [
              {
                "system": "http://hl7.org/fhir/observation-category"
              }
            ]
          }
        ],
        "code": {
          "coding": [
            {
              "system": "http://loinc.org",
              "code": "69453-9",
              "display": "Cause of Death [US Standard Certificate of Death]"
            }
          ],
          "text": "Cause of Death [US Standard Certificate of Death]"
        },
        "subject": {
          "reference": "urn:uuid:af7f7b8e-86ce-4faa-89c3-ff5b64634056"
        },
        "context": {
          "reference": "urn:uuid:c3ad1ec3-5ec8-4c12-84e6-f349e069b676"
        },
        "effectiveDateTime": "2003-05-25T22:31:28-04:00",
        "issued": "2003-05-25T22:31:28-04:00",
        "valueCodeableConcept": {
          "coding": [
            {
              "system": "http://snomed.info/sct",
              "code": "26929004",
              "display": "Alzheimer's disease (disorder)"
            }
          ],
          "text": "Alzheimer's disease (disorder)"
        },
        "resourceType": "Observation"
      }
    },
    {
      "fullUrl": "urn:uuid:c4a6262f-d1d9-4a98-9f7b-230e7fe4f88f",
      "resource": {
        "id": "c4a6262f-d1d9-4a98-9f7b-230e7fe4f88f",
        "meta": {
          "profile": [
            "http://standardhealthrecord.org/fhir/StructureDefinition/shr-observation-Panel"
          ]
        },
        "status": "final",
        "code": {
          "coding": [
            {
              "system": "http://loinc.org",
              "code": "69409-1",
              "display": "U.S. standard certificate of death - 2003 revision"
            }
          ]
        },
        "subject": {
          "reference": "urn:uuid:af7f7b8e-86ce-4faa-89c3-ff5b64634056"
        },
        "context": {
          "reference": "urn:uuid:c3ad1ec3-5ec8-4c12-84e6-f349e069b676"
        },
        "effectiveDateTime": "2003-05-25T22:31:28-04:00",
        "issued": "2003-05-25T22:31:28-04:00",
        "result": [
          {
            "reference": "urn:uuid:ce3707ca-88b5-42ed-914e-f60449b34a38",
            "display": "Cause of Death [US Standard Certificate of Death]"
          }
        ],
        "resourceType": "DiagnosticReport"
      }
    },
    {
      "resource": {
        "status": "active",
        "intent": "order",
        "category": [
          {
            "coding": [
              {
                "system": "http://snomed.info/sct",
                "code": "699728000",
                "display": "Asthma self management"
              }
            ]
          }
        ],
        "subject": {
          "reference": "urn:uuid:af7f7b8e-86ce-4faa-89c3-ff5b64634056"
        },
        "context": {
          "reference": "urn:uuid:c3ad1ec3-5ec8-4c12-84e6-f349e069b676"
        },
        "period": {
          "start": "1922-05-23"
        },
        "activity": [
          {
            "detail": {
              "code": {
                "coding": [
                  {
                    "system": "http://snomed.info/sct",
                    "code": "710818004",
                    "display": "Inhaled steroid therapy"
                  }
                ]
              },
              "status": "in-progress"
            }
          },
          {
            "detail": {
              "code": {
                "coding": [
                  {
                    "system": "http://snomed.info/sct",
                    "code": "708409001",
                    "display": "Home nebulizer therapy"
                  }
                ]
              },
              "status": "in-progress"
            }
          },
          {
            "detail": {
              "code": {
                "coding": [
                  {
                    "system": "http://snomed.info/sct",
                    "code": "229298005",
                    "display": "Breathing control"
                  }
                ]
              },
              "status": "in-progress"
            }
          }
        ],
        "resourceType": "CarePlan"
      }
    },
    {
      "fullUrl": "urn:uuid:ceeb415a-3abd-43d9-b1b9-eaa819150716",
      "resource": {
        "id": "ceeb415a-3abd-43d9-b1b9-eaa819150716",
        "status": "in-progress",
        "description": {
          "text": "Hemoglobin A1c total in Blood < 7.0"
        },
        "addresses": [
          {
            "reference": "urn:uuid:830bc92b-c97c-4370-bc30-e854cd6aeff4"
          }
        ],
        "resourceType": "Goal"
      }
    },
    {
      "fullUrl": "urn:uuid:2c6fe3e9-9334-463c-8e86-8b77508125d7",
      "resource": {
        "id": "2c6fe3e9-9334-463c-8e86-8b77508125d7",
        "status": "in-progress",
        "description": {
          "text": "Glucose [Mass/volume] in Blood < 108"
        },
        "addresses": [
          {
            "reference": "urn:uuid:830bc92b-c97c-4370-bc30-e854cd6aeff4"
          }
        ],
        "resourceType": "Goal"
      }
    },
    {
      "fullUrl": "urn:uuid:007dbe2d-eef5-4e1a-b44a-94735c3c0a1b",
      "resource": {
        "id": "007dbe2d-eef5-4e1a-b44a-94735c3c0a1b",
        "status": "in-progress",
        "description": {
          "text": "Maintain blood pressure below 140/90 mmHg"
        },
        "addresses": [
          {
            "reference": "urn:uuid:830bc92b-c97c-4370-bc30-e854cd6aeff4"
          }
        ],
        "resourceType": "Goal"
      }
    },
    {
      "fullUrl": "urn:uuid:db0ac1ab-3ea5-43d9-96a5-d6f77b42300d",
      "resource": {
        "id": "db0ac1ab-3ea5-43d9-96a5-d6f77b42300d",
        "status": "in-progress",
        "description": {
          "text": "Improve and maintenance of optimal foot health: aim at early detection of peripheral vascular problems and neuropathy presumed due to diabetes; and prevention of diabetic foot ulcer, gangrene"
        },
        "addresses": [
          {
            "reference": "urn:uuid:830bc92b-c97c-4370-bc30-e854cd6aeff4"
          }
        ],
        "resourceType": "Goal"
      }
    },
    {
      "fullUrl": "urn:uuid:0df7ac98-afe9-49d1-aec8-d3fe29bf0b54",
      "resource": {
        "id": "0df7ac98-afe9-49d1-aec8-d3fe29bf0b54",
        "status": "in-progress",
        "description": {
          "text": "Address patient knowledge deficit on diabetic self-care"
        },
        "addresses": [
          {
            "reference": "urn:uuid:830bc92b-c97c-4370-bc30-e854cd6aeff4"
          }
        ],
        "resourceType": "Goal"
      }
    },
    {
      "resource": {
        "status": "active",
        "intent": "order",
        "category": [
          {
            "coding": [
              {
                "system": "http://snomed.info/sct",
                "code": "698360004",
                "display": "Diabetes self management plan"
              }
            ]
          }
        ],
        "subject": {
          "reference": "urn:uuid:af7f7b8e-86ce-4faa-89c3-ff5b64634056"
        },
        "context": {
          "reference": "urn:uuid:c3ad1ec3-5ec8-4c12-84e6-f349e069b676"
        },
        "period": {
          "start": "1953-10-21"
        },
        "addresses": [
          {
            "reference": "urn:uuid:830bc92b-c97c-4370-bc30-e854cd6aeff4"
          }
        ],
        "goal": [
          {
            "reference": "urn:uuid:ceeb415a-3abd-43d9-b1b9-eaa819150716"
          },
          {
            "reference": "urn:uuid:2c6fe3e9-9334-463c-8e86-8b77508125d7"
          },
          {
            "reference": "urn:uuid:007dbe2d-eef5-4e1a-b44a-94735c3c0a1b"
          },
          {
            "reference": "urn:uuid:db0ac1ab-3ea5-43d9-96a5-d6f77b42300d"
          },
          {
            "reference": "urn:uuid:0df7ac98-afe9-49d1-aec8-d3fe29bf0b54"
          }
        ],
        "activity": [
          {
            "detail": {
              "code": {
                "coding": [
                  {
                    "system": "http://snomed.info/sct",
                    "code": "160670007",
                    "display": "Diabetic diet"
                  }
                ]
              },
              "status": "in-progress"
            }
          },
          {
            "detail": {
              "code": {
                "coding": [
                  {
                    "system": "http://snomed.info/sct",
                    "code": "229065009",
                    "display": "Exercise therapy"
                  }
                ]
              },
              "status": "in-progress"
            }
          }
        ],
        "resourceType": "CarePlan"
      }
    },
    {
      "resource": {
        "status": "active",
        "intent": "order",
        "category": [
          {
            "coding": [
              {
                "system": "http://snomed.info/sct",
                "code": "386257007",
                "display": "Demential management"
              }
            ]
          }
        ],
        "subject": {
          "reference": "urn:uuid:af7f7b8e-86ce-4faa-89c3-ff5b64634056"
        },
        "context": {
          "reference": "urn:uuid:c3ad1ec3-5ec8-4c12-84e6-f349e069b676"
        },
        "period": {
          "start": "1992-05-06"
        },
        "addresses": [
          {
            "reference": "urn:uuid:e4490ce5-b2ff-4282-a62f-ba1f299b73b2"
          }
        ],
        "activity": [
          {
            "detail": {
              "code": {
                "coding": [
                  {
                    "system": "http://snomed.info/sct",
                    "code": "850261000000100",
                    "display": "Education about dementia"
                  }
                ]
              },
              "status": "in-progress"
            }
          },
          {
            "detail": {
              "code": {
                "coding": [
                  {
                    "system": "http://snomed.info/sct",
                    "code": "710125008",
                    "display": "Promotion of use of memory skills"
                  }
                ]
              },
              "status": "in-progress"
            }
          },
          {
            "detail": {
              "code": {
                "coding": [
                  {
                    "system": "http://snomed.info/sct",
                    "code": "315043002",
                    "display": "Long term social support"
                  }
                ]
              },
              "status": "in-progress"
            }
          }
        ],
        "resourceType": "CarePlan"
      }
    },
    {
      "resource": {
        "status": "active",
        "intent": "order",
        "category": [
          {
            "coding": [
              {
                "system": "http://snomed.info/sct",
                "code": "698358001",
                "display": "Angina self management plan"
              }
            ]
          }
        ],
        "subject": {
          "reference": "urn:uuid:af7f7b8e-86ce-4faa-89c3-ff5b64634056"
        },
        "context": {
          "reference": "urn:uuid:c3ad1ec3-5ec8-4c12-84e6-f349e069b676"
        },
        "period": {
          "start": "1995-06-07"
        },
        "addresses": [
          {
            "reference": "urn:uuid:a6a82ef7-7157-424d-84bc-908462874b95"
          }
        ],
        "activity": [
          {
            "detail": {
              "code": {
                "coding": [
                  {
                    "system": "http://snomed.info/sct",
                    "code": "229065009",
                    "display": "Exercise therapy"
                  }
                ]
              },
              "status": "in-progress"
            }
          },
          {
            "detail": {
              "code": {
                "coding": [
                  {
                    "system": "http://snomed.info/sct",
                    "code": "226060000",
                    "display": "Stress management"
                  }
                ]
              },
              "status": "in-progress"
            }
          },
          {
            "detail": {
              "code": {
                "coding": [
                  {
                    "system": "http://snomed.info/sct",
                    "code": "710081004",
                    "display": "Smoking cessation therapy"
                  }
                ]
              },
              "status": "in-progress"
            }
          },
          {
            "detail": {
              "code": {
                "coding": [
                  {
                    "system": "http://snomed.info/sct",
                    "code": "226234005",
                    "display": "Healthy diet"
                  }
                ]
              },
              "status": "in-progress"
            }
          }
        ],
        "resourceType": "CarePlan"
      }
    },
    {
      "fullUrl": "urn:uuid:310b27ab-ad5f-4049-a0d6-c01b446fbbe4",
      "resource": {
        "id": "310b27ab-ad5f-4049-a0d6-c01b446fbbe4",
        "meta": {
          "profile": [
            "http://standardhealthrecord.org/fhir/StructureDefinition/shr-medication-MedicationPrescription"
          ]
        },
        "extension": [
          {
            "url": "http://standardhealthrecord.org/fhir/StructureDefinition/shr-base-ActionCode-extension",
            "valueCodeableConcept": {
              "coding": [
                {
                  "system": "http://snomed.info/sct",
                  "code": "33633005",
                  "display": "Prescription of drug (procedure)"
                }
              ],
              "text": "Prescription of drug (procedure)"
            }
          }
        ],
        "status": "active",
        "intent": "order",
        "medicationCodeableConcept": {
          "coding": [
            {
              "system": "http://www.nlm.nih.gov/research/umls/rxnorm",
              "code": "895994",
              "display": "120 ACTUAT Fluticasone propionate 0.044 MG/ACTUAT Metered Dose Inhaler"
            }
          ],
          "text": "120 ACTUAT Fluticasone propionate 0.044 MG/ACTUAT Metered Dose Inhaler"
        },
        "subject": {
          "reference": "urn:uuid:af7f7b8e-86ce-4faa-89c3-ff5b64634056"
        },
        "context": {
          "reference": "urn:uuid:c3ad1ec3-5ec8-4c12-84e6-f349e069b676"
        },
        "authoredOn": "1922-05-23",
        "dosageInstruction": [
          {
            "sequence": 1,
            "asNeededBoolean": true
          }
        ],
        "resourceType": "MedicationRequest"
      }
    },
    {
      "fullUrl": "urn:uuid:83763647-d241-4798-81ea-3774f4d8dff5",
      "resource": {
        "id": "83763647-d241-4798-81ea-3774f4d8dff5",
        "status": "active",
        "use": "complete",
        "patient": {
          "reference": "urn:uuid:af7f7b8e-86ce-4faa-89c3-ff5b64634056"
        },
        "billablePeriod": {
          "start": "2003-05-25T22:31:28-04:00",
          "end": "2003-05-25T22:46:28-04:00"
        },
        "organization": {
          "reference": {
            "reference": "urn:uuid:969998b4-1f56-470b-9bc7-2b0be0150221"
          }
        },
        "prescription": {
          "reference": "urn:uuid:310b27ab-ad5f-4049-a0d6-c01b446fbbe4"
        },
        "item": [
          {
            "sequence": 1,
            "net": {
              "value": 125.0,
              "system": "urn:iso:std:iso:4217",
              "code": "USD"
            },
            "encounter": [
              {
                "reference": {
                  "fullUrl": "urn:uuid:c3ad1ec3-5ec8-4c12-84e6-f349e069b676",
                  "resource": {
                    "id": "c3ad1ec3-5ec8-4c12-84e6-f349e069b676",
                    "meta": {
                      "profile": [
                        "http://standardhealthrecord.org/fhir/StructureDefinition/shr-encounter-Encounter"
                      ]
                    },
                    "status": "finished",
                    "class": {
                      "code": "ambulatory"
                    },
                    "type": [
                      {
                        "coding": [
                          {
                            "system": "http://snomed.info/sct",
                            "code": "308646001"
                          }
                        ],
                        "text": "Death Certification"
                      }
                    ],
                    "subject": {
                      "reference": "urn:uuid:af7f7b8e-86ce-4faa-89c3-ff5b64634056"
                    },
                    "period": {
                      "start": "2003-05-25T22:31:28-04:00",
                      "end": "2003-05-25T22:46:28-04:00"
                    },
                    "serviceProvider": {
                      "reference": "urn:uuid:969998b4-1f56-470b-9bc7-2b0be0150221"
                    },
                    "resourceType": "Encounter"
                  }
                }
              }
            ]
          },
          {
            "sequence": 1,
            "net": {
              "value": 255.0,
              "system": "urn:iso:std:iso:4217",
              "code": "USD"
            }
          }
        ],
        "total": {
          "value": 255.0,
          "system": "urn:iso:std:iso:4217",
          "code": "USD"
        },
        "resourceType": "Claim"
      }
    },
    {
      "fullUrl": "urn:uuid:3d1de0e2-ab76-4de3-9c2f-a02e00d84685",
      "resource": {
        "id": "3d1de0e2-ab76-4de3-9c2f-a02e00d84685",
        "meta": {
          "profile": [
            "http://standardhealthrecord.org/fhir/StructureDefinition/shr-medication-MedicationPrescription"
          ]
        },
        "extension": [
          {
            "url": "http://standardhealthrecord.org/fhir/StructureDefinition/shr-base-ActionCode-extension",
            "valueCodeableConcept": {
              "coding": [
                {
                  "system": "http://snomed.info/sct",
                  "code": "33633005",
                  "display": "Prescription of drug (procedure)"
                }
              ],
              "text": "Prescription of drug (procedure)"
            }
          }
        ],
        "status": "active",
        "intent": "order",
        "medicationCodeableConcept": {
          "coding": [
            {
              "system": "http://www.nlm.nih.gov/research/umls/rxnorm",
              "code": "745679",
              "display": "200 ACTUAT Albuterol 0.09 MG/ACTUAT Metered Dose Inhaler"
            }
          ],
          "text": "200 ACTUAT Albuterol 0.09 MG/ACTUAT Metered Dose Inhaler"
        },
        "subject": {
          "reference": "urn:uuid:af7f7b8e-86ce-4faa-89c3-ff5b64634056"
        },
        "context": {
          "reference": "urn:uuid:c3ad1ec3-5ec8-4c12-84e6-f349e069b676"
        },
        "authoredOn": "1922-05-23",
        "dosageInstruction": [
          {
            "sequence": 1,
            "asNeededBoolean": true
          }
        ],
        "resourceType": "MedicationRequest"
      }
    },
    {
      "fullUrl": "urn:uuid:b9ebcbb3-9fcd-4e95-87b0-cc256d55a8d1",
      "resource": {
        "id": "b9ebcbb3-9fcd-4e95-87b0-cc256d55a8d1",
        "status": "active",
        "use": "complete",
        "patient": {
          "reference": "urn:uuid:af7f7b8e-86ce-4faa-89c3-ff5b64634056"
        },
        "billablePeriod": {
          "start": "2003-05-25T22:31:28-04:00",
          "end": "2003-05-25T22:46:28-04:00"
        },
        "organization": {
          "reference": {
            "reference": "urn:uuid:969998b4-1f56-470b-9bc7-2b0be0150221"
          }
        },
        "prescription": {
          "reference": "urn:uuid:3d1de0e2-ab76-4de3-9c2f-a02e00d84685"
        },
        "item": [
          {
            "sequence": 1,
            "net": {
              "value": 125.0,
              "system": "urn:iso:std:iso:4217",
              "code": "USD"
            },
            "encounter": [
              {
                "reference": {
                  "fullUrl": "urn:uuid:c3ad1ec3-5ec8-4c12-84e6-f349e069b676",
                  "resource": {
                    "id": "c3ad1ec3-5ec8-4c12-84e6-f349e069b676",
                    "meta": {
                      "profile": [
                        "http://standardhealthrecord.org/fhir/StructureDefinition/shr-encounter-Encounter"
                      ]
                    },
                    "status": "finished",
                    "class": {
                      "code": "ambulatory"
                    },
                    "type": [
                      {
                        "coding": [
                          {
                            "system": "http://snomed.info/sct",
                            "code": "308646001"
                          }
                        ],
                        "text": "Death Certification"
                      }
                    ],
                    "subject": {
                      "reference": "urn:uuid:af7f7b8e-86ce-4faa-89c3-ff5b64634056"
                    },
                    "period": {
                      "start": "2003-05-25T22:31:28-04:00",
                      "end": "2003-05-25T22:46:28-04:00"
                    },
                    "serviceProvider": {
                      "reference": "urn:uuid:969998b4-1f56-470b-9bc7-2b0be0150221"
                    },
                    "resourceType": "Encounter"
                  }
                }
              }
            ]
          },
          {
            "sequence": 1,
            "net": {
              "value": 255.0,
              "system": "urn:iso:std:iso:4217",
              "code": "USD"
            }
          }
        ],
        "total": {
          "value": 255.0,
          "system": "urn:iso:std:iso:4217",
          "code": "USD"
        },
        "resourceType": "Claim"
      }
    },
    {
      "fullUrl": "urn:uuid:6106a398-2c77-484c-996f-c66d9a52e6c8",
      "resource": {
        "id": "6106a398-2c77-484c-996f-c66d9a52e6c8",
        "meta": {
          "profile": [
            "http://standardhealthrecord.org/fhir/StructureDefinition/shr-medication-MedicationPrescription"
          ]
        },
        "extension": [
          {
            "url": "http://standardhealthrecord.org/fhir/StructureDefinition/shr-base-ActionCode-extension",
            "valueCodeableConcept": {
              "coding": [
                {
                  "system": "http://snomed.info/sct",
                  "code": "33633005",
                  "display": "Prescription of drug (procedure)"
                }
              ],
              "text": "Prescription of drug (procedure)"
            }
          }
        ],
        "status": "active",
        "intent": "order",
        "medicationCodeableConcept": {
          "coding": [
            {
              "system": "http://www.nlm.nih.gov/research/umls/rxnorm",
              "code": "834101",
              "display": "Penicillin V Potassium 500 MG"
            }
          ],
          "text": "Penicillin V Potassium 500 MG"
        },
        "subject": {
          "reference": "urn:uuid:af7f7b8e-86ce-4faa-89c3-ff5b64634056"
        },
        "context": {
          "reference": "urn:uuid:c3ad1ec3-5ec8-4c12-84e6-f349e069b676"
        },
        "authoredOn": "1959-03-02",
        "resourceType": "MedicationRequest"
      }
    },
    {
      "fullUrl": "urn:uuid:2fc10ab2-fdf0-493c-b4ce-28d029b854ae",
      "resource": {
        "id": "2fc10ab2-fdf0-493c-b4ce-28d029b854ae",
        "status": "active",
        "use": "complete",
        "patient": {
          "reference": "urn:uuid:af7f7b8e-86ce-4faa-89c3-ff5b64634056"
        },
        "billablePeriod": {
          "start": "2003-05-25T22:31:28-04:00",
          "end": "2003-05-25T22:46:28-04:00"
        },
        "organization": {
          "reference": {
            "reference": "urn:uuid:969998b4-1f56-470b-9bc7-2b0be0150221"
          }
        },
        "prescription": {
          "reference": "urn:uuid:6106a398-2c77-484c-996f-c66d9a52e6c8"
        },
        "item": [
          {
            "sequence": 1,
            "net": {
              "value": 125.0,
              "system": "urn:iso:std:iso:4217",
              "code": "USD"
            },
            "encounter": [
              {
                "reference": {
                  "fullUrl": "urn:uuid:c3ad1ec3-5ec8-4c12-84e6-f349e069b676",
                  "resource": {
                    "id": "c3ad1ec3-5ec8-4c12-84e6-f349e069b676",
                    "meta": {
                      "profile": [
                        "http://standardhealthrecord.org/fhir/StructureDefinition/shr-encounter-Encounter"
                      ]
                    },
                    "status": "finished",
                    "class": {
                      "code": "ambulatory"
                    },
                    "type": [
                      {
                        "coding": [
                          {
                            "system": "http://snomed.info/sct",
                            "code": "308646001"
                          }
                        ],
                        "text": "Death Certification"
                      }
                    ],
                    "subject": {
                      "reference": "urn:uuid:af7f7b8e-86ce-4faa-89c3-ff5b64634056"
                    },
                    "period": {
                      "start": "2003-05-25T22:31:28-04:00",
                      "end": "2003-05-25T22:46:28-04:00"
                    },
                    "serviceProvider": {
                      "reference": "urn:uuid:969998b4-1f56-470b-9bc7-2b0be0150221"
                    },
                    "resourceType": "Encounter"
                  }
                }
              }
            ]
          },
          {
            "sequence": 1,
            "net": {
              "value": 255.0,
              "system": "urn:iso:std:iso:4217",
              "code": "USD"
            }
          }
        ],
        "total": {
          "value": 255.0,
          "system": "urn:iso:std:iso:4217",
          "code": "USD"
        },
        "resourceType": "Claim"
      }
    },
    {
      "fullUrl": "urn:uuid:ca58d777-9bdf-49d8-b829-7759332e7138",
      "resource": {
        "id": "ca58d777-9bdf-49d8-b829-7759332e7138",
        "meta": {
          "profile": [
            "http://standardhealthrecord.org/fhir/StructureDefinition/shr-observation-Observation"
          ]
        },
        "status": "final",
        "category": [
          {
            "coding": [
              {
                "system": "http://hl7.org/fhir/observation-category",
                "code": "survey"
              }
            ]
          }
        ],
        "code": {
          "coding": [
            {
              "system": "http://snomed.info/sct",
              "code": "273724008",
              "display": "Quality adjusted life years"
            }
          ],
          "text": "Quality adjusted life years"
        },
        "subject": {
          "reference": "urn:uuid:af7f7b8e-86ce-4faa-89c3-ff5b64634056"
        },
        "effectiveDateTime": "2017-10-31T16:09:28-04:00",
        "issued": "2017-10-31T16:09:28-04:00",
        "valueQuantity": {
          "value": 78.22179342403167,
          "unit": "years",
          "system": "http://unitsofmeasure.org/",
          "code": "years"
        },
        "resourceType": "Observation"
      }
    },
    {
      "fullUrl": "urn:uuid:34414f2a-4792-40cb-af67-b8f76f4b19ce",
      "resource": {
        "id": "34414f2a-4792-40cb-af67-b8f76f4b19ce",
        "meta": {
          "profile": [
            "http://standardhealthrecord.org/fhir/StructureDefinition/shr-observation-Observation"
          ]
        },
        "status": "final",
        "category": [
          {
            "coding": [
              {
                "system": "http://hl7.org/fhir/observation-category",
                "code": "survey"
              }
            ]
          }
        ],
        "code": {
          "coding": [
            {
              "system": "http://snomed.info/sct",
              "code": "273421001",
              "display": "Disability rating scale"
            }
          ],
          "text": "Disability rating scale"
        },
        "subject": {
          "reference": "urn:uuid:af7f7b8e-86ce-4faa-89c3-ff5b64634056"
        },
        "effectiveDateTime": "2017-10-31T16:09:28-04:00",
        "issued": "2017-10-31T16:09:28-04:00",
        "valueQuantity": {
          "value": 17.981246575968328,
          "unit": "years",
          "system": "http://unitsofmeasure.org/",
          "code": "years"
        },
        "resourceType": "Observation"
      }
    }
  ],
  "resourceType": "Bundle"
}