{
  "type": "collection",
  "entry": [
    {
      "fullUrl": "urn:uuid:856ab0ff-c614-46cb-9bee-1066150b2cea",
      "resource": {
        "id": "856ab0ff-c614-46cb-9bee-1066150b2cea",
        "meta": {
          "profile": [
            "http://standardhealthrecord.org/fhir/StructureDefinition/shr-actor-Organization"
          ]
        },
        "type": [
          {
            "coding": [
              {
                "system": "http://hl7.org/fhir/organization-type",
                "code": "prov",
                "display": "Healthcare Provider"
              }
            ],
            "text": "Healthcare Provider"
          }
        ],
        "name": "BRIGHAM & WOMEN'S HEALTH CARE CTR",
        "resourceType": "Organization"
      }
    },
    {
      "fullUrl": "urn:uuid:9571df5d-f1af-42a4-a9b6-025c0fc2477a",
      "resource": {
        "id": "9571df5d-f1af-42a4-a9b6-025c0fc2477a",
        "meta": {
          "profile": [
            "http://standardhealthrecord.org/fhir/StructureDefinition/shr-demographics-PersonOfRecord"
          ]
        },
        "text": {
          "status": "generated",
          "div": "<div xmlns=\"http://www.w3.org/1999/xhtml\">Generated by <a href=\"https://github.com/synthetichealth/synthea\">Synthea</a>. Version identifier: 368ac389f34cd3ce3986aa3a0a08e467bf574db3</div>"
        },
        "extension": [
          {
            "url": "http://hl7.org/fhir/us/core/StructureDefinition/us-core-race",
            "valueCodeableConcept": {
              "coding": [
                {
                  "system": "http://hl7.org/fhir/v3/Race",
                  "code": "2106-3",
                  "display": "White"
                }
              ],
              "text": "race"
            }
          },
          {
            "url": "http://hl7.org/fhir/us/core/StructureDefinition/us-core-ethnicity",
            "valueCodeableConcept": {
              "coding": [
                {
                  "system": "http://hl7.org/fhir/v3/Ethnicity",
                  "code": "2186-5",
                  "display": "Nonhispanic"
                }
              ],
              "text": "ethnicity"
            }
          },
          {
            "url": "http://hl7.org/fhir/StructureDefinition/birthPlace",
            "valueAddress": {
              "city": "Chicopee",
              "state": "MA",
              "country": "US"
            }
          },
          {
            "url": "http://hl7.org/fhir/StructureDefinition/patient-mothersMaidenName",
            "valueString": "Lieselotte224 Mitchell256"
          },
          {
            "url": "http://hl7.org/fhir/us/core/StructureDefinition/us-core-birthsex",
            "valueCode": "M"
          },
          {
            "url": "http://hl7.org/fhir/StructureDefinition/patient-interpreterRequired",
            "valueBoolean": false
          },
          {
            "url": "http://standardhealthrecord.org/fhir/StructureDefinition/shr-actor-FictionalPerson-extension",
            "valueBoolean": true
          },
          {
            "url": "http://standardhealthrecord.org/fhir/StructureDefinition/shr-demographics-FathersName-extension",
            "valueHumanName": {
              "text": "Josue724 Bernhard793"
            }
          },
          {
            "url": "http://standardhealthrecord.org/fhir/StructureDefinition/shr-demographics-SocialSecurityNumber-extension",
            "valueString": "999-90-3103"
          }
        ],
        "identifier": [
          {
            "system": "https://github.com/synthetichealth/synthea",
            "value": "3f9792d6-b094-41f5-aaa8-97cc89074d5d"
          },
          {
            "type": {
              "coding": [
                {
                  "system": "http://hl7.org/fhir/identifier-type",
                  "code": "SB"
                }
              ]
            },
            "system": "http://hl7.org/fhir/sid/us-ssn",
            "value": "999903103"
          },
          {
            "type": {
              "coding": [
                {
                  "system": "http://hl7.org/fhir/v2/0203",
                  "code": "DL"
                }
              ]
            },
            "system": "urn:oid:2.16.840.1.113883.4.3.25",
            "value": "S99921862"
          },
          {
            "type": {
              "coding": [
                {
                  "system": "http://hl7.org/fhir/v2/0203",
                  "code": "MR"
                }
              ]
            },
            "system": "http://hospital.smarthealthit.org",
            "value": "3f9792d6-b094-41f5-aaa8-97cc89074d5d"
          }
        ],
        "name": [
          {
            "use": "official",
            "family": "Bernhard793",
            "given": [
              "Carroll566"
            ],
            "prefix": [
              "Mr."
            ]
          }
        ],
        "telecom": [
          {
            "system": "phone",
            "value": "985.236.3469 x9621",
            "use": "home"
          }
        ],
        "gender": "male",
        "birthDate": "1948-04-01",
        "deceasedDateTime": "2004-10-21T10:54:38-04:00",
        "address": [
          {
            "extension": [
              {
                "extension": [
                  {
                    "url": "latitude",
                    "valueDecimal": 42.31796275475209
                  },
                  {
                    "url": "longitude",
                    "valueDecimal": -71.16637078196261
                  }
                ],
                "url": "http://hl7.org/fhir/StructureDefinition/geolocation"
              }
            ],
            "line": [
              "875 Beulah Circles",
              "Apt. 780"
            ],
            "city": "Brookline",
            "state": "MA",
            "postalCode": "02447",
            "country": "US"
          }
        ],
        "maritalStatus": {
          "coding": [
            {
              "system": "http://hl7.org/fhir/v3/MaritalStatus",
              "code": "M"
            }
          ],
          "text": "M"
        },
        "multipleBirthBoolean": false,
        "communication": [
          {
            "language": {
              "coding": [
                {
                  "system": "http://hl7.org/fhir/ValueSet/languages",
                  "code": "en-US",
                  "display": "English (United States)"
                }
              ]
            }
          }
        ],
        "generalPractitioner": [
          {
            "reference": "urn:uuid:856ab0ff-c614-46cb-9bee-1066150b2cea"
          }
        ],
        "resourceType": "Patient"
      }
    },
    {
      "fullUrl": "urn:uuid:4be4113c-8d89-4f3c-8b22-51d7c3e1a7f1",
      "resource": {
        "id": "4be4113c-8d89-4f3c-8b22-51d7c3e1a7f1",
        "meta": {
          "profile": [
            "http://standardhealthrecord.org/fhir/StructureDefinition/shr-encounter-Encounter"
          ]
        },
        "status": "finished",
        "class": {
          "code": "ambulatory"
        },
        "type": [
          {
            "coding": [
              {
                "system": "http://snomed.info/sct",
                "code": "308646001"
              }
            ],
            "text": "Death Certification"
          }
        ],
        "subject": {
          "reference": "urn:uuid:9571df5d-f1af-42a4-a9b6-025c0fc2477a"
        },
        "period": {
          "start": "2004-10-21T10:54:38-04:00",
          "end": "2004-10-21T11:09:38-04:00"
        },
        "serviceProvider": {
          "reference": "urn:uuid:856ab0ff-c614-46cb-9bee-1066150b2cea"
        },
        "resourceType": "Encounter"
      }
    },
    {
      "fullUrl": "urn:uuid:e637e326-627f-4251-b936-0b22d818ee0b",
      "resource": {
        "id": "e637e326-627f-4251-b936-0b22d818ee0b",
        "status": "active",
        "use": "complete",
        "patient": {
          "reference": "urn:uuid:9571df5d-f1af-42a4-a9b6-025c0fc2477a"
        },
        "billablePeriod": {
          "start": "2004-10-21T10:54:38-04:00",
          "end": "2004-10-21T11:09:38-04:00"
        },
        "organization": {
          "reference": {
            "reference": "urn:uuid:856ab0ff-c614-46cb-9bee-1066150b2cea"
          }
        },
        "diagnosis": [
          {
            "sequence": 1,
            "diagnosisReference": {
              "reference": "urn:uuid:2636ae4c-744b-450d-a61c-109f9b2813f2"
            }
          }
        ],
        "item": [
          {
            "sequence": 1,
            "net": {
              "value": 125.0,
              "system": "urn:iso:std:iso:4217",
              "code": "USD"
            },
            "encounter": [
              {
                "reference": {
                  "fullUrl": "urn:uuid:4be4113c-8d89-4f3c-8b22-51d7c3e1a7f1",
                  "resource": {
                    "id": "4be4113c-8d89-4f3c-8b22-51d7c3e1a7f1",
                    "meta": {
                      "profile": [
                        "http://standardhealthrecord.org/fhir/StructureDefinition/shr-encounter-Encounter"
                      ]
                    },
                    "status": "finished",
                    "class": {
                      "code": "ambulatory"
                    },
                    "type": [
                      {
                        "coding": [
                          {
                            "system": "http://snomed.info/sct",
                            "code": "308646001"
                          }
                        ],
                        "text": "Death Certification"
                      }
                    ],
                    "subject": {
                      "reference": "urn:uuid:9571df5d-f1af-42a4-a9b6-025c0fc2477a"
                    },
                    "period": {
                      "start": "2004-10-21T10:54:38-04:00",
                      "end": "2004-10-21T11:09:38-04:00"
                    },
                    "serviceProvider": {
                      "reference": "urn:uuid:856ab0ff-c614-46cb-9bee-1066150b2cea"
                    },
                    "resourceType": "Encounter"
                  }
                }
              }
            ]
          },
          {
            "sequence": 2,
            "diagnosisLinkId": [
              1
            ],
            "net": {
              "value": 0.0,
              "system": "urn:iso:std:iso:4217",
              "code": "USD"
            }
          }
        ],
        "total": {
          "value": 125.0,
          "system": "urn:iso:std:iso:4217",
          "code": "USD"
        },
        "resourceType": "Claim"
      }
    },
    {
      "fullUrl": "urn:uuid:2636ae4c-744b-450d-a61c-109f9b2813f2",
      "resource": {
        "id": "2636ae4c-744b-450d-a61c-109f9b2813f2",
        "meta": {
          "profile": [
            "http://standardhealthrecord.org/fhir/StructureDefinition/shr-problem-Problem"
          ]
        },
        "clinicalStatus": "active",
        "verificationStatus": "confirmed",
        "code": {
          "coding": [
            {
              "system": "http://snomed.info/sct",
              "code": "230690007",
              "display": "Stroke"
            }
          ],
          "text": "Stroke"
        },
        "subject": {
          "reference": "urn:uuid:9571df5d-f1af-42a4-a9b6-025c0fc2477a"
        },
        "context": {
          "reference": "urn:uuid:4be4113c-8d89-4f3c-8b22-51d7c3e1a7f1"
        },
        "onsetDateTime": "2004-10-21T10:54:38-04:00",
        "assertedDate": "2004-10-21",
        "resourceType": "Condition"
      }
    },
    {
      "fullUrl": "urn:uuid:96930648-f99c-48ef-b72c-f91b0b811063",
      "resource": {
        "id": "96930648-f99c-48ef-b72c-f91b0b811063",
        "meta": {
          "profile": [
            "http://standardhealthrecord.org/fhir/StructureDefinition/shr-observation-Observation"
          ]
        },
        "status": "final",
        "category": [
          {
            "coding": [
              {
                "system": "http://hl7.org/fhir/observation-category"
              }
            ]
          }
        ],
        "code": {
          "coding": [
            {
              "system": "http://loinc.org",
              "code": "69453-9",
              "display": "Cause of Death [US Standard Certificate of Death]"
            }
          ],
          "text": "Cause of Death [US Standard Certificate of Death]"
        },
        "subject": {
          "reference": "urn:uuid:9571df5d-f1af-42a4-a9b6-025c0fc2477a"
        },
        "context": {
          "reference": "urn:uuid:4be4113c-8d89-4f3c-8b22-51d7c3e1a7f1"
        },
        "effectiveDateTime": "2004-10-21T10:54:38-04:00",
        "issued": "2004-10-21T10:54:38-04:00",
        "valueCodeableConcept": {
          "coding": [
            {
              "system": "http://snomed.info/sct",
              "code": "230690007",
              "display": "Stroke"
            }
          ],
          "text": "Stroke"
        },
        "resourceType": "Observation"
      }
    },
    {
      "fullUrl": "urn:uuid:94a5c95f-7221-4b50-98ea-d60ece1aba16",
      "resource": {
        "id": "94a5c95f-7221-4b50-98ea-d60ece1aba16",
        "meta": {
          "profile": [
            "http://standardhealthrecord.org/fhir/StructureDefinition/shr-observation-Panel"
          ]
        },
        "status": "final",
        "code": {
          "coding": [
            {
              "system": "http://loinc.org",
              "code": "69409-1",
              "display": "U.S. standard certificate of death - 2003 revision"
            }
          ]
        },
        "subject": {
          "reference": "urn:uuid:9571df5d-f1af-42a4-a9b6-025c0fc2477a"
        },
        "context": {
          "reference": "urn:uuid:4be4113c-8d89-4f3c-8b22-51d7c3e1a7f1"
        },
        "effectiveDateTime": "2004-10-21T10:54:38-04:00",
        "issued": "2004-10-21T10:54:38-04:00",
        "result": [
          {
            "reference": "urn:uuid:96930648-f99c-48ef-b72c-f91b0b811063",
            "display": "Cause of Death [US Standard Certificate of Death]"
          }
        ],
        "resourceType": "DiagnosticReport"
      }
    },
    {
      "fullUrl": "urn:uuid:5012acaa-de7d-4725-aebe-a775919a992a",
      "resource": {
        "id": "5012acaa-de7d-4725-aebe-a775919a992a",
        "meta": {
          "profile": [
            "http://standardhealthrecord.org/fhir/StructureDefinition/shr-medication-MedicationPrescription"
          ]
        },
        "extension": [
          {
            "url": "http://standardhealthrecord.org/fhir/StructureDefinition/shr-base-ActionCode-extension",
            "valueCodeableConcept": {
              "coding": [
                {
                  "system": "http://snomed.info/sct",
                  "code": "33633005",
                  "display": "Prescription of drug (procedure)"
                }
              ],
              "text": "Prescription of drug (procedure)"
            }
          }
        ],
        "status": "active",
        "intent": "order",
        "medicationCodeableConcept": {
          "coding": [
            {
              "system": "http://www.nlm.nih.gov/research/umls/rxnorm",
              "code": "834060",
              "display": "Penicillin V Potassium 250 MG"
            }
          ],
          "text": "Penicillin V Potassium 250 MG"
        },
        "subject": {
          "reference": "urn:uuid:9571df5d-f1af-42a4-a9b6-025c0fc2477a"
        },
        "context": {
          "reference": "urn:uuid:4be4113c-8d89-4f3c-8b22-51d7c3e1a7f1"
        },
        "authoredOn": "1955-07-08",
        "resourceType": "MedicationRequest"
      }
    },
    {
      "fullUrl": "urn:uuid:b9d62d63-8da4-49f0-9af9-a0e4e96bbbcb",
      "resource": {
        "id": "b9d62d63-8da4-49f0-9af9-a0e4e96bbbcb",
        "status": "active",
        "use": "complete",
        "patient": {
          "reference": "urn:uuid:9571df5d-f1af-42a4-a9b6-025c0fc2477a"
        },
        "billablePeriod": {
          "start": "2004-10-21T10:54:38-04:00",
          "end": "2004-10-21T11:09:38-04:00"
        },
        "organization": {
          "reference": {
            "reference": "urn:uuid:856ab0ff-c614-46cb-9bee-1066150b2cea"
          }
        },
        "prescription": {
          "reference": "urn:uuid:5012acaa-de7d-4725-aebe-a775919a992a"
        },
        "item": [
          {
            "sequence": 1,
            "net": {
              "value": 125.0,
              "system": "urn:iso:std:iso:4217",
              "code": "USD"
            },
            "encounter": [
              {
                "reference": {
                  "fullUrl": "urn:uuid:4be4113c-8d89-4f3c-8b22-51d7c3e1a7f1",
                  "resource": {
                    "id": "4be4113c-8d89-4f3c-8b22-51d7c3e1a7f1",
                    "meta": {
                      "profile": [
                        "http://standardhealthrecord.org/fhir/StructureDefinition/shr-encounter-Encounter"
                      ]
                    },
                    "status": "finished",
                    "class": {
                      "code": "ambulatory"
                    },
                    "type": [
                      {
                        "coding": [
                          {
                            "system": "http://snomed.info/sct",
                            "code": "308646001"
                          }
                        ],
                        "text": "Death Certification"
                      }
                    ],
                    "subject": {
                      "reference": "urn:uuid:9571df5d-f1af-42a4-a9b6-025c0fc2477a"
                    },
                    "period": {
                      "start": "2004-10-21T10:54:38-04:00",
                      "end": "2004-10-21T11:09:38-04:00"
                    },
                    "serviceProvider": {
                      "reference": "urn:uuid:856ab0ff-c614-46cb-9bee-1066150b2cea"
                    },
                    "resourceType": "Encounter"
                  }
                }
              }
            ]
          },
          {
            "sequence": 1,
            "net": {
              "value": 255.0,
              "system": "urn:iso:std:iso:4217",
              "code": "USD"
            }
          }
        ],
        "total": {
          "value": 255.0,
          "system": "urn:iso:std:iso:4217",
          "code": "USD"
        },
        "resourceType": "Claim"
      }
    },
    {
      "fullUrl": "urn:uuid:dbcf42d9-c172-4fe8-bb31-0f463691705b",
      "resource": {
        "id": "dbcf42d9-c172-4fe8-bb31-0f463691705b",
        "meta": {
          "profile": [
            "http://standardhealthrecord.org/fhir/StructureDefinition/shr-observation-Observation"
          ]
        },
        "status": "final",
        "category": [
          {
            "coding": [
              {
                "system": "http://hl7.org/fhir/observation-category",
                "code": "survey"
              }
            ]
          }
        ],
        "code": {
          "coding": [
            {
              "system": "http://snomed.info/sct",
              "code": "273724008",
              "display": "Quality adjusted life years"
            }
          ],
          "text": "Quality adjusted life years"
        },
        "subject": {
          "reference": "urn:uuid:9571df5d-f1af-42a4-a9b6-025c0fc2477a"
        },
        "effectiveDateTime": "2017-10-31T16:09:28-04:00",
        "issued": "2017-10-31T16:09:28-04:00",
        "valueQuantity": {
          "value": 56,
          "unit": "years",
          "system": "http://unitsofmeasure.org/",
          "code": "years"
        },
        "resourceType": "Observation"
      }
    },
    {
      "fullUrl": "urn:uuid:8220be3f-3045-4e99-9082-7ca8cb50b6c8",
      "resource": {
        "id": "8220be3f-3045-4e99-9082-7ca8cb50b6c8",
        "meta": {
          "profile": [
            "http://standardhealthrecord.org/fhir/StructureDefinition/shr-observation-Observation"
          ]
        },
        "status": "final",
        "category": [
          {
            "coding": [
              {
                "system": "http://hl7.org/fhir/observation-category",
                "code": "survey"
              }
            ]
          }
        ],
        "code": {
          "coding": [
            {
              "system": "http://snomed.info/sct",
              "code": "273421001",
              "display": "Disability rating scale"
            }
          ],
          "text": "Disability rating scale"
        },
        "subject": {
          "reference": "urn:uuid:9571df5d-f1af-42a4-a9b6-025c0fc2477a"
        },
        "effectiveDateTime": "2017-10-31T16:09:28-04:00",
        "issued": "2017-10-31T16:09:28-04:00",
        "valueQuantity": {
          "value": 32.15136,
          "unit": "years",
          "system": "http://unitsofmeasure.org/",
          "code": "years"
        },
        "resourceType": "Observation"
      }
    }
  ],
  "resourceType": "Bundle"
}