{
  "type": "collection",
  "entry": [
    {
      "fullUrl": "urn:uuid:46196f96-8acb-4d4e-9a57-025d3ab7e32a",
      "resource": {
        "id": "46196f96-8acb-4d4e-9a57-025d3ab7e32a",
        "meta": {
          "profile": [
            "http://standardhealthrecord.org/fhir/StructureDefinition/shr-actor-Organization"
          ]
        },
        "type": [
          {
            "coding": [
              {
                "system": "http://hl7.org/fhir/organization-type",
                "code": "prov",
                "display": "Healthcare Provider"
              }
            ],
            "text": "Healthcare Provider"
          }
        ],
        "name": "LOWELL YOUTH TREATMENT CENTER",
        "resourceType": "Organization"
      }
    },
    {
      "fullUrl": "urn:uuid:bd5e0fbc-ee6b-466c-af28-a417c1c24a4d",
      "resource": {
        "id": "bd5e0fbc-ee6b-466c-af28-a417c1c24a4d",
        "meta": {
          "profile": [
            "http://standardhealthrecord.org/fhir/StructureDefinition/shr-demographics-PersonOfRecord"
          ]
        },
        "text": {
          "status": "generated",
          "div": "<div xmlns=\"http://www.w3.org/1999/xhtml\">Generated by <a href=\"https://github.com/synthetichealth/synthea\">Synthea</a>. Version identifier: 368ac389f34cd3ce3986aa3a0a08e467bf574db3</div>"
        },
        "extension": [
          {
            "url": "http://hl7.org/fhir/us/core/StructureDefinition/us-core-race",
            "valueCodeableConcept": {
              "coding": [
                {
                  "system": "http://hl7.org/fhir/v3/Race",
                  "code": "2106-3",
                  "display": "White"
                }
              ],
              "text": "race"
            }
          },
          {
            "url": "http://hl7.org/fhir/us/core/StructureDefinition/us-core-ethnicity",
            "valueCodeableConcept": {
              "coding": [
                {
                  "system": "http://hl7.org/fhir/v3/Ethnicity",
                  "code": "2186-5",
                  "display": "Nonhispanic"
                }
              ],
              "text": "ethnicity"
            }
          },
          {
            "url": "http://hl7.org/fhir/StructureDefinition/birthPlace",
            "valueAddress": {
              "city": "Northampton",
              "state": "MA",
              "country": "US"
            }
          },
          {
            "url": "http://hl7.org/fhir/StructureDefinition/patient-mothersMaidenName",
            "valueString": "Takisha787 Thiel756"
          },
          {
            "url": "http://hl7.org/fhir/us/core/StructureDefinition/us-core-birthsex",
            "valueCode": "M"
          },
          {
            "url": "http://hl7.org/fhir/StructureDefinition/patient-interpreterRequired",
            "valueBoolean": false
          },
          {
            "url": "http://standardhealthrecord.org/fhir/StructureDefinition/shr-actor-FictionalPerson-extension",
            "valueBoolean": true
          },
          {
            "url": "http://standardhealthrecord.org/fhir/StructureDefinition/shr-demographics-FathersName-extension",
            "valueHumanName": {
              "text": "Berry367 Bernier781"
            }
          },
          {
            "url": "http://standardhealthrecord.org/fhir/StructureDefinition/shr-demographics-SocialSecurityNumber-extension",
            "valueString": "999-93-8691"
          }
        ],
        "identifier": [
          {
            "system": "https://github.com/synthetichealth/synthea",
            "value": "b0ba193e-9723-4fc1-98b7-d95d5d38cb8a"
          },
          {
            "type": {
              "coding": [
                {
                  "system": "http://hl7.org/fhir/identifier-type",
                  "code": "SB"
                }
              ]
            },
            "system": "http://hl7.org/fhir/sid/us-ssn",
            "value": "999938691"
          },
          {
            "type": {
              "coding": [
                {
                  "system": "http://hl7.org/fhir/v2/0203",
                  "code": "DL"
                }
              ]
            },
            "system": "urn:oid:2.16.840.1.113883.4.3.25",
            "value": "S99970914"
          },
          {
            "type": {
              "coding": [
                {
                  "system": "http://hl7.org/fhir/v2/0203",
                  "code": "PPN"
                }
              ]
            },
            "system": "http://standardhealthrecord.org/fhir/StructureDefinition/passportNumber",
            "value": "X87798799X"
          },
          {
            "type": {
              "coding": [
                {
                  "system": "http://hl7.org/fhir/v2/0203",
                  "code": "MR"
                }
              ]
            },
            "system": "http://hospital.smarthealthit.org",
            "value": "b0ba193e-9723-4fc1-98b7-d95d5d38cb8a"
          }
        ],
        "name": [
          {
            "use": "official",
            "family": "Bernier781",
            "given": [
              "Clifford529"
            ],
            "prefix": [
              "Mr."
            ]
          }
        ],
        "telecom": [
          {
            "system": "phone",
            "value": "1-508-336-9989 x2988",
            "use": "home"
          }
        ],
        "gender": "male",
        "birthDate": "1974-06-13",
        "address": [
          {
            "extension": [
              {
                "extension": [
                  {
                    "url": "latitude",
                    "valueDecimal": 42.65733203781723
                  },
                  {
                    "url": "longitude",
                    "valueDecimal": -71.35561741783202
                  }
                ],
                "url": "http://hl7.org/fhir/StructureDefinition/geolocation"
              }
            ],
            "line": [
              "79409 Norbert Avenue"
            ],
            "city": "Dracut",
            "state": "MA",
            "postalCode": "01826",
            "country": "US"
          }
        ],
        "maritalStatus": {
          "coding": [
            {
              "system": "http://hl7.org/fhir/v3/MaritalStatus",
              "code": "M"
            }
          ],
          "text": "M"
        },
        "multipleBirthBoolean": false,
        "communication": [
          {
            "language": {
              "coding": [
                {
                  "system": "http://hl7.org/fhir/ValueSet/languages",
                  "code": "pt",
                  "display": "Portuguese"
                }
              ]
            }
          }
        ],
        "generalPractitioner": [
          {
            "reference": "urn:uuid:46196f96-8acb-4d4e-9a57-025d3ab7e32a"
          }
        ],
        "resourceType": "Patient"
      }
    },
    {
      "fullUrl": "urn:uuid:63744fd9-213a-45c8-bb31-21f7e4055bb7",
      "resource": {
        "id": "63744fd9-213a-45c8-bb31-21f7e4055bb7",
        "meta": {
          "profile": [
            "http://standardhealthrecord.org/fhir/StructureDefinition/shr-actor-Organization"
          ]
        },
        "type": [
          {
            "coding": [
              {
                "system": "http://hl7.org/fhir/organization-type",
                "code": "prov",
                "display": "Healthcare Provider"
              }
            ],
            "text": "Healthcare Provider"
          }
        ],
        "name": "LOWELL GENERAL HOSPITAL",
        "resourceType": "Organization"
      }
    },
    {
      "fullUrl": "urn:uuid:8779b927-906e-4502-a826-fa7a04b1506f",
      "resource": {
        "id": "8779b927-906e-4502-a826-fa7a04b1506f",
        "meta": {
          "profile": [
            "http://standardhealthrecord.org/fhir/StructureDefinition/shr-encounter-Encounter"
          ]
        },
        "status": "finished",
        "class": {
          "code": "emergency"
        },
        "type": [
          {
            "coding": [
              {
                "system": "http://snomed.info/sct",
                "code": "50849002"
              }
            ],
            "text": "Emergency room admission"
          }
        ],
        "subject": {
          "reference": "urn:uuid:bd5e0fbc-ee6b-466c-af28-a417c1c24a4d"
        },
        "period": {
          "start": "2008-09-29T03:14:06-04:00",
          "end": "2008-09-29T03:14:06-04:00"
        },
        "serviceProvider": {
          "reference": "urn:uuid:63744fd9-213a-45c8-bb31-21f7e4055bb7"
        },
        "resourceType": "Encounter"
      }
    },
    {
      "fullUrl": "urn:uuid:03f52439-fb91-4b10-aee1-783cd6127887",
      "resource": {
        "id": "03f52439-fb91-4b10-aee1-783cd6127887",
        "status": "active",
        "use": "complete",
        "patient": {
          "reference": "urn:uuid:bd5e0fbc-ee6b-466c-af28-a417c1c24a4d"
        },
        "billablePeriod": {
          "start": "2008-09-29T03:14:06-04:00",
          "end": "2008-09-29T03:14:06-04:00"
        },
        "organization": {
          "reference": {
            "reference": "urn:uuid:63744fd9-213a-45c8-bb31-21f7e4055bb7"
          }
        },
        "diagnosis": [
          {
            "sequence": 1,
            "diagnosisReference": {
              "reference": "urn:uuid:e7852ff9-3d14-43e3-ac7d-584687a94696"
            }
          },
          {
            "sequence": 2,
            "diagnosisReference": {
              "reference": "urn:uuid:4bef3e88-b0af-4f01-b360-7beb9f2ab175"
            }
          }
        ],
        "item": [
          {
            "sequence": 1,
            "net": {
              "value": 125.0,
              "system": "urn:iso:std:iso:4217",
              "code": "USD"
            },
            "encounter": [
              {
                "reference": {
                  "fullUrl": "urn:uuid:8779b927-906e-4502-a826-fa7a04b1506f",
                  "resource": {
                    "id": "8779b927-906e-4502-a826-fa7a04b1506f",
                    "meta": {
                      "profile": [
                        "http://standardhealthrecord.org/fhir/StructureDefinition/shr-encounter-Encounter"
                      ]
                    },
                    "status": "finished",
                    "class": {
                      "code": "emergency"
                    },
                    "type": [
                      {
                        "coding": [
                          {
                            "system": "http://snomed.info/sct",
                            "code": "50849002"
                          }
                        ],
                        "text": "Emergency room admission"
                      }
                    ],
                    "subject": {
                      "reference": "urn:uuid:bd5e0fbc-ee6b-466c-af28-a417c1c24a4d"
                    },
                    "period": {
                      "start": "2008-09-29T03:14:06-04:00",
                      "end": "2008-09-29T03:14:06-04:00"
                    },
                    "serviceProvider": {
                      "reference": "urn:uuid:63744fd9-213a-45c8-bb31-21f7e4055bb7"
                    },
                    "resourceType": "Encounter"
                  }
                }
              }
            ]
          },
          {
            "sequence": 2,
            "diagnosisLinkId": [
              1
            ],
            "net": {
              "value": 0.0,
              "system": "urn:iso:std:iso:4217",
              "code": "USD"
            }
          },
          {
            "sequence": 3,
            "diagnosisLinkId": [
              2
            ],
            "net": {
              "value": 0.0,
              "system": "urn:iso:std:iso:4217",
              "code": "USD"
            }
          }
        ],
        "total": {
          "value": 125.0,
          "system": "urn:iso:std:iso:4217",
          "code": "USD"
        },
        "resourceType": "Claim"
      }
    },
    {
      "fullUrl": "urn:uuid:e7852ff9-3d14-43e3-ac7d-584687a94696",
      "resource": {
        "id": "e7852ff9-3d14-43e3-ac7d-584687a94696",
        "meta": {
          "profile": [
            "http://standardhealthrecord.org/fhir/StructureDefinition/shr-problem-Problem"
          ]
        },
        "clinicalStatus": "active",
        "verificationStatus": "confirmed",
        "code": {
          "coding": [
            {
              "system": "http://snomed.info/sct",
              "code": "40055000",
              "display": "Chronic sinusitis (disorder)"
            }
          ],
          "text": "Chronic sinusitis (disorder)"
        },
        "subject": {
          "reference": "urn:uuid:bd5e0fbc-ee6b-466c-af28-a417c1c24a4d"
        },
        "context": {
          "reference": "urn:uuid:8779b927-906e-4502-a826-fa7a04b1506f"
        },
        "onsetDateTime": "1987-03-25T05:44:12-05:00",
        "assertedDate": "1987-03-25",
        "resourceType": "Condition"
      }
    },
    {
      "fullUrl": "urn:uuid:4bef3e88-b0af-4f01-b360-7beb9f2ab175",
      "resource": {
        "id": "4bef3e88-b0af-4f01-b360-7beb9f2ab175",
        "meta": {
          "profile": [
            "http://standardhealthrecord.org/fhir/StructureDefinition/shr-problem-Problem"
          ]
        },
        "clinicalStatus": "resolved",
        "verificationStatus": "confirmed",
        "code": {
          "coding": [
            {
              "system": "http://snomed.info/sct",
              "code": "70704007",
              "display": "Sprain of wrist"
            }
          ],
          "text": "Sprain of wrist"
        },
        "subject": {
          "reference": "urn:uuid:bd5e0fbc-ee6b-466c-af28-a417c1c24a4d"
        },
        "context": {
          "reference": "urn:uuid:8779b927-906e-4502-a826-fa7a04b1506f"
        },
        "onsetDateTime": "2008-09-29T03:14:06-04:00",
        "abatementDateTime": "2008-10-17T08:49:50-04:00",
        "assertedDate": "2008-09-29",
        "resourceType": "Condition"
      }
    },
    {
      "resource": {
        "status": "completed",
        "intent": "order",
        "category": [
          {
            "coding": [
              {
                "system": "http://snomed.info/sct",
                "code": "91251008",
                "display": "Physical therapy procedure"
              }
            ]
          }
        ],
        "subject": {
          "reference": "urn:uuid:bd5e0fbc-ee6b-466c-af28-a417c1c24a4d"
        },
        "context": {
          "reference": "urn:uuid:8779b927-906e-4502-a826-fa7a04b1506f"
        },
        "period": {
          "start": "2008-09-29",
          "end": "2008-10-17"
        },
        "addresses": [
          {
            "reference": "urn:uuid:4bef3e88-b0af-4f01-b360-7beb9f2ab175"
          }
        ],
        "activity": [
          {
            "detail": {
              "code": {
                "coding": [
                  {
                    "system": "http://snomed.info/sct",
                    "code": "229586001",
                    "display": "Rest, ice, compression and elevation treatment programme"
                  }
                ]
              },
              "status": "completed"
            }
          },
          {
            "detail": {
              "code": {
                "coding": [
                  {
                    "system": "http://snomed.info/sct",
                    "code": "229070002",
                    "display": "Stretching exercises"
                  }
                ]
              },
              "status": "completed"
            }
          }
        ],
        "resourceType": "CarePlan"
      }
    },
    {
      "fullUrl": "urn:uuid:e90dd3d0-5c7e-4baa-9309-0972b5d5a238",
      "resource": {
        "id": "e90dd3d0-5c7e-4baa-9309-0972b5d5a238",
        "meta": {
          "profile": [
            "http://standardhealthrecord.org/fhir/StructureDefinition/shr-medication-MedicationPrescription"
          ]
        },
        "extension": [
          {
            "url": "http://standardhealthrecord.org/fhir/StructureDefinition/shr-base-ActionCode-extension",
            "valueCodeableConcept": {
              "coding": [
                {
                  "system": "http://snomed.info/sct",
                  "code": "33633005",
                  "display": "Prescription of drug (procedure)"
                }
              ],
              "text": "Prescription of drug (procedure)"
            }
          }
        ],
        "status": "stopped",
        "intent": "order",
        "medicationCodeableConcept": {
          "coding": [
            {
              "system": "http://www.nlm.nih.gov/research/umls/rxnorm",
              "code": "849574",
              "display": "Naproxen sodium 220 MG Oral Tablet"
            }
          ],
          "text": "Naproxen sodium 220 MG Oral Tablet"
        },
        "subject": {
          "reference": "urn:uuid:bd5e0fbc-ee6b-466c-af28-a417c1c24a4d"
        },
        "context": {
          "reference": "urn:uuid:8779b927-906e-4502-a826-fa7a04b1506f"
        },
        "authoredOn": "2008-09-29",
        "dosageInstruction": [
          {
            "sequence": 1,
            "asNeededBoolean": true
          }
        ],
        "resourceType": "MedicationRequest"
      }
    },
    {
      "fullUrl": "urn:uuid:93f89959-b571-40b4-b303-dcf4ee86e253",
      "resource": {
        "id": "93f89959-b571-40b4-b303-dcf4ee86e253",
        "status": "active",
        "use": "complete",
        "patient": {
          "reference": "urn:uuid:bd5e0fbc-ee6b-466c-af28-a417c1c24a4d"
        },
        "billablePeriod": {
          "start": "2008-09-29T03:14:06-04:00",
          "end": "2008-09-29T03:14:06-04:00"
        },
        "organization": {
          "reference": {
            "reference": "urn:uuid:63744fd9-213a-45c8-bb31-21f7e4055bb7"
          }
        },
        "prescription": {
          "reference": "urn:uuid:e90dd3d0-5c7e-4baa-9309-0972b5d5a238"
        },
        "item": [
          {
            "sequence": 1,
            "net": {
              "value": 125.0,
              "system": "urn:iso:std:iso:4217",
              "code": "USD"
            },
            "encounter": [
              {
                "reference": {
                  "fullUrl": "urn:uuid:8779b927-906e-4502-a826-fa7a04b1506f",
                  "resource": {
                    "id": "8779b927-906e-4502-a826-fa7a04b1506f",
                    "meta": {
                      "profile": [
                        "http://standardhealthrecord.org/fhir/StructureDefinition/shr-encounter-Encounter"
                      ]
                    },
                    "status": "finished",
                    "class": {
                      "code": "emergency"
                    },
                    "type": [
                      {
                        "coding": [
                          {
                            "system": "http://snomed.info/sct",
                            "code": "50849002"
                          }
                        ],
                        "text": "Emergency room admission"
                      }
                    ],
                    "subject": {
                      "reference": "urn:uuid:bd5e0fbc-ee6b-466c-af28-a417c1c24a4d"
                    },
                    "period": {
                      "start": "2008-09-29T03:14:06-04:00",
                      "end": "2008-09-29T03:14:06-04:00"
                    },
                    "serviceProvider": {
                      "reference": "urn:uuid:63744fd9-213a-45c8-bb31-21f7e4055bb7"
                    },
                    "resourceType": "Encounter"
                  }
                }
              }
            ]
          },
          {
            "sequence": 1,
            "net": {
              "value": 255.0,
              "system": "urn:iso:std:iso:4217",
              "code": "USD"
            }
          }
        ],
        "total": {
          "value": 255.0,
          "system": "urn:iso:std:iso:4217",
          "code": "USD"
        },
        "resourceType": "Claim"
      }
    },
    {
      "fullUrl": "urn:uuid:89b7ecae-ce4d-47ad-8259-345c710b5e7b",
      "resource": {
        "id": "89b7ecae-ce4d-47ad-8259-345c710b5e7b",
        "meta": {
          "profile": [
            "http://standardhealthrecord.org/fhir/StructureDefinition/shr-encounter-Encounter"
          ]
        },
        "status": "finished",
        "class": {
          "code": "outpatient"
        },
        "type": [
          {
            "coding": [
              {
                "system": "http://snomed.info/sct",
                "code": "185349003"
              }
            ],
            "text": "Outpatient Encounter"
          }
        ],
        "subject": {
          "reference": "urn:uuid:bd5e0fbc-ee6b-466c-af28-a417c1c24a4d"
        },
        "period": {
          "start": "2010-04-30T04:36:23-04:00",
          "end": "2010-04-30T05:36:23-04:00"
        },
        "serviceProvider": {
          "reference": "urn:uuid:46196f96-8acb-4d4e-9a57-025d3ab7e32a"
        },
        "resourceType": "Encounter"
      }
    },
    {
      "fullUrl": "urn:uuid:4036cf7e-956c-4243-babf-97265b6a4854",
      "resource": {
        "id": "4036cf7e-956c-4243-babf-97265b6a4854",
        "status": "active",
        "use": "complete",
        "patient": {
          "reference": "urn:uuid:bd5e0fbc-ee6b-466c-af28-a417c1c24a4d"
        },
        "billablePeriod": {
          "start": "2010-04-30T04:36:23-04:00",
          "end": "2010-04-30T05:36:23-04:00"
        },
        "organization": {
          "reference": {
            "reference": "urn:uuid:46196f96-8acb-4d4e-9a57-025d3ab7e32a"
          }
        },
        "procedure": [
          {
            "sequence": 1,
            "procedureReference": {
              "reference": "urn:uuid:9b081a6f-0a0a-4e07-b28d-59c403df9aa9"
            }
          }
        ],
        "item": [
          {
            "sequence": 1,
            "net": {
              "value": 125.0,
              "system": "urn:iso:std:iso:4217",
              "code": "USD"
            },
            "encounter": [
              {
                "reference": {
                  "fullUrl": "urn:uuid:89b7ecae-ce4d-47ad-8259-345c710b5e7b",
                  "resource": {
                    "id": "89b7ecae-ce4d-47ad-8259-345c710b5e7b",
                    "meta": {
                      "profile": [
                        "http://standardhealthrecord.org/fhir/StructureDefinition/shr-encounter-Encounter"
                      ]
                    },
                    "status": "finished",
                    "class": {
                      "code": "outpatient"
                    },
                    "type": [
                      {
                        "coding": [
                          {
                            "system": "http://snomed.info/sct",
                            "code": "185349003"
                          }
                        ],
                        "text": "Outpatient Encounter"
                      }
                    ],
                    "subject": {
                      "reference": "urn:uuid:bd5e0fbc-ee6b-466c-af28-a417c1c24a4d"
                    },
                    "period": {
                      "start": "2010-04-30T04:36:23-04:00",
                      "end": "2010-04-30T05:36:23-04:00"
                    },
                    "serviceProvider": {
                      "reference": "urn:uuid:46196f96-8acb-4d4e-9a57-025d3ab7e32a"
                    },
                    "resourceType": "Encounter"
                  }
                }
              }
            ]
          },
          {
            "sequence": 2,
            "procedureLinkId": [
              2
            ],
            "net": {
              "value": 1508.6649932999997,
              "system": "urn:iso:std:iso:4217",
              "code": "USD"
            }
          },
          {
            "sequence": 3,
            "category": {
              "coding": [
                {
                  "system": "http://hl7.org/fhir/sid/cvx",
                  "code": "140",
                  "display": "Influenza, seasonal, injectable, preservative free"
                }
              ],
              "text": "Influenza, seasonal, injectable, preservative free"
            },
            "net": {
              "value": 136.0,
              "system": "urn:iso:std:iso:4217",
              "code": "USD"
            }
          }
        ],
        "total": {
          "value": 1769.6649932999997,
          "system": "urn:iso:std:iso:4217",
          "code": "USD"
        },
        "resourceType": "Claim"
      }
    },
    {
      "fullUrl": "urn:uuid:7f1bbdfb-7d6c-4d53-8872-423984c94a9b",
      "resource": {
        "id": "7f1bbdfb-7d6c-4d53-8872-423984c94a9b",
        "meta": {
          "profile": [
            "http://standardhealthrecord.org/fhir/StructureDefinition/shr-observation-Observation",
            "http://standardhealthrecord.org/fhir/StructureDefinition/shr-vital-VitalSign",
            "http://standardhealthrecord.org/fhir/StructureDefinition/shr-vital-BodyHeight"
          ]
        },
        "status": "final",
        "category": [
          {
            "coding": [
              {
                "system": "http://hl7.org/fhir/observation-category",
                "code": "vital-signs"
              }
            ]
          }
        ],
        "code": {
          "coding": [
            {
              "system": "http://loinc.org",
              "code": "8302-2",
              "display": "Body Height"
            }
          ],
          "text": "Body Height"
        },
        "subject": {
          "reference": "urn:uuid:bd5e0fbc-ee6b-466c-af28-a417c1c24a4d"
        },
        "context": {
          "reference": "urn:uuid:89b7ecae-ce4d-47ad-8259-345c710b5e7b"
        },
        "effectiveDateTime": "2010-04-30T04:36:23-04:00",
        "issued": "2010-04-30T04:36:23-04:00",
        "valueQuantity": {
          "value": 190.18486578628978,
          "unit": "cm",
          "system": "http://unitsofmeasure.org/",
          "code": "cm"
        },
        "resourceType": "Observation"
      }
    },
    {
      "fullUrl": "urn:uuid:39c3f75a-ee6c-4726-86bf-a51c0201e9c3",
      "resource": {
        "id": "39c3f75a-ee6c-4726-86bf-a51c0201e9c3",
        "meta": {
          "profile": [
            "http://standardhealthrecord.org/fhir/StructureDefinition/shr-observation-Observation",
            "http://standardhealthrecord.org/fhir/StructureDefinition/shr-vital-VitalSign",
            "http://standardhealthrecord.org/fhir/StructureDefinition/shr-vital-BodyWeight"
          ]
        },
        "status": "final",
        "category": [
          {
            "coding": [
              {
                "system": "http://hl7.org/fhir/observation-category",
                "code": "vital-signs"
              }
            ]
          }
        ],
        "code": {
          "coding": [
            {
              "system": "http://loinc.org",
              "code": "29463-7",
              "display": "Body Weight"
            }
          ],
          "text": "Body Weight"
        },
        "subject": {
          "reference": "urn:uuid:bd5e0fbc-ee6b-466c-af28-a417c1c24a4d"
        },
        "context": {
          "reference": "urn:uuid:89b7ecae-ce4d-47ad-8259-345c710b5e7b"
        },
        "effectiveDateTime": "2010-04-30T04:36:23-04:00",
        "issued": "2010-04-30T04:36:23-04:00",
        "valueQuantity": {
          "value": 101.70386584021004,
          "unit": "kg",
          "system": "http://unitsofmeasure.org/",
          "code": "kg"
        },
        "resourceType": "Observation"
      }
    },
    {
      "fullUrl": "urn:uuid:b6f76f96-f9ac-43dc-b89d-8cf27b6a6bfc",
      "resource": {
        "id": "b6f76f96-f9ac-43dc-b89d-8cf27b6a6bfc",
        "meta": {
          "profile": [
            "http://standardhealthrecord.org/fhir/StructureDefinition/shr-observation-Observation",
            "http://standardhealthrecord.org/fhir/StructureDefinition/shr-vital-VitalSign",
            "http://standardhealthrecord.org/fhir/StructureDefinition/shr-vital-BodyMassIndex"
          ]
        },
        "status": "final",
        "category": [
          {
            "coding": [
              {
                "system": "http://hl7.org/fhir/observation-category",
                "code": "vital-signs"
              }
            ]
          }
        ],
        "code": {
          "coding": [
            {
              "system": "http://loinc.org",
              "code": "39156-5",
              "display": "Body Mass Index"
            }
          ],
          "text": "Body Mass Index"
        },
        "subject": {
          "reference": "urn:uuid:bd5e0fbc-ee6b-466c-af28-a417c1c24a4d"
        },
        "context": {
          "reference": "urn:uuid:89b7ecae-ce4d-47ad-8259-345c710b5e7b"
        },
        "effectiveDateTime": "2010-04-30T04:36:23-04:00",
        "issued": "2010-04-30T04:36:23-04:00",
        "valueQuantity": {
          "value": 28.118072880584446,
          "unit": "kg/m2",
          "system": "http://unitsofmeasure.org/",
          "code": "kg/m2"
        },
        "resourceType": "Observation"
      }
    },
    {
      "fullUrl": "urn:uuid:d9e7c4d8-6684-47c5-b9a4-061ab3cd8ce5",
      "resource": {
        "id": "d9e7c4d8-6684-47c5-b9a4-061ab3cd8ce5",
        "meta": {
          "profile": [
            "http://standardhealthrecord.org/fhir/StructureDefinition/shr-observation-Observation",
            "http://standardhealthrecord.org/fhir/StructureDefinition/shr-vital-BloodPressure"
          ]
        },
        "status": "final",
        "category": [
          {
            "coding": [
              {
                "system": "http://hl7.org/fhir/observation-category",
                "code": "vital-signs"
              }
            ]
          }
        ],
        "code": {
          "coding": [
            {
              "system": "http://loinc.org",
              "code": "55284-4",
              "display": "Blood Pressure"
            }
          ]
        },
        "subject": {
          "reference": "urn:uuid:bd5e0fbc-ee6b-466c-af28-a417c1c24a4d"
        },
        "context": {
          "reference": "urn:uuid:89b7ecae-ce4d-47ad-8259-345c710b5e7b"
        },
        "effectiveDateTime": "2010-04-30T04:36:23-04:00",
        "issued": "2010-04-30T04:36:23-04:00",
        "component": [
          {
            "code": {
              "coding": [
                {
                  "system": "http://loinc.org",
                  "code": "8480-6",
                  "display": "Systolic Blood Pressure"
                }
              ],
              "text": "Systolic Blood Pressure"
            },
            "valueQuantity": {
              "value": 127,
              "unit": "mmHg",
              "system": "http://unitsofmeasure.org/",
              "code": "mmHg"
            }
          },
          {
            "code": {
              "coding": [
                {
                  "system": "http://loinc.org",
                  "code": "8462-4",
                  "display": "Diastolic Blood Pressure"
                }
              ],
              "text": "Diastolic Blood Pressure"
            },
            "valueQuantity": {
              "value": 78,
              "unit": "mmHg",
              "system": "http://unitsofmeasure.org/",
              "code": "mmHg"
            }
          }
        ],
        "resourceType": "Observation"
      }
    },
    {
      "fullUrl": "urn:uuid:3f73b7b5-6251-4dcf-9240-8757f6e5e2e1",
      "resource": {
        "id": "3f73b7b5-6251-4dcf-9240-8757f6e5e2e1",
        "meta": {
          "profile": [
            "http://standardhealthrecord.org/fhir/StructureDefinition/shr-observation-Observation"
          ]
        },
        "status": "final",
        "category": [
          {
            "coding": [
              {
                "system": "http://hl7.org/fhir/observation-category",
                "code": "laboratory"
              }
            ]
          }
        ],
        "code": {
          "coding": [
            {
              "system": "http://loinc.org",
              "code": "2093-3",
              "display": "Total Cholesterol"
            }
          ],
          "text": "Total Cholesterol"
        },
        "subject": {
          "reference": "urn:uuid:bd5e0fbc-ee6b-466c-af28-a417c1c24a4d"
        },
        "context": {
          "reference": "urn:uuid:89b7ecae-ce4d-47ad-8259-345c710b5e7b"
        },
        "effectiveDateTime": "2010-04-30T04:36:23-04:00",
        "issued": "2010-04-30T04:36:23-04:00",
        "valueQuantity": {
          "value": 168,
          "unit": "mg/dL",
          "system": "http://unitsofmeasure.org/",
          "code": "mg/dL"
        },
        "resourceType": "Observation"
      }
    },
    {
      "fullUrl": "urn:uuid:05ad09ae-b79f-4774-a047-68004444eea9",
      "resource": {
        "id": "05ad09ae-b79f-4774-a047-68004444eea9",
        "meta": {
          "profile": [
            "http://standardhealthrecord.org/fhir/StructureDefinition/shr-observation-Observation"
          ]
        },
        "status": "final",
        "category": [
          {
            "coding": [
              {
                "system": "http://hl7.org/fhir/observation-category",
                "code": "laboratory"
              }
            ]
          }
        ],
        "code": {
          "coding": [
            {
              "system": "http://loinc.org",
              "code": "2571-8",
              "display": "Triglycerides"
            }
          ],
          "text": "Triglycerides"
        },
        "subject": {
          "reference": "urn:uuid:bd5e0fbc-ee6b-466c-af28-a417c1c24a4d"
        },
        "context": {
          "reference": "urn:uuid:89b7ecae-ce4d-47ad-8259-345c710b5e7b"
        },
        "effectiveDateTime": "2010-04-30T04:36:23-04:00",
        "issued": "2010-04-30T04:36:23-04:00",
        "valueQuantity": {
          "value": 142,
          "unit": "mg/dL",
          "system": "http://unitsofmeasure.org/",
          "code": "mg/dL"
        },
        "resourceType": "Observation"
      }
    },
    {
      "fullUrl": "urn:uuid:f4bc0274-ce7b-41a6-8aa2-9db942e950b8",
      "resource": {
        "id": "f4bc0274-ce7b-41a6-8aa2-9db942e950b8",
        "meta": {
          "profile": [
            "http://standardhealthrecord.org/fhir/StructureDefinition/shr-observation-Observation"
          ]
        },
        "status": "final",
        "category": [
          {
            "coding": [
              {
                "system": "http://hl7.org/fhir/observation-category",
                "code": "laboratory"
              }
            ]
          }
        ],
        "code": {
          "coding": [
            {
              "system": "http://loinc.org",
              "code": "18262-6",
              "display": "Low Density Lipoprotein Cholesterol"
            }
          ],
          "text": "Low Density Lipoprotein Cholesterol"
        },
        "subject": {
          "reference": "urn:uuid:bd5e0fbc-ee6b-466c-af28-a417c1c24a4d"
        },
        "context": {
          "reference": "urn:uuid:89b7ecae-ce4d-47ad-8259-345c710b5e7b"
        },
        "effectiveDateTime": "2010-04-30T04:36:23-04:00",
        "issued": "2010-04-30T04:36:23-04:00",
        "valueQuantity": {
          "value": 77,
          "unit": "mg/dL",
          "system": "http://unitsofmeasure.org/",
          "code": "mg/dL"
        },
        "resourceType": "Observation"
      }
    },
    {
      "fullUrl": "urn:uuid:86c4b7e3-4204-4b3c-aeff-9d15c38ffb32",
      "resource": {
        "id": "86c4b7e3-4204-4b3c-aeff-9d15c38ffb32",
        "meta": {
          "profile": [
            "http://standardhealthrecord.org/fhir/StructureDefinition/shr-observation-Observation"
          ]
        },
        "status": "final",
        "category": [
          {
            "coding": [
              {
                "system": "http://hl7.org/fhir/observation-category",
                "code": "laboratory"
              }
            ]
          }
        ],
        "code": {
          "coding": [
            {
              "system": "http://loinc.org",
              "code": "2085-9",
              "display": "High Density Lipoprotein Cholesterol"
            }
          ],
          "text": "High Density Lipoprotein Cholesterol"
        },
        "subject": {
          "reference": "urn:uuid:bd5e0fbc-ee6b-466c-af28-a417c1c24a4d"
        },
        "context": {
          "reference": "urn:uuid:89b7ecae-ce4d-47ad-8259-345c710b5e7b"
        },
        "effectiveDateTime": "2010-04-30T04:36:23-04:00",
        "issued": "2010-04-30T04:36:23-04:00",
        "valueQuantity": {
          "value": 62,
          "unit": "mg/dL",
          "system": "http://unitsofmeasure.org/",
          "code": "mg/dL"
        },
        "resourceType": "Observation"
      }
    },
    {
      "fullUrl": "urn:uuid:0d16eacd-cfd6-46ba-af0d-e59a1c4273be",
      "resource": {
        "id": "0d16eacd-cfd6-46ba-af0d-e59a1c4273be",
        "meta": {
          "profile": [
            "http://standardhealthrecord.org/fhir/StructureDefinition/shr-observation-Panel"
          ]
        },
        "status": "final",
        "code": {
          "coding": [
            {
              "system": "http://loinc.org",
              "code": "57698-3",
              "display": "Lipid Panel"
            }
          ]
        },
        "subject": {
          "reference": "urn:uuid:bd5e0fbc-ee6b-466c-af28-a417c1c24a4d"
        },
        "context": {
          "reference": "urn:uuid:89b7ecae-ce4d-47ad-8259-345c710b5e7b"
        },
        "effectiveDateTime": "2010-04-30T04:36:23-04:00",
        "issued": "2010-04-30T04:36:23-04:00",
        "result": [
          {
            "reference": "urn:uuid:3f73b7b5-6251-4dcf-9240-8757f6e5e2e1",
            "display": "Total Cholesterol"
          },
          {
            "reference": "urn:uuid:05ad09ae-b79f-4774-a047-68004444eea9",
            "display": "Triglycerides"
          },
          {
            "reference": "urn:uuid:f4bc0274-ce7b-41a6-8aa2-9db942e950b8",
            "display": "Low Density Lipoprotein Cholesterol"
          },
          {
            "reference": "urn:uuid:86c4b7e3-4204-4b3c-aeff-9d15c38ffb32",
            "display": "High Density Lipoprotein Cholesterol"
          }
        ],
        "resourceType": "DiagnosticReport"
      }
    },
    {
      "fullUrl": "urn:uuid:9b081a6f-0a0a-4e07-b28d-59c403df9aa9",
      "resource": {
        "id": "9b081a6f-0a0a-4e07-b28d-59c403df9aa9",
        "meta": {
          "profile": [
            "http://standardhealthrecord.org/fhir/StructureDefinition/shr-procedure-Procedure"
          ]
        },
        "extension": [
          {
            "url": "http://standardhealthrecord.org/fhir/StructureDefinition/shr-core-CodeableConcept-extension",
            "valueCodeableConcept": {
              "coding": [
                {
                  "system": "http://snomed.info/sct",
                  "code": "428191000124101",
                  "display": "Documentation of current medications"
                }
              ],
              "text": "Documentation of current medications"
            }
          }
        ],
        "status": "completed",
        "code": {
          "coding": [
            {
              "system": "http://snomed.info/sct",
              "code": "428191000124101",
              "display": "Documentation of current medications"
            }
          ],
          "text": "Documentation of current medications"
        },
        "subject": {
          "reference": "urn:uuid:bd5e0fbc-ee6b-466c-af28-a417c1c24a4d"
        },
        "context": {
          "reference": "urn:uuid:89b7ecae-ce4d-47ad-8259-345c710b5e7b"
        },
        "performedDateTime": "2010-04-30T04:36:23-04:00",
        "resourceType": "Procedure"
      }
    },
    {
      "resource": {
        "meta": {
          "profile": [
            "http://standardhealthrecord.org/fhir/StructureDefinition/shr-immunization-Immunization"
          ]
        },
        "status": "completed",
        "notGiven": false,
        "vaccineCode": {
          "coding": [
            {
              "system": "http://hl7.org/fhir/sid/cvx",
              "code": "140",
              "display": "Influenza, seasonal, injectable, preservative free"
            }
          ],
          "text": "Influenza, seasonal, injectable, preservative free"
        },
        "patient": {
          "reference": "urn:uuid:bd5e0fbc-ee6b-466c-af28-a417c1c24a4d"
        },
        "encounter": {
          "reference": "urn:uuid:89b7ecae-ce4d-47ad-8259-345c710b5e7b"
        },
        "date": "2010-04-30T04:36:23-04:00",
        "primarySource": true,
        "resourceType": "Immunization"
      }
    },
    {
      "fullUrl": "urn:uuid:0be68cde-a1ba-4758-8ab9-7040a8fbdbcd",
      "resource": {
        "id": "0be68cde-a1ba-4758-8ab9-7040a8fbdbcd",
        "meta": {
          "profile": [
            "http://standardhealthrecord.org/fhir/StructureDefinition/shr-encounter-Encounter"
          ]
        },
        "status": "finished",
        "class": {
          "code": "emergency"
        },
        "type": [
          {
            "coding": [
              {
                "system": "http://snomed.info/sct",
                "code": "50849002"
              }
            ],
            "text": "Emergency room admission"
          }
        ],
        "subject": {
          "reference": "urn:uuid:bd5e0fbc-ee6b-466c-af28-a417c1c24a4d"
        },
        "period": {
          "start": "2011-11-02T05:22:15-04:00",
          "end": "2011-11-02T05:22:15-04:00"
        },
        "serviceProvider": {
          "reference": "urn:uuid:63744fd9-213a-45c8-bb31-21f7e4055bb7"
        },
        "resourceType": "Encounter"
      }
    },
    {
      "fullUrl": "urn:uuid:d968195c-87d1-4750-8b07-7c3dca89a63d",
      "resource": {
        "id": "d968195c-87d1-4750-8b07-7c3dca89a63d",
        "status": "active",
        "use": "complete",
        "patient": {
          "reference": "urn:uuid:bd5e0fbc-ee6b-466c-af28-a417c1c24a4d"
        },
        "billablePeriod": {
          "start": "2011-11-02T05:22:15-04:00",
          "end": "2011-11-02T05:22:15-04:00"
        },
        "organization": {
          "reference": {
            "reference": "urn:uuid:63744fd9-213a-45c8-bb31-21f7e4055bb7"
          }
        },
        "diagnosis": [
          {
            "sequence": 1,
            "diagnosisReference": {
              "reference": "urn:uuid:cfede72c-262c-4277-84f7-7cd34530a546"
            }
          }
        ],
        "item": [
          {
            "sequence": 1,
            "net": {
              "value": 125.0,
              "system": "urn:iso:std:iso:4217",
              "code": "USD"
            },
            "encounter": [
              {
                "reference": {
                  "fullUrl": "urn:uuid:0be68cde-a1ba-4758-8ab9-7040a8fbdbcd",
                  "resource": {
                    "id": "0be68cde-a1ba-4758-8ab9-7040a8fbdbcd",
                    "meta": {
                      "profile": [
                        "http://standardhealthrecord.org/fhir/StructureDefinition/shr-encounter-Encounter"
                      ]
                    },
                    "status": "finished",
                    "class": {
                      "code": "emergency"
                    },
                    "type": [
                      {
                        "coding": [
                          {
                            "system": "http://snomed.info/sct",
                            "code": "50849002"
                          }
                        ],
                        "text": "Emergency room admission"
                      }
                    ],
                    "subject": {
                      "reference": "urn:uuid:bd5e0fbc-ee6b-466c-af28-a417c1c24a4d"
                    },
                    "period": {
                      "start": "2011-11-02T05:22:15-04:00",
                      "end": "2011-11-02T05:22:15-04:00"
                    },
                    "serviceProvider": {
                      "reference": "urn:uuid:63744fd9-213a-45c8-bb31-21f7e4055bb7"
                    },
                    "resourceType": "Encounter"
                  }
                }
              }
            ]
          },
          {
            "sequence": 2,
            "diagnosisLinkId": [
              1
            ],
            "net": {
              "value": 0.0,
              "system": "urn:iso:std:iso:4217",
              "code": "USD"
            }
          }
        ],
        "total": {
          "value": 125.0,
          "system": "urn:iso:std:iso:4217",
          "code": "USD"
        },
        "resourceType": "Claim"
      }
    },
    {
      "fullUrl": "urn:uuid:cfede72c-262c-4277-84f7-7cd34530a546",
      "resource": {
        "id": "cfede72c-262c-4277-84f7-7cd34530a546",
        "meta": {
          "profile": [
            "http://standardhealthrecord.org/fhir/StructureDefinition/shr-problem-Problem"
          ]
        },
        "clinicalStatus": "resolved",
        "verificationStatus": "confirmed",
        "code": {
          "coding": [
            {
              "system": "http://snomed.info/sct",
              "code": "403190006",
              "display": "First degree burn"
            }
          ],
          "text": "First degree burn"
        },
        "subject": {
          "reference": "urn:uuid:bd5e0fbc-ee6b-466c-af28-a417c1c24a4d"
        },
        "context": {
          "reference": "urn:uuid:0be68cde-a1ba-4758-8ab9-7040a8fbdbcd"
        },
        "onsetDateTime": "2011-11-02T05:22:15-04:00",
        "abatementDateTime": "2011-12-01T19:12:13-05:00",
        "assertedDate": "2011-11-02",
        "resourceType": "Condition"
      }
    },
    {
      "resource": {
        "status": "completed",
        "intent": "order",
        "category": [
          {
            "coding": [
              {
                "system": "http://snomed.info/sct",
                "code": "133901003",
                "display": "Burn care"
              }
            ]
          }
        ],
        "subject": {
          "reference": "urn:uuid:bd5e0fbc-ee6b-466c-af28-a417c1c24a4d"
        },
        "context": {
          "reference": "urn:uuid:0be68cde-a1ba-4758-8ab9-7040a8fbdbcd"
        },
        "period": {
          "start": "2011-11-02",
          "end": "2011-12-01"
        },
        "addresses": [
          {
            "reference": "urn:uuid:cfede72c-262c-4277-84f7-7cd34530a546"
          }
        ],
        "activity": [
          {
            "detail": {
              "code": {
                "coding": [
                  {
                    "system": "http://snomed.info/sct",
                    "code": "385949008",
                    "display": "Dressing change management"
                  }
                ]
              },
              "status": "completed"
            }
          },
          {
            "detail": {
              "code": {
                "coding": [
                  {
                    "system": "http://snomed.info/sct",
                    "code": "440381005",
                    "display": "Behavior to prevent sun exposure"
                  }
                ]
              },
              "status": "completed"
            }
          },
          {
            "detail": {
              "code": {
                "coding": [
                  {
                    "system": "http://snomed.info/sct",
                    "code": "439830001",
                    "display": "Behavior to prevent infection"
                  }
                ]
              },
              "status": "completed"
            }
          }
        ],
        "resourceType": "CarePlan"
      }
    },
    {
      "fullUrl": "urn:uuid:1d5252ef-e639-4187-9d00-722a7a30bbc5",
      "resource": {
        "id": "1d5252ef-e639-4187-9d00-722a7a30bbc5",
        "meta": {
          "profile": [
            "http://standardhealthrecord.org/fhir/StructureDefinition/shr-medication-MedicationPrescription"
          ]
        },
        "extension": [
          {
            "url": "http://standardhealthrecord.org/fhir/StructureDefinition/shr-base-ActionCode-extension",
            "valueCodeableConcept": {
              "coding": [
                {
                  "system": "http://snomed.info/sct",
                  "code": "33633005",
                  "display": "Prescription of drug (procedure)"
                }
              ],
              "text": "Prescription of drug (procedure)"
            }
          }
        ],
        "status": "stopped",
        "intent": "order",
        "medicationCodeableConcept": {
          "coding": [
            {
              "system": "http://www.nlm.nih.gov/research/umls/rxnorm",
              "code": "313782",
              "display": "Acetaminophen 325 MG Oral Tablet"
            }
          ],
          "text": "Acetaminophen 325 MG Oral Tablet"
        },
        "subject": {
          "reference": "urn:uuid:bd5e0fbc-ee6b-466c-af28-a417c1c24a4d"
        },
        "context": {
          "reference": "urn:uuid:0be68cde-a1ba-4758-8ab9-7040a8fbdbcd"
        },
        "authoredOn": "2011-11-02",
        "dosageInstruction": [
          {
            "sequence": 1,
            "asNeededBoolean": true
          }
        ],
        "resourceType": "MedicationRequest"
      }
    },
    {
      "fullUrl": "urn:uuid:d6d3736b-b6d9-4cb1-ad7e-f318a692f981",
      "resource": {
        "id": "d6d3736b-b6d9-4cb1-ad7e-f318a692f981",
        "status": "active",
        "use": "complete",
        "patient": {
          "reference": "urn:uuid:bd5e0fbc-ee6b-466c-af28-a417c1c24a4d"
        },
        "billablePeriod": {
          "start": "2011-11-02T05:22:15-04:00",
          "end": "2011-11-02T05:22:15-04:00"
        },
        "organization": {
          "reference": {
            "reference": "urn:uuid:63744fd9-213a-45c8-bb31-21f7e4055bb7"
          }
        },
        "prescription": {
          "reference": "urn:uuid:1d5252ef-e639-4187-9d00-722a7a30bbc5"
        },
        "item": [
          {
            "sequence": 1,
            "net": {
              "value": 125.0,
              "system": "urn:iso:std:iso:4217",
              "code": "USD"
            },
            "encounter": [
              {
                "reference": {
                  "fullUrl": "urn:uuid:0be68cde-a1ba-4758-8ab9-7040a8fbdbcd",
                  "resource": {
                    "id": "0be68cde-a1ba-4758-8ab9-7040a8fbdbcd",
                    "meta": {
                      "profile": [
                        "http://standardhealthrecord.org/fhir/StructureDefinition/shr-encounter-Encounter"
                      ]
                    },
                    "status": "finished",
                    "class": {
                      "code": "emergency"
                    },
                    "type": [
                      {
                        "coding": [
                          {
                            "system": "http://snomed.info/sct",
                            "code": "50849002"
                          }
                        ],
                        "text": "Emergency room admission"
                      }
                    ],
                    "subject": {
                      "reference": "urn:uuid:bd5e0fbc-ee6b-466c-af28-a417c1c24a4d"
                    },
                    "period": {
                      "start": "2011-11-02T05:22:15-04:00",
                      "end": "2011-11-02T05:22:15-04:00"
                    },
                    "serviceProvider": {
                      "reference": "urn:uuid:63744fd9-213a-45c8-bb31-21f7e4055bb7"
                    },
                    "resourceType": "Encounter"
                  }
                }
              }
            ]
          },
          {
            "sequence": 1,
            "net": {
              "value": 255.0,
              "system": "urn:iso:std:iso:4217",
              "code": "USD"
            }
          }
        ],
        "total": {
          "value": 255.0,
          "system": "urn:iso:std:iso:4217",
          "code": "USD"
        },
        "resourceType": "Claim"
      }
    },
    {
      "fullUrl": "urn:uuid:4f822c7d-58eb-4744-b272-b90afa7c1b5b",
      "resource": {
        "id": "4f822c7d-58eb-4744-b272-b90afa7c1b5b",
        "meta": {
          "profile": [
            "http://standardhealthrecord.org/fhir/StructureDefinition/shr-encounter-Encounter"
          ]
        },
        "status": "finished",
        "class": {
          "code": "ambulatory"
        },
        "type": [
          {
            "coding": [
              {
                "system": "http://snomed.info/sct",
                "code": "185349003"
              }
            ],
            "text": "Encounter for 'check-up'"
          }
        ],
        "subject": {
          "reference": "urn:uuid:bd5e0fbc-ee6b-466c-af28-a417c1c24a4d"
        },
        "period": {
          "start": "2011-12-01T19:12:13-05:00",
          "end": "2011-12-01T19:12:13-05:00"
        },
        "reason": [
          {
            "coding": [
              {
                "system": "http://snomed.info/sct",
                "code": "403190006",
                "display": "First degree burn"
              }
            ]
          }
        ],
        "serviceProvider": {
          "reference": "urn:uuid:46196f96-8acb-4d4e-9a57-025d3ab7e32a"
        },
        "resourceType": "Encounter"
      }
    },
    {
      "fullUrl": "urn:uuid:b8ada8d4-5e48-4669-a660-4910ea9c2231",
      "resource": {
        "id": "b8ada8d4-5e48-4669-a660-4910ea9c2231",
        "status": "active",
        "use": "complete",
        "patient": {
          "reference": "urn:uuid:bd5e0fbc-ee6b-466c-af28-a417c1c24a4d"
        },
        "billablePeriod": {
          "start": "2011-12-01T19:12:13-05:00",
          "end": "2011-12-01T19:12:13-05:00"
        },
        "organization": {
          "reference": {
            "reference": "urn:uuid:46196f96-8acb-4d4e-9a57-025d3ab7e32a"
          }
        },
        "item": [
          {
            "sequence": 1,
            "net": {
              "value": 125.0,
              "system": "urn:iso:std:iso:4217",
              "code": "USD"
            },
            "encounter": [
              {
                "reference": {
                  "fullUrl": "urn:uuid:4f822c7d-58eb-4744-b272-b90afa7c1b5b",
                  "resource": {
                    "id": "4f822c7d-58eb-4744-b272-b90afa7c1b5b",
                    "meta": {
                      "profile": [
                        "http://standardhealthrecord.org/fhir/StructureDefinition/shr-encounter-Encounter"
                      ]
                    },
                    "status": "finished",
                    "class": {
                      "code": "ambulatory"
                    },
                    "type": [
                      {
                        "coding": [
                          {
                            "system": "http://snomed.info/sct",
                            "code": "185349003"
                          }
                        ],
                        "text": "Encounter for 'check-up'"
                      }
                    ],
                    "subject": {
                      "reference": "urn:uuid:bd5e0fbc-ee6b-466c-af28-a417c1c24a4d"
                    },
                    "period": {
                      "start": "2011-12-01T19:12:13-05:00",
                      "end": "2011-12-01T19:12:13-05:00"
                    },
                    "reason": [
                      {
                        "coding": [
                          {
                            "system": "http://snomed.info/sct",
                            "code": "403190006",
                            "display": "First degree burn"
                          }
                        ]
                      }
                    ],
                    "serviceProvider": {
                      "reference": "urn:uuid:46196f96-8acb-4d4e-9a57-025d3ab7e32a"
                    },
                    "resourceType": "Encounter"
                  }
                }
              }
            ]
          }
        ],
        "total": {
          "value": 125.0,
          "system": "urn:iso:std:iso:4217",
          "code": "USD"
        },
        "resourceType": "Claim"
      }
    },
    {
      "fullUrl": "urn:uuid:6e856b51-8de8-4c3e-9acc-fcfe6d642095",
      "resource": {
        "id": "6e856b51-8de8-4c3e-9acc-fcfe6d642095",
        "meta": {
          "profile": [
            "http://standardhealthrecord.org/fhir/StructureDefinition/shr-encounter-Encounter"
          ]
        },
        "status": "finished",
        "class": {
          "code": "outpatient"
        },
        "type": [
          {
            "coding": [
              {
                "system": "http://snomed.info/sct",
                "code": "185349003"
              }
            ],
            "text": "Outpatient Encounter"
          }
        ],
        "subject": {
          "reference": "urn:uuid:bd5e0fbc-ee6b-466c-af28-a417c1c24a4d"
        },
        "period": {
          "start": "2013-07-25T13:33:43-04:00",
          "end": "2013-07-25T14:33:43-04:00"
        },
        "serviceProvider": {
          "reference": "urn:uuid:46196f96-8acb-4d4e-9a57-025d3ab7e32a"
        },
        "resourceType": "Encounter"
      }
    },
    {
      "fullUrl": "urn:uuid:4e0452e7-5964-417a-8d82-6a94e5c65476",
      "resource": {
        "id": "4e0452e7-5964-417a-8d82-6a94e5c65476",
        "status": "active",
        "use": "complete",
        "patient": {
          "reference": "urn:uuid:bd5e0fbc-ee6b-466c-af28-a417c1c24a4d"
        },
        "billablePeriod": {
          "start": "2013-07-25T13:33:43-04:00",
          "end": "2013-07-25T14:33:43-04:00"
        },
        "organization": {
          "reference": {
            "reference": "urn:uuid:46196f96-8acb-4d4e-9a57-025d3ab7e32a"
          }
        },
        "procedure": [
          {
            "sequence": 1,
            "procedureReference": {
              "reference": "urn:uuid:14eb908b-50a0-4365-a49a-0e9ccd63df90"
            }
          }
        ],
        "item": [
          {
            "sequence": 1,
            "net": {
              "value": 125.0,
              "system": "urn:iso:std:iso:4217",
              "code": "USD"
            },
            "encounter": [
              {
                "reference": {
                  "fullUrl": "urn:uuid:6e856b51-8de8-4c3e-9acc-fcfe6d642095",
                  "resource": {
                    "id": "6e856b51-8de8-4c3e-9acc-fcfe6d642095",
                    "meta": {
                      "profile": [
                        "http://standardhealthrecord.org/fhir/StructureDefinition/shr-encounter-Encounter"
                      ]
                    },
                    "status": "finished",
                    "class": {
                      "code": "outpatient"
                    },
                    "type": [
                      {
                        "coding": [
                          {
                            "system": "http://snomed.info/sct",
                            "code": "185349003"
                          }
                        ],
                        "text": "Outpatient Encounter"
                      }
                    ],
                    "subject": {
                      "reference": "urn:uuid:bd5e0fbc-ee6b-466c-af28-a417c1c24a4d"
                    },
                    "period": {
                      "start": "2013-07-25T13:33:43-04:00",
                      "end": "2013-07-25T14:33:43-04:00"
                    },
                    "serviceProvider": {
                      "reference": "urn:uuid:46196f96-8acb-4d4e-9a57-025d3ab7e32a"
                    },
                    "resourceType": "Encounter"
                  }
                }
              }
            ]
          },
          {
            "sequence": 2,
            "procedureLinkId": [
              2
            ],
            "net": {
              "value": 1508.6649932999997,
              "system": "urn:iso:std:iso:4217",
              "code": "USD"
            }
          },
          {
            "sequence": 3,
            "category": {
              "coding": [
                {
                  "system": "http://hl7.org/fhir/sid/cvx",
                  "code": "140",
                  "display": "Influenza, seasonal, injectable, preservative free"
                }
              ],
              "text": "Influenza, seasonal, injectable, preservative free"
            },
            "net": {
              "value": 136.0,
              "system": "urn:iso:std:iso:4217",
              "code": "USD"
            }
          }
        ],
        "total": {
          "value": 1769.6649932999997,
          "system": "urn:iso:std:iso:4217",
          "code": "USD"
        },
        "resourceType": "Claim"
      }
    },
    {
      "fullUrl": "urn:uuid:673cba8c-13bb-4fa8-94b0-73b5e69e14ee",
      "resource": {
        "id": "673cba8c-13bb-4fa8-94b0-73b5e69e14ee",
        "meta": {
          "profile": [
            "http://standardhealthrecord.org/fhir/StructureDefinition/shr-observation-Observation",
            "http://standardhealthrecord.org/fhir/StructureDefinition/shr-vital-VitalSign",
            "http://standardhealthrecord.org/fhir/StructureDefinition/shr-vital-BodyHeight"
          ]
        },
        "status": "final",
        "category": [
          {
            "coding": [
              {
                "system": "http://hl7.org/fhir/observation-category",
                "code": "vital-signs"
              }
            ]
          }
        ],
        "code": {
          "coding": [
            {
              "system": "http://loinc.org",
              "code": "8302-2",
              "display": "Body Height"
            }
          ],
          "text": "Body Height"
        },
        "subject": {
          "reference": "urn:uuid:bd5e0fbc-ee6b-466c-af28-a417c1c24a4d"
        },
        "context": {
          "reference": "urn:uuid:6e856b51-8de8-4c3e-9acc-fcfe6d642095"
        },
        "effectiveDateTime": "2013-07-25T13:33:43-04:00",
        "issued": "2013-07-25T13:33:43-04:00",
        "valueQuantity": {
          "value": 190.18486578628978,
          "unit": "cm",
          "system": "http://unitsofmeasure.org/",
          "code": "cm"
        },
        "resourceType": "Observation"
      }
    },
    {
      "fullUrl": "urn:uuid:b7f9fec7-2294-4146-9312-78cdee3c5709",
      "resource": {
        "id": "b7f9fec7-2294-4146-9312-78cdee3c5709",
        "meta": {
          "profile": [
            "http://standardhealthrecord.org/fhir/StructureDefinition/shr-observation-Observation",
            "http://standardhealthrecord.org/fhir/StructureDefinition/shr-vital-VitalSign",
            "http://standardhealthrecord.org/fhir/StructureDefinition/shr-vital-BodyWeight"
          ]
        },
        "status": "final",
        "category": [
          {
            "coding": [
              {
                "system": "http://hl7.org/fhir/observation-category",
                "code": "vital-signs"
              }
            ]
          }
        ],
        "code": {
          "coding": [
            {
              "system": "http://loinc.org",
              "code": "29463-7",
              "display": "Body Weight"
            }
          ],
          "text": "Body Weight"
        },
        "subject": {
          "reference": "urn:uuid:bd5e0fbc-ee6b-466c-af28-a417c1c24a4d"
        },
        "context": {
          "reference": "urn:uuid:6e856b51-8de8-4c3e-9acc-fcfe6d642095"
        },
        "effectiveDateTime": "2013-07-25T13:33:43-04:00",
        "issued": "2013-07-25T13:33:43-04:00",
        "valueQuantity": {
          "value": 108.96006370262987,
          "unit": "kg",
          "system": "http://unitsofmeasure.org/",
          "code": "kg"
        },
        "resourceType": "Observation"
      }
    },
    {
      "fullUrl": "urn:uuid:50abe4e7-6516-4532-8d1e-1fd7e0197492",
      "resource": {
        "id": "50abe4e7-6516-4532-8d1e-1fd7e0197492",
        "meta": {
          "profile": [
            "http://standardhealthrecord.org/fhir/StructureDefinition/shr-observation-Observation",
            "http://standardhealthrecord.org/fhir/StructureDefinition/shr-vital-VitalSign",
            "http://standardhealthrecord.org/fhir/StructureDefinition/shr-vital-BodyMassIndex"
          ]
        },
        "status": "final",
        "category": [
          {
            "coding": [
              {
                "system": "http://hl7.org/fhir/observation-category",
                "code": "vital-signs"
              }
            ]
          }
        ],
        "code": {
          "coding": [
            {
              "system": "http://loinc.org",
              "code": "39156-5",
              "display": "Body Mass Index"
            }
          ],
          "text": "Body Mass Index"
        },
        "subject": {
          "reference": "urn:uuid:bd5e0fbc-ee6b-466c-af28-a417c1c24a4d"
        },
        "context": {
          "reference": "urn:uuid:6e856b51-8de8-4c3e-9acc-fcfe6d642095"
        },
        "effectiveDateTime": "2013-07-25T13:33:43-04:00",
        "issued": "2013-07-25T13:33:43-04:00",
        "valueQuantity": {
          "value": 30.124194266884743,
          "unit": "kg/m2",
          "system": "http://unitsofmeasure.org/",
          "code": "kg/m2"
        },
        "resourceType": "Observation"
      }
    },
    {
      "fullUrl": "urn:uuid:1b61a0b4-82ee-4ca5-9cb9-72bada654a75",
      "resource": {
        "id": "1b61a0b4-82ee-4ca5-9cb9-72bada654a75",
        "meta": {
          "profile": [
            "http://standardhealthrecord.org/fhir/StructureDefinition/shr-observation-Observation",
            "http://standardhealthrecord.org/fhir/StructureDefinition/shr-vital-BloodPressure"
          ]
        },
        "status": "final",
        "category": [
          {
            "coding": [
              {
                "system": "http://hl7.org/fhir/observation-category",
                "code": "vital-signs"
              }
            ]
          }
        ],
        "code": {
          "coding": [
            {
              "system": "http://loinc.org",
              "code": "55284-4",
              "display": "Blood Pressure"
            }
          ]
        },
        "subject": {
          "reference": "urn:uuid:bd5e0fbc-ee6b-466c-af28-a417c1c24a4d"
        },
        "context": {
          "reference": "urn:uuid:6e856b51-8de8-4c3e-9acc-fcfe6d642095"
        },
        "effectiveDateTime": "2013-07-25T13:33:43-04:00",
        "issued": "2013-07-25T13:33:43-04:00",
        "component": [
          {
            "code": {
              "coding": [
                {
                  "system": "http://loinc.org",
                  "code": "8480-6",
                  "display": "Systolic Blood Pressure"
                }
              ],
              "text": "Systolic Blood Pressure"
            },
            "valueQuantity": {
              "value": 104,
              "unit": "mmHg",
              "system": "http://unitsofmeasure.org/",
              "code": "mmHg"
            }
          },
          {
            "code": {
              "coding": [
                {
                  "system": "http://loinc.org",
                  "code": "8462-4",
                  "display": "Diastolic Blood Pressure"
                }
              ],
              "text": "Diastolic Blood Pressure"
            },
            "valueQuantity": {
              "value": 88,
              "unit": "mmHg",
              "system": "http://unitsofmeasure.org/",
              "code": "mmHg"
            }
          }
        ],
        "resourceType": "Observation"
      }
    },
    {
      "fullUrl": "urn:uuid:928c9023-6474-40e9-8c57-f14269bce78a",
      "resource": {
        "id": "928c9023-6474-40e9-8c57-f14269bce78a",
        "meta": {
          "profile": [
            "http://standardhealthrecord.org/fhir/StructureDefinition/shr-observation-Observation"
          ]
        },
        "status": "final",
        "category": [
          {
            "coding": [
              {
                "system": "http://hl7.org/fhir/observation-category",
                "code": "laboratory"
              }
            ]
          }
        ],
        "code": {
          "coding": [
            {
              "system": "http://loinc.org",
              "code": "2093-3",
              "display": "Total Cholesterol"
            }
          ],
          "text": "Total Cholesterol"
        },
        "subject": {
          "reference": "urn:uuid:bd5e0fbc-ee6b-466c-af28-a417c1c24a4d"
        },
        "context": {
          "reference": "urn:uuid:6e856b51-8de8-4c3e-9acc-fcfe6d642095"
        },
        "effectiveDateTime": "2013-07-25T13:33:43-04:00",
        "issued": "2013-07-25T13:33:43-04:00",
        "valueQuantity": {
          "value": 190,
          "unit": "mg/dL",
          "system": "http://unitsofmeasure.org/",
          "code": "mg/dL"
        },
        "resourceType": "Observation"
      }
    },
    {
      "fullUrl": "urn:uuid:4ca724b8-e3d7-4ee6-bdb6-4826c7d6edbc",
      "resource": {
        "id": "4ca724b8-e3d7-4ee6-bdb6-4826c7d6edbc",
        "meta": {
          "profile": [
            "http://standardhealthrecord.org/fhir/StructureDefinition/shr-observation-Observation"
          ]
        },
        "status": "final",
        "category": [
          {
            "coding": [
              {
                "system": "http://hl7.org/fhir/observation-category",
                "code": "laboratory"
              }
            ]
          }
        ],
        "code": {
          "coding": [
            {
              "system": "http://loinc.org",
              "code": "2571-8",
              "display": "Triglycerides"
            }
          ],
          "text": "Triglycerides"
        },
        "subject": {
          "reference": "urn:uuid:bd5e0fbc-ee6b-466c-af28-a417c1c24a4d"
        },
        "context": {
          "reference": "urn:uuid:6e856b51-8de8-4c3e-9acc-fcfe6d642095"
        },
        "effectiveDateTime": "2013-07-25T13:33:43-04:00",
        "issued": "2013-07-25T13:33:43-04:00",
        "valueQuantity": {
          "value": 108,
          "unit": "mg/dL",
          "system": "http://unitsofmeasure.org/",
          "code": "mg/dL"
        },
        "resourceType": "Observation"
      }
    },
    {
      "fullUrl": "urn:uuid:857b81a2-d412-472a-94f5-5d33a0d8c99f",
      "resource": {
        "id": "857b81a2-d412-472a-94f5-5d33a0d8c99f",
        "meta": {
          "profile": [
            "http://standardhealthrecord.org/fhir/StructureDefinition/shr-observation-Observation"
          ]
        },
        "status": "final",
        "category": [
          {
            "coding": [
              {
                "system": "http://hl7.org/fhir/observation-category",
                "code": "laboratory"
              }
            ]
          }
        ],
        "code": {
          "coding": [
            {
              "system": "http://loinc.org",
              "code": "18262-6",
              "display": "Low Density Lipoprotein Cholesterol"
            }
          ],
          "text": "Low Density Lipoprotein Cholesterol"
        },
        "subject": {
          "reference": "urn:uuid:bd5e0fbc-ee6b-466c-af28-a417c1c24a4d"
        },
        "context": {
          "reference": "urn:uuid:6e856b51-8de8-4c3e-9acc-fcfe6d642095"
        },
        "effectiveDateTime": "2013-07-25T13:33:43-04:00",
        "issued": "2013-07-25T13:33:43-04:00",
        "valueQuantity": {
          "value": 96,
          "unit": "mg/dL",
          "system": "http://unitsofmeasure.org/",
          "code": "mg/dL"
        },
        "resourceType": "Observation"
      }
    },
    {
      "fullUrl": "urn:uuid:fb41af34-b33b-4b04-915b-7b4e3d30c1aa",
      "resource": {
        "id": "fb41af34-b33b-4b04-915b-7b4e3d30c1aa",
        "meta": {
          "profile": [
            "http://standardhealthrecord.org/fhir/StructureDefinition/shr-observation-Observation"
          ]
        },
        "status": "final",
        "category": [
          {
            "coding": [
              {
                "system": "http://hl7.org/fhir/observation-category",
                "code": "laboratory"
              }
            ]
          }
        ],
        "code": {
          "coding": [
            {
              "system": "http://loinc.org",
              "code": "2085-9",
              "display": "High Density Lipoprotein Cholesterol"
            }
          ],
          "text": "High Density Lipoprotein Cholesterol"
        },
        "subject": {
          "reference": "urn:uuid:bd5e0fbc-ee6b-466c-af28-a417c1c24a4d"
        },
        "context": {
          "reference": "urn:uuid:6e856b51-8de8-4c3e-9acc-fcfe6d642095"
        },
        "effectiveDateTime": "2013-07-25T13:33:43-04:00",
        "issued": "2013-07-25T13:33:43-04:00",
        "valueQuantity": {
          "value": 72,
          "unit": "mg/dL",
          "system": "http://unitsofmeasure.org/",
          "code": "mg/dL"
        },
        "resourceType": "Observation"
      }
    },
    {
      "fullUrl": "urn:uuid:59752ed0-7de0-4a07-90eb-5cdc5b816938",
      "resource": {
        "id": "59752ed0-7de0-4a07-90eb-5cdc5b816938",
        "meta": {
          "profile": [
            "http://standardhealthrecord.org/fhir/StructureDefinition/shr-observation-Panel"
          ]
        },
        "status": "final",
        "code": {
          "coding": [
            {
              "system": "http://loinc.org",
              "code": "57698-3",
              "display": "Lipid Panel"
            }
          ]
        },
        "subject": {
          "reference": "urn:uuid:bd5e0fbc-ee6b-466c-af28-a417c1c24a4d"
        },
        "context": {
          "reference": "urn:uuid:6e856b51-8de8-4c3e-9acc-fcfe6d642095"
        },
        "effectiveDateTime": "2013-07-25T13:33:43-04:00",
        "issued": "2013-07-25T13:33:43-04:00",
        "result": [
          {
            "reference": "urn:uuid:928c9023-6474-40e9-8c57-f14269bce78a",
            "display": "Total Cholesterol"
          },
          {
            "reference": "urn:uuid:4ca724b8-e3d7-4ee6-bdb6-4826c7d6edbc",
            "display": "Triglycerides"
          },
          {
            "reference": "urn:uuid:857b81a2-d412-472a-94f5-5d33a0d8c99f",
            "display": "Low Density Lipoprotein Cholesterol"
          },
          {
            "reference": "urn:uuid:fb41af34-b33b-4b04-915b-7b4e3d30c1aa",
            "display": "High Density Lipoprotein Cholesterol"
          }
        ],
        "resourceType": "DiagnosticReport"
      }
    },
    {
      "fullUrl": "urn:uuid:14eb908b-50a0-4365-a49a-0e9ccd63df90",
      "resource": {
        "id": "14eb908b-50a0-4365-a49a-0e9ccd63df90",
        "meta": {
          "profile": [
            "http://standardhealthrecord.org/fhir/StructureDefinition/shr-procedure-Procedure"
          ]
        },
        "extension": [
          {
            "url": "http://standardhealthrecord.org/fhir/StructureDefinition/shr-core-CodeableConcept-extension",
            "valueCodeableConcept": {
              "coding": [
                {
                  "system": "http://snomed.info/sct",
                  "code": "428191000124101",
                  "display": "Documentation of current medications"
                }
              ],
              "text": "Documentation of current medications"
            }
          }
        ],
        "status": "completed",
        "code": {
          "coding": [
            {
              "system": "http://snomed.info/sct",
              "code": "428191000124101",
              "display": "Documentation of current medications"
            }
          ],
          "text": "Documentation of current medications"
        },
        "subject": {
          "reference": "urn:uuid:bd5e0fbc-ee6b-466c-af28-a417c1c24a4d"
        },
        "context": {
          "reference": "urn:uuid:6e856b51-8de8-4c3e-9acc-fcfe6d642095"
        },
        "performedDateTime": "2013-07-25T13:33:43-04:00",
        "resourceType": "Procedure"
      }
    },
    {
      "resource": {
        "meta": {
          "profile": [
            "http://standardhealthrecord.org/fhir/StructureDefinition/shr-immunization-Immunization"
          ]
        },
        "status": "completed",
        "notGiven": false,
        "vaccineCode": {
          "coding": [
            {
              "system": "http://hl7.org/fhir/sid/cvx",
              "code": "140",
              "display": "Influenza, seasonal, injectable, preservative free"
            }
          ],
          "text": "Influenza, seasonal, injectable, preservative free"
        },
        "patient": {
          "reference": "urn:uuid:bd5e0fbc-ee6b-466c-af28-a417c1c24a4d"
        },
        "encounter": {
          "reference": "urn:uuid:6e856b51-8de8-4c3e-9acc-fcfe6d642095"
        },
        "date": "2013-07-25T13:33:43-04:00",
        "primarySource": true,
        "resourceType": "Immunization"
      }
    },
    {
      "fullUrl": "urn:uuid:a608dfdc-4853-437e-a3ca-6ad7e2b1f653",
      "resource": {
        "id": "a608dfdc-4853-437e-a3ca-6ad7e2b1f653",
        "meta": {
          "profile": [
            "http://standardhealthrecord.org/fhir/StructureDefinition/shr-encounter-Encounter"
          ]
        },
        "status": "finished",
        "class": {
          "code": "outpatient"
        },
        "type": [
          {
            "coding": [
              {
                "system": "http://snomed.info/sct",
                "code": "185349003"
              }
            ],
            "text": "Outpatient Encounter"
          }
        ],
        "subject": {
          "reference": "urn:uuid:bd5e0fbc-ee6b-466c-af28-a417c1c24a4d"
        },
        "period": {
          "start": "2016-02-10T14:20:25-05:00",
          "end": "2016-02-10T15:20:25-05:00"
        },
        "serviceProvider": {
          "reference": "urn:uuid:46196f96-8acb-4d4e-9a57-025d3ab7e32a"
        },
        "resourceType": "Encounter"
      }
    },
    {
      "fullUrl": "urn:uuid:957e1198-fe30-4bdc-a25d-3db508a243ef",
      "resource": {
        "id": "957e1198-fe30-4bdc-a25d-3db508a243ef",
        "status": "active",
        "use": "complete",
        "patient": {
          "reference": "urn:uuid:bd5e0fbc-ee6b-466c-af28-a417c1c24a4d"
        },
        "billablePeriod": {
          "start": "2016-02-10T14:20:25-05:00",
          "end": "2016-02-10T15:20:25-05:00"
        },
        "organization": {
          "reference": {
            "reference": "urn:uuid:46196f96-8acb-4d4e-9a57-025d3ab7e32a"
          }
        },
        "item": [
          {
            "sequence": 1,
            "net": {
              "value": 125.0,
              "system": "urn:iso:std:iso:4217",
              "code": "USD"
            },
            "encounter": [
              {
                "reference": {
                  "fullUrl": "urn:uuid:a608dfdc-4853-437e-a3ca-6ad7e2b1f653",
                  "resource": {
                    "id": "a608dfdc-4853-437e-a3ca-6ad7e2b1f653",
                    "meta": {
                      "profile": [
                        "http://standardhealthrecord.org/fhir/StructureDefinition/shr-encounter-Encounter"
                      ]
                    },
                    "status": "finished",
                    "class": {
                      "code": "outpatient"
                    },
                    "type": [
                      {
                        "coding": [
                          {
                            "system": "http://snomed.info/sct",
                            "code": "185349003"
                          }
                        ],
                        "text": "Outpatient Encounter"
                      }
                    ],
                    "subject": {
                      "reference": "urn:uuid:bd5e0fbc-ee6b-466c-af28-a417c1c24a4d"
                    },
                    "period": {
                      "start": "2016-02-10T14:20:25-05:00",
                      "end": "2016-02-10T15:20:25-05:00"
                    },
                    "serviceProvider": {
                      "reference": "urn:uuid:46196f96-8acb-4d4e-9a57-025d3ab7e32a"
                    },
                    "resourceType": "Encounter"
                  }
                }
              }
            ]
          },
          {
            "sequence": 2,
            "category": {
              "coding": [
                {
                  "system": "http://hl7.org/fhir/sid/cvx",
                  "code": "140",
                  "display": "Influenza, seasonal, injectable, preservative free"
                }
              ],
              "text": "Influenza, seasonal, injectable, preservative free"
            },
            "net": {
              "value": 136.0,
              "system": "urn:iso:std:iso:4217",
              "code": "USD"
            }
          },
          {
            "sequence": 3,
            "category": {
              "coding": [
                {
                  "system": "http://hl7.org/fhir/sid/cvx",
                  "code": "113",
                  "display": "Td (adult) preservative free"
                }
              ],
              "text": "Td (adult) preservative free"
            },
            "net": {
              "value": 136.0,
              "system": "urn:iso:std:iso:4217",
              "code": "USD"
            }
          }
        ],
        "total": {
          "value": 397.0,
          "system": "urn:iso:std:iso:4217",
          "code": "USD"
        },
        "resourceType": "Claim"
      }
    },
    {
      "fullUrl": "urn:uuid:050062b8-bb81-4db6-84d2-4899a2a8466c",
      "resource": {
        "id": "050062b8-bb81-4db6-84d2-4899a2a8466c",
        "meta": {
          "profile": [
            "http://standardhealthrecord.org/fhir/StructureDefinition/shr-observation-Observation",
            "http://standardhealthrecord.org/fhir/StructureDefinition/shr-vital-VitalSign",
            "http://standardhealthrecord.org/fhir/StructureDefinition/shr-vital-BodyHeight"
          ]
        },
        "status": "final",
        "category": [
          {
            "coding": [
              {
                "system": "http://hl7.org/fhir/observation-category",
                "code": "vital-signs"
              }
            ]
          }
        ],
        "code": {
          "coding": [
            {
              "system": "http://loinc.org",
              "code": "8302-2",
              "display": "Body Height"
            }
          ],
          "text": "Body Height"
        },
        "subject": {
          "reference": "urn:uuid:bd5e0fbc-ee6b-466c-af28-a417c1c24a4d"
        },
        "context": {
          "reference": "urn:uuid:a608dfdc-4853-437e-a3ca-6ad7e2b1f653"
        },
        "effectiveDateTime": "2016-02-10T14:20:25-05:00",
        "issued": "2016-02-10T14:20:25-05:00",
        "valueQuantity": {
          "value": 190.18486578628978,
          "unit": "cm",
          "system": "http://unitsofmeasure.org/",
          "code": "cm"
        },
        "resourceType": "Observation"
      }
    },
    {
      "fullUrl": "urn:uuid:45f416fa-9c8c-44fa-9750-e218bcf4ec0b",
      "resource": {
        "id": "45f416fa-9c8c-44fa-9750-e218bcf4ec0b",
        "meta": {
          "profile": [
            "http://standardhealthrecord.org/fhir/StructureDefinition/shr-observation-Observation",
            "http://standardhealthrecord.org/fhir/StructureDefinition/shr-vital-VitalSign",
            "http://standardhealthrecord.org/fhir/StructureDefinition/shr-vital-BodyWeight"
          ]
        },
        "status": "final",
        "category": [
          {
            "coding": [
              {
                "system": "http://hl7.org/fhir/observation-category",
                "code": "vital-signs"
              }
            ]
          }
        ],
        "code": {
          "coding": [
            {
              "system": "http://loinc.org",
              "code": "29463-7",
              "display": "Body Weight"
            }
          ],
          "text": "Body Weight"
        },
        "subject": {
          "reference": "urn:uuid:bd5e0fbc-ee6b-466c-af28-a417c1c24a4d"
        },
        "context": {
          "reference": "urn:uuid:a608dfdc-4853-437e-a3ca-6ad7e2b1f653"
        },
        "effectiveDateTime": "2016-02-10T14:20:25-05:00",
        "issued": "2016-02-10T14:20:25-05:00",
        "valueQuantity": {
          "value": 112.01026631602682,
          "unit": "kg",
          "system": "http://unitsofmeasure.org/",
          "code": "kg"
        },
        "resourceType": "Observation"
      }
    },
    {
      "fullUrl": "urn:uuid:a5d1c882-2ae3-4832-9641-27cd358116a3",
      "resource": {
        "id": "a5d1c882-2ae3-4832-9641-27cd358116a3",
        "meta": {
          "profile": [
            "http://standardhealthrecord.org/fhir/StructureDefinition/shr-observation-Observation",
            "http://standardhealthrecord.org/fhir/StructureDefinition/shr-vital-VitalSign",
            "http://standardhealthrecord.org/fhir/StructureDefinition/shr-vital-BodyMassIndex"
          ]
        },
        "status": "final",
        "category": [
          {
            "coding": [
              {
                "system": "http://hl7.org/fhir/observation-category",
                "code": "vital-signs"
              }
            ]
          }
        ],
        "code": {
          "coding": [
            {
              "system": "http://loinc.org",
              "code": "39156-5",
              "display": "Body Mass Index"
            }
          ],
          "text": "Body Mass Index"
        },
        "subject": {
          "reference": "urn:uuid:bd5e0fbc-ee6b-466c-af28-a417c1c24a4d"
        },
        "context": {
          "reference": "urn:uuid:a608dfdc-4853-437e-a3ca-6ad7e2b1f653"
        },
        "effectiveDateTime": "2016-02-10T14:20:25-05:00",
        "issued": "2016-02-10T14:20:25-05:00",
        "valueQuantity": {
          "value": 30.96748393611712,
          "unit": "kg/m2",
          "system": "http://unitsofmeasure.org/",
          "code": "kg/m2"
        },
        "resourceType": "Observation"
      }
    },
    {
      "fullUrl": "urn:uuid:239ff515-6bf9-4a14-bc15-427287ef232d",
      "resource": {
        "id": "239ff515-6bf9-4a14-bc15-427287ef232d",
        "meta": {
          "profile": [
            "http://standardhealthrecord.org/fhir/StructureDefinition/shr-observation-Observation",
            "http://standardhealthrecord.org/fhir/StructureDefinition/shr-vital-BloodPressure"
          ]
        },
        "status": "final",
        "category": [
          {
            "coding": [
              {
                "system": "http://hl7.org/fhir/observation-category",
                "code": "vital-signs"
              }
            ]
          }
        ],
        "code": {
          "coding": [
            {
              "system": "http://loinc.org",
              "code": "55284-4",
              "display": "Blood Pressure"
            }
          ]
        },
        "subject": {
          "reference": "urn:uuid:bd5e0fbc-ee6b-466c-af28-a417c1c24a4d"
        },
        "context": {
          "reference": "urn:uuid:a608dfdc-4853-437e-a3ca-6ad7e2b1f653"
        },
        "effectiveDateTime": "2016-02-10T14:20:25-05:00",
        "issued": "2016-02-10T14:20:25-05:00",
        "component": [
          {
            "code": {
              "coding": [
                {
                  "system": "http://loinc.org",
                  "code": "8480-6",
                  "display": "Systolic Blood Pressure"
                }
              ],
              "text": "Systolic Blood Pressure"
            },
            "valueQuantity": {
              "value": 125,
              "unit": "mmHg",
              "system": "http://unitsofmeasure.org/",
              "code": "mmHg"
            }
          },
          {
            "code": {
              "coding": [
                {
                  "system": "http://loinc.org",
                  "code": "8462-4",
                  "display": "Diastolic Blood Pressure"
                }
              ],
              "text": "Diastolic Blood Pressure"
            },
            "valueQuantity": {
              "value": 82,
              "unit": "mmHg",
              "system": "http://unitsofmeasure.org/",
              "code": "mmHg"
            }
          }
        ],
        "resourceType": "Observation"
      }
    },
    {
      "resource": {
        "meta": {
          "profile": [
            "http://standardhealthrecord.org/fhir/StructureDefinition/shr-immunization-Immunization"
          ]
        },
        "status": "completed",
        "notGiven": false,
        "vaccineCode": {
          "coding": [
            {
              "system": "http://hl7.org/fhir/sid/cvx",
              "code": "140",
              "display": "Influenza, seasonal, injectable, preservative free"
            }
          ],
          "text": "Influenza, seasonal, injectable, preservative free"
        },
        "patient": {
          "reference": "urn:uuid:bd5e0fbc-ee6b-466c-af28-a417c1c24a4d"
        },
        "encounter": {
          "reference": "urn:uuid:a608dfdc-4853-437e-a3ca-6ad7e2b1f653"
        },
        "date": "2016-02-10T14:20:25-05:00",
        "primarySource": true,
        "resourceType": "Immunization"
      }
    },
    {
      "resource": {
        "meta": {
          "profile": [
            "http://standardhealthrecord.org/fhir/StructureDefinition/shr-immunization-Immunization"
          ]
        },
        "status": "completed",
        "notGiven": false,
        "vaccineCode": {
          "coding": [
            {
              "system": "http://hl7.org/fhir/sid/cvx",
              "code": "113",
              "display": "Td (adult) preservative free"
            }
          ],
          "text": "Td (adult) preservative free"
        },
        "patient": {
          "reference": "urn:uuid:bd5e0fbc-ee6b-466c-af28-a417c1c24a4d"
        },
        "encounter": {
          "reference": "urn:uuid:a608dfdc-4853-437e-a3ca-6ad7e2b1f653"
        },
        "date": "2016-02-10T14:20:25-05:00",
        "primarySource": true,
        "resourceType": "Immunization"
      }
    },
    {
      "fullUrl": "urn:uuid:0fe1da31-eabd-440e-9d0f-94e563e52070",
      "resource": {
        "id": "0fe1da31-eabd-440e-9d0f-94e563e52070",
        "meta": {
          "profile": [
            "http://standardhealthrecord.org/fhir/StructureDefinition/shr-observation-Observation"
          ]
        },
        "status": "final",
        "category": [
          {
            "coding": [
              {
                "system": "http://hl7.org/fhir/observation-category",
                "code": "survey"
              }
            ]
          }
        ],
        "code": {
          "coding": [
            {
              "system": "http://snomed.info/sct",
              "code": "273724008",
              "display": "Quality adjusted life years"
            }
          ],
          "text": "Quality adjusted life years"
        },
        "subject": {
          "reference": "urn:uuid:bd5e0fbc-ee6b-466c-af28-a417c1c24a4d"
        },
        "effectiveDateTime": "2017-10-31T16:09:28-04:00",
        "issued": "2017-10-31T16:09:28-04:00",
        "valueQuantity": {
          "value": 42.880416159413144,
          "unit": "years",
          "system": "http://unitsofmeasure.org/",
          "code": "years"
        },
        "resourceType": "Observation"
      }
    },
    {
      "fullUrl": "urn:uuid:a5046f65-dacc-402b-ac03-a3a9110b2fdd",
      "resource": {
        "id": "a5046f65-dacc-402b-ac03-a3a9110b2fdd",
        "meta": {
          "profile": [
            "http://standardhealthrecord.org/fhir/StructureDefinition/shr-observation-Observation"
          ]
        },
        "status": "final",
        "category": [
          {
            "coding": [
              {
                "system": "http://hl7.org/fhir/observation-category",
                "code": "survey"
              }
            ]
          }
        ],
        "code": {
          "coding": [
            {
              "system": "http://snomed.info/sct",
              "code": "273421001",
              "display": "Disability rating scale"
            }
          ],
          "text": "Disability rating scale"
        },
        "subject": {
          "reference": "urn:uuid:bd5e0fbc-ee6b-466c-af28-a417c1c24a4d"
        },
        "effectiveDateTime": "2017-10-31T16:09:28-04:00",
        "issued": "2017-10-31T16:09:28-04:00",
        "valueQuantity": {
          "value": 0.1195838405868565,
          "unit": "years",
          "system": "http://unitsofmeasure.org/",
          "code": "years"
        },
        "resourceType": "Observation"
      }
    }
  ],
  "resourceType": "Bundle"
}