{
  "type": "collection",
  "entry": [
    {
      "fullUrl": "urn:uuid:9bb096d0-ecec-416a-a1fa-89abd827ef87",
      "resource": {
        "id": "9bb096d0-ecec-416a-a1fa-89abd827ef87",
        "meta": {
          "profile": [
            "http://standardhealthrecord.org/fhir/StructureDefinition/shr-actor-Organization"
          ]
        },
        "type": [
          {
            "coding": [
              {
                "system": "http://hl7.org/fhir/organization-type",
                "code": "prov",
                "display": "Healthcare Provider"
              }
            ],
            "text": "Healthcare Provider"
          }
        ],
        "name": "BAYSTATE HEART & VASCULAR PRG CARDI",
        "resourceType": "Organization"
      }
    },
    {
      "fullUrl": "urn:uuid:1f623799-e330-49ee-a95f-c32fd387fea6",
      "resource": {
        "id": "1f623799-e330-49ee-a95f-c32fd387fea6",
        "meta": {
          "profile": [
            "http://standardhealthrecord.org/fhir/StructureDefinition/shr-demographics-PersonOfRecord"
          ]
        },
        "text": {
          "status": "generated",
          "div": "<div xmlns=\"http://www.w3.org/1999/xhtml\">Generated by <a href=\"https://github.com/synthetichealth/synthea\">Synthea</a>. Version identifier: 368ac389f34cd3ce3986aa3a0a08e467bf574db3</div>"
        },
        "extension": [
          {
            "url": "http://hl7.org/fhir/us/core/StructureDefinition/us-core-race",
            "valueCodeableConcept": {
              "coding": [
                {
                  "system": "http://hl7.org/fhir/v3/Race",
                  "code": "2106-3",
                  "display": "White"
                }
              ],
              "text": "race"
            }
          },
          {
            "url": "http://hl7.org/fhir/us/core/StructureDefinition/us-core-ethnicity",
            "valueCodeableConcept": {
              "coding": [
                {
                  "system": "http://hl7.org/fhir/v3/Ethnicity",
                  "code": "2186-5",
                  "display": "Nonhispanic"
                }
              ],
              "text": "ethnicity"
            }
          },
          {
            "url": "http://hl7.org/fhir/StructureDefinition/birthPlace",
            "valueAddress": {
              "city": "Winthrop Town",
              "state": "MA",
              "country": "US"
            }
          },
          {
            "url": "http://hl7.org/fhir/StructureDefinition/patient-mothersMaidenName",
            "valueString": "Cori998 Schmeler8"
          },
          {
            "url": "http://hl7.org/fhir/us/core/StructureDefinition/us-core-birthsex",
            "valueCode": "M"
          },
          {
            "url": "http://hl7.org/fhir/StructureDefinition/patient-interpreterRequired",
            "valueBoolean": false
          },
          {
            "url": "http://standardhealthrecord.org/fhir/StructureDefinition/shr-actor-FictionalPerson-extension",
            "valueBoolean": true
          },
          {
            "url": "http://standardhealthrecord.org/fhir/StructureDefinition/shr-demographics-FathersName-extension",
            "valueHumanName": {
              "text": "Val976 Bins952"
            }
          },
          {
            "url": "http://standardhealthrecord.org/fhir/StructureDefinition/shr-demographics-SocialSecurityNumber-extension",
            "valueString": "999-87-7172"
          }
        ],
        "identifier": [
          {
            "system": "https://github.com/synthetichealth/synthea",
            "value": "ca2e9813-24d6-49d0-94dd-172a7d8ff920"
          },
          {
            "type": {
              "coding": [
                {
                  "system": "http://hl7.org/fhir/identifier-type",
                  "code": "SB"
                }
              ]
            },
            "system": "http://hl7.org/fhir/sid/us-ssn",
            "value": "999877172"
          },
          {
            "type": {
              "coding": [
                {
                  "system": "http://hl7.org/fhir/v2/0203",
                  "code": "DL"
                }
              ]
            },
            "system": "urn:oid:2.16.840.1.113883.4.3.25",
            "value": "S99910364"
          },
          {
            "type": {
              "coding": [
                {
                  "system": "http://hl7.org/fhir/v2/0203",
                  "code": "MR"
                }
              ]
            },
            "system": "http://hospital.smarthealthit.org",
            "value": "ca2e9813-24d6-49d0-94dd-172a7d8ff920"
          }
        ],
        "name": [
          {
            "use": "official",
            "family": "Bins952",
            "given": [
              "Everett911"
            ],
            "prefix": [
              "Mr."
            ],
            "suffix": [
              "MD"
            ]
          }
        ],
        "telecom": [
          {
            "system": "phone",
            "value": "955.541.6982",
            "use": "home"
          }
        ],
        "gender": "male",
        "birthDate": "1922-08-15",
        "deceasedDateTime": "2003-10-28T07:57:51-05:00",
        "address": [
          {
            "extension": [
              {
                "extension": [
                  {
                    "url": "latitude",
                    "valueDecimal": 42.340417626367866
                  },
                  {
                    "url": "longitude",
                    "valueDecimal": -72.72615107667002
                  }
                ],
                "url": "http://hl7.org/fhir/StructureDefinition/geolocation"
              }
            ],
            "line": [
              "3694 Grimes Key"
            ],
            "city": "Northampton",
            "state": "MA",
            "postalCode": "01061",
            "country": "US"
          }
        ],
        "maritalStatus": {
          "coding": [
            {
              "system": "http://hl7.org/fhir/v3/MaritalStatus",
              "code": "M"
            }
          ],
          "text": "M"
        },
        "multipleBirthBoolean": false,
        "communication": [
          {
            "language": {
              "coding": [
                {
                  "system": "http://hl7.org/fhir/ValueSet/languages",
                  "code": "en-US",
                  "display": "English (United States)"
                }
              ]
            }
          }
        ],
        "generalPractitioner": [
          {
            "reference": "urn:uuid:9bb096d0-ecec-416a-a1fa-89abd827ef87"
          }
        ],
        "resourceType": "Patient"
      }
    },
    {
      "fullUrl": "urn:uuid:46d00e05-28b6-40cf-abcb-b2c2e0b23dc3",
      "resource": {
        "id": "46d00e05-28b6-40cf-abcb-b2c2e0b23dc3",
        "meta": {
          "profile": [
            "http://standardhealthrecord.org/fhir/StructureDefinition/shr-encounter-Encounter"
          ]
        },
        "status": "finished",
        "class": {
          "code": "ambulatory"
        },
        "type": [
          {
            "coding": [
              {
                "system": "http://snomed.info/sct",
                "code": "308646001"
              }
            ],
            "text": "Death Certification"
          }
        ],
        "subject": {
          "reference": "urn:uuid:1f623799-e330-49ee-a95f-c32fd387fea6"
        },
        "period": {
          "start": "2003-10-28T07:57:51-05:00",
          "end": "2003-10-28T08:12:51-05:00"
        },
        "serviceProvider": {
          "reference": "urn:uuid:9bb096d0-ecec-416a-a1fa-89abd827ef87"
        },
        "resourceType": "Encounter"
      }
    },
    {
      "fullUrl": "urn:uuid:87867487-c857-4dfc-904d-9cf1b85ae95b",
      "resource": {
        "id": "87867487-c857-4dfc-904d-9cf1b85ae95b",
        "status": "active",
        "use": "complete",
        "patient": {
          "reference": "urn:uuid:1f623799-e330-49ee-a95f-c32fd387fea6"
        },
        "billablePeriod": {
          "start": "2003-10-28T07:57:51-05:00",
          "end": "2003-10-28T08:12:51-05:00"
        },
        "organization": {
          "reference": {
            "reference": "urn:uuid:9bb096d0-ecec-416a-a1fa-89abd827ef87"
          }
        },
        "diagnosis": [
          {
            "sequence": 1,
            "diagnosisReference": {
              "reference": "urn:uuid:b3022905-367a-4909-aad2-0db9b5420bc2"
            }
          },
          {
            "sequence": 2,
            "diagnosisReference": {
              "reference": "urn:uuid:efbaa7b4-3916-4a26-b5da-46254161ca90"
            }
          },
          {
            "sequence": 3,
            "diagnosisReference": {
              "reference": "urn:uuid:2faf24b6-a03a-498d-9bd8-0d973184be19"
            }
          },
          {
            "sequence": 4,
            "diagnosisReference": {
              "reference": "urn:uuid:0d3e447e-7bbb-4649-aae8-bcad939f8674"
            }
          },
          {
            "sequence": 5,
            "diagnosisReference": {
              "reference": "urn:uuid:652f200b-7a9c-426b-90c2-75aef1aaa5ce"
            }
          },
          {
            "sequence": 6,
            "diagnosisReference": {
              "reference": "urn:uuid:cf352764-b70d-4cd1-993d-91dda63b9128"
            }
          }
        ],
        "item": [
          {
            "sequence": 1,
            "net": {
              "value": 125.0,
              "system": "urn:iso:std:iso:4217",
              "code": "USD"
            },
            "encounter": [
              {
                "reference": {
                  "fullUrl": "urn:uuid:46d00e05-28b6-40cf-abcb-b2c2e0b23dc3",
                  "resource": {
                    "id": "46d00e05-28b6-40cf-abcb-b2c2e0b23dc3",
                    "meta": {
                      "profile": [
                        "http://standardhealthrecord.org/fhir/StructureDefinition/shr-encounter-Encounter"
                      ]
                    },
                    "status": "finished",
                    "class": {
                      "code": "ambulatory"
                    },
                    "type": [
                      {
                        "coding": [
                          {
                            "system": "http://snomed.info/sct",
                            "code": "308646001"
                          }
                        ],
                        "text": "Death Certification"
                      }
                    ],
                    "subject": {
                      "reference": "urn:uuid:1f623799-e330-49ee-a95f-c32fd387fea6"
                    },
                    "period": {
                      "start": "2003-10-28T07:57:51-05:00",
                      "end": "2003-10-28T08:12:51-05:00"
                    },
                    "serviceProvider": {
                      "reference": "urn:uuid:9bb096d0-ecec-416a-a1fa-89abd827ef87"
                    },
                    "resourceType": "Encounter"
                  }
                }
              }
            ]
          },
          {
            "sequence": 2,
            "diagnosisLinkId": [
              1
            ],
            "net": {
              "value": 0.0,
              "system": "urn:iso:std:iso:4217",
              "code": "USD"
            }
          },
          {
            "sequence": 3,
            "diagnosisLinkId": [
              2
            ],
            "net": {
              "value": 0.0,
              "system": "urn:iso:std:iso:4217",
              "code": "USD"
            }
          },
          {
            "sequence": 4,
            "diagnosisLinkId": [
              3
            ],
            "net": {
              "value": 0.0,
              "system": "urn:iso:std:iso:4217",
              "code": "USD"
            }
          },
          {
            "sequence": 5,
            "diagnosisLinkId": [
              4
            ],
            "net": {
              "value": 0.0,
              "system": "urn:iso:std:iso:4217",
              "code": "USD"
            }
          },
          {
            "sequence": 6,
            "diagnosisLinkId": [
              5
            ],
            "net": {
              "value": 0.0,
              "system": "urn:iso:std:iso:4217",
              "code": "USD"
            }
          },
          {
            "sequence": 7,
            "diagnosisLinkId": [
              6
            ],
            "net": {
              "value": 0.0,
              "system": "urn:iso:std:iso:4217",
              "code": "USD"
            }
          }
        ],
        "total": {
          "value": 125.0,
          "system": "urn:iso:std:iso:4217",
          "code": "USD"
        },
        "resourceType": "Claim"
      }
    },
    {
      "fullUrl": "urn:uuid:b3022905-367a-4909-aad2-0db9b5420bc2",
      "resource": {
        "id": "b3022905-367a-4909-aad2-0db9b5420bc2",
        "meta": {
          "profile": [
            "http://standardhealthrecord.org/fhir/StructureDefinition/shr-problem-Problem"
          ]
        },
        "clinicalStatus": "active",
        "verificationStatus": "confirmed",
        "code": {
          "coding": [
            {
              "system": "http://snomed.info/sct",
              "code": "38341003",
              "display": "Hypertension"
            }
          ],
          "text": "Hypertension"
        },
        "subject": {
          "reference": "urn:uuid:1f623799-e330-49ee-a95f-c32fd387fea6"
        },
        "context": {
          "reference": "urn:uuid:46d00e05-28b6-40cf-abcb-b2c2e0b23dc3"
        },
        "onsetDateTime": "1941-07-28T05:14:44-04:00",
        "assertedDate": "1941-07-28",
        "resourceType": "Condition"
      }
    },
    {
      "fullUrl": "urn:uuid:efbaa7b4-3916-4a26-b5da-46254161ca90",
      "resource": {
        "id": "efbaa7b4-3916-4a26-b5da-46254161ca90",
        "meta": {
          "profile": [
            "http://standardhealthrecord.org/fhir/StructureDefinition/shr-problem-Problem"
          ]
        },
        "clinicalStatus": "active",
        "verificationStatus": "confirmed",
        "code": {
          "coding": [
            {
              "system": "http://snomed.info/sct",
              "code": "15777000",
              "display": "Prediabetes"
            }
          ],
          "text": "Prediabetes"
        },
        "subject": {
          "reference": "urn:uuid:1f623799-e330-49ee-a95f-c32fd387fea6"
        },
        "context": {
          "reference": "urn:uuid:46d00e05-28b6-40cf-abcb-b2c2e0b23dc3"
        },
        "onsetDateTime": "1969-10-20T17:35:22-04:00",
        "assertedDate": "1969-10-20",
        "resourceType": "Condition"
      }
    },
    {
      "fullUrl": "urn:uuid:2faf24b6-a03a-498d-9bd8-0d973184be19",
      "resource": {
        "id": "2faf24b6-a03a-498d-9bd8-0d973184be19",
        "meta": {
          "profile": [
            "http://standardhealthrecord.org/fhir/StructureDefinition/shr-problem-Problem"
          ]
        },
        "clinicalStatus": "active",
        "verificationStatus": "confirmed",
        "code": {
          "coding": [
            {
              "system": "http://snomed.info/sct",
              "code": "40055000",
              "display": "Chronic sinusitis (disorder)"
            }
          ],
          "text": "Chronic sinusitis (disorder)"
        },
        "subject": {
          "reference": "urn:uuid:1f623799-e330-49ee-a95f-c32fd387fea6"
        },
        "context": {
          "reference": "urn:uuid:46d00e05-28b6-40cf-abcb-b2c2e0b23dc3"
        },
        "onsetDateTime": "1980-03-08T08:17:53-05:00",
        "assertedDate": "1980-03-08",
        "resourceType": "Condition"
      }
    },
    {
      "fullUrl": "urn:uuid:0d3e447e-7bbb-4649-aae8-bcad939f8674",
      "resource": {
        "id": "0d3e447e-7bbb-4649-aae8-bcad939f8674",
        "meta": {
          "profile": [
            "http://standardhealthrecord.org/fhir/StructureDefinition/shr-problem-Problem"
          ]
        },
        "clinicalStatus": "active",
        "verificationStatus": "confirmed",
        "code": {
          "coding": [
            {
              "system": "http://snomed.info/sct",
              "code": "64859006",
              "display": "Osteoporosis (disorder)"
            }
          ],
          "text": "Osteoporosis (disorder)"
        },
        "subject": {
          "reference": "urn:uuid:1f623799-e330-49ee-a95f-c32fd387fea6"
        },
        "context": {
          "reference": "urn:uuid:46d00e05-28b6-40cf-abcb-b2c2e0b23dc3"
        },
        "onsetDateTime": "1983-01-02T14:47:53-05:00",
        "assertedDate": "1983-01-02",
        "resourceType": "Condition"
      }
    },
    {
      "fullUrl": "urn:uuid:652f200b-7a9c-426b-90c2-75aef1aaa5ce",
      "resource": {
        "id": "652f200b-7a9c-426b-90c2-75aef1aaa5ce",
        "meta": {
          "profile": [
            "http://standardhealthrecord.org/fhir/StructureDefinition/shr-problem-Problem"
          ]
        },
        "clinicalStatus": "active",
        "verificationStatus": "confirmed",
        "code": {
          "coding": [
            {
              "system": "http://snomed.info/sct",
              "code": "185086009",
              "display": "Chronic obstructive bronchitis (disorder)"
            }
          ],
          "text": "Chronic obstructive bronchitis (disorder)"
        },
        "subject": {
          "reference": "urn:uuid:1f623799-e330-49ee-a95f-c32fd387fea6"
        },
        "context": {
          "reference": "urn:uuid:46d00e05-28b6-40cf-abcb-b2c2e0b23dc3"
        },
        "onsetDateTime": "1995-11-19T05:31:55-05:00",
        "assertedDate": "1995-11-19",
        "resourceType": "Condition"
      }
    },
    {
      "fullUrl": "urn:uuid:cf352764-b70d-4cd1-993d-91dda63b9128",
      "resource": {
        "id": "cf352764-b70d-4cd1-993d-91dda63b9128",
        "meta": {
          "profile": [
            "http://standardhealthrecord.org/fhir/StructureDefinition/shr-problem-Problem"
          ]
        },
        "clinicalStatus": "active",
        "verificationStatus": "confirmed",
        "code": {
          "coding": [
            {
              "system": "http://snomed.info/sct",
              "code": "26929004",
              "display": "Alzheimer's disease (disorder)"
            }
          ],
          "text": "Alzheimer's disease (disorder)"
        },
        "subject": {
          "reference": "urn:uuid:1f623799-e330-49ee-a95f-c32fd387fea6"
        },
        "context": {
          "reference": "urn:uuid:46d00e05-28b6-40cf-abcb-b2c2e0b23dc3"
        },
        "onsetDateTime": "1999-09-26T00:55:51-04:00",
        "assertedDate": "1999-09-26",
        "resourceType": "Condition"
      }
    },
    {
      "fullUrl": "urn:uuid:1b8febd5-959c-445e-98b3-36d7fece9f99",
      "resource": {
        "id": "1b8febd5-959c-445e-98b3-36d7fece9f99",
        "meta": {
          "profile": [
            "http://standardhealthrecord.org/fhir/StructureDefinition/shr-observation-Observation"
          ]
        },
        "status": "final",
        "category": [
          {
            "coding": [
              {
                "system": "http://hl7.org/fhir/observation-category"
              }
            ]
          }
        ],
        "code": {
          "coding": [
            {
              "system": "http://loinc.org",
              "code": "69453-9",
              "display": "Cause of Death [US Standard Certificate of Death]"
            }
          ],
          "text": "Cause of Death [US Standard Certificate of Death]"
        },
        "subject": {
          "reference": "urn:uuid:1f623799-e330-49ee-a95f-c32fd387fea6"
        },
        "context": {
          "reference": "urn:uuid:46d00e05-28b6-40cf-abcb-b2c2e0b23dc3"
        },
        "effectiveDateTime": "2003-10-28T07:57:51-05:00",
        "issued": "2003-10-28T07:57:51-05:00",
        "valueCodeableConcept": {
          "coding": [
            {
              "system": "http://snomed.info/sct",
              "code": "9855000",
              "display": "Natural death with unknown cause"
            }
          ],
          "text": "Natural death with unknown cause"
        },
        "resourceType": "Observation"
      }
    },
    {
      "fullUrl": "urn:uuid:671bd0f2-193f-437e-a4d6-5eb52efbabfb",
      "resource": {
        "id": "671bd0f2-193f-437e-a4d6-5eb52efbabfb",
        "meta": {
          "profile": [
            "http://standardhealthrecord.org/fhir/StructureDefinition/shr-observation-Panel"
          ]
        },
        "status": "final",
        "code": {
          "coding": [
            {
              "system": "http://loinc.org",
              "code": "69409-1",
              "display": "U.S. standard certificate of death - 2003 revision"
            }
          ]
        },
        "subject": {
          "reference": "urn:uuid:1f623799-e330-49ee-a95f-c32fd387fea6"
        },
        "context": {
          "reference": "urn:uuid:46d00e05-28b6-40cf-abcb-b2c2e0b23dc3"
        },
        "effectiveDateTime": "2003-10-28T07:57:51-05:00",
        "issued": "2003-10-28T07:57:51-05:00",
        "result": [
          {
            "reference": "urn:uuid:1b8febd5-959c-445e-98b3-36d7fece9f99",
            "display": "Cause of Death [US Standard Certificate of Death]"
          }
        ],
        "resourceType": "DiagnosticReport"
      }
    },
    {
      "fullUrl": "urn:uuid:c61c2bbd-21f3-4d8e-a55a-470a863e32fe",
      "resource": {
        "id": "c61c2bbd-21f3-4d8e-a55a-470a863e32fe",
        "status": "in-progress",
        "description": {
          "text": "Hemoglobin A1c total in Blood < 7.0"
        },
        "addresses": [
          {
            "reference": "urn:uuid:efbaa7b4-3916-4a26-b5da-46254161ca90"
          }
        ],
        "resourceType": "Goal"
      }
    },
    {
      "fullUrl": "urn:uuid:ac572a76-9f1d-4980-b4b2-c886aa86cb03",
      "resource": {
        "id": "ac572a76-9f1d-4980-b4b2-c886aa86cb03",
        "status": "in-progress",
        "description": {
          "text": "Glucose [Mass/volume] in Blood < 108"
        },
        "addresses": [
          {
            "reference": "urn:uuid:efbaa7b4-3916-4a26-b5da-46254161ca90"
          }
        ],
        "resourceType": "Goal"
      }
    },
    {
      "fullUrl": "urn:uuid:7ebb7697-8676-47a7-86bc-269f5b21d2d1",
      "resource": {
        "id": "7ebb7697-8676-47a7-86bc-269f5b21d2d1",
        "status": "in-progress",
        "description": {
          "text": "Maintain blood pressure below 140/90 mmHg"
        },
        "addresses": [
          {
            "reference": "urn:uuid:efbaa7b4-3916-4a26-b5da-46254161ca90"
          }
        ],
        "resourceType": "Goal"
      }
    },
    {
      "fullUrl": "urn:uuid:41c5f169-0b77-48f0-800e-6194ba031cba",
      "resource": {
        "id": "41c5f169-0b77-48f0-800e-6194ba031cba",
        "status": "in-progress",
        "description": {
          "text": "Improve and maintenance of optimal foot health: aim at early detection of peripheral vascular problems and neuropathy presumed due to diabetes; and prevention of diabetic foot ulcer, gangrene"
        },
        "addresses": [
          {
            "reference": "urn:uuid:efbaa7b4-3916-4a26-b5da-46254161ca90"
          }
        ],
        "resourceType": "Goal"
      }
    },
    {
      "fullUrl": "urn:uuid:80f844cb-bfc5-4cc6-a922-f1fe563e933b",
      "resource": {
        "id": "80f844cb-bfc5-4cc6-a922-f1fe563e933b",
        "status": "in-progress",
        "description": {
          "text": "Address patient knowledge deficit on diabetic self-care"
        },
        "addresses": [
          {
            "reference": "urn:uuid:efbaa7b4-3916-4a26-b5da-46254161ca90"
          }
        ],
        "resourceType": "Goal"
      }
    },
    {
      "resource": {
        "status": "active",
        "intent": "order",
        "category": [
          {
            "coding": [
              {
                "system": "http://snomed.info/sct",
                "code": "698360004",
                "display": "Diabetes self management plan"
              }
            ]
          }
        ],
        "subject": {
          "reference": "urn:uuid:1f623799-e330-49ee-a95f-c32fd387fea6"
        },
        "context": {
          "reference": "urn:uuid:46d00e05-28b6-40cf-abcb-b2c2e0b23dc3"
        },
        "period": {
          "start": "1969-10-20"
        },
        "addresses": [
          {
            "reference": "urn:uuid:efbaa7b4-3916-4a26-b5da-46254161ca90"
          }
        ],
        "goal": [
          {
            "reference": "urn:uuid:c61c2bbd-21f3-4d8e-a55a-470a863e32fe"
          },
          {
            "reference": "urn:uuid:ac572a76-9f1d-4980-b4b2-c886aa86cb03"
          },
          {
            "reference": "urn:uuid:7ebb7697-8676-47a7-86bc-269f5b21d2d1"
          },
          {
            "reference": "urn:uuid:41c5f169-0b77-48f0-800e-6194ba031cba"
          },
          {
            "reference": "urn:uuid:80f844cb-bfc5-4cc6-a922-f1fe563e933b"
          }
        ],
        "activity": [
          {
            "detail": {
              "code": {
                "coding": [
                  {
                    "system": "http://snomed.info/sct",
                    "code": "160670007",
                    "display": "Diabetic diet"
                  }
                ]
              },
              "status": "in-progress"
            }
          },
          {
            "detail": {
              "code": {
                "coding": [
                  {
                    "system": "http://snomed.info/sct",
                    "code": "229065009",
                    "display": "Exercise therapy"
                  }
                ]
              },
              "status": "in-progress"
            }
          }
        ],
        "resourceType": "CarePlan"
      }
    },
    {
      "resource": {
        "status": "active",
        "intent": "order",
        "category": [
          {
            "coding": [
              {
                "system": "http://snomed.info/sct",
                "code": "412776001",
                "display": "Chronic obstructive pulmonary disease clinical management plan"
              }
            ]
          }
        ],
        "subject": {
          "reference": "urn:uuid:1f623799-e330-49ee-a95f-c32fd387fea6"
        },
        "context": {
          "reference": "urn:uuid:46d00e05-28b6-40cf-abcb-b2c2e0b23dc3"
        },
        "period": {
          "start": "1995-11-19"
        },
        "addresses": [
          {
            "reference": "urn:uuid:652f200b-7a9c-426b-90c2-75aef1aaa5ce"
          }
        ],
        "activity": [
          {
            "detail": {
              "code": {
                "coding": [
                  {
                    "system": "http://snomed.info/sct",
                    "code": "229065009",
                    "display": "Exercise therapy"
                  }
                ]
              },
              "status": "in-progress"
            }
          },
          {
            "detail": {
              "code": {
                "coding": [
                  {
                    "system": "http://snomed.info/sct",
                    "code": "15081005",
                    "display": "Pulmonary rehabilitation (regime/therapy)"
                  }
                ]
              },
              "status": "in-progress"
            }
          }
        ],
        "resourceType": "CarePlan"
      }
    },
    {
      "resource": {
        "status": "active",
        "intent": "order",
        "category": [
          {
            "coding": [
              {
                "system": "http://snomed.info/sct",
                "code": "386257007",
                "display": "Demential management"
              }
            ]
          }
        ],
        "subject": {
          "reference": "urn:uuid:1f623799-e330-49ee-a95f-c32fd387fea6"
        },
        "context": {
          "reference": "urn:uuid:46d00e05-28b6-40cf-abcb-b2c2e0b23dc3"
        },
        "period": {
          "start": "1999-09-26"
        },
        "addresses": [
          {
            "reference": "urn:uuid:cf352764-b70d-4cd1-993d-91dda63b9128"
          }
        ],
        "activity": [
          {
            "detail": {
              "code": {
                "coding": [
                  {
                    "system": "http://snomed.info/sct",
                    "code": "850261000000100",
                    "display": "Education about dementia"
                  }
                ]
              },
              "status": "in-progress"
            }
          },
          {
            "detail": {
              "code": {
                "coding": [
                  {
                    "system": "http://snomed.info/sct",
                    "code": "710125008",
                    "display": "Promotion of use of memory skills"
                  }
                ]
              },
              "status": "in-progress"
            }
          },
          {
            "detail": {
              "code": {
                "coding": [
                  {
                    "system": "http://snomed.info/sct",
                    "code": "315043002",
                    "display": "Long term social support"
                  }
                ]
              },
              "status": "in-progress"
            }
          }
        ],
        "resourceType": "CarePlan"
      }
    },
    {
      "fullUrl": "urn:uuid:d84a9274-84a6-4463-82df-4816a744efd3",
      "resource": {
        "id": "d84a9274-84a6-4463-82df-4816a744efd3",
        "meta": {
          "profile": [
            "http://standardhealthrecord.org/fhir/StructureDefinition/shr-medication-MedicationPrescription"
          ]
        },
        "extension": [
          {
            "url": "http://standardhealthrecord.org/fhir/StructureDefinition/shr-base-ActionCode-extension",
            "valueCodeableConcept": {
              "coding": [
                {
                  "system": "http://snomed.info/sct",
                  "code": "33633005",
                  "display": "Prescription of drug (procedure)"
                }
              ],
              "text": "Prescription of drug (procedure)"
            }
          }
        ],
        "status": "active",
        "intent": "order",
        "medicationCodeableConcept": {
          "coding": [
            {
              "system": "http://www.nlm.nih.gov/research/umls/rxnorm",
              "code": "834101",
              "display": "Penicillin V Potassium 500 MG"
            }
          ],
          "text": "Penicillin V Potassium 500 MG"
        },
        "subject": {
          "reference": "urn:uuid:1f623799-e330-49ee-a95f-c32fd387fea6"
        },
        "context": {
          "reference": "urn:uuid:46d00e05-28b6-40cf-abcb-b2c2e0b23dc3"
        },
        "authoredOn": "1951-08-16",
        "resourceType": "MedicationRequest"
      }
    },
    {
      "fullUrl": "urn:uuid:557ca443-408b-4453-909f-0077f326f50c",
      "resource": {
        "id": "557ca443-408b-4453-909f-0077f326f50c",
        "status": "active",
        "use": "complete",
        "patient": {
          "reference": "urn:uuid:1f623799-e330-49ee-a95f-c32fd387fea6"
        },
        "billablePeriod": {
          "start": "2003-10-28T07:57:51-05:00",
          "end": "2003-10-28T08:12:51-05:00"
        },
        "organization": {
          "reference": {
            "reference": "urn:uuid:9bb096d0-ecec-416a-a1fa-89abd827ef87"
          }
        },
        "prescription": {
          "reference": "urn:uuid:d84a9274-84a6-4463-82df-4816a744efd3"
        },
        "item": [
          {
            "sequence": 1,
            "net": {
              "value": 125.0,
              "system": "urn:iso:std:iso:4217",
              "code": "USD"
            },
            "encounter": [
              {
                "reference": {
                  "fullUrl": "urn:uuid:46d00e05-28b6-40cf-abcb-b2c2e0b23dc3",
                  "resource": {
                    "id": "46d00e05-28b6-40cf-abcb-b2c2e0b23dc3",
                    "meta": {
                      "profile": [
                        "http://standardhealthrecord.org/fhir/StructureDefinition/shr-encounter-Encounter"
                      ]
                    },
                    "status": "finished",
                    "class": {
                      "code": "ambulatory"
                    },
                    "type": [
                      {
                        "coding": [
                          {
                            "system": "http://snomed.info/sct",
                            "code": "308646001"
                          }
                        ],
                        "text": "Death Certification"
                      }
                    ],
                    "subject": {
                      "reference": "urn:uuid:1f623799-e330-49ee-a95f-c32fd387fea6"
                    },
                    "period": {
                      "start": "2003-10-28T07:57:51-05:00",
                      "end": "2003-10-28T08:12:51-05:00"
                    },
                    "serviceProvider": {
                      "reference": "urn:uuid:9bb096d0-ecec-416a-a1fa-89abd827ef87"
                    },
                    "resourceType": "Encounter"
                  }
                }
              }
            ]
          },
          {
            "sequence": 1,
            "net": {
              "value": 255.0,
              "system": "urn:iso:std:iso:4217",
              "code": "USD"
            }
          }
        ],
        "total": {
          "value": 255.0,
          "system": "urn:iso:std:iso:4217",
          "code": "USD"
        },
        "resourceType": "Claim"
      }
    },
    {
      "fullUrl": "urn:uuid:87e37425-f61d-405e-99ec-eda1065e1fba",
      "resource": {
        "id": "87e37425-f61d-405e-99ec-eda1065e1fba",
        "meta": {
          "profile": [
            "http://standardhealthrecord.org/fhir/StructureDefinition/shr-medication-MedicationPrescription"
          ]
        },
        "extension": [
          {
            "url": "http://standardhealthrecord.org/fhir/StructureDefinition/shr-base-ActionCode-extension",
            "valueCodeableConcept": {
              "coding": [
                {
                  "system": "http://snomed.info/sct",
                  "code": "33633005",
                  "display": "Prescription of drug (procedure)"
                }
              ],
              "text": "Prescription of drug (procedure)"
            }
          }
        ],
        "status": "active",
        "intent": "order",
        "medicationCodeableConcept": {
          "coding": [
            {
              "system": "http://www.nlm.nih.gov/research/umls/rxnorm",
              "code": "896188",
              "display": "Fluticasone propionate 0.25 MG/ACTUAT / salmeterol 0.05 MG/ACTUAT [Advair]"
            }
          ],
          "text": "Fluticasone propionate 0.25 MG/ACTUAT / salmeterol 0.05 MG/ACTUAT [Advair]"
        },
        "subject": {
          "reference": "urn:uuid:1f623799-e330-49ee-a95f-c32fd387fea6"
        },
        "context": {
          "reference": "urn:uuid:46d00e05-28b6-40cf-abcb-b2c2e0b23dc3"
        },
        "authoredOn": "1996-10-04",
        "reasonReference": [
          {
            "reference": "urn:uuid:652f200b-7a9c-426b-90c2-75aef1aaa5ce"
          }
        ],
        "resourceType": "MedicationRequest"
      }
    },
    {
      "fullUrl": "urn:uuid:60eac136-8135-4bba-aa7c-536c787eeded",
      "resource": {
        "id": "60eac136-8135-4bba-aa7c-536c787eeded",
        "status": "active",
        "use": "complete",
        "patient": {
          "reference": "urn:uuid:1f623799-e330-49ee-a95f-c32fd387fea6"
        },
        "billablePeriod": {
          "start": "2003-10-28T07:57:51-05:00",
          "end": "2003-10-28T08:12:51-05:00"
        },
        "organization": {
          "reference": {
            "reference": "urn:uuid:9bb096d0-ecec-416a-a1fa-89abd827ef87"
          }
        },
        "prescription": {
          "reference": "urn:uuid:87e37425-f61d-405e-99ec-eda1065e1fba"
        },
        "item": [
          {
            "sequence": 1,
            "net": {
              "value": 125.0,
              "system": "urn:iso:std:iso:4217",
              "code": "USD"
            },
            "encounter": [
              {
                "reference": {
                  "fullUrl": "urn:uuid:46d00e05-28b6-40cf-abcb-b2c2e0b23dc3",
                  "resource": {
                    "id": "46d00e05-28b6-40cf-abcb-b2c2e0b23dc3",
                    "meta": {
                      "profile": [
                        "http://standardhealthrecord.org/fhir/StructureDefinition/shr-encounter-Encounter"
                      ]
                    },
                    "status": "finished",
                    "class": {
                      "code": "ambulatory"
                    },
                    "type": [
                      {
                        "coding": [
                          {
                            "system": "http://snomed.info/sct",
                            "code": "308646001"
                          }
                        ],
                        "text": "Death Certification"
                      }
                    ],
                    "subject": {
                      "reference": "urn:uuid:1f623799-e330-49ee-a95f-c32fd387fea6"
                    },
                    "period": {
                      "start": "2003-10-28T07:57:51-05:00",
                      "end": "2003-10-28T08:12:51-05:00"
                    },
                    "serviceProvider": {
                      "reference": "urn:uuid:9bb096d0-ecec-416a-a1fa-89abd827ef87"
                    },
                    "resourceType": "Encounter"
                  }
                }
              }
            ]
          },
          {
            "sequence": 1,
            "net": {
              "value": 255.0,
              "system": "urn:iso:std:iso:4217",
              "code": "USD"
            }
          }
        ],
        "total": {
          "value": 255.0,
          "system": "urn:iso:std:iso:4217",
          "code": "USD"
        },
        "resourceType": "Claim"
      }
    },
    {
      "fullUrl": "urn:uuid:d4982c50-b26f-4b6f-9ef2-2aa53705389c",
      "resource": {
        "id": "d4982c50-b26f-4b6f-9ef2-2aa53705389c",
        "meta": {
          "profile": [
            "http://standardhealthrecord.org/fhir/StructureDefinition/shr-medication-MedicationPrescription"
          ]
        },
        "extension": [
          {
            "url": "http://standardhealthrecord.org/fhir/StructureDefinition/shr-base-ActionCode-extension",
            "valueCodeableConcept": {
              "coding": [
                {
                  "system": "http://snomed.info/sct",
                  "code": "33633005",
                  "display": "Prescription of drug (procedure)"
                }
              ],
              "text": "Prescription of drug (procedure)"
            }
          }
        ],
        "status": "active",
        "intent": "order",
        "medicationCodeableConcept": {
          "coding": [
            {
              "system": "http://www.nlm.nih.gov/research/umls/rxnorm",
              "code": "997221",
              "display": "Donepezil hydrochloride 10 MG [Aricept]"
            }
          ],
          "text": "Donepezil hydrochloride 10 MG [Aricept]"
        },
        "subject": {
          "reference": "urn:uuid:1f623799-e330-49ee-a95f-c32fd387fea6"
        },
        "context": {
          "reference": "urn:uuid:46d00e05-28b6-40cf-abcb-b2c2e0b23dc3"
        },
        "authoredOn": "1999-09-26",
        "reasonReference": [
          {
            "reference": "urn:uuid:cf352764-b70d-4cd1-993d-91dda63b9128"
          }
        ],
        "resourceType": "MedicationRequest"
      }
    },
    {
      "fullUrl": "urn:uuid:6016fbde-032a-49c7-a451-0d4d9e8ad731",
      "resource": {
        "id": "6016fbde-032a-49c7-a451-0d4d9e8ad731",
        "status": "active",
        "use": "complete",
        "patient": {
          "reference": "urn:uuid:1f623799-e330-49ee-a95f-c32fd387fea6"
        },
        "billablePeriod": {
          "start": "2003-10-28T07:57:51-05:00",
          "end": "2003-10-28T08:12:51-05:00"
        },
        "organization": {
          "reference": {
            "reference": "urn:uuid:9bb096d0-ecec-416a-a1fa-89abd827ef87"
          }
        },
        "prescription": {
          "reference": "urn:uuid:d4982c50-b26f-4b6f-9ef2-2aa53705389c"
        },
        "item": [
          {
            "sequence": 1,
            "net": {
              "value": 125.0,
              "system": "urn:iso:std:iso:4217",
              "code": "USD"
            },
            "encounter": [
              {
                "reference": {
                  "fullUrl": "urn:uuid:46d00e05-28b6-40cf-abcb-b2c2e0b23dc3",
                  "resource": {
                    "id": "46d00e05-28b6-40cf-abcb-b2c2e0b23dc3",
                    "meta": {
                      "profile": [
                        "http://standardhealthrecord.org/fhir/StructureDefinition/shr-encounter-Encounter"
                      ]
                    },
                    "status": "finished",
                    "class": {
                      "code": "ambulatory"
                    },
                    "type": [
                      {
                        "coding": [
                          {
                            "system": "http://snomed.info/sct",
                            "code": "308646001"
                          }
                        ],
                        "text": "Death Certification"
                      }
                    ],
                    "subject": {
                      "reference": "urn:uuid:1f623799-e330-49ee-a95f-c32fd387fea6"
                    },
                    "period": {
                      "start": "2003-10-28T07:57:51-05:00",
                      "end": "2003-10-28T08:12:51-05:00"
                    },
                    "serviceProvider": {
                      "reference": "urn:uuid:9bb096d0-ecec-416a-a1fa-89abd827ef87"
                    },
                    "resourceType": "Encounter"
                  }
                }
              }
            ]
          },
          {
            "sequence": 1,
            "net": {
              "value": 255.0,
              "system": "urn:iso:std:iso:4217",
              "code": "USD"
            }
          }
        ],
        "total": {
          "value": 255.0,
          "system": "urn:iso:std:iso:4217",
          "code": "USD"
        },
        "resourceType": "Claim"
      }
    },
    {
      "fullUrl": "urn:uuid:2dc80751-e4f9-46e9-9be9-3a3df394f4e3",
      "resource": {
        "id": "2dc80751-e4f9-46e9-9be9-3a3df394f4e3",
        "meta": {
          "profile": [
            "http://standardhealthrecord.org/fhir/StructureDefinition/shr-medication-MedicationPrescription"
          ]
        },
        "extension": [
          {
            "url": "http://standardhealthrecord.org/fhir/StructureDefinition/shr-base-ActionCode-extension",
            "valueCodeableConcept": {
              "coding": [
                {
                  "system": "http://snomed.info/sct",
                  "code": "33633005",
                  "display": "Prescription of drug (procedure)"
                }
              ],
              "text": "Prescription of drug (procedure)"
            }
          }
        ],
        "status": "active",
        "intent": "order",
        "medicationCodeableConcept": {
          "coding": [
            {
              "system": "http://www.nlm.nih.gov/research/umls/rxnorm",
              "code": "998582",
              "display": "Donepezil hydrochloride 23 MG [Aricept]"
            }
          ],
          "text": "Donepezil hydrochloride 23 MG [Aricept]"
        },
        "subject": {
          "reference": "urn:uuid:1f623799-e330-49ee-a95f-c32fd387fea6"
        },
        "context": {
          "reference": "urn:uuid:46d00e05-28b6-40cf-abcb-b2c2e0b23dc3"
        },
        "authoredOn": "2001-11-05",
        "reasonReference": [
          {
            "reference": "urn:uuid:cf352764-b70d-4cd1-993d-91dda63b9128"
          }
        ],
        "resourceType": "MedicationRequest"
      }
    },
    {
      "fullUrl": "urn:uuid:84979d95-8e19-4e75-b3f6-fc86b0d25164",
      "resource": {
        "id": "84979d95-8e19-4e75-b3f6-fc86b0d25164",
        "status": "active",
        "use": "complete",
        "patient": {
          "reference": "urn:uuid:1f623799-e330-49ee-a95f-c32fd387fea6"
        },
        "billablePeriod": {
          "start": "2003-10-28T07:57:51-05:00",
          "end": "2003-10-28T08:12:51-05:00"
        },
        "organization": {
          "reference": {
            "reference": "urn:uuid:9bb096d0-ecec-416a-a1fa-89abd827ef87"
          }
        },
        "prescription": {
          "reference": "urn:uuid:2dc80751-e4f9-46e9-9be9-3a3df394f4e3"
        },
        "item": [
          {
            "sequence": 1,
            "net": {
              "value": 125.0,
              "system": "urn:iso:std:iso:4217",
              "code": "USD"
            },
            "encounter": [
              {
                "reference": {
                  "fullUrl": "urn:uuid:46d00e05-28b6-40cf-abcb-b2c2e0b23dc3",
                  "resource": {
                    "id": "46d00e05-28b6-40cf-abcb-b2c2e0b23dc3",
                    "meta": {
                      "profile": [
                        "http://standardhealthrecord.org/fhir/StructureDefinition/shr-encounter-Encounter"
                      ]
                    },
                    "status": "finished",
                    "class": {
                      "code": "ambulatory"
                    },
                    "type": [
                      {
                        "coding": [
                          {
                            "system": "http://snomed.info/sct",
                            "code": "308646001"
                          }
                        ],
                        "text": "Death Certification"
                      }
                    ],
                    "subject": {
                      "reference": "urn:uuid:1f623799-e330-49ee-a95f-c32fd387fea6"
                    },
                    "period": {
                      "start": "2003-10-28T07:57:51-05:00",
                      "end": "2003-10-28T08:12:51-05:00"
                    },
                    "serviceProvider": {
                      "reference": "urn:uuid:9bb096d0-ecec-416a-a1fa-89abd827ef87"
                    },
                    "resourceType": "Encounter"
                  }
                }
              }
            ]
          },
          {
            "sequence": 1,
            "net": {
              "value": 255.0,
              "system": "urn:iso:std:iso:4217",
              "code": "USD"
            }
          }
        ],
        "total": {
          "value": 255.0,
          "system": "urn:iso:std:iso:4217",
          "code": "USD"
        },
        "resourceType": "Claim"
      }
    },
    {
      "fullUrl": "urn:uuid:77f30241-d264-4a39-80f7-4259379393a1",
      "resource": {
        "id": "77f30241-d264-4a39-80f7-4259379393a1",
        "meta": {
          "profile": [
            "http://standardhealthrecord.org/fhir/StructureDefinition/shr-observation-Observation"
          ]
        },
        "status": "final",
        "category": [
          {
            "coding": [
              {
                "system": "http://hl7.org/fhir/observation-category",
                "code": "survey"
              }
            ]
          }
        ],
        "code": {
          "coding": [
            {
              "system": "http://snomed.info/sct",
              "code": "273724008",
              "display": "Quality adjusted life years"
            }
          ],
          "text": "Quality adjusted life years"
        },
        "subject": {
          "reference": "urn:uuid:1f623799-e330-49ee-a95f-c32fd387fea6"
        },
        "effectiveDateTime": "2017-10-31T16:09:28-04:00",
        "issued": "2017-10-31T16:09:28-04:00",
        "valueQuantity": {
          "value": 78.98607884450477,
          "unit": "years",
          "system": "http://unitsofmeasure.org/",
          "code": "years"
        },
        "resourceType": "Observation"
      }
    },
    {
      "fullUrl": "urn:uuid:e22e053e-4dc6-4df2-bf5c-a82c68bfe9fc",
      "resource": {
        "id": "e22e053e-4dc6-4df2-bf5c-a82c68bfe9fc",
        "meta": {
          "profile": [
            "http://standardhealthrecord.org/fhir/StructureDefinition/shr-observation-Observation"
          ]
        },
        "status": "final",
        "category": [
          {
            "coding": [
              {
                "system": "http://hl7.org/fhir/observation-category",
                "code": "survey"
              }
            ]
          }
        ],
        "code": {
          "coding": [
            {
              "system": "http://snomed.info/sct",
              "code": "273421001",
              "display": "Disability rating scale"
            }
          ],
          "text": "Disability rating scale"
        },
        "subject": {
          "reference": "urn:uuid:1f623799-e330-49ee-a95f-c32fd387fea6"
        },
        "effectiveDateTime": "2017-10-31T16:09:28-04:00",
        "issued": "2017-10-31T16:09:28-04:00",
        "valueQuantity": {
          "value": 15.764781155495227,
          "unit": "years",
          "system": "http://unitsofmeasure.org/",
          "code": "years"
        },
        "resourceType": "Observation"
      }
    }
  ],
  "resourceType": "Bundle"
}