{
  "type": "collection",
  "entry": [
    {
      "fullUrl": "urn:uuid:f63d03a9-e377-4efd-be5e-a2a87aa9177e",
      "resource": {
        "id": "f63d03a9-e377-4efd-be5e-a2a87aa9177e",
        "meta": {
          "profile": [
            "http://standardhealthrecord.org/fhir/StructureDefinition/shr-actor-Organization"
          ]
        },
        "type": [
          {
            "coding": [
              {
                "system": "http://hl7.org/fhir/organization-type",
                "code": "prov",
                "display": "Healthcare Provider"
              }
            ],
            "text": "Healthcare Provider"
          }
        ],
        "name": "STURDY MEMORIAL HOSPITAL",
        "resourceType": "Organization"
      }
    },
    {
      "fullUrl": "urn:uuid:bd373d4b-0990-4835-aa36-f194a5a1cb21",
      "resource": {
        "id": "bd373d4b-0990-4835-aa36-f194a5a1cb21",
        "meta": {
          "profile": [
            "http://standardhealthrecord.org/fhir/StructureDefinition/shr-demographics-PersonOfRecord"
          ]
        },
        "text": {
          "status": "generated",
          "div": "<div xmlns=\"http://www.w3.org/1999/xhtml\">Generated by <a href=\"https://github.com/synthetichealth/synthea\">Synthea</a>. Version identifier: 368ac389f34cd3ce3986aa3a0a08e467bf574db3</div>"
        },
        "extension": [
          {
            "url": "http://hl7.org/fhir/us/core/StructureDefinition/us-core-race",
            "valueCodeableConcept": {
              "coding": [
                {
                  "system": "http://hl7.org/fhir/v3/Race",
                  "code": "2106-3",
                  "display": "White"
                }
              ],
              "text": "race"
            }
          },
          {
            "url": "http://hl7.org/fhir/us/core/StructureDefinition/us-core-ethnicity",
            "valueCodeableConcept": {
              "coding": [
                {
                  "system": "http://hl7.org/fhir/v3/Ethnicity",
                  "code": "2186-5",
                  "display": "Nonhispanic"
                }
              ],
              "text": "ethnicity"
            }
          },
          {
            "url": "http://hl7.org/fhir/StructureDefinition/birthPlace",
            "valueAddress": {
              "city": "Peabody",
              "state": "MA",
              "country": "US"
            }
          },
          {
            "url": "http://hl7.org/fhir/StructureDefinition/patient-mothersMaidenName",
            "valueString": "Frieda656 Hodkiewicz44"
          },
          {
            "url": "http://hl7.org/fhir/us/core/StructureDefinition/us-core-birthsex",
            "valueCode": "M"
          },
          {
            "url": "http://hl7.org/fhir/StructureDefinition/patient-interpreterRequired",
            "valueBoolean": false
          },
          {
            "url": "http://standardhealthrecord.org/fhir/StructureDefinition/shr-actor-FictionalPerson-extension",
            "valueBoolean": true
          },
          {
            "url": "http://standardhealthrecord.org/fhir/StructureDefinition/shr-demographics-FathersName-extension",
            "valueHumanName": {
              "text": "Curtis866 Blick206"
            }
          },
          {
            "url": "http://standardhealthrecord.org/fhir/StructureDefinition/shr-demographics-SocialSecurityNumber-extension",
            "valueString": "999-67-4027"
          }
        ],
        "identifier": [
          {
            "system": "https://github.com/synthetichealth/synthea",
            "value": "328ef5b0-bd57-4de8-8669-e0543e918ceb"
          },
          {
            "type": {
              "coding": [
                {
                  "system": "http://hl7.org/fhir/identifier-type",
                  "code": "SB"
                }
              ]
            },
            "system": "http://hl7.org/fhir/sid/us-ssn",
            "value": "999674027"
          },
          {
            "type": {
              "coding": [
                {
                  "system": "http://hl7.org/fhir/v2/0203",
                  "code": "MR"
                }
              ]
            },
            "system": "http://hospital.smarthealthit.org",
            "value": "328ef5b0-bd57-4de8-8669-e0543e918ceb"
          }
        ],
        "name": [
          {
            "use": "official",
            "family": "Blick206",
            "given": [
              "Nicolas439"
            ]
          }
        ],
        "telecom": [
          {
            "system": "phone",
            "value": "(566) 886-3179 x805",
            "use": "home"
          }
        ],
        "gender": "male",
        "birthDate": "1942-07-30",
        "deceasedDateTime": "1947-09-11T19:02:39-04:00",
        "address": [
          {
            "extension": [
              {
                "extension": [
                  {
                    "url": "latitude",
                    "valueDecimal": 41.946937141895106
                  },
                  {
                    "url": "longitude",
                    "valueDecimal": -71.26121892673484
                  }
                ],
                "url": "http://hl7.org/fhir/StructureDefinition/geolocation"
              }
            ],
            "line": [
              "6444 O'Connell Grove",
              "Apt. 544"
            ],
            "city": "Attleboro",
            "state": "MA",
            "postalCode": "02703",
            "country": "US"
          }
        ],
        "maritalStatus": {
          "coding": [
            {
              "system": "http://hl7.org/fhir/v3/MaritalStatus",
              "code": "S"
            }
          ],
          "text": "Never Married"
        },
        "multipleBirthBoolean": false,
        "communication": [
          {
            "language": {
              "coding": [
                {
                  "system": "http://hl7.org/fhir/ValueSet/languages",
                  "code": "en-US",
                  "display": "English (United States)"
                }
              ]
            }
          }
        ],
        "generalPractitioner": [
          {
            "reference": "urn:uuid:f63d03a9-e377-4efd-be5e-a2a87aa9177e"
          }
        ],
        "resourceType": "Patient"
      }
    },
    {
      "fullUrl": "urn:uuid:8239c6d3-97cc-4a44-9428-33612ca94efe",
      "resource": {
        "id": "8239c6d3-97cc-4a44-9428-33612ca94efe",
        "meta": {
          "profile": [
            "http://standardhealthrecord.org/fhir/StructureDefinition/shr-encounter-Encounter"
          ]
        },
        "status": "finished",
        "class": {
          "code": "ambulatory"
        },
        "type": [
          {
            "coding": [
              {
                "system": "http://snomed.info/sct",
                "code": "308646001"
              }
            ],
            "text": "Death Certification"
          }
        ],
        "subject": {
          "reference": "urn:uuid:bd373d4b-0990-4835-aa36-f194a5a1cb21"
        },
        "period": {
          "start": "1947-09-11T19:02:39-04:00",
          "end": "1947-09-11T19:17:39-04:00"
        },
        "serviceProvider": {
          "reference": "urn:uuid:f63d03a9-e377-4efd-be5e-a2a87aa9177e"
        },
        "resourceType": "Encounter"
      }
    },
    {
      "fullUrl": "urn:uuid:c862eb99-19d6-4501-9cdd-7dd66a462f72",
      "resource": {
        "id": "c862eb99-19d6-4501-9cdd-7dd66a462f72",
        "status": "active",
        "use": "complete",
        "patient": {
          "reference": "urn:uuid:bd373d4b-0990-4835-aa36-f194a5a1cb21"
        },
        "billablePeriod": {
          "start": "1947-09-11T19:02:39-04:00",
          "end": "1947-09-11T19:17:39-04:00"
        },
        "organization": {
          "reference": {
            "reference": "urn:uuid:f63d03a9-e377-4efd-be5e-a2a87aa9177e"
          }
        },
        "diagnosis": [
          {
            "sequence": 1,
            "diagnosisReference": {
              "reference": "urn:uuid:d49082d8-c549-425d-ba5d-72d119e3eff2"
            }
          },
          {
            "sequence": 2,
            "diagnosisReference": {
              "reference": "urn:uuid:76d4e157-b50d-4a9a-a828-53bc946e2bd8"
            }
          },
          {
            "sequence": 3,
            "diagnosisReference": {
              "reference": "urn:uuid:99467f4d-1e8c-420c-98cf-967fa9ccce91"
            }
          }
        ],
        "item": [
          {
            "sequence": 1,
            "net": {
              "value": 125.0,
              "system": "urn:iso:std:iso:4217",
              "code": "USD"
            },
            "encounter": [
              {
                "reference": {
                  "fullUrl": "urn:uuid:8239c6d3-97cc-4a44-9428-33612ca94efe",
                  "resource": {
                    "id": "8239c6d3-97cc-4a44-9428-33612ca94efe",
                    "meta": {
                      "profile": [
                        "http://standardhealthrecord.org/fhir/StructureDefinition/shr-encounter-Encounter"
                      ]
                    },
                    "status": "finished",
                    "class": {
                      "code": "ambulatory"
                    },
                    "type": [
                      {
                        "coding": [
                          {
                            "system": "http://snomed.info/sct",
                            "code": "308646001"
                          }
                        ],
                        "text": "Death Certification"
                      }
                    ],
                    "subject": {
                      "reference": "urn:uuid:bd373d4b-0990-4835-aa36-f194a5a1cb21"
                    },
                    "period": {
                      "start": "1947-09-11T19:02:39-04:00",
                      "end": "1947-09-11T19:17:39-04:00"
                    },
                    "serviceProvider": {
                      "reference": "urn:uuid:f63d03a9-e377-4efd-be5e-a2a87aa9177e"
                    },
                    "resourceType": "Encounter"
                  }
                }
              }
            ]
          },
          {
            "sequence": 2,
            "diagnosisLinkId": [
              1
            ],
            "net": {
              "value": 0.0,
              "system": "urn:iso:std:iso:4217",
              "code": "USD"
            }
          },
          {
            "sequence": 3,
            "diagnosisLinkId": [
              2
            ],
            "net": {
              "value": 0.0,
              "system": "urn:iso:std:iso:4217",
              "code": "USD"
            }
          },
          {
            "sequence": 4,
            "diagnosisLinkId": [
              3
            ],
            "net": {
              "value": 0.0,
              "system": "urn:iso:std:iso:4217",
              "code": "USD"
            }
          }
        ],
        "total": {
          "value": 125.0,
          "system": "urn:iso:std:iso:4217",
          "code": "USD"
        },
        "resourceType": "Claim"
      }
    },
    {
      "resource": {
        "meta": {
          "profile": [
            "http://standardhealthrecord.org/fhir/StructureDefinition/shr-allergy-AllergyIntolerance"
          ]
        },
        "modifierExtension": [
          {
            "extension": [
              {
                "url": "http://standardhealthrecord.org/fhir/StructureDefinition/primitive-boolean-extension",
                "valueBoolean": false
              }
            ],
            "url": "http://standardhealthrecord.org/fhir/StructureDefinition/shr-base-NonOccurrenceModifier-extension"
          }
        ],
        "clinicalStatus": "active",
        "verificationStatus": "confirmed",
        "type": "allergy",
        "category": [
          "food"
        ],
        "criticality": "high",
        "code": {
          "coding": [
            {
              "system": "http://snomed.info/sct",
              "code": "425525006",
              "display": "Allergy to dairy product"
            }
          ]
        },
        "patient": {
          "reference": "urn:uuid:bd373d4b-0990-4835-aa36-f194a5a1cb21"
        },
        "assertedDate": "1943-04-29T00:06:13-04:00",
        "resourceType": "AllergyIntolerance"
      }
    },
    {
      "fullUrl": "urn:uuid:d49082d8-c549-425d-ba5d-72d119e3eff2",
      "resource": {
        "id": "d49082d8-c549-425d-ba5d-72d119e3eff2",
        "meta": {
          "profile": [
            "http://standardhealthrecord.org/fhir/StructureDefinition/shr-problem-Problem"
          ]
        },
        "clinicalStatus": "active",
        "verificationStatus": "confirmed",
        "code": {
          "coding": [
            {
              "system": "http://snomed.info/sct",
              "code": "128613002",
              "display": "Seizure disorder"
            }
          ],
          "text": "Seizure disorder"
        },
        "subject": {
          "reference": "urn:uuid:bd373d4b-0990-4835-aa36-f194a5a1cb21"
        },
        "context": {
          "reference": "urn:uuid:8239c6d3-97cc-4a44-9428-33612ca94efe"
        },
        "onsetDateTime": "1944-04-06T10:47:19-04:00",
        "assertedDate": "1944-04-06",
        "resourceType": "Condition"
      }
    },
    {
      "fullUrl": "urn:uuid:76d4e157-b50d-4a9a-a828-53bc946e2bd8",
      "resource": {
        "id": "76d4e157-b50d-4a9a-a828-53bc946e2bd8",
        "meta": {
          "profile": [
            "http://standardhealthrecord.org/fhir/StructureDefinition/shr-problem-Problem"
          ]
        },
        "clinicalStatus": "active",
        "verificationStatus": "confirmed",
        "code": {
          "coding": [
            {
              "system": "http://snomed.info/sct",
              "code": "703151001",
              "display": "History of single seizure (situation)"
            }
          ],
          "text": "History of single seizure (situation)"
        },
        "subject": {
          "reference": "urn:uuid:bd373d4b-0990-4835-aa36-f194a5a1cb21"
        },
        "context": {
          "reference": "urn:uuid:8239c6d3-97cc-4a44-9428-33612ca94efe"
        },
        "onsetDateTime": "1944-04-06T10:47:19-04:00",
        "assertedDate": "1944-04-06",
        "resourceType": "Condition"
      }
    },
    {
      "fullUrl": "urn:uuid:99467f4d-1e8c-420c-98cf-967fa9ccce91",
      "resource": {
        "id": "99467f4d-1e8c-420c-98cf-967fa9ccce91",
        "meta": {
          "profile": [
            "http://standardhealthrecord.org/fhir/StructureDefinition/shr-problem-Problem"
          ]
        },
        "clinicalStatus": "active",
        "verificationStatus": "confirmed",
        "code": {
          "coding": [
            {
              "system": "http://snomed.info/sct",
              "code": "84757009",
              "display": "Epilepsy"
            }
          ],
          "text": "Epilepsy"
        },
        "subject": {
          "reference": "urn:uuid:bd373d4b-0990-4835-aa36-f194a5a1cb21"
        },
        "context": {
          "reference": "urn:uuid:8239c6d3-97cc-4a44-9428-33612ca94efe"
        },
        "onsetDateTime": "1944-04-06T12:54:37-04:00",
        "assertedDate": "1944-04-06",
        "resourceType": "Condition"
      }
    },
    {
      "fullUrl": "urn:uuid:67450e23-fc15-481b-befa-c1ae95dcf72d",
      "resource": {
        "id": "67450e23-fc15-481b-befa-c1ae95dcf72d",
        "meta": {
          "profile": [
            "http://standardhealthrecord.org/fhir/StructureDefinition/shr-observation-Observation"
          ]
        },
        "status": "final",
        "category": [
          {
            "coding": [
              {
                "system": "http://hl7.org/fhir/observation-category"
              }
            ]
          }
        ],
        "code": {
          "coding": [
            {
              "system": "http://loinc.org",
              "code": "69453-9",
              "display": "Cause of Death [US Standard Certificate of Death]"
            }
          ],
          "text": "Cause of Death [US Standard Certificate of Death]"
        },
        "subject": {
          "reference": "urn:uuid:bd373d4b-0990-4835-aa36-f194a5a1cb21"
        },
        "context": {
          "reference": "urn:uuid:8239c6d3-97cc-4a44-9428-33612ca94efe"
        },
        "effectiveDateTime": "1947-09-11T19:02:39-04:00",
        "issued": "1947-09-11T19:02:39-04:00",
        "valueCodeableConcept": {
          "coding": [
            {
              "system": "http://snomed.info/sct",
              "code": "95281009",
              "display": "Sudden Cardiac Death"
            }
          ],
          "text": "Sudden Cardiac Death"
        },
        "resourceType": "Observation"
      }
    },
    {
      "fullUrl": "urn:uuid:0e96df6d-d6a0-4d3d-9f3f-a24ea9661a0f",
      "resource": {
        "id": "0e96df6d-d6a0-4d3d-9f3f-a24ea9661a0f",
        "meta": {
          "profile": [
            "http://standardhealthrecord.org/fhir/StructureDefinition/shr-observation-Panel"
          ]
        },
        "status": "final",
        "code": {
          "coding": [
            {
              "system": "http://loinc.org",
              "code": "69409-1",
              "display": "U.S. standard certificate of death - 2003 revision"
            }
          ]
        },
        "subject": {
          "reference": "urn:uuid:bd373d4b-0990-4835-aa36-f194a5a1cb21"
        },
        "context": {
          "reference": "urn:uuid:8239c6d3-97cc-4a44-9428-33612ca94efe"
        },
        "effectiveDateTime": "1947-09-11T19:02:39-04:00",
        "issued": "1947-09-11T19:02:39-04:00",
        "result": [
          {
            "reference": "urn:uuid:67450e23-fc15-481b-befa-c1ae95dcf72d",
            "display": "Cause of Death [US Standard Certificate of Death]"
          }
        ],
        "resourceType": "DiagnosticReport"
      }
    },
    {
      "resource": {
        "status": "active",
        "intent": "order",
        "category": [
          {
            "coding": [
              {
                "system": "http://snomed.info/sct",
                "code": "326051000000105",
                "display": "Self care"
              }
            ]
          }
        ],
        "subject": {
          "reference": "urn:uuid:bd373d4b-0990-4835-aa36-f194a5a1cb21"
        },
        "context": {
          "reference": "urn:uuid:8239c6d3-97cc-4a44-9428-33612ca94efe"
        },
        "period": {
          "start": "1943-04-12"
        },
        "activity": [
          {
            "detail": {
              "code": {
                "coding": [
                  {
                    "system": "http://snomed.info/sct",
                    "code": "409002",
                    "display": "Food allergy diet"
                  }
                ]
              },
              "status": "in-progress"
            }
          },
          {
            "detail": {
              "code": {
                "coding": [
                  {
                    "system": "http://snomed.info/sct",
                    "code": "58332002",
                    "display": "Allergy education"
                  }
                ]
              },
              "status": "in-progress"
            }
          }
        ],
        "resourceType": "CarePlan"
      }
    },
    {
      "resource": {
        "status": "active",
        "intent": "order",
        "category": [
          {
            "coding": [
              {
                "system": "http://snomed.info/sct",
                "code": "326051000000105",
                "display": "Self care"
              }
            ]
          }
        ],
        "subject": {
          "reference": "urn:uuid:bd373d4b-0990-4835-aa36-f194a5a1cb21"
        },
        "context": {
          "reference": "urn:uuid:8239c6d3-97cc-4a44-9428-33612ca94efe"
        },
        "period": {
          "start": "1943-04-29"
        },
        "activity": [
          {
            "detail": {
              "code": {
                "coding": [
                  {
                    "system": "http://snomed.info/sct",
                    "code": "58332002",
                    "display": "Allergy education"
                  }
                ]
              },
              "status": "in-progress"
            }
          }
        ],
        "resourceType": "CarePlan"
      }
    },
    {
      "fullUrl": "urn:uuid:4dd3d721-283b-4ef6-a03a-6afc43d42246",
      "resource": {
        "id": "4dd3d721-283b-4ef6-a03a-6afc43d42246",
        "meta": {
          "profile": [
            "http://standardhealthrecord.org/fhir/StructureDefinition/shr-medication-MedicationPrescription"
          ]
        },
        "extension": [
          {
            "url": "http://standardhealthrecord.org/fhir/StructureDefinition/shr-base-ActionCode-extension",
            "valueCodeableConcept": {
              "coding": [
                {
                  "system": "http://snomed.info/sct",
                  "code": "33633005",
                  "display": "Prescription of drug (procedure)"
                }
              ],
              "text": "Prescription of drug (procedure)"
            }
          }
        ],
        "status": "stopped",
        "intent": "order",
        "medicationCodeableConcept": {
          "coding": [
            {
              "system": "http://www.nlm.nih.gov/research/umls/rxnorm",
              "code": "563026",
              "display": "Diazepam [Valium]"
            }
          ],
          "text": "Diazepam [Valium]"
        },
        "subject": {
          "reference": "urn:uuid:bd373d4b-0990-4835-aa36-f194a5a1cb21"
        },
        "context": {
          "reference": "urn:uuid:8239c6d3-97cc-4a44-9428-33612ca94efe"
        },
        "authoredOn": "1944-04-06",
        "resourceType": "MedicationRequest"
      }
    },
    {
      "fullUrl": "urn:uuid:63df03f0-283e-46e6-8115-832db12a1706",
      "resource": {
        "id": "63df03f0-283e-46e6-8115-832db12a1706",
        "status": "active",
        "use": "complete",
        "patient": {
          "reference": "urn:uuid:bd373d4b-0990-4835-aa36-f194a5a1cb21"
        },
        "billablePeriod": {
          "start": "1947-09-11T19:02:39-04:00",
          "end": "1947-09-11T19:17:39-04:00"
        },
        "organization": {
          "reference": {
            "reference": "urn:uuid:f63d03a9-e377-4efd-be5e-a2a87aa9177e"
          }
        },
        "prescription": {
          "reference": "urn:uuid:4dd3d721-283b-4ef6-a03a-6afc43d42246"
        },
        "item": [
          {
            "sequence": 1,
            "net": {
              "value": 125.0,
              "system": "urn:iso:std:iso:4217",
              "code": "USD"
            },
            "encounter": [
              {
                "reference": {
                  "fullUrl": "urn:uuid:8239c6d3-97cc-4a44-9428-33612ca94efe",
                  "resource": {
                    "id": "8239c6d3-97cc-4a44-9428-33612ca94efe",
                    "meta": {
                      "profile": [
                        "http://standardhealthrecord.org/fhir/StructureDefinition/shr-encounter-Encounter"
                      ]
                    },
                    "status": "finished",
                    "class": {
                      "code": "ambulatory"
                    },
                    "type": [
                      {
                        "coding": [
                          {
                            "system": "http://snomed.info/sct",
                            "code": "308646001"
                          }
                        ],
                        "text": "Death Certification"
                      }
                    ],
                    "subject": {
                      "reference": "urn:uuid:bd373d4b-0990-4835-aa36-f194a5a1cb21"
                    },
                    "period": {
                      "start": "1947-09-11T19:02:39-04:00",
                      "end": "1947-09-11T19:17:39-04:00"
                    },
                    "serviceProvider": {
                      "reference": "urn:uuid:f63d03a9-e377-4efd-be5e-a2a87aa9177e"
                    },
                    "resourceType": "Encounter"
                  }
                }
              }
            ]
          },
          {
            "sequence": 1,
            "net": {
              "value": 255.0,
              "system": "urn:iso:std:iso:4217",
              "code": "USD"
            }
          }
        ],
        "total": {
          "value": 255.0,
          "system": "urn:iso:std:iso:4217",
          "code": "USD"
        },
        "resourceType": "Claim"
      }
    },
    {
      "fullUrl": "urn:uuid:6cddd1b8-db4f-431b-8ac9-51befbd5c35c",
      "resource": {
        "id": "6cddd1b8-db4f-431b-8ac9-51befbd5c35c",
        "meta": {
          "profile": [
            "http://standardhealthrecord.org/fhir/StructureDefinition/shr-medication-MedicationPrescription"
          ]
        },
        "extension": [
          {
            "url": "http://standardhealthrecord.org/fhir/StructureDefinition/shr-base-ActionCode-extension",
            "valueCodeableConcept": {
              "coding": [
                {
                  "system": "http://snomed.info/sct",
                  "code": "33633005",
                  "display": "Prescription of drug (procedure)"
                }
              ],
              "text": "Prescription of drug (procedure)"
            }
          }
        ],
        "status": "stopped",
        "intent": "order",
        "medicationCodeableConcept": {
          "coding": [
            {
              "system": "http://www.nlm.nih.gov/research/umls/rxnorm",
              "code": "1153378",
              "display": "Clonazepam [Klonopin]"
            }
          ],
          "text": "Clonazepam [Klonopin]"
        },
        "subject": {
          "reference": "urn:uuid:bd373d4b-0990-4835-aa36-f194a5a1cb21"
        },
        "context": {
          "reference": "urn:uuid:8239c6d3-97cc-4a44-9428-33612ca94efe"
        },
        "authoredOn": "1945-05-20",
        "resourceType": "MedicationRequest"
      }
    },
    {
      "fullUrl": "urn:uuid:1867a909-f99d-4ecc-b21c-83e1a7a41e8f",
      "resource": {
        "id": "1867a909-f99d-4ecc-b21c-83e1a7a41e8f",
        "status": "active",
        "use": "complete",
        "patient": {
          "reference": "urn:uuid:bd373d4b-0990-4835-aa36-f194a5a1cb21"
        },
        "billablePeriod": {
          "start": "1947-09-11T19:02:39-04:00",
          "end": "1947-09-11T19:17:39-04:00"
        },
        "organization": {
          "reference": {
            "reference": "urn:uuid:f63d03a9-e377-4efd-be5e-a2a87aa9177e"
          }
        },
        "prescription": {
          "reference": "urn:uuid:6cddd1b8-db4f-431b-8ac9-51befbd5c35c"
        },
        "item": [
          {
            "sequence": 1,
            "net": {
              "value": 125.0,
              "system": "urn:iso:std:iso:4217",
              "code": "USD"
            },
            "encounter": [
              {
                "reference": {
                  "fullUrl": "urn:uuid:8239c6d3-97cc-4a44-9428-33612ca94efe",
                  "resource": {
                    "id": "8239c6d3-97cc-4a44-9428-33612ca94efe",
                    "meta": {
                      "profile": [
                        "http://standardhealthrecord.org/fhir/StructureDefinition/shr-encounter-Encounter"
                      ]
                    },
                    "status": "finished",
                    "class": {
                      "code": "ambulatory"
                    },
                    "type": [
                      {
                        "coding": [
                          {
                            "system": "http://snomed.info/sct",
                            "code": "308646001"
                          }
                        ],
                        "text": "Death Certification"
                      }
                    ],
                    "subject": {
                      "reference": "urn:uuid:bd373d4b-0990-4835-aa36-f194a5a1cb21"
                    },
                    "period": {
                      "start": "1947-09-11T19:02:39-04:00",
                      "end": "1947-09-11T19:17:39-04:00"
                    },
                    "serviceProvider": {
                      "reference": "urn:uuid:f63d03a9-e377-4efd-be5e-a2a87aa9177e"
                    },
                    "resourceType": "Encounter"
                  }
                }
              }
            ]
          },
          {
            "sequence": 1,
            "net": {
              "value": 255.0,
              "system": "urn:iso:std:iso:4217",
              "code": "USD"
            }
          }
        ],
        "total": {
          "value": 255.0,
          "system": "urn:iso:std:iso:4217",
          "code": "USD"
        },
        "resourceType": "Claim"
      }
    },
    {
      "fullUrl": "urn:uuid:bca0b000-84f0-40e0-9ce7-0ff6205c1aac",
      "resource": {
        "id": "bca0b000-84f0-40e0-9ce7-0ff6205c1aac",
        "meta": {
          "profile": [
            "http://standardhealthrecord.org/fhir/StructureDefinition/shr-medication-MedicationPrescription"
          ]
        },
        "extension": [
          {
            "url": "http://standardhealthrecord.org/fhir/StructureDefinition/shr-base-ActionCode-extension",
            "valueCodeableConcept": {
              "coding": [
                {
                  "system": "http://snomed.info/sct",
                  "code": "33633005",
                  "display": "Prescription of drug (procedure)"
                }
              ],
              "text": "Prescription of drug (procedure)"
            }
          }
        ],
        "status": "active",
        "intent": "order",
        "medicationCodeableConcept": {
          "coding": [
            {
              "system": "http://www.nlm.nih.gov/research/umls/rxnorm",
              "code": "834060",
              "display": "Penicillin V Potassium 250 MG"
            }
          ],
          "text": "Penicillin V Potassium 250 MG"
        },
        "subject": {
          "reference": "urn:uuid:bd373d4b-0990-4835-aa36-f194a5a1cb21"
        },
        "context": {
          "reference": "urn:uuid:8239c6d3-97cc-4a44-9428-33612ca94efe"
        },
        "authoredOn": "1945-06-07",
        "resourceType": "MedicationRequest"
      }
    },
    {
      "fullUrl": "urn:uuid:97c9804c-60b2-4546-9fee-7b5f1c82032e",
      "resource": {
        "id": "97c9804c-60b2-4546-9fee-7b5f1c82032e",
        "status": "active",
        "use": "complete",
        "patient": {
          "reference": "urn:uuid:bd373d4b-0990-4835-aa36-f194a5a1cb21"
        },
        "billablePeriod": {
          "start": "1947-09-11T19:02:39-04:00",
          "end": "1947-09-11T19:17:39-04:00"
        },
        "organization": {
          "reference": {
            "reference": "urn:uuid:f63d03a9-e377-4efd-be5e-a2a87aa9177e"
          }
        },
        "prescription": {
          "reference": "urn:uuid:bca0b000-84f0-40e0-9ce7-0ff6205c1aac"
        },
        "item": [
          {
            "sequence": 1,
            "net": {
              "value": 125.0,
              "system": "urn:iso:std:iso:4217",
              "code": "USD"
            },
            "encounter": [
              {
                "reference": {
                  "fullUrl": "urn:uuid:8239c6d3-97cc-4a44-9428-33612ca94efe",
                  "resource": {
                    "id": "8239c6d3-97cc-4a44-9428-33612ca94efe",
                    "meta": {
                      "profile": [
                        "http://standardhealthrecord.org/fhir/StructureDefinition/shr-encounter-Encounter"
                      ]
                    },
                    "status": "finished",
                    "class": {
                      "code": "ambulatory"
                    },
                    "type": [
                      {
                        "coding": [
                          {
                            "system": "http://snomed.info/sct",
                            "code": "308646001"
                          }
                        ],
                        "text": "Death Certification"
                      }
                    ],
                    "subject": {
                      "reference": "urn:uuid:bd373d4b-0990-4835-aa36-f194a5a1cb21"
                    },
                    "period": {
                      "start": "1947-09-11T19:02:39-04:00",
                      "end": "1947-09-11T19:17:39-04:00"
                    },
                    "serviceProvider": {
                      "reference": "urn:uuid:f63d03a9-e377-4efd-be5e-a2a87aa9177e"
                    },
                    "resourceType": "Encounter"
                  }
                }
              }
            ]
          },
          {
            "sequence": 1,
            "net": {
              "value": 255.0,
              "system": "urn:iso:std:iso:4217",
              "code": "USD"
            }
          }
        ],
        "total": {
          "value": 255.0,
          "system": "urn:iso:std:iso:4217",
          "code": "USD"
        },
        "resourceType": "Claim"
      }
    },
    {
      "fullUrl": "urn:uuid:3c16e3af-9ade-445d-82ef-945c3c717ee4",
      "resource": {
        "id": "3c16e3af-9ade-445d-82ef-945c3c717ee4",
        "meta": {
          "profile": [
            "http://standardhealthrecord.org/fhir/StructureDefinition/shr-medication-MedicationPrescription"
          ]
        },
        "extension": [
          {
            "url": "http://standardhealthrecord.org/fhir/StructureDefinition/shr-base-ActionCode-extension",
            "valueCodeableConcept": {
              "coding": [
                {
                  "system": "http://snomed.info/sct",
                  "code": "33633005",
                  "display": "Prescription of drug (procedure)"
                }
              ],
              "text": "Prescription of drug (procedure)"
            }
          }
        ],
        "status": "stopped",
        "intent": "order",
        "medicationCodeableConcept": {
          "coding": [
            {
              "system": "http://www.nlm.nih.gov/research/umls/rxnorm",
              "code": "1153378",
              "display": "Clonazepam [Klonopin]"
            }
          ],
          "text": "Clonazepam [Klonopin]"
        },
        "subject": {
          "reference": "urn:uuid:bd373d4b-0990-4835-aa36-f194a5a1cb21"
        },
        "context": {
          "reference": "urn:uuid:8239c6d3-97cc-4a44-9428-33612ca94efe"
        },
        "authoredOn": "1945-12-22",
        "resourceType": "MedicationRequest"
      }
    },
    {
      "fullUrl": "urn:uuid:266ac0a0-9915-4c6c-b430-fffd178d94b2",
      "resource": {
        "id": "266ac0a0-9915-4c6c-b430-fffd178d94b2",
        "status": "active",
        "use": "complete",
        "patient": {
          "reference": "urn:uuid:bd373d4b-0990-4835-aa36-f194a5a1cb21"
        },
        "billablePeriod": {
          "start": "1947-09-11T19:02:39-04:00",
          "end": "1947-09-11T19:17:39-04:00"
        },
        "organization": {
          "reference": {
            "reference": "urn:uuid:f63d03a9-e377-4efd-be5e-a2a87aa9177e"
          }
        },
        "prescription": {
          "reference": "urn:uuid:3c16e3af-9ade-445d-82ef-945c3c717ee4"
        },
        "item": [
          {
            "sequence": 1,
            "net": {
              "value": 125.0,
              "system": "urn:iso:std:iso:4217",
              "code": "USD"
            },
            "encounter": [
              {
                "reference": {
                  "fullUrl": "urn:uuid:8239c6d3-97cc-4a44-9428-33612ca94efe",
                  "resource": {
                    "id": "8239c6d3-97cc-4a44-9428-33612ca94efe",
                    "meta": {
                      "profile": [
                        "http://standardhealthrecord.org/fhir/StructureDefinition/shr-encounter-Encounter"
                      ]
                    },
                    "status": "finished",
                    "class": {
                      "code": "ambulatory"
                    },
                    "type": [
                      {
                        "coding": [
                          {
                            "system": "http://snomed.info/sct",
                            "code": "308646001"
                          }
                        ],
                        "text": "Death Certification"
                      }
                    ],
                    "subject": {
                      "reference": "urn:uuid:bd373d4b-0990-4835-aa36-f194a5a1cb21"
                    },
                    "period": {
                      "start": "1947-09-11T19:02:39-04:00",
                      "end": "1947-09-11T19:17:39-04:00"
                    },
                    "serviceProvider": {
                      "reference": "urn:uuid:f63d03a9-e377-4efd-be5e-a2a87aa9177e"
                    },
                    "resourceType": "Encounter"
                  }
                }
              }
            ]
          },
          {
            "sequence": 1,
            "net": {
              "value": 255.0,
              "system": "urn:iso:std:iso:4217",
              "code": "USD"
            }
          }
        ],
        "total": {
          "value": 255.0,
          "system": "urn:iso:std:iso:4217",
          "code": "USD"
        },
        "resourceType": "Claim"
      }
    },
    {
      "fullUrl": "urn:uuid:93319c75-8ac9-4f4b-9219-6b8ff043ca7a",
      "resource": {
        "id": "93319c75-8ac9-4f4b-9219-6b8ff043ca7a",
        "meta": {
          "profile": [
            "http://standardhealthrecord.org/fhir/StructureDefinition/shr-medication-MedicationPrescription"
          ]
        },
        "extension": [
          {
            "url": "http://standardhealthrecord.org/fhir/StructureDefinition/shr-base-ActionCode-extension",
            "valueCodeableConcept": {
              "coding": [
                {
                  "system": "http://snomed.info/sct",
                  "code": "33633005",
                  "display": "Prescription of drug (procedure)"
                }
              ],
              "text": "Prescription of drug (procedure)"
            }
          }
        ],
        "status": "active",
        "intent": "order",
        "medicationCodeableConcept": {
          "coding": [
            {
              "system": "http://www.nlm.nih.gov/research/umls/rxnorm",
              "code": "563026",
              "display": "Diazepam [Valium]"
            }
          ],
          "text": "Diazepam [Valium]"
        },
        "subject": {
          "reference": "urn:uuid:bd373d4b-0990-4835-aa36-f194a5a1cb21"
        },
        "context": {
          "reference": "urn:uuid:8239c6d3-97cc-4a44-9428-33612ca94efe"
        },
        "authoredOn": "1947-01-12",
        "resourceType": "MedicationRequest"
      }
    },
    {
      "fullUrl": "urn:uuid:f7db2012-810f-4f4c-85b8-45a78fa64fa1",
      "resource": {
        "id": "f7db2012-810f-4f4c-85b8-45a78fa64fa1",
        "status": "active",
        "use": "complete",
        "patient": {
          "reference": "urn:uuid:bd373d4b-0990-4835-aa36-f194a5a1cb21"
        },
        "billablePeriod": {
          "start": "1947-09-11T19:02:39-04:00",
          "end": "1947-09-11T19:17:39-04:00"
        },
        "organization": {
          "reference": {
            "reference": "urn:uuid:f63d03a9-e377-4efd-be5e-a2a87aa9177e"
          }
        },
        "prescription": {
          "reference": "urn:uuid:93319c75-8ac9-4f4b-9219-6b8ff043ca7a"
        },
        "item": [
          {
            "sequence": 1,
            "net": {
              "value": 125.0,
              "system": "urn:iso:std:iso:4217",
              "code": "USD"
            },
            "encounter": [
              {
                "reference": {
                  "fullUrl": "urn:uuid:8239c6d3-97cc-4a44-9428-33612ca94efe",
                  "resource": {
                    "id": "8239c6d3-97cc-4a44-9428-33612ca94efe",
                    "meta": {
                      "profile": [
                        "http://standardhealthrecord.org/fhir/StructureDefinition/shr-encounter-Encounter"
                      ]
                    },
                    "status": "finished",
                    "class": {
                      "code": "ambulatory"
                    },
                    "type": [
                      {
                        "coding": [
                          {
                            "system": "http://snomed.info/sct",
                            "code": "308646001"
                          }
                        ],
                        "text": "Death Certification"
                      }
                    ],
                    "subject": {
                      "reference": "urn:uuid:bd373d4b-0990-4835-aa36-f194a5a1cb21"
                    },
                    "period": {
                      "start": "1947-09-11T19:02:39-04:00",
                      "end": "1947-09-11T19:17:39-04:00"
                    },
                    "serviceProvider": {
                      "reference": "urn:uuid:f63d03a9-e377-4efd-be5e-a2a87aa9177e"
                    },
                    "resourceType": "Encounter"
                  }
                }
              }
            ]
          },
          {
            "sequence": 1,
            "net": {
              "value": 255.0,
              "system": "urn:iso:std:iso:4217",
              "code": "USD"
            }
          }
        ],
        "total": {
          "value": 255.0,
          "system": "urn:iso:std:iso:4217",
          "code": "USD"
        },
        "resourceType": "Claim"
      }
    },
    {
      "fullUrl": "urn:uuid:bf97137f-2ee2-495a-8151-e7680cfbf147",
      "resource": {
        "id": "bf97137f-2ee2-495a-8151-e7680cfbf147",
        "meta": {
          "profile": [
            "http://standardhealthrecord.org/fhir/StructureDefinition/shr-medication-MedicationPrescription"
          ]
        },
        "extension": [
          {
            "url": "http://standardhealthrecord.org/fhir/StructureDefinition/shr-base-ActionCode-extension",
            "valueCodeableConcept": {
              "coding": [
                {
                  "system": "http://snomed.info/sct",
                  "code": "33633005",
                  "display": "Prescription of drug (procedure)"
                }
              ],
              "text": "Prescription of drug (procedure)"
            }
          }
        ],
        "status": "active",
        "intent": "order",
        "medicationCodeableConcept": {
          "coding": [
            {
              "system": "http://www.nlm.nih.gov/research/umls/rxnorm",
              "code": "1153378",
              "display": "Clonazepam [Klonopin]"
            }
          ],
          "text": "Clonazepam [Klonopin]"
        },
        "subject": {
          "reference": "urn:uuid:bd373d4b-0990-4835-aa36-f194a5a1cb21"
        },
        "context": {
          "reference": "urn:uuid:8239c6d3-97cc-4a44-9428-33612ca94efe"
        },
        "authoredOn": "1947-02-10",
        "resourceType": "MedicationRequest"
      }
    },
    {
      "fullUrl": "urn:uuid:2e598564-62c4-450c-b06e-dab09851d513",
      "resource": {
        "id": "2e598564-62c4-450c-b06e-dab09851d513",
        "status": "active",
        "use": "complete",
        "patient": {
          "reference": "urn:uuid:bd373d4b-0990-4835-aa36-f194a5a1cb21"
        },
        "billablePeriod": {
          "start": "1947-09-11T19:02:39-04:00",
          "end": "1947-09-11T19:17:39-04:00"
        },
        "organization": {
          "reference": {
            "reference": "urn:uuid:f63d03a9-e377-4efd-be5e-a2a87aa9177e"
          }
        },
        "prescription": {
          "reference": "urn:uuid:bf97137f-2ee2-495a-8151-e7680cfbf147"
        },
        "item": [
          {
            "sequence": 1,
            "net": {
              "value": 125.0,
              "system": "urn:iso:std:iso:4217",
              "code": "USD"
            },
            "encounter": [
              {
                "reference": {
                  "fullUrl": "urn:uuid:8239c6d3-97cc-4a44-9428-33612ca94efe",
                  "resource": {
                    "id": "8239c6d3-97cc-4a44-9428-33612ca94efe",
                    "meta": {
                      "profile": [
                        "http://standardhealthrecord.org/fhir/StructureDefinition/shr-encounter-Encounter"
                      ]
                    },
                    "status": "finished",
                    "class": {
                      "code": "ambulatory"
                    },
                    "type": [
                      {
                        "coding": [
                          {
                            "system": "http://snomed.info/sct",
                            "code": "308646001"
                          }
                        ],
                        "text": "Death Certification"
                      }
                    ],
                    "subject": {
                      "reference": "urn:uuid:bd373d4b-0990-4835-aa36-f194a5a1cb21"
                    },
                    "period": {
                      "start": "1947-09-11T19:02:39-04:00",
                      "end": "1947-09-11T19:17:39-04:00"
                    },
                    "serviceProvider": {
                      "reference": "urn:uuid:f63d03a9-e377-4efd-be5e-a2a87aa9177e"
                    },
                    "resourceType": "Encounter"
                  }
                }
              }
            ]
          },
          {
            "sequence": 1,
            "net": {
              "value": 255.0,
              "system": "urn:iso:std:iso:4217",
              "code": "USD"
            }
          }
        ],
        "total": {
          "value": 255.0,
          "system": "urn:iso:std:iso:4217",
          "code": "USD"
        },
        "resourceType": "Claim"
      }
    },
    {
      "fullUrl": "urn:uuid:6d6cb0bc-c27f-48be-b020-f9dc88bda172",
      "resource": {
        "id": "6d6cb0bc-c27f-48be-b020-f9dc88bda172",
        "meta": {
          "profile": [
            "http://standardhealthrecord.org/fhir/StructureDefinition/shr-observation-Observation"
          ]
        },
        "status": "final",
        "category": [
          {
            "coding": [
              {
                "system": "http://hl7.org/fhir/observation-category",
                "code": "survey"
              }
            ]
          }
        ],
        "code": {
          "coding": [
            {
              "system": "http://snomed.info/sct",
              "code": "273724008",
              "display": "Quality adjusted life years"
            }
          ],
          "text": "Quality adjusted life years"
        },
        "subject": {
          "reference": "urn:uuid:bd373d4b-0990-4835-aa36-f194a5a1cb21"
        },
        "effectiveDateTime": "2017-10-31T16:09:28-04:00",
        "issued": "2017-10-31T16:09:28-04:00",
        "valueQuantity": {
          "value": 5,
          "unit": "years",
          "system": "http://unitsofmeasure.org/",
          "code": "years"
        },
        "resourceType": "Observation"
      }
    },
    {
      "fullUrl": "urn:uuid:3eab0460-26b7-4c8f-9c46-6d3e182e2a72",
      "resource": {
        "id": "3eab0460-26b7-4c8f-9c46-6d3e182e2a72",
        "meta": {
          "profile": [
            "http://standardhealthrecord.org/fhir/StructureDefinition/shr-observation-Observation"
          ]
        },
        "status": "final",
        "category": [
          {
            "coding": [
              {
                "system": "http://hl7.org/fhir/observation-category",
                "code": "survey"
              }
            ]
          }
        ],
        "code": {
          "coding": [
            {
              "system": "http://snomed.info/sct",
              "code": "273421001",
              "display": "Disability rating scale"
            }
          ],
          "text": "Disability rating scale"
        },
        "subject": {
          "reference": "urn:uuid:bd373d4b-0990-4835-aa36-f194a5a1cb21"
        },
        "effectiveDateTime": "2017-10-31T16:09:28-04:00",
        "issued": "2017-10-31T16:09:28-04:00",
        "valueQuantity": {
          "value": 81.7815,
          "unit": "years",
          "system": "http://unitsofmeasure.org/",
          "code": "years"
        },
        "resourceType": "Observation"
      }
    }
  ],
  "resourceType": "Bundle"
}