{
  "type": "collection",
  "entry": [
    {
      "fullUrl": "urn:uuid:122a7c36-4f1b-46d1-8dba-e2fe5118bd2d",
      "resource": {
        "id": "122a7c36-4f1b-46d1-8dba-e2fe5118bd2d",
        "meta": {
          "profile": [
            "http://standardhealthrecord.org/fhir/StructureDefinition/shr-actor-Organization"
          ]
        },
        "type": [
          {
            "coding": [
              {
                "system": "http://hl7.org/fhir/organization-type",
                "code": "prov",
                "display": "Healthcare Provider"
              }
            ],
            "text": "Healthcare Provider"
          }
        ],
        "name": "MANCHESTER RADIOLOGY SERVICES",
        "resourceType": "Organization"
      }
    },
    {
      "fullUrl": "urn:uuid:d9f032d7-831c-424c-82b7-55580e2cb3de",
      "resource": {
        "id": "d9f032d7-831c-424c-82b7-55580e2cb3de",
        "meta": {
          "profile": [
            "http://standardhealthrecord.org/fhir/StructureDefinition/shr-demographics-PersonOfRecord"
          ]
        },
        "text": {
          "status": "generated",
          "div": "<div xmlns=\"http://www.w3.org/1999/xhtml\">Generated by <a href=\"https://github.com/synthetichealth/synthea\">Synthea</a>. Version identifier: 368ac389f34cd3ce3986aa3a0a08e467bf574db3</div>"
        },
        "extension": [
          {
            "url": "http://hl7.org/fhir/us/core/StructureDefinition/us-core-race",
            "valueCodeableConcept": {
              "coding": [
                {
                  "system": "http://hl7.org/fhir/v3/Race",
                  "code": "2106-3",
                  "display": "White"
                }
              ],
              "text": "race"
            }
          },
          {
            "url": "http://hl7.org/fhir/us/core/StructureDefinition/us-core-ethnicity",
            "valueCodeableConcept": {
              "coding": [
                {
                  "system": "http://hl7.org/fhir/v3/Ethnicity",
                  "code": "2186-5",
                  "display": "Nonhispanic"
                }
              ],
              "text": "ethnicity"
            }
          },
          {
            "url": "http://hl7.org/fhir/StructureDefinition/birthPlace",
            "valueAddress": {
              "city": "Boston",
              "state": "MA",
              "country": "US"
            }
          },
          {
            "url": "http://hl7.org/fhir/StructureDefinition/patient-mothersMaidenName",
            "valueString": "Roxana428 Considine246"
          },
          {
            "url": "http://hl7.org/fhir/us/core/StructureDefinition/us-core-birthsex",
            "valueCode": "M"
          },
          {
            "url": "http://hl7.org/fhir/StructureDefinition/patient-interpreterRequired",
            "valueBoolean": false
          },
          {
            "url": "http://standardhealthrecord.org/fhir/StructureDefinition/shr-actor-FictionalPerson-extension",
            "valueBoolean": true
          },
          {
            "url": "http://standardhealthrecord.org/fhir/StructureDefinition/shr-demographics-FathersName-extension",
            "valueHumanName": {
              "text": "Shelton215 Block964"
            }
          },
          {
            "url": "http://standardhealthrecord.org/fhir/StructureDefinition/shr-demographics-SocialSecurityNumber-extension",
            "valueString": "999-68-7646"
          }
        ],
        "identifier": [
          {
            "system": "https://github.com/synthetichealth/synthea",
            "value": "c4357820-c70e-496f-a683-b1ba6fd91058"
          },
          {
            "type": {
              "coding": [
                {
                  "system": "http://hl7.org/fhir/identifier-type",
                  "code": "SB"
                }
              ]
            },
            "system": "http://hl7.org/fhir/sid/us-ssn",
            "value": "999687646"
          },
          {
            "type": {
              "coding": [
                {
                  "system": "http://hl7.org/fhir/v2/0203",
                  "code": "DL"
                }
              ]
            },
            "system": "urn:oid:2.16.840.1.113883.4.3.25",
            "value": "S99932875"
          },
          {
            "type": {
              "coding": [
                {
                  "system": "http://hl7.org/fhir/v2/0203",
                  "code": "MR"
                }
              ]
            },
            "system": "http://hospital.smarthealthit.org",
            "value": "c4357820-c70e-496f-a683-b1ba6fd91058"
          }
        ],
        "name": [
          {
            "use": "official",
            "family": "Block964",
            "given": [
              "Antoine285"
            ],
            "prefix": [
              "Mr."
            ]
          }
        ],
        "telecom": [
          {
            "system": "phone",
            "value": "1-427-274-4073 x07653",
            "use": "home"
          }
        ],
        "gender": "male",
        "birthDate": "1970-05-16",
        "deceasedDateTime": "2014-10-13T15:13:24-04:00",
        "address": [
          {
            "extension": [
              {
                "extension": [
                  {
                    "url": "latitude",
                    "valueDecimal": 42.53414136271499
                  },
                  {
                    "url": "longitude",
                    "valueDecimal": -70.78464541641902
                  }
                ],
                "url": "http://hl7.org/fhir/StructureDefinition/geolocation"
              }
            ],
            "line": [
              "8349 Wava Inlet"
            ],
            "city": "Salem",
            "state": "MA",
            "postalCode": "01970",
            "country": "US"
          }
        ],
        "maritalStatus": {
          "coding": [
            {
              "system": "http://hl7.org/fhir/v3/MaritalStatus",
              "code": "M"
            }
          ],
          "text": "M"
        },
        "multipleBirthBoolean": false,
        "communication": [
          {
            "language": {
              "coding": [
                {
                  "system": "http://hl7.org/fhir/ValueSet/languages",
                  "code": "en-US",
                  "display": "English (United States)"
                }
              ]
            }
          }
        ],
        "generalPractitioner": [
          {
            "reference": "urn:uuid:122a7c36-4f1b-46d1-8dba-e2fe5118bd2d"
          }
        ],
        "resourceType": "Patient"
      }
    },
    {
      "fullUrl": "urn:uuid:f03eda67-17f8-4773-83d1-535c7db67f60",
      "resource": {
        "id": "f03eda67-17f8-4773-83d1-535c7db67f60",
        "meta": {
          "profile": [
            "http://standardhealthrecord.org/fhir/StructureDefinition/shr-encounter-Encounter"
          ]
        },
        "status": "finished",
        "class": {
          "code": "outpatient"
        },
        "type": [
          {
            "coding": [
              {
                "system": "http://snomed.info/sct",
                "code": "185349003"
              }
            ],
            "text": "Outpatient Encounter"
          }
        ],
        "subject": {
          "reference": "urn:uuid:d9f032d7-831c-424c-82b7-55580e2cb3de"
        },
        "period": {
          "start": "2009-07-20T23:10:06-04:00",
          "end": "2009-07-21T00:10:06-04:00"
        },
        "serviceProvider": {
          "reference": "urn:uuid:122a7c36-4f1b-46d1-8dba-e2fe5118bd2d"
        },
        "resourceType": "Encounter"
      }
    },
    {
      "fullUrl": "urn:uuid:5d176bce-13b1-4225-97b1-c1e6f9303847",
      "resource": {
        "id": "5d176bce-13b1-4225-97b1-c1e6f9303847",
        "status": "active",
        "use": "complete",
        "patient": {
          "reference": "urn:uuid:d9f032d7-831c-424c-82b7-55580e2cb3de"
        },
        "billablePeriod": {
          "start": "2009-07-20T23:10:06-04:00",
          "end": "2009-07-21T00:10:06-04:00"
        },
        "organization": {
          "reference": {
            "reference": "urn:uuid:122a7c36-4f1b-46d1-8dba-e2fe5118bd2d"
          }
        },
        "diagnosis": [
          {
            "sequence": 1,
            "diagnosisReference": {
              "reference": "urn:uuid:58e2c7ef-c143-4c7e-9c08-d3dad0117283"
            }
          }
        ],
        "procedure": [
          {
            "sequence": 1,
            "procedureReference": {
              "reference": "urn:uuid:ba60747e-0115-4296-980e-8f6ba6606ede"
            }
          },
          {
            "sequence": 2,
            "procedureReference": {
              "reference": "urn:uuid:9b37e9b9-17be-4b66-96a9-a7e0aa7c845b"
            }
          }
        ],
        "item": [
          {
            "sequence": 1,
            "net": {
              "value": 125.0,
              "system": "urn:iso:std:iso:4217",
              "code": "USD"
            },
            "encounter": [
              {
                "reference": {
                  "fullUrl": "urn:uuid:f03eda67-17f8-4773-83d1-535c7db67f60",
                  "resource": {
                    "id": "f03eda67-17f8-4773-83d1-535c7db67f60",
                    "meta": {
                      "profile": [
                        "http://standardhealthrecord.org/fhir/StructureDefinition/shr-encounter-Encounter"
                      ]
                    },
                    "status": "finished",
                    "class": {
                      "code": "outpatient"
                    },
                    "type": [
                      {
                        "coding": [
                          {
                            "system": "http://snomed.info/sct",
                            "code": "185349003"
                          }
                        ],
                        "text": "Outpatient Encounter"
                      }
                    ],
                    "subject": {
                      "reference": "urn:uuid:d9f032d7-831c-424c-82b7-55580e2cb3de"
                    },
                    "period": {
                      "start": "2009-07-20T23:10:06-04:00",
                      "end": "2009-07-21T00:10:06-04:00"
                    },
                    "serviceProvider": {
                      "reference": "urn:uuid:122a7c36-4f1b-46d1-8dba-e2fe5118bd2d"
                    },
                    "resourceType": "Encounter"
                  }
                }
              }
            ]
          },
          {
            "sequence": 2,
            "diagnosisLinkId": [
              1
            ],
            "net": {
              "value": 0.0,
              "system": "urn:iso:std:iso:4217",
              "code": "USD"
            }
          },
          {
            "sequence": 3,
            "procedureLinkId": [
              2
            ],
            "net": {
              "value": 1508.6649932999997,
              "system": "urn:iso:std:iso:4217",
              "code": "USD"
            }
          },
          {
            "sequence": 4,
            "procedureLinkId": [
              3
            ],
            "net": {
              "value": 1508.6649932999997,
              "system": "urn:iso:std:iso:4217",
              "code": "USD"
            }
          },
          {
            "sequence": 5,
            "category": {
              "coding": [
                {
                  "system": "http://hl7.org/fhir/sid/cvx",
                  "code": "140",
                  "display": "Influenza, seasonal, injectable, preservative free"
                }
              ],
              "text": "Influenza, seasonal, injectable, preservative free"
            },
            "net": {
              "value": 136.0,
              "system": "urn:iso:std:iso:4217",
              "code": "USD"
            }
          }
        ],
        "total": {
          "value": 3278.3299865999993,
          "system": "urn:iso:std:iso:4217",
          "code": "USD"
        },
        "resourceType": "Claim"
      }
    },
    {
      "fullUrl": "urn:uuid:58e2c7ef-c143-4c7e-9c08-d3dad0117283",
      "resource": {
        "id": "58e2c7ef-c143-4c7e-9c08-d3dad0117283",
        "meta": {
          "profile": [
            "http://standardhealthrecord.org/fhir/StructureDefinition/shr-problem-Problem"
          ]
        },
        "clinicalStatus": "active",
        "verificationStatus": "confirmed",
        "code": {
          "coding": [
            {
              "system": "http://snomed.info/sct",
              "code": "185086009",
              "display": "Chronic obstructive bronchitis (disorder)"
            }
          ],
          "text": "Chronic obstructive bronchitis (disorder)"
        },
        "subject": {
          "reference": "urn:uuid:d9f032d7-831c-424c-82b7-55580e2cb3de"
        },
        "context": {
          "reference": "urn:uuid:f03eda67-17f8-4773-83d1-535c7db67f60"
        },
        "onsetDateTime": "1999-12-31T22:06:25-05:00",
        "assertedDate": "1999-12-31",
        "resourceType": "Condition"
      }
    },
    {
      "fullUrl": "urn:uuid:853c765a-8ff5-42c1-9cda-b12ed53d2836",
      "resource": {
        "id": "853c765a-8ff5-42c1-9cda-b12ed53d2836",
        "meta": {
          "profile": [
            "http://standardhealthrecord.org/fhir/StructureDefinition/shr-observation-Observation"
          ]
        },
        "status": "final",
        "category": [
          {
            "coding": [
              {
                "system": "http://hl7.org/fhir/observation-category",
                "code": "procedure"
              }
            ]
          }
        ],
        "code": {
          "coding": [
            {
              "system": "http://loinc.org",
              "code": "19926-5",
              "display": "FEV1/​FVC"
            }
          ],
          "text": "FEV1/​FVC"
        },
        "subject": {
          "reference": "urn:uuid:d9f032d7-831c-424c-82b7-55580e2cb3de"
        },
        "context": {
          "reference": "urn:uuid:f03eda67-17f8-4773-83d1-535c7db67f60"
        },
        "effectiveDateTime": "2009-07-20T23:10:06-04:00",
        "issued": "2009-07-20T23:10:06-04:00",
        "valueQuantity": {
          "value": 39,
          "unit": "%",
          "system": "http://unitsofmeasure.org/",
          "code": "%"
        },
        "resourceType": "Observation"
      }
    },
    {
      "fullUrl": "urn:uuid:2f2290b3-5c1c-40e7-836a-9b0b03399b74",
      "resource": {
        "id": "2f2290b3-5c1c-40e7-836a-9b0b03399b74",
        "meta": {
          "profile": [
            "http://standardhealthrecord.org/fhir/StructureDefinition/shr-observation-Observation",
            "http://standardhealthrecord.org/fhir/StructureDefinition/shr-vital-VitalSign",
            "http://standardhealthrecord.org/fhir/StructureDefinition/shr-vital-BodyHeight"
          ]
        },
        "status": "final",
        "category": [
          {
            "coding": [
              {
                "system": "http://hl7.org/fhir/observation-category",
                "code": "vital-signs"
              }
            ]
          }
        ],
        "code": {
          "coding": [
            {
              "system": "http://loinc.org",
              "code": "8302-2",
              "display": "Body Height"
            }
          ],
          "text": "Body Height"
        },
        "subject": {
          "reference": "urn:uuid:d9f032d7-831c-424c-82b7-55580e2cb3de"
        },
        "context": {
          "reference": "urn:uuid:f03eda67-17f8-4773-83d1-535c7db67f60"
        },
        "effectiveDateTime": "2009-07-20T23:10:06-04:00",
        "issued": "2009-07-20T23:10:06-04:00",
        "valueQuantity": {
          "value": 177.5229845783382,
          "unit": "cm",
          "system": "http://unitsofmeasure.org/",
          "code": "cm"
        },
        "resourceType": "Observation"
      }
    },
    {
      "fullUrl": "urn:uuid:2917f22b-d7d3-4819-b478-dfe68106fe42",
      "resource": {
        "id": "2917f22b-d7d3-4819-b478-dfe68106fe42",
        "meta": {
          "profile": [
            "http://standardhealthrecord.org/fhir/StructureDefinition/shr-observation-Observation",
            "http://standardhealthrecord.org/fhir/StructureDefinition/shr-vital-VitalSign",
            "http://standardhealthrecord.org/fhir/StructureDefinition/shr-vital-BodyWeight"
          ]
        },
        "status": "final",
        "category": [
          {
            "coding": [
              {
                "system": "http://hl7.org/fhir/observation-category",
                "code": "vital-signs"
              }
            ]
          }
        ],
        "code": {
          "coding": [
            {
              "system": "http://loinc.org",
              "code": "29463-7",
              "display": "Body Weight"
            }
          ],
          "text": "Body Weight"
        },
        "subject": {
          "reference": "urn:uuid:d9f032d7-831c-424c-82b7-55580e2cb3de"
        },
        "context": {
          "reference": "urn:uuid:f03eda67-17f8-4773-83d1-535c7db67f60"
        },
        "effectiveDateTime": "2009-07-20T23:10:06-04:00",
        "issued": "2009-07-20T23:10:06-04:00",
        "valueQuantity": {
          "value": 96.36045013880229,
          "unit": "kg",
          "system": "http://unitsofmeasure.org/",
          "code": "kg"
        },
        "resourceType": "Observation"
      }
    },
    {
      "fullUrl": "urn:uuid:238f4a18-9476-423b-8e0b-aedd6a0cdce8",
      "resource": {
        "id": "238f4a18-9476-423b-8e0b-aedd6a0cdce8",
        "meta": {
          "profile": [
            "http://standardhealthrecord.org/fhir/StructureDefinition/shr-observation-Observation",
            "http://standardhealthrecord.org/fhir/StructureDefinition/shr-vital-VitalSign",
            "http://standardhealthrecord.org/fhir/StructureDefinition/shr-vital-BodyMassIndex"
          ]
        },
        "status": "final",
        "category": [
          {
            "coding": [
              {
                "system": "http://hl7.org/fhir/observation-category",
                "code": "vital-signs"
              }
            ]
          }
        ],
        "code": {
          "coding": [
            {
              "system": "http://loinc.org",
              "code": "39156-5",
              "display": "Body Mass Index"
            }
          ],
          "text": "Body Mass Index"
        },
        "subject": {
          "reference": "urn:uuid:d9f032d7-831c-424c-82b7-55580e2cb3de"
        },
        "context": {
          "reference": "urn:uuid:f03eda67-17f8-4773-83d1-535c7db67f60"
        },
        "effectiveDateTime": "2009-07-20T23:10:06-04:00",
        "issued": "2009-07-20T23:10:06-04:00",
        "valueQuantity": {
          "value": 30.57663144412629,
          "unit": "kg/m2",
          "system": "http://unitsofmeasure.org/",
          "code": "kg/m2"
        },
        "resourceType": "Observation"
      }
    },
    {
      "fullUrl": "urn:uuid:89f82007-ea49-46f8-aefb-6b5e80307d99",
      "resource": {
        "id": "89f82007-ea49-46f8-aefb-6b5e80307d99",
        "meta": {
          "profile": [
            "http://standardhealthrecord.org/fhir/StructureDefinition/shr-observation-Observation",
            "http://standardhealthrecord.org/fhir/StructureDefinition/shr-vital-BloodPressure"
          ]
        },
        "status": "final",
        "category": [
          {
            "coding": [
              {
                "system": "http://hl7.org/fhir/observation-category",
                "code": "vital-signs"
              }
            ]
          }
        ],
        "code": {
          "coding": [
            {
              "system": "http://loinc.org",
              "code": "55284-4",
              "display": "Blood Pressure"
            }
          ]
        },
        "subject": {
          "reference": "urn:uuid:d9f032d7-831c-424c-82b7-55580e2cb3de"
        },
        "context": {
          "reference": "urn:uuid:f03eda67-17f8-4773-83d1-535c7db67f60"
        },
        "effectiveDateTime": "2009-07-20T23:10:06-04:00",
        "issued": "2009-07-20T23:10:06-04:00",
        "component": [
          {
            "code": {
              "coding": [
                {
                  "system": "http://loinc.org",
                  "code": "8480-6",
                  "display": "Systolic Blood Pressure"
                }
              ],
              "text": "Systolic Blood Pressure"
            },
            "valueQuantity": {
              "value": 132,
              "unit": "mmHg",
              "system": "http://unitsofmeasure.org/",
              "code": "mmHg"
            }
          },
          {
            "code": {
              "coding": [
                {
                  "system": "http://loinc.org",
                  "code": "8462-4",
                  "display": "Diastolic Blood Pressure"
                }
              ],
              "text": "Diastolic Blood Pressure"
            },
            "valueQuantity": {
              "value": 78,
              "unit": "mmHg",
              "system": "http://unitsofmeasure.org/",
              "code": "mmHg"
            }
          }
        ],
        "resourceType": "Observation"
      }
    },
    {
      "fullUrl": "urn:uuid:87e4b910-b87f-4e3d-88e7-7a1c93f18a2c",
      "resource": {
        "id": "87e4b910-b87f-4e3d-88e7-7a1c93f18a2c",
        "meta": {
          "profile": [
            "http://standardhealthrecord.org/fhir/StructureDefinition/shr-observation-Observation"
          ]
        },
        "status": "final",
        "category": [
          {
            "coding": [
              {
                "system": "http://hl7.org/fhir/observation-category",
                "code": "laboratory"
              }
            ]
          }
        ],
        "code": {
          "coding": [
            {
              "system": "http://loinc.org",
              "code": "2093-3",
              "display": "Total Cholesterol"
            }
          ],
          "text": "Total Cholesterol"
        },
        "subject": {
          "reference": "urn:uuid:d9f032d7-831c-424c-82b7-55580e2cb3de"
        },
        "context": {
          "reference": "urn:uuid:f03eda67-17f8-4773-83d1-535c7db67f60"
        },
        "effectiveDateTime": "2009-07-20T23:10:06-04:00",
        "issued": "2009-07-20T23:10:06-04:00",
        "valueQuantity": {
          "value": 177,
          "unit": "mg/dL",
          "system": "http://unitsofmeasure.org/",
          "code": "mg/dL"
        },
        "resourceType": "Observation"
      }
    },
    {
      "fullUrl": "urn:uuid:a2379e16-ae76-4709-ad9f-880d8720c94f",
      "resource": {
        "id": "a2379e16-ae76-4709-ad9f-880d8720c94f",
        "meta": {
          "profile": [
            "http://standardhealthrecord.org/fhir/StructureDefinition/shr-observation-Observation"
          ]
        },
        "status": "final",
        "category": [
          {
            "coding": [
              {
                "system": "http://hl7.org/fhir/observation-category",
                "code": "laboratory"
              }
            ]
          }
        ],
        "code": {
          "coding": [
            {
              "system": "http://loinc.org",
              "code": "2571-8",
              "display": "Triglycerides"
            }
          ],
          "text": "Triglycerides"
        },
        "subject": {
          "reference": "urn:uuid:d9f032d7-831c-424c-82b7-55580e2cb3de"
        },
        "context": {
          "reference": "urn:uuid:f03eda67-17f8-4773-83d1-535c7db67f60"
        },
        "effectiveDateTime": "2009-07-20T23:10:06-04:00",
        "issued": "2009-07-20T23:10:06-04:00",
        "valueQuantity": {
          "value": 119,
          "unit": "mg/dL",
          "system": "http://unitsofmeasure.org/",
          "code": "mg/dL"
        },
        "resourceType": "Observation"
      }
    },
    {
      "fullUrl": "urn:uuid:4bf3b6ad-59e7-40c0-adf6-466c45ded290",
      "resource": {
        "id": "4bf3b6ad-59e7-40c0-adf6-466c45ded290",
        "meta": {
          "profile": [
            "http://standardhealthrecord.org/fhir/StructureDefinition/shr-observation-Observation"
          ]
        },
        "status": "final",
        "category": [
          {
            "coding": [
              {
                "system": "http://hl7.org/fhir/observation-category",
                "code": "laboratory"
              }
            ]
          }
        ],
        "code": {
          "coding": [
            {
              "system": "http://loinc.org",
              "code": "18262-6",
              "display": "Low Density Lipoprotein Cholesterol"
            }
          ],
          "text": "Low Density Lipoprotein Cholesterol"
        },
        "subject": {
          "reference": "urn:uuid:d9f032d7-831c-424c-82b7-55580e2cb3de"
        },
        "context": {
          "reference": "urn:uuid:f03eda67-17f8-4773-83d1-535c7db67f60"
        },
        "effectiveDateTime": "2009-07-20T23:10:06-04:00",
        "issued": "2009-07-20T23:10:06-04:00",
        "valueQuantity": {
          "value": 83,
          "unit": "mg/dL",
          "system": "http://unitsofmeasure.org/",
          "code": "mg/dL"
        },
        "resourceType": "Observation"
      }
    },
    {
      "fullUrl": "urn:uuid:1e3a4233-65fc-4766-82dd-65349b4adbc9",
      "resource": {
        "id": "1e3a4233-65fc-4766-82dd-65349b4adbc9",
        "meta": {
          "profile": [
            "http://standardhealthrecord.org/fhir/StructureDefinition/shr-observation-Observation"
          ]
        },
        "status": "final",
        "category": [
          {
            "coding": [
              {
                "system": "http://hl7.org/fhir/observation-category",
                "code": "laboratory"
              }
            ]
          }
        ],
        "code": {
          "coding": [
            {
              "system": "http://loinc.org",
              "code": "2085-9",
              "display": "High Density Lipoprotein Cholesterol"
            }
          ],
          "text": "High Density Lipoprotein Cholesterol"
        },
        "subject": {
          "reference": "urn:uuid:d9f032d7-831c-424c-82b7-55580e2cb3de"
        },
        "context": {
          "reference": "urn:uuid:f03eda67-17f8-4773-83d1-535c7db67f60"
        },
        "effectiveDateTime": "2009-07-20T23:10:06-04:00",
        "issued": "2009-07-20T23:10:06-04:00",
        "valueQuantity": {
          "value": 70,
          "unit": "mg/dL",
          "system": "http://unitsofmeasure.org/",
          "code": "mg/dL"
        },
        "resourceType": "Observation"
      }
    },
    {
      "fullUrl": "urn:uuid:9aa085ae-c597-47c6-9c83-3c0cd162f646",
      "resource": {
        "id": "9aa085ae-c597-47c6-9c83-3c0cd162f646",
        "meta": {
          "profile": [
            "http://standardhealthrecord.org/fhir/StructureDefinition/shr-observation-Panel"
          ]
        },
        "status": "final",
        "code": {
          "coding": [
            {
              "system": "http://loinc.org",
              "code": "57698-3",
              "display": "Lipid Panel"
            }
          ]
        },
        "subject": {
          "reference": "urn:uuid:d9f032d7-831c-424c-82b7-55580e2cb3de"
        },
        "context": {
          "reference": "urn:uuid:f03eda67-17f8-4773-83d1-535c7db67f60"
        },
        "effectiveDateTime": "2009-07-20T23:10:06-04:00",
        "issued": "2009-07-20T23:10:06-04:00",
        "result": [
          {
            "reference": "urn:uuid:87e4b910-b87f-4e3d-88e7-7a1c93f18a2c",
            "display": "Total Cholesterol"
          },
          {
            "reference": "urn:uuid:a2379e16-ae76-4709-ad9f-880d8720c94f",
            "display": "Triglycerides"
          },
          {
            "reference": "urn:uuid:4bf3b6ad-59e7-40c0-adf6-466c45ded290",
            "display": "Low Density Lipoprotein Cholesterol"
          },
          {
            "reference": "urn:uuid:1e3a4233-65fc-4766-82dd-65349b4adbc9",
            "display": "High Density Lipoprotein Cholesterol"
          }
        ],
        "resourceType": "DiagnosticReport"
      }
    },
    {
      "fullUrl": "urn:uuid:ba60747e-0115-4296-980e-8f6ba6606ede",
      "resource": {
        "id": "ba60747e-0115-4296-980e-8f6ba6606ede",
        "meta": {
          "profile": [
            "http://standardhealthrecord.org/fhir/StructureDefinition/shr-procedure-Procedure"
          ]
        },
        "extension": [
          {
            "url": "http://standardhealthrecord.org/fhir/StructureDefinition/shr-core-CodeableConcept-extension",
            "valueCodeableConcept": {
              "coding": [
                {
                  "system": "http://snomed.info/sct",
                  "code": "127783003",
                  "display": "Spirometry (procedure)"
                }
              ],
              "text": "Spirometry (procedure)"
            }
          }
        ],
        "status": "completed",
        "code": {
          "coding": [
            {
              "system": "http://snomed.info/sct",
              "code": "127783003",
              "display": "Spirometry (procedure)"
            }
          ],
          "text": "Spirometry (procedure)"
        },
        "subject": {
          "reference": "urn:uuid:d9f032d7-831c-424c-82b7-55580e2cb3de"
        },
        "context": {
          "reference": "urn:uuid:f03eda67-17f8-4773-83d1-535c7db67f60"
        },
        "performedDateTime": "2009-07-20T23:10:06-04:00",
        "reasonReference": [
          {
            "reference": "urn:uuid:58e2c7ef-c143-4c7e-9c08-d3dad0117283",
            "display": "Chronic obstructive bronchitis (disorder)"
          }
        ],
        "resourceType": "Procedure"
      }
    },
    {
      "fullUrl": "urn:uuid:9b37e9b9-17be-4b66-96a9-a7e0aa7c845b",
      "resource": {
        "id": "9b37e9b9-17be-4b66-96a9-a7e0aa7c845b",
        "meta": {
          "profile": [
            "http://standardhealthrecord.org/fhir/StructureDefinition/shr-procedure-Procedure"
          ]
        },
        "extension": [
          {
            "url": "http://standardhealthrecord.org/fhir/StructureDefinition/shr-core-CodeableConcept-extension",
            "valueCodeableConcept": {
              "coding": [
                {
                  "system": "http://snomed.info/sct",
                  "code": "428191000124101",
                  "display": "Documentation of current medications"
                }
              ],
              "text": "Documentation of current medications"
            }
          }
        ],
        "status": "completed",
        "code": {
          "coding": [
            {
              "system": "http://snomed.info/sct",
              "code": "428191000124101",
              "display": "Documentation of current medications"
            }
          ],
          "text": "Documentation of current medications"
        },
        "subject": {
          "reference": "urn:uuid:d9f032d7-831c-424c-82b7-55580e2cb3de"
        },
        "context": {
          "reference": "urn:uuid:f03eda67-17f8-4773-83d1-535c7db67f60"
        },
        "performedDateTime": "2009-07-20T23:10:06-04:00",
        "resourceType": "Procedure"
      }
    },
    {
      "resource": {
        "meta": {
          "profile": [
            "http://standardhealthrecord.org/fhir/StructureDefinition/shr-immunization-Immunization"
          ]
        },
        "status": "completed",
        "notGiven": false,
        "vaccineCode": {
          "coding": [
            {
              "system": "http://hl7.org/fhir/sid/cvx",
              "code": "140",
              "display": "Influenza, seasonal, injectable, preservative free"
            }
          ],
          "text": "Influenza, seasonal, injectable, preservative free"
        },
        "patient": {
          "reference": "urn:uuid:d9f032d7-831c-424c-82b7-55580e2cb3de"
        },
        "encounter": {
          "reference": "urn:uuid:f03eda67-17f8-4773-83d1-535c7db67f60"
        },
        "date": "2009-07-20T23:10:06-04:00",
        "primarySource": true,
        "resourceType": "Immunization"
      }
    },
    {
      "resource": {
        "status": "active",
        "intent": "order",
        "category": [
          {
            "coding": [
              {
                "system": "http://snomed.info/sct",
                "code": "412776001",
                "display": "Chronic obstructive pulmonary disease clinical management plan"
              }
            ]
          }
        ],
        "subject": {
          "reference": "urn:uuid:d9f032d7-831c-424c-82b7-55580e2cb3de"
        },
        "context": {
          "reference": "urn:uuid:f03eda67-17f8-4773-83d1-535c7db67f60"
        },
        "period": {
          "start": "1999-12-31"
        },
        "addresses": [
          {
            "reference": "urn:uuid:58e2c7ef-c143-4c7e-9c08-d3dad0117283"
          }
        ],
        "activity": [
          {
            "detail": {
              "code": {
                "coding": [
                  {
                    "system": "http://snomed.info/sct",
                    "code": "710081004",
                    "display": "Smoking cessation therapy"
                  }
                ]
              },
              "status": "in-progress"
            }
          },
          {
            "detail": {
              "code": {
                "coding": [
                  {
                    "system": "http://snomed.info/sct",
                    "code": "426990007",
                    "display": "Home oxygen therapy (procedure)"
                  }
                ]
              },
              "status": "in-progress"
            }
          }
        ],
        "resourceType": "CarePlan"
      }
    },
    {
      "fullUrl": "urn:uuid:846d5b3b-4f2b-46ae-8a46-da7239dedc7b",
      "resource": {
        "id": "846d5b3b-4f2b-46ae-8a46-da7239dedc7b",
        "meta": {
          "profile": [
            "http://standardhealthrecord.org/fhir/StructureDefinition/shr-medication-MedicationPrescription"
          ]
        },
        "extension": [
          {
            "url": "http://standardhealthrecord.org/fhir/StructureDefinition/shr-base-ActionCode-extension",
            "valueCodeableConcept": {
              "coding": [
                {
                  "system": "http://snomed.info/sct",
                  "code": "33633005",
                  "display": "Prescription of drug (procedure)"
                }
              ],
              "text": "Prescription of drug (procedure)"
            }
          }
        ],
        "status": "active",
        "intent": "order",
        "medicationCodeableConcept": {
          "coding": [
            {
              "system": "http://www.nlm.nih.gov/research/umls/rxnorm",
              "code": "834101",
              "display": "Penicillin V Potassium 500 MG"
            }
          ],
          "text": "Penicillin V Potassium 500 MG"
        },
        "subject": {
          "reference": "urn:uuid:d9f032d7-831c-424c-82b7-55580e2cb3de"
        },
        "context": {
          "reference": "urn:uuid:f03eda67-17f8-4773-83d1-535c7db67f60"
        },
        "authoredOn": "1994-12-05",
        "resourceType": "MedicationRequest"
      }
    },
    {
      "fullUrl": "urn:uuid:6dffba3a-251d-45b4-814e-2f56ecac6ca7",
      "resource": {
        "id": "6dffba3a-251d-45b4-814e-2f56ecac6ca7",
        "status": "active",
        "use": "complete",
        "patient": {
          "reference": "urn:uuid:d9f032d7-831c-424c-82b7-55580e2cb3de"
        },
        "billablePeriod": {
          "start": "2009-07-20T23:10:06-04:00",
          "end": "2009-07-21T00:10:06-04:00"
        },
        "organization": {
          "reference": {
            "reference": "urn:uuid:122a7c36-4f1b-46d1-8dba-e2fe5118bd2d"
          }
        },
        "prescription": {
          "reference": "urn:uuid:846d5b3b-4f2b-46ae-8a46-da7239dedc7b"
        },
        "item": [
          {
            "sequence": 1,
            "net": {
              "value": 125.0,
              "system": "urn:iso:std:iso:4217",
              "code": "USD"
            },
            "encounter": [
              {
                "reference": {
                  "fullUrl": "urn:uuid:f03eda67-17f8-4773-83d1-535c7db67f60",
                  "resource": {
                    "id": "f03eda67-17f8-4773-83d1-535c7db67f60",
                    "meta": {
                      "profile": [
                        "http://standardhealthrecord.org/fhir/StructureDefinition/shr-encounter-Encounter"
                      ]
                    },
                    "status": "finished",
                    "class": {
                      "code": "outpatient"
                    },
                    "type": [
                      {
                        "coding": [
                          {
                            "system": "http://snomed.info/sct",
                            "code": "185349003"
                          }
                        ],
                        "text": "Outpatient Encounter"
                      }
                    ],
                    "subject": {
                      "reference": "urn:uuid:d9f032d7-831c-424c-82b7-55580e2cb3de"
                    },
                    "period": {
                      "start": "2009-07-20T23:10:06-04:00",
                      "end": "2009-07-21T00:10:06-04:00"
                    },
                    "serviceProvider": {
                      "reference": "urn:uuid:122a7c36-4f1b-46d1-8dba-e2fe5118bd2d"
                    },
                    "resourceType": "Encounter"
                  }
                }
              }
            ]
          },
          {
            "sequence": 1,
            "net": {
              "value": 255.0,
              "system": "urn:iso:std:iso:4217",
              "code": "USD"
            }
          }
        ],
        "total": {
          "value": 255.0,
          "system": "urn:iso:std:iso:4217",
          "code": "USD"
        },
        "resourceType": "Claim"
      }
    },
    {
      "fullUrl": "urn:uuid:c1a86d40-91a8-45fd-b4e5-35b23462e946",
      "resource": {
        "id": "c1a86d40-91a8-45fd-b4e5-35b23462e946",
        "meta": {
          "profile": [
            "http://standardhealthrecord.org/fhir/StructureDefinition/shr-medication-MedicationPrescription"
          ]
        },
        "extension": [
          {
            "url": "http://standardhealthrecord.org/fhir/StructureDefinition/shr-base-ActionCode-extension",
            "valueCodeableConcept": {
              "coding": [
                {
                  "system": "http://snomed.info/sct",
                  "code": "33633005",
                  "display": "Prescription of drug (procedure)"
                }
              ],
              "text": "Prescription of drug (procedure)"
            }
          }
        ],
        "status": "active",
        "intent": "order",
        "medicationCodeableConcept": {
          "coding": [
            {
              "system": "http://www.nlm.nih.gov/research/umls/rxnorm",
              "code": "896188",
              "display": "Fluticasone propionate 0.25 MG/ACTUAT / salmeterol 0.05 MG/ACTUAT [Advair]"
            }
          ],
          "text": "Fluticasone propionate 0.25 MG/ACTUAT / salmeterol 0.05 MG/ACTUAT [Advair]"
        },
        "subject": {
          "reference": "urn:uuid:d9f032d7-831c-424c-82b7-55580e2cb3de"
        },
        "context": {
          "reference": "urn:uuid:f03eda67-17f8-4773-83d1-535c7db67f60"
        },
        "authoredOn": "2003-02-07",
        "reasonReference": [
          {
            "reference": "urn:uuid:58e2c7ef-c143-4c7e-9c08-d3dad0117283"
          }
        ],
        "resourceType": "MedicationRequest"
      }
    },
    {
      "fullUrl": "urn:uuid:bdd048c6-3232-479f-9e25-4050634b245e",
      "resource": {
        "id": "bdd048c6-3232-479f-9e25-4050634b245e",
        "status": "active",
        "use": "complete",
        "patient": {
          "reference": "urn:uuid:d9f032d7-831c-424c-82b7-55580e2cb3de"
        },
        "billablePeriod": {
          "start": "2009-07-20T23:10:06-04:00",
          "end": "2009-07-21T00:10:06-04:00"
        },
        "organization": {
          "reference": {
            "reference": "urn:uuid:122a7c36-4f1b-46d1-8dba-e2fe5118bd2d"
          }
        },
        "prescription": {
          "reference": "urn:uuid:c1a86d40-91a8-45fd-b4e5-35b23462e946"
        },
        "item": [
          {
            "sequence": 1,
            "net": {
              "value": 125.0,
              "system": "urn:iso:std:iso:4217",
              "code": "USD"
            },
            "encounter": [
              {
                "reference": {
                  "fullUrl": "urn:uuid:f03eda67-17f8-4773-83d1-535c7db67f60",
                  "resource": {
                    "id": "f03eda67-17f8-4773-83d1-535c7db67f60",
                    "meta": {
                      "profile": [
                        "http://standardhealthrecord.org/fhir/StructureDefinition/shr-encounter-Encounter"
                      ]
                    },
                    "status": "finished",
                    "class": {
                      "code": "outpatient"
                    },
                    "type": [
                      {
                        "coding": [
                          {
                            "system": "http://snomed.info/sct",
                            "code": "185349003"
                          }
                        ],
                        "text": "Outpatient Encounter"
                      }
                    ],
                    "subject": {
                      "reference": "urn:uuid:d9f032d7-831c-424c-82b7-55580e2cb3de"
                    },
                    "period": {
                      "start": "2009-07-20T23:10:06-04:00",
                      "end": "2009-07-21T00:10:06-04:00"
                    },
                    "serviceProvider": {
                      "reference": "urn:uuid:122a7c36-4f1b-46d1-8dba-e2fe5118bd2d"
                    },
                    "resourceType": "Encounter"
                  }
                }
              }
            ]
          },
          {
            "sequence": 1,
            "net": {
              "value": 255.0,
              "system": "urn:iso:std:iso:4217",
              "code": "USD"
            }
          }
        ],
        "total": {
          "value": 255.0,
          "system": "urn:iso:std:iso:4217",
          "code": "USD"
        },
        "resourceType": "Claim"
      }
    },
    {
      "fullUrl": "urn:uuid:959e5aff-dfde-401d-9256-6f63dcbc2b57",
      "resource": {
        "id": "959e5aff-dfde-401d-9256-6f63dcbc2b57",
        "meta": {
          "profile": [
            "http://standardhealthrecord.org/fhir/StructureDefinition/shr-encounter-Encounter"
          ]
        },
        "status": "finished",
        "class": {
          "code": "outpatient"
        },
        "type": [
          {
            "coding": [
              {
                "system": "http://snomed.info/sct",
                "code": "185349003"
              }
            ],
            "text": "Outpatient Encounter"
          }
        ],
        "subject": {
          "reference": "urn:uuid:d9f032d7-831c-424c-82b7-55580e2cb3de"
        },
        "period": {
          "start": "2012-09-11T00:19:00-04:00",
          "end": "2012-09-11T01:19:00-04:00"
        },
        "serviceProvider": {
          "reference": "urn:uuid:122a7c36-4f1b-46d1-8dba-e2fe5118bd2d"
        },
        "resourceType": "Encounter"
      }
    },
    {
      "fullUrl": "urn:uuid:0988ef92-10b2-4eb0-af98-f6439cbfda62",
      "resource": {
        "id": "0988ef92-10b2-4eb0-af98-f6439cbfda62",
        "status": "active",
        "use": "complete",
        "patient": {
          "reference": "urn:uuid:d9f032d7-831c-424c-82b7-55580e2cb3de"
        },
        "billablePeriod": {
          "start": "2012-09-11T00:19:00-04:00",
          "end": "2012-09-11T01:19:00-04:00"
        },
        "organization": {
          "reference": {
            "reference": "urn:uuid:122a7c36-4f1b-46d1-8dba-e2fe5118bd2d"
          }
        },
        "procedure": [
          {
            "sequence": 1,
            "procedureReference": {
              "reference": "urn:uuid:f9400979-b840-4c50-86c4-ef8d1ca45a23"
            }
          }
        ],
        "item": [
          {
            "sequence": 1,
            "net": {
              "value": 125.0,
              "system": "urn:iso:std:iso:4217",
              "code": "USD"
            },
            "encounter": [
              {
                "reference": {
                  "fullUrl": "urn:uuid:959e5aff-dfde-401d-9256-6f63dcbc2b57",
                  "resource": {
                    "id": "959e5aff-dfde-401d-9256-6f63dcbc2b57",
                    "meta": {
                      "profile": [
                        "http://standardhealthrecord.org/fhir/StructureDefinition/shr-encounter-Encounter"
                      ]
                    },
                    "status": "finished",
                    "class": {
                      "code": "outpatient"
                    },
                    "type": [
                      {
                        "coding": [
                          {
                            "system": "http://snomed.info/sct",
                            "code": "185349003"
                          }
                        ],
                        "text": "Outpatient Encounter"
                      }
                    ],
                    "subject": {
                      "reference": "urn:uuid:d9f032d7-831c-424c-82b7-55580e2cb3de"
                    },
                    "period": {
                      "start": "2012-09-11T00:19:00-04:00",
                      "end": "2012-09-11T01:19:00-04:00"
                    },
                    "serviceProvider": {
                      "reference": "urn:uuid:122a7c36-4f1b-46d1-8dba-e2fe5118bd2d"
                    },
                    "resourceType": "Encounter"
                  }
                }
              }
            ]
          },
          {
            "sequence": 2,
            "procedureLinkId": [
              2
            ],
            "net": {
              "value": 1508.6649932999997,
              "system": "urn:iso:std:iso:4217",
              "code": "USD"
            }
          },
          {
            "sequence": 3,
            "category": {
              "coding": [
                {
                  "system": "http://hl7.org/fhir/sid/cvx",
                  "code": "140",
                  "display": "Influenza, seasonal, injectable, preservative free"
                }
              ],
              "text": "Influenza, seasonal, injectable, preservative free"
            },
            "net": {
              "value": 136.0,
              "system": "urn:iso:std:iso:4217",
              "code": "USD"
            }
          },
          {
            "sequence": 4,
            "category": {
              "coding": [
                {
                  "system": "http://hl7.org/fhir/sid/cvx",
                  "code": "113",
                  "display": "Td (adult) preservative free"
                }
              ],
              "text": "Td (adult) preservative free"
            },
            "net": {
              "value": 136.0,
              "system": "urn:iso:std:iso:4217",
              "code": "USD"
            }
          }
        ],
        "total": {
          "value": 1905.6649932999997,
          "system": "urn:iso:std:iso:4217",
          "code": "USD"
        },
        "resourceType": "Claim"
      }
    },
    {
      "fullUrl": "urn:uuid:1c09862c-a451-4b9d-95a8-1449b577a41a",
      "resource": {
        "id": "1c09862c-a451-4b9d-95a8-1449b577a41a",
        "meta": {
          "profile": [
            "http://standardhealthrecord.org/fhir/StructureDefinition/shr-observation-Observation"
          ]
        },
        "status": "final",
        "category": [
          {
            "coding": [
              {
                "system": "http://hl7.org/fhir/observation-category",
                "code": "procedure"
              }
            ]
          }
        ],
        "code": {
          "coding": [
            {
              "system": "http://loinc.org",
              "code": "19926-5",
              "display": "FEV1/​FVC"
            }
          ],
          "text": "FEV1/​FVC"
        },
        "subject": {
          "reference": "urn:uuid:d9f032d7-831c-424c-82b7-55580e2cb3de"
        },
        "context": {
          "reference": "urn:uuid:959e5aff-dfde-401d-9256-6f63dcbc2b57"
        },
        "effectiveDateTime": "2012-09-11T00:19:00-04:00",
        "issued": "2012-09-11T00:19:00-04:00",
        "valueQuantity": {
          "value": 35,
          "unit": "%",
          "system": "http://unitsofmeasure.org/",
          "code": "%"
        },
        "resourceType": "Observation"
      }
    },
    {
      "fullUrl": "urn:uuid:b4d6063b-8350-4bca-9757-b9c9a018a054",
      "resource": {
        "id": "b4d6063b-8350-4bca-9757-b9c9a018a054",
        "meta": {
          "profile": [
            "http://standardhealthrecord.org/fhir/StructureDefinition/shr-observation-Observation",
            "http://standardhealthrecord.org/fhir/StructureDefinition/shr-vital-VitalSign",
            "http://standardhealthrecord.org/fhir/StructureDefinition/shr-vital-BodyHeight"
          ]
        },
        "status": "final",
        "category": [
          {
            "coding": [
              {
                "system": "http://hl7.org/fhir/observation-category",
                "code": "vital-signs"
              }
            ]
          }
        ],
        "code": {
          "coding": [
            {
              "system": "http://loinc.org",
              "code": "8302-2",
              "display": "Body Height"
            }
          ],
          "text": "Body Height"
        },
        "subject": {
          "reference": "urn:uuid:d9f032d7-831c-424c-82b7-55580e2cb3de"
        },
        "context": {
          "reference": "urn:uuid:959e5aff-dfde-401d-9256-6f63dcbc2b57"
        },
        "effectiveDateTime": "2012-09-11T00:19:00-04:00",
        "issued": "2012-09-11T00:19:00-04:00",
        "valueQuantity": {
          "value": 177.5229845783382,
          "unit": "cm",
          "system": "http://unitsofmeasure.org/",
          "code": "cm"
        },
        "resourceType": "Observation"
      }
    },
    {
      "fullUrl": "urn:uuid:d4c78f4d-736b-45d6-b718-c9b169622baa",
      "resource": {
        "id": "d4c78f4d-736b-45d6-b718-c9b169622baa",
        "meta": {
          "profile": [
            "http://standardhealthrecord.org/fhir/StructureDefinition/shr-observation-Observation",
            "http://standardhealthrecord.org/fhir/StructureDefinition/shr-vital-VitalSign",
            "http://standardhealthrecord.org/fhir/StructureDefinition/shr-vital-BodyWeight"
          ]
        },
        "status": "final",
        "category": [
          {
            "coding": [
              {
                "system": "http://hl7.org/fhir/observation-category",
                "code": "vital-signs"
              }
            ]
          }
        ],
        "code": {
          "coding": [
            {
              "system": "http://loinc.org",
              "code": "29463-7",
              "display": "Body Weight"
            }
          ],
          "text": "Body Weight"
        },
        "subject": {
          "reference": "urn:uuid:d9f032d7-831c-424c-82b7-55580e2cb3de"
        },
        "context": {
          "reference": "urn:uuid:959e5aff-dfde-401d-9256-6f63dcbc2b57"
        },
        "effectiveDateTime": "2012-09-11T00:19:00-04:00",
        "issued": "2012-09-11T00:19:00-04:00",
        "valueQuantity": {
          "value": 100.98500100360422,
          "unit": "kg",
          "system": "http://unitsofmeasure.org/",
          "code": "kg"
        },
        "resourceType": "Observation"
      }
    },
    {
      "fullUrl": "urn:uuid:35d317be-8396-4f89-99ae-ec131c09196c",
      "resource": {
        "id": "35d317be-8396-4f89-99ae-ec131c09196c",
        "meta": {
          "profile": [
            "http://standardhealthrecord.org/fhir/StructureDefinition/shr-observation-Observation",
            "http://standardhealthrecord.org/fhir/StructureDefinition/shr-vital-VitalSign",
            "http://standardhealthrecord.org/fhir/StructureDefinition/shr-vital-BodyMassIndex"
          ]
        },
        "status": "final",
        "category": [
          {
            "coding": [
              {
                "system": "http://hl7.org/fhir/observation-category",
                "code": "vital-signs"
              }
            ]
          }
        ],
        "code": {
          "coding": [
            {
              "system": "http://loinc.org",
              "code": "39156-5",
              "display": "Body Mass Index"
            }
          ],
          "text": "Body Mass Index"
        },
        "subject": {
          "reference": "urn:uuid:d9f032d7-831c-424c-82b7-55580e2cb3de"
        },
        "context": {
          "reference": "urn:uuid:959e5aff-dfde-401d-9256-6f63dcbc2b57"
        },
        "effectiveDateTime": "2012-09-11T00:19:00-04:00",
        "issued": "2012-09-11T00:19:00-04:00",
        "valueQuantity": {
          "value": 32.04407153167237,
          "unit": "kg/m2",
          "system": "http://unitsofmeasure.org/",
          "code": "kg/m2"
        },
        "resourceType": "Observation"
      }
    },
    {
      "fullUrl": "urn:uuid:04768353-4102-4f11-8e3a-7abd6c797a34",
      "resource": {
        "id": "04768353-4102-4f11-8e3a-7abd6c797a34",
        "meta": {
          "profile": [
            "http://standardhealthrecord.org/fhir/StructureDefinition/shr-observation-Observation",
            "http://standardhealthrecord.org/fhir/StructureDefinition/shr-vital-BloodPressure"
          ]
        },
        "status": "final",
        "category": [
          {
            "coding": [
              {
                "system": "http://hl7.org/fhir/observation-category",
                "code": "vital-signs"
              }
            ]
          }
        ],
        "code": {
          "coding": [
            {
              "system": "http://loinc.org",
              "code": "55284-4",
              "display": "Blood Pressure"
            }
          ]
        },
        "subject": {
          "reference": "urn:uuid:d9f032d7-831c-424c-82b7-55580e2cb3de"
        },
        "context": {
          "reference": "urn:uuid:959e5aff-dfde-401d-9256-6f63dcbc2b57"
        },
        "effectiveDateTime": "2012-09-11T00:19:00-04:00",
        "issued": "2012-09-11T00:19:00-04:00",
        "component": [
          {
            "code": {
              "coding": [
                {
                  "system": "http://loinc.org",
                  "code": "8480-6",
                  "display": "Systolic Blood Pressure"
                }
              ],
              "text": "Systolic Blood Pressure"
            },
            "valueQuantity": {
              "value": 106,
              "unit": "mmHg",
              "system": "http://unitsofmeasure.org/",
              "code": "mmHg"
            }
          },
          {
            "code": {
              "coding": [
                {
                  "system": "http://loinc.org",
                  "code": "8462-4",
                  "display": "Diastolic Blood Pressure"
                }
              ],
              "text": "Diastolic Blood Pressure"
            },
            "valueQuantity": {
              "value": 86,
              "unit": "mmHg",
              "system": "http://unitsofmeasure.org/",
              "code": "mmHg"
            }
          }
        ],
        "resourceType": "Observation"
      }
    },
    {
      "fullUrl": "urn:uuid:9e1150f5-53dd-44d4-838a-4aab185e6569",
      "resource": {
        "id": "9e1150f5-53dd-44d4-838a-4aab185e6569",
        "meta": {
          "profile": [
            "http://standardhealthrecord.org/fhir/StructureDefinition/shr-observation-Observation"
          ]
        },
        "status": "final",
        "category": [
          {
            "coding": [
              {
                "system": "http://hl7.org/fhir/observation-category",
                "code": "laboratory"
              }
            ]
          }
        ],
        "code": {
          "coding": [
            {
              "system": "http://loinc.org",
              "code": "2093-3",
              "display": "Total Cholesterol"
            }
          ],
          "text": "Total Cholesterol"
        },
        "subject": {
          "reference": "urn:uuid:d9f032d7-831c-424c-82b7-55580e2cb3de"
        },
        "context": {
          "reference": "urn:uuid:959e5aff-dfde-401d-9256-6f63dcbc2b57"
        },
        "effectiveDateTime": "2012-09-11T00:19:00-04:00",
        "issued": "2012-09-11T00:19:00-04:00",
        "valueQuantity": {
          "value": 190,
          "unit": "mg/dL",
          "system": "http://unitsofmeasure.org/",
          "code": "mg/dL"
        },
        "resourceType": "Observation"
      }
    },
    {
      "fullUrl": "urn:uuid:6cd77e23-65ec-4955-9677-c13fea73620c",
      "resource": {
        "id": "6cd77e23-65ec-4955-9677-c13fea73620c",
        "meta": {
          "profile": [
            "http://standardhealthrecord.org/fhir/StructureDefinition/shr-observation-Observation"
          ]
        },
        "status": "final",
        "category": [
          {
            "coding": [
              {
                "system": "http://hl7.org/fhir/observation-category",
                "code": "laboratory"
              }
            ]
          }
        ],
        "code": {
          "coding": [
            {
              "system": "http://loinc.org",
              "code": "2571-8",
              "display": "Triglycerides"
            }
          ],
          "text": "Triglycerides"
        },
        "subject": {
          "reference": "urn:uuid:d9f032d7-831c-424c-82b7-55580e2cb3de"
        },
        "context": {
          "reference": "urn:uuid:959e5aff-dfde-401d-9256-6f63dcbc2b57"
        },
        "effectiveDateTime": "2012-09-11T00:19:00-04:00",
        "issued": "2012-09-11T00:19:00-04:00",
        "valueQuantity": {
          "value": 145,
          "unit": "mg/dL",
          "system": "http://unitsofmeasure.org/",
          "code": "mg/dL"
        },
        "resourceType": "Observation"
      }
    },
    {
      "fullUrl": "urn:uuid:5967c2bf-4461-4763-a511-5f22e994924f",
      "resource": {
        "id": "5967c2bf-4461-4763-a511-5f22e994924f",
        "meta": {
          "profile": [
            "http://standardhealthrecord.org/fhir/StructureDefinition/shr-observation-Observation"
          ]
        },
        "status": "final",
        "category": [
          {
            "coding": [
              {
                "system": "http://hl7.org/fhir/observation-category",
                "code": "laboratory"
              }
            ]
          }
        ],
        "code": {
          "coding": [
            {
              "system": "http://loinc.org",
              "code": "18262-6",
              "display": "Low Density Lipoprotein Cholesterol"
            }
          ],
          "text": "Low Density Lipoprotein Cholesterol"
        },
        "subject": {
          "reference": "urn:uuid:d9f032d7-831c-424c-82b7-55580e2cb3de"
        },
        "context": {
          "reference": "urn:uuid:959e5aff-dfde-401d-9256-6f63dcbc2b57"
        },
        "effectiveDateTime": "2012-09-11T00:19:00-04:00",
        "issued": "2012-09-11T00:19:00-04:00",
        "valueQuantity": {
          "value": 86,
          "unit": "mg/dL",
          "system": "http://unitsofmeasure.org/",
          "code": "mg/dL"
        },
        "resourceType": "Observation"
      }
    },
    {
      "fullUrl": "urn:uuid:a5bba5a9-1c93-4bae-9866-a772399d3231",
      "resource": {
        "id": "a5bba5a9-1c93-4bae-9866-a772399d3231",
        "meta": {
          "profile": [
            "http://standardhealthrecord.org/fhir/StructureDefinition/shr-observation-Observation"
          ]
        },
        "status": "final",
        "category": [
          {
            "coding": [
              {
                "system": "http://hl7.org/fhir/observation-category",
                "code": "laboratory"
              }
            ]
          }
        ],
        "code": {
          "coding": [
            {
              "system": "http://loinc.org",
              "code": "2085-9",
              "display": "High Density Lipoprotein Cholesterol"
            }
          ],
          "text": "High Density Lipoprotein Cholesterol"
        },
        "subject": {
          "reference": "urn:uuid:d9f032d7-831c-424c-82b7-55580e2cb3de"
        },
        "context": {
          "reference": "urn:uuid:959e5aff-dfde-401d-9256-6f63dcbc2b57"
        },
        "effectiveDateTime": "2012-09-11T00:19:00-04:00",
        "issued": "2012-09-11T00:19:00-04:00",
        "valueQuantity": {
          "value": 75,
          "unit": "mg/dL",
          "system": "http://unitsofmeasure.org/",
          "code": "mg/dL"
        },
        "resourceType": "Observation"
      }
    },
    {
      "fullUrl": "urn:uuid:bf4630f6-6721-4799-bbe4-f9fb13ea40f7",
      "resource": {
        "id": "bf4630f6-6721-4799-bbe4-f9fb13ea40f7",
        "meta": {
          "profile": [
            "http://standardhealthrecord.org/fhir/StructureDefinition/shr-observation-Panel"
          ]
        },
        "status": "final",
        "code": {
          "coding": [
            {
              "system": "http://loinc.org",
              "code": "57698-3",
              "display": "Lipid Panel"
            }
          ]
        },
        "subject": {
          "reference": "urn:uuid:d9f032d7-831c-424c-82b7-55580e2cb3de"
        },
        "context": {
          "reference": "urn:uuid:959e5aff-dfde-401d-9256-6f63dcbc2b57"
        },
        "effectiveDateTime": "2012-09-11T00:19:00-04:00",
        "issued": "2012-09-11T00:19:00-04:00",
        "result": [
          {
            "reference": "urn:uuid:9e1150f5-53dd-44d4-838a-4aab185e6569",
            "display": "Total Cholesterol"
          },
          {
            "reference": "urn:uuid:6cd77e23-65ec-4955-9677-c13fea73620c",
            "display": "Triglycerides"
          },
          {
            "reference": "urn:uuid:5967c2bf-4461-4763-a511-5f22e994924f",
            "display": "Low Density Lipoprotein Cholesterol"
          },
          {
            "reference": "urn:uuid:a5bba5a9-1c93-4bae-9866-a772399d3231",
            "display": "High Density Lipoprotein Cholesterol"
          }
        ],
        "resourceType": "DiagnosticReport"
      }
    },
    {
      "fullUrl": "urn:uuid:f9400979-b840-4c50-86c4-ef8d1ca45a23",
      "resource": {
        "id": "f9400979-b840-4c50-86c4-ef8d1ca45a23",
        "meta": {
          "profile": [
            "http://standardhealthrecord.org/fhir/StructureDefinition/shr-procedure-Procedure"
          ]
        },
        "extension": [
          {
            "url": "http://standardhealthrecord.org/fhir/StructureDefinition/shr-core-CodeableConcept-extension",
            "valueCodeableConcept": {
              "coding": [
                {
                  "system": "http://snomed.info/sct",
                  "code": "127783003",
                  "display": "Spirometry (procedure)"
                }
              ],
              "text": "Spirometry (procedure)"
            }
          }
        ],
        "status": "completed",
        "code": {
          "coding": [
            {
              "system": "http://snomed.info/sct",
              "code": "127783003",
              "display": "Spirometry (procedure)"
            }
          ],
          "text": "Spirometry (procedure)"
        },
        "subject": {
          "reference": "urn:uuid:d9f032d7-831c-424c-82b7-55580e2cb3de"
        },
        "context": {
          "reference": "urn:uuid:959e5aff-dfde-401d-9256-6f63dcbc2b57"
        },
        "performedDateTime": "2012-09-11T00:19:00-04:00",
        "reasonReference": [
          {
            "reference": "urn:uuid:58e2c7ef-c143-4c7e-9c08-d3dad0117283",
            "display": "Chronic obstructive bronchitis (disorder)"
          }
        ],
        "resourceType": "Procedure"
      }
    },
    {
      "resource": {
        "meta": {
          "profile": [
            "http://standardhealthrecord.org/fhir/StructureDefinition/shr-immunization-Immunization"
          ]
        },
        "status": "completed",
        "notGiven": false,
        "vaccineCode": {
          "coding": [
            {
              "system": "http://hl7.org/fhir/sid/cvx",
              "code": "140",
              "display": "Influenza, seasonal, injectable, preservative free"
            }
          ],
          "text": "Influenza, seasonal, injectable, preservative free"
        },
        "patient": {
          "reference": "urn:uuid:d9f032d7-831c-424c-82b7-55580e2cb3de"
        },
        "encounter": {
          "reference": "urn:uuid:959e5aff-dfde-401d-9256-6f63dcbc2b57"
        },
        "date": "2012-09-11T00:19:00-04:00",
        "primarySource": true,
        "resourceType": "Immunization"
      }
    },
    {
      "resource": {
        "meta": {
          "profile": [
            "http://standardhealthrecord.org/fhir/StructureDefinition/shr-immunization-Immunization"
          ]
        },
        "status": "completed",
        "notGiven": false,
        "vaccineCode": {
          "coding": [
            {
              "system": "http://hl7.org/fhir/sid/cvx",
              "code": "113",
              "display": "Td (adult) preservative free"
            }
          ],
          "text": "Td (adult) preservative free"
        },
        "patient": {
          "reference": "urn:uuid:d9f032d7-831c-424c-82b7-55580e2cb3de"
        },
        "encounter": {
          "reference": "urn:uuid:959e5aff-dfde-401d-9256-6f63dcbc2b57"
        },
        "date": "2012-09-11T00:19:00-04:00",
        "primarySource": true,
        "resourceType": "Immunization"
      }
    },
    {
      "fullUrl": "urn:uuid:801d86dd-ceda-4c91-aea4-af86a30a7abb",
      "resource": {
        "id": "801d86dd-ceda-4c91-aea4-af86a30a7abb",
        "meta": {
          "profile": [
            "http://standardhealthrecord.org/fhir/StructureDefinition/shr-encounter-Encounter"
          ]
        },
        "status": "finished",
        "class": {
          "code": "outpatient"
        },
        "type": [
          {
            "coding": [
              {
                "system": "http://snomed.info/sct",
                "code": "185349003"
              }
            ],
            "text": "Outpatient Encounter"
          }
        ],
        "subject": {
          "reference": "urn:uuid:d9f032d7-831c-424c-82b7-55580e2cb3de"
        },
        "period": {
          "start": "2014-10-13T15:13:24-04:00",
          "end": "2014-10-13T16:13:24-04:00"
        },
        "serviceProvider": {
          "reference": "urn:uuid:122a7c36-4f1b-46d1-8dba-e2fe5118bd2d"
        },
        "resourceType": "Encounter"
      }
    },
    {
      "fullUrl": "urn:uuid:9e320a32-f88f-4341-9243-1f1b5e9cde37",
      "resource": {
        "id": "9e320a32-f88f-4341-9243-1f1b5e9cde37",
        "status": "active",
        "use": "complete",
        "patient": {
          "reference": "urn:uuid:d9f032d7-831c-424c-82b7-55580e2cb3de"
        },
        "billablePeriod": {
          "start": "2014-10-13T15:13:24-04:00",
          "end": "2014-10-13T16:13:24-04:00"
        },
        "organization": {
          "reference": {
            "reference": "urn:uuid:122a7c36-4f1b-46d1-8dba-e2fe5118bd2d"
          }
        },
        "procedure": [
          {
            "sequence": 1,
            "procedureReference": {
              "reference": "urn:uuid:f88d079d-7216-4f00-84be-94734cdaf300"
            }
          }
        ],
        "item": [
          {
            "sequence": 1,
            "net": {
              "value": 125.0,
              "system": "urn:iso:std:iso:4217",
              "code": "USD"
            },
            "encounter": [
              {
                "reference": {
                  "fullUrl": "urn:uuid:801d86dd-ceda-4c91-aea4-af86a30a7abb",
                  "resource": {
                    "id": "801d86dd-ceda-4c91-aea4-af86a30a7abb",
                    "meta": {
                      "profile": [
                        "http://standardhealthrecord.org/fhir/StructureDefinition/shr-encounter-Encounter"
                      ]
                    },
                    "status": "finished",
                    "class": {
                      "code": "outpatient"
                    },
                    "type": [
                      {
                        "coding": [
                          {
                            "system": "http://snomed.info/sct",
                            "code": "185349003"
                          }
                        ],
                        "text": "Outpatient Encounter"
                      }
                    ],
                    "subject": {
                      "reference": "urn:uuid:d9f032d7-831c-424c-82b7-55580e2cb3de"
                    },
                    "period": {
                      "start": "2014-10-13T15:13:24-04:00",
                      "end": "2014-10-13T16:13:24-04:00"
                    },
                    "serviceProvider": {
                      "reference": "urn:uuid:122a7c36-4f1b-46d1-8dba-e2fe5118bd2d"
                    },
                    "resourceType": "Encounter"
                  }
                }
              }
            ]
          },
          {
            "sequence": 2,
            "procedureLinkId": [
              2
            ],
            "net": {
              "value": 1508.6649932999997,
              "system": "urn:iso:std:iso:4217",
              "code": "USD"
            }
          },
          {
            "sequence": 3,
            "category": {
              "coding": [
                {
                  "system": "http://hl7.org/fhir/sid/cvx",
                  "code": "140",
                  "display": "Influenza, seasonal, injectable, preservative free"
                }
              ],
              "text": "Influenza, seasonal, injectable, preservative free"
            },
            "net": {
              "value": 136.0,
              "system": "urn:iso:std:iso:4217",
              "code": "USD"
            }
          }
        ],
        "total": {
          "value": 1769.6649932999997,
          "system": "urn:iso:std:iso:4217",
          "code": "USD"
        },
        "resourceType": "Claim"
      }
    },
    {
      "fullUrl": "urn:uuid:e01a9b87-aa6d-4170-b8d4-a2d101f90579",
      "resource": {
        "id": "e01a9b87-aa6d-4170-b8d4-a2d101f90579",
        "meta": {
          "profile": [
            "http://standardhealthrecord.org/fhir/StructureDefinition/shr-observation-Observation"
          ]
        },
        "status": "final",
        "category": [
          {
            "coding": [
              {
                "system": "http://hl7.org/fhir/observation-category",
                "code": "procedure"
              }
            ]
          }
        ],
        "code": {
          "coding": [
            {
              "system": "http://loinc.org",
              "code": "19926-5",
              "display": "FEV1/​FVC"
            }
          ],
          "text": "FEV1/​FVC"
        },
        "subject": {
          "reference": "urn:uuid:d9f032d7-831c-424c-82b7-55580e2cb3de"
        },
        "context": {
          "reference": "urn:uuid:801d86dd-ceda-4c91-aea4-af86a30a7abb"
        },
        "effectiveDateTime": "2014-10-13T15:13:24-04:00",
        "issued": "2014-10-13T15:13:24-04:00",
        "valueQuantity": {
          "value": 29,
          "unit": "%",
          "system": "http://unitsofmeasure.org/",
          "code": "%"
        },
        "resourceType": "Observation"
      }
    },
    {
      "fullUrl": "urn:uuid:abdd8f10-cf3d-4e1d-a9ef-6adcf7eaf96d",
      "resource": {
        "id": "abdd8f10-cf3d-4e1d-a9ef-6adcf7eaf96d",
        "meta": {
          "profile": [
            "http://standardhealthrecord.org/fhir/StructureDefinition/shr-observation-Observation"
          ]
        },
        "status": "final",
        "category": [
          {
            "coding": [
              {
                "system": "http://hl7.org/fhir/observation-category"
              }
            ]
          }
        ],
        "code": {
          "coding": [
            {
              "system": "http://loinc.org",
              "code": "69453-9",
              "display": "Cause of Death [US Standard Certificate of Death]"
            }
          ],
          "text": "Cause of Death [US Standard Certificate of Death]"
        },
        "subject": {
          "reference": "urn:uuid:d9f032d7-831c-424c-82b7-55580e2cb3de"
        },
        "context": {
          "reference": "urn:uuid:801d86dd-ceda-4c91-aea4-af86a30a7abb"
        },
        "effectiveDateTime": "2014-10-13T15:13:24-04:00",
        "issued": "2014-10-13T15:13:24-04:00",
        "valueCodeableConcept": {
          "coding": [
            {
              "system": "http://snomed.info/sct",
              "code": "185086009",
              "display": "Chronic obstructive bronchitis (disorder)"
            }
          ],
          "text": "Chronic obstructive bronchitis (disorder)"
        },
        "resourceType": "Observation"
      }
    },
    {
      "fullUrl": "urn:uuid:c75020ac-dfed-47e3-872c-7f88b45d15fd",
      "resource": {
        "id": "c75020ac-dfed-47e3-872c-7f88b45d15fd",
        "meta": {
          "profile": [
            "http://standardhealthrecord.org/fhir/StructureDefinition/shr-observation-Panel"
          ]
        },
        "status": "final",
        "code": {
          "coding": [
            {
              "system": "http://loinc.org",
              "code": "69409-1",
              "display": "U.S. standard certificate of death - 2003 revision"
            }
          ]
        },
        "subject": {
          "reference": "urn:uuid:d9f032d7-831c-424c-82b7-55580e2cb3de"
        },
        "context": {
          "reference": "urn:uuid:801d86dd-ceda-4c91-aea4-af86a30a7abb"
        },
        "effectiveDateTime": "2014-10-13T15:13:24-04:00",
        "issued": "2014-10-13T15:13:24-04:00",
        "result": [
          {
            "reference": "urn:uuid:abdd8f10-cf3d-4e1d-a9ef-6adcf7eaf96d",
            "display": "Cause of Death [US Standard Certificate of Death]"
          }
        ],
        "resourceType": "DiagnosticReport"
      }
    },
    {
      "fullUrl": "urn:uuid:57b183f2-c23d-4fad-8465-9d428a298084",
      "resource": {
        "id": "57b183f2-c23d-4fad-8465-9d428a298084",
        "meta": {
          "profile": [
            "http://standardhealthrecord.org/fhir/StructureDefinition/shr-observation-Observation",
            "http://standardhealthrecord.org/fhir/StructureDefinition/shr-vital-VitalSign",
            "http://standardhealthrecord.org/fhir/StructureDefinition/shr-vital-BodyHeight"
          ]
        },
        "status": "final",
        "category": [
          {
            "coding": [
              {
                "system": "http://hl7.org/fhir/observation-category",
                "code": "vital-signs"
              }
            ]
          }
        ],
        "code": {
          "coding": [
            {
              "system": "http://loinc.org",
              "code": "8302-2",
              "display": "Body Height"
            }
          ],
          "text": "Body Height"
        },
        "subject": {
          "reference": "urn:uuid:d9f032d7-831c-424c-82b7-55580e2cb3de"
        },
        "context": {
          "reference": "urn:uuid:801d86dd-ceda-4c91-aea4-af86a30a7abb"
        },
        "effectiveDateTime": "2014-10-13T15:13:24-04:00",
        "issued": "2014-10-13T15:13:24-04:00",
        "valueQuantity": {
          "value": 177.5229845783382,
          "unit": "cm",
          "system": "http://unitsofmeasure.org/",
          "code": "cm"
        },
        "resourceType": "Observation"
      }
    },
    {
      "fullUrl": "urn:uuid:267a6f92-100c-4740-a9b7-1a91a6e49117",
      "resource": {
        "id": "267a6f92-100c-4740-a9b7-1a91a6e49117",
        "meta": {
          "profile": [
            "http://standardhealthrecord.org/fhir/StructureDefinition/shr-observation-Observation",
            "http://standardhealthrecord.org/fhir/StructureDefinition/shr-vital-VitalSign",
            "http://standardhealthrecord.org/fhir/StructureDefinition/shr-vital-BodyWeight"
          ]
        },
        "status": "final",
        "category": [
          {
            "coding": [
              {
                "system": "http://hl7.org/fhir/observation-category",
                "code": "vital-signs"
              }
            ]
          }
        ],
        "code": {
          "coding": [
            {
              "system": "http://loinc.org",
              "code": "29463-7",
              "display": "Body Weight"
            }
          ],
          "text": "Body Weight"
        },
        "subject": {
          "reference": "urn:uuid:d9f032d7-831c-424c-82b7-55580e2cb3de"
        },
        "context": {
          "reference": "urn:uuid:801d86dd-ceda-4c91-aea4-af86a30a7abb"
        },
        "effectiveDateTime": "2014-10-13T15:13:24-04:00",
        "issued": "2014-10-13T15:13:24-04:00",
        "valueQuantity": {
          "value": 103.99420342493792,
          "unit": "kg",
          "system": "http://unitsofmeasure.org/",
          "code": "kg"
        },
        "resourceType": "Observation"
      }
    },
    {
      "fullUrl": "urn:uuid:634f8839-eb99-44f6-a0d8-e15263823277",
      "resource": {
        "id": "634f8839-eb99-44f6-a0d8-e15263823277",
        "meta": {
          "profile": [
            "http://standardhealthrecord.org/fhir/StructureDefinition/shr-observation-Observation",
            "http://standardhealthrecord.org/fhir/StructureDefinition/shr-vital-VitalSign",
            "http://standardhealthrecord.org/fhir/StructureDefinition/shr-vital-BodyMassIndex"
          ]
        },
        "status": "final",
        "category": [
          {
            "coding": [
              {
                "system": "http://hl7.org/fhir/observation-category",
                "code": "vital-signs"
              }
            ]
          }
        ],
        "code": {
          "coding": [
            {
              "system": "http://loinc.org",
              "code": "39156-5",
              "display": "Body Mass Index"
            }
          ],
          "text": "Body Mass Index"
        },
        "subject": {
          "reference": "urn:uuid:d9f032d7-831c-424c-82b7-55580e2cb3de"
        },
        "context": {
          "reference": "urn:uuid:801d86dd-ceda-4c91-aea4-af86a30a7abb"
        },
        "effectiveDateTime": "2014-10-13T15:13:24-04:00",
        "issued": "2014-10-13T15:13:24-04:00",
        "valueQuantity": {
          "value": 32.998937072932875,
          "unit": "kg/m2",
          "system": "http://unitsofmeasure.org/",
          "code": "kg/m2"
        },
        "resourceType": "Observation"
      }
    },
    {
      "fullUrl": "urn:uuid:7025757b-77ba-4026-bc4f-68a587feb19c",
      "resource": {
        "id": "7025757b-77ba-4026-bc4f-68a587feb19c",
        "meta": {
          "profile": [
            "http://standardhealthrecord.org/fhir/StructureDefinition/shr-observation-Observation",
            "http://standardhealthrecord.org/fhir/StructureDefinition/shr-vital-BloodPressure"
          ]
        },
        "status": "final",
        "category": [
          {
            "coding": [
              {
                "system": "http://hl7.org/fhir/observation-category",
                "code": "vital-signs"
              }
            ]
          }
        ],
        "code": {
          "coding": [
            {
              "system": "http://loinc.org",
              "code": "55284-4",
              "display": "Blood Pressure"
            }
          ]
        },
        "subject": {
          "reference": "urn:uuid:d9f032d7-831c-424c-82b7-55580e2cb3de"
        },
        "context": {
          "reference": "urn:uuid:801d86dd-ceda-4c91-aea4-af86a30a7abb"
        },
        "effectiveDateTime": "2014-10-13T15:13:24-04:00",
        "issued": "2014-10-13T15:13:24-04:00",
        "component": [
          {
            "code": {
              "coding": [
                {
                  "system": "http://loinc.org",
                  "code": "8480-6",
                  "display": "Systolic Blood Pressure"
                }
              ],
              "text": "Systolic Blood Pressure"
            },
            "valueQuantity": {
              "value": 101,
              "unit": "mmHg",
              "system": "http://unitsofmeasure.org/",
              "code": "mmHg"
            }
          },
          {
            "code": {
              "coding": [
                {
                  "system": "http://loinc.org",
                  "code": "8462-4",
                  "display": "Diastolic Blood Pressure"
                }
              ],
              "text": "Diastolic Blood Pressure"
            },
            "valueQuantity": {
              "value": 74,
              "unit": "mmHg",
              "system": "http://unitsofmeasure.org/",
              "code": "mmHg"
            }
          }
        ],
        "resourceType": "Observation"
      }
    },
    {
      "fullUrl": "urn:uuid:f88d079d-7216-4f00-84be-94734cdaf300",
      "resource": {
        "id": "f88d079d-7216-4f00-84be-94734cdaf300",
        "meta": {
          "profile": [
            "http://standardhealthrecord.org/fhir/StructureDefinition/shr-procedure-Procedure"
          ]
        },
        "extension": [
          {
            "url": "http://standardhealthrecord.org/fhir/StructureDefinition/shr-core-CodeableConcept-extension",
            "valueCodeableConcept": {
              "coding": [
                {
                  "system": "http://snomed.info/sct",
                  "code": "127783003",
                  "display": "Spirometry (procedure)"
                }
              ],
              "text": "Spirometry (procedure)"
            }
          }
        ],
        "status": "completed",
        "code": {
          "coding": [
            {
              "system": "http://snomed.info/sct",
              "code": "127783003",
              "display": "Spirometry (procedure)"
            }
          ],
          "text": "Spirometry (procedure)"
        },
        "subject": {
          "reference": "urn:uuid:d9f032d7-831c-424c-82b7-55580e2cb3de"
        },
        "context": {
          "reference": "urn:uuid:801d86dd-ceda-4c91-aea4-af86a30a7abb"
        },
        "performedDateTime": "2014-10-13T15:13:24-04:00",
        "reasonReference": [
          {
            "reference": "urn:uuid:58e2c7ef-c143-4c7e-9c08-d3dad0117283",
            "display": "Chronic obstructive bronchitis (disorder)"
          }
        ],
        "resourceType": "Procedure"
      }
    },
    {
      "resource": {
        "meta": {
          "profile": [
            "http://standardhealthrecord.org/fhir/StructureDefinition/shr-immunization-Immunization"
          ]
        },
        "status": "completed",
        "notGiven": false,
        "vaccineCode": {
          "coding": [
            {
              "system": "http://hl7.org/fhir/sid/cvx",
              "code": "140",
              "display": "Influenza, seasonal, injectable, preservative free"
            }
          ],
          "text": "Influenza, seasonal, injectable, preservative free"
        },
        "patient": {
          "reference": "urn:uuid:d9f032d7-831c-424c-82b7-55580e2cb3de"
        },
        "encounter": {
          "reference": "urn:uuid:801d86dd-ceda-4c91-aea4-af86a30a7abb"
        },
        "date": "2014-10-13T15:13:24-04:00",
        "primarySource": true,
        "resourceType": "Immunization"
      }
    },
    {
      "fullUrl": "urn:uuid:2e43681e-1343-4a0e-8a82-4fb5e2b6e492",
      "resource": {
        "id": "2e43681e-1343-4a0e-8a82-4fb5e2b6e492",
        "meta": {
          "profile": [
            "http://standardhealthrecord.org/fhir/StructureDefinition/shr-encounter-Encounter"
          ]
        },
        "status": "finished",
        "class": {
          "code": "ambulatory"
        },
        "type": [
          {
            "coding": [
              {
                "system": "http://snomed.info/sct",
                "code": "308646001"
              }
            ],
            "text": "Death Certification"
          }
        ],
        "subject": {
          "reference": "urn:uuid:d9f032d7-831c-424c-82b7-55580e2cb3de"
        },
        "period": {
          "start": "2014-10-13T15:13:24-04:00",
          "end": "2014-10-13T15:28:24-04:00"
        },
        "serviceProvider": {
          "reference": "urn:uuid:122a7c36-4f1b-46d1-8dba-e2fe5118bd2d"
        },
        "resourceType": "Encounter"
      }
    },
    {
      "fullUrl": "urn:uuid:9bfedfdd-42be-4236-bc30-fd5c68bb513b",
      "resource": {
        "id": "9bfedfdd-42be-4236-bc30-fd5c68bb513b",
        "status": "active",
        "use": "complete",
        "patient": {
          "reference": "urn:uuid:d9f032d7-831c-424c-82b7-55580e2cb3de"
        },
        "billablePeriod": {
          "start": "2014-10-13T15:13:24-04:00",
          "end": "2014-10-13T15:28:24-04:00"
        },
        "organization": {
          "reference": {
            "reference": "urn:uuid:122a7c36-4f1b-46d1-8dba-e2fe5118bd2d"
          }
        },
        "item": [
          {
            "sequence": 1,
            "net": {
              "value": 125.0,
              "system": "urn:iso:std:iso:4217",
              "code": "USD"
            },
            "encounter": [
              {
                "reference": {
                  "fullUrl": "urn:uuid:2e43681e-1343-4a0e-8a82-4fb5e2b6e492",
                  "resource": {
                    "id": "2e43681e-1343-4a0e-8a82-4fb5e2b6e492",
                    "meta": {
                      "profile": [
                        "http://standardhealthrecord.org/fhir/StructureDefinition/shr-encounter-Encounter"
                      ]
                    },
                    "status": "finished",
                    "class": {
                      "code": "ambulatory"
                    },
                    "type": [
                      {
                        "coding": [
                          {
                            "system": "http://snomed.info/sct",
                            "code": "308646001"
                          }
                        ],
                        "text": "Death Certification"
                      }
                    ],
                    "subject": {
                      "reference": "urn:uuid:d9f032d7-831c-424c-82b7-55580e2cb3de"
                    },
                    "period": {
                      "start": "2014-10-13T15:13:24-04:00",
                      "end": "2014-10-13T15:28:24-04:00"
                    },
                    "serviceProvider": {
                      "reference": "urn:uuid:122a7c36-4f1b-46d1-8dba-e2fe5118bd2d"
                    },
                    "resourceType": "Encounter"
                  }
                }
              }
            ]
          }
        ],
        "total": {
          "value": 125.0,
          "system": "urn:iso:std:iso:4217",
          "code": "USD"
        },
        "resourceType": "Claim"
      }
    },
    {
      "fullUrl": "urn:uuid:d0549880-1907-49d1-8a73-ab4f013a9655",
      "resource": {
        "id": "d0549880-1907-49d1-8a73-ab4f013a9655",
        "meta": {
          "profile": [
            "http://standardhealthrecord.org/fhir/StructureDefinition/shr-observation-Observation"
          ]
        },
        "status": "final",
        "category": [
          {
            "coding": [
              {
                "system": "http://hl7.org/fhir/observation-category",
                "code": "survey"
              }
            ]
          }
        ],
        "code": {
          "coding": [
            {
              "system": "http://snomed.info/sct",
              "code": "273724008",
              "display": "Quality adjusted life years"
            }
          ],
          "text": "Quality adjusted life years"
        },
        "subject": {
          "reference": "urn:uuid:d9f032d7-831c-424c-82b7-55580e2cb3de"
        },
        "effectiveDateTime": "2017-10-31T16:09:28-04:00",
        "issued": "2017-10-31T16:09:28-04:00",
        "valueQuantity": {
          "value": 43.632605248686446,
          "unit": "years",
          "system": "http://unitsofmeasure.org/",
          "code": "years"
        },
        "resourceType": "Observation"
      }
    },
    {
      "fullUrl": "urn:uuid:cd0129f8-9dc4-4811-b39c-c315a0d6533c",
      "resource": {
        "id": "cd0129f8-9dc4-4811-b39c-c315a0d6533c",
        "meta": {
          "profile": [
            "http://standardhealthrecord.org/fhir/StructureDefinition/shr-observation-Observation"
          ]
        },
        "status": "final",
        "category": [
          {
            "coding": [
              {
                "system": "http://hl7.org/fhir/observation-category",
                "code": "survey"
              }
            ]
          }
        ],
        "code": {
          "coding": [
            {
              "system": "http://snomed.info/sct",
              "code": "273421001",
              "display": "Disability rating scale"
            }
          ],
          "text": "Disability rating scale"
        },
        "subject": {
          "reference": "urn:uuid:d9f032d7-831c-424c-82b7-55580e2cb3de"
        },
        "effectiveDateTime": "2017-10-31T16:09:28-04:00",
        "issued": "2017-10-31T16:09:28-04:00",
        "valueQuantity": {
          "value": 43.775234751313555,
          "unit": "years",
          "system": "http://unitsofmeasure.org/",
          "code": "years"
        },
        "resourceType": "Observation"
      }
    }
  ],
  "resourceType": "Bundle"
}