{
  "type": "collection",
  "entry": [
    {
      "fullUrl": "urn:uuid:608e0bc7-dc30-47b3-bdd9-e272442df522",
      "resource": {
        "id": "608e0bc7-dc30-47b3-bdd9-e272442df522",
        "meta": {
          "profile": [
            "http://standardhealthrecord.org/fhir/StructureDefinition/shr-actor-Organization"
          ]
        },
        "type": [
          {
            "coding": [
              {
                "system": "http://hl7.org/fhir/organization-type",
                "code": "prov",
                "display": "Healthcare Provider"
              }
            ],
            "text": "Healthcare Provider"
          }
        ],
        "name": "SPAULDING OUTPATIENT CTR - HANOVER",
        "resourceType": "Organization"
      }
    },
    {
      "fullUrl": "urn:uuid:aecf6a17-c681-49af-806d-e79a81390b0e",
      "resource": {
        "id": "aecf6a17-c681-49af-806d-e79a81390b0e",
        "meta": {
          "profile": [
            "http://standardhealthrecord.org/fhir/StructureDefinition/shr-demographics-PersonOfRecord"
          ]
        },
        "text": {
          "status": "generated",
          "div": "<div xmlns=\"http://www.w3.org/1999/xhtml\">Generated by <a href=\"https://github.com/synthetichealth/synthea\">Synthea</a>. Version identifier: 368ac389f34cd3ce3986aa3a0a08e467bf574db3</div>"
        },
        "extension": [
          {
            "url": "http://hl7.org/fhir/us/core/StructureDefinition/us-core-race",
            "valueCodeableConcept": {
              "coding": [
                {
                  "system": "http://hl7.org/fhir/v3/Race",
                  "code": "2106-3",
                  "display": "White"
                }
              ],
              "text": "race"
            }
          },
          {
            "url": "http://hl7.org/fhir/us/core/StructureDefinition/us-core-ethnicity",
            "valueCodeableConcept": {
              "coding": [
                {
                  "system": "http://hl7.org/fhir/v3/Ethnicity",
                  "code": "2186-5",
                  "display": "Nonhispanic"
                }
              ],
              "text": "ethnicity"
            }
          },
          {
            "url": "http://hl7.org/fhir/StructureDefinition/birthPlace",
            "valueAddress": {
              "city": "Westhampton",
              "state": "MA",
              "country": "US"
            }
          },
          {
            "url": "http://hl7.org/fhir/StructureDefinition/patient-mothersMaidenName",
            "valueString": "Delois805 Barrows624"
          },
          {
            "url": "http://hl7.org/fhir/us/core/StructureDefinition/us-core-birthsex",
            "valueCode": "F"
          },
          {
            "url": "http://hl7.org/fhir/StructureDefinition/patient-interpreterRequired",
            "valueBoolean": false
          },
          {
            "url": "http://standardhealthrecord.org/fhir/StructureDefinition/shr-actor-FictionalPerson-extension",
            "valueBoolean": true
          },
          {
            "url": "http://standardhealthrecord.org/fhir/StructureDefinition/shr-demographics-FathersName-extension",
            "valueHumanName": {
              "text": "Barton255 Mueller801"
            }
          },
          {
            "url": "http://standardhealthrecord.org/fhir/StructureDefinition/shr-demographics-SocialSecurityNumber-extension",
            "valueString": "999-42-1965"
          }
        ],
        "identifier": [
          {
            "system": "https://github.com/synthetichealth/synthea",
            "value": "68ec178b-641d-4ae9-b018-6beb5989a1c9"
          },
          {
            "type": {
              "coding": [
                {
                  "system": "http://hl7.org/fhir/identifier-type",
                  "code": "SB"
                }
              ]
            },
            "system": "http://hl7.org/fhir/sid/us-ssn",
            "value": "999421965"
          },
          {
            "type": {
              "coding": [
                {
                  "system": "http://hl7.org/fhir/v2/0203",
                  "code": "DL"
                }
              ]
            },
            "system": "urn:oid:2.16.840.1.113883.4.3.25",
            "value": "S99979051"
          },
          {
            "type": {
              "coding": [
                {
                  "system": "http://hl7.org/fhir/v2/0203",
                  "code": "PPN"
                }
              ]
            },
            "system": "http://standardhealthrecord.org/fhir/StructureDefinition/passportNumber",
            "value": "X78832686X"
          },
          {
            "type": {
              "coding": [
                {
                  "system": "http://hl7.org/fhir/v2/0203",
                  "code": "MR"
                }
              ]
            },
            "system": "http://hospital.smarthealthit.org",
            "value": "68ec178b-641d-4ae9-b018-6beb5989a1c9"
          }
        ],
        "name": [
          {
            "use": "official",
            "family": "Boehm761",
            "given": [
              "Nelly808"
            ],
            "prefix": [
              "Mrs."
            ]
          },
          {
            "use": "maiden",
            "family": "Mueller801",
            "given": [
              "Nelly808"
            ]
          }
        ],
        "telecom": [
          {
            "system": "phone",
            "value": "538-724-4717 x8033",
            "use": "home"
          }
        ],
        "gender": "female",
        "birthDate": "1925-03-03",
        "deceasedDateTime": "1993-03-18T00:48:52-05:00",
        "address": [
          {
            "extension": [
              {
                "extension": [
                  {
                    "url": "latitude",
                    "valueDecimal": 42.12580218767513
                  },
                  {
                    "url": "longitude",
                    "valueDecimal": -70.88699096052437
                  }
                ],
                "url": "http://hl7.org/fhir/StructureDefinition/geolocation"
              }
            ],
            "line": [
              "86090 Mose Corners"
            ],
            "city": "Hanover",
            "state": "MA",
            "postalCode": "02340",
            "country": "US"
          }
        ],
        "maritalStatus": {
          "coding": [
            {
              "system": "http://hl7.org/fhir/v3/MaritalStatus",
              "code": "M"
            }
          ],
          "text": "M"
        },
        "multipleBirthBoolean": false,
        "communication": [
          {
            "language": {
              "coding": [
                {
                  "system": "http://hl7.org/fhir/ValueSet/languages",
                  "code": "en-US",
                  "display": "English (United States)"
                }
              ]
            }
          }
        ],
        "generalPractitioner": [
          {
            "reference": "urn:uuid:608e0bc7-dc30-47b3-bdd9-e272442df522"
          }
        ],
        "resourceType": "Patient"
      }
    },
    {
      "fullUrl": "urn:uuid:65c2c52c-a102-40ef-ae55-4e43c0d38df0",
      "resource": {
        "id": "65c2c52c-a102-40ef-ae55-4e43c0d38df0",
        "meta": {
          "profile": [
            "http://standardhealthrecord.org/fhir/StructureDefinition/shr-encounter-Encounter"
          ]
        },
        "status": "finished",
        "class": {
          "code": "ambulatory"
        },
        "type": [
          {
            "coding": [
              {
                "system": "http://snomed.info/sct",
                "code": "308646001"
              }
            ],
            "text": "Death Certification"
          }
        ],
        "subject": {
          "reference": "urn:uuid:aecf6a17-c681-49af-806d-e79a81390b0e"
        },
        "period": {
          "start": "1993-03-18T00:48:52-05:00",
          "end": "1993-03-18T01:03:52-05:00"
        },
        "serviceProvider": {
          "reference": "urn:uuid:608e0bc7-dc30-47b3-bdd9-e272442df522"
        },
        "resourceType": "Encounter"
      }
    },
    {
      "fullUrl": "urn:uuid:e3a74093-cc4c-4da2-b85e-94f5fb3cbf96",
      "resource": {
        "id": "e3a74093-cc4c-4da2-b85e-94f5fb3cbf96",
        "status": "active",
        "use": "complete",
        "patient": {
          "reference": "urn:uuid:aecf6a17-c681-49af-806d-e79a81390b0e"
        },
        "billablePeriod": {
          "start": "1993-03-18T00:48:52-05:00",
          "end": "1993-03-18T01:03:52-05:00"
        },
        "organization": {
          "reference": {
            "reference": "urn:uuid:608e0bc7-dc30-47b3-bdd9-e272442df522"
          }
        },
        "diagnosis": [
          {
            "sequence": 1,
            "diagnosisReference": {
              "reference": "urn:uuid:f71dbfad-4512-4883-b5d4-4585f5610c39"
            }
          },
          {
            "sequence": 2,
            "diagnosisReference": {
              "reference": "urn:uuid:3e72d152-b0a9-49a0-9ba4-326700b9a3b6"
            }
          }
        ],
        "item": [
          {
            "sequence": 1,
            "net": {
              "value": 125.0,
              "system": "urn:iso:std:iso:4217",
              "code": "USD"
            },
            "encounter": [
              {
                "reference": {
                  "fullUrl": "urn:uuid:65c2c52c-a102-40ef-ae55-4e43c0d38df0",
                  "resource": {
                    "id": "65c2c52c-a102-40ef-ae55-4e43c0d38df0",
                    "meta": {
                      "profile": [
                        "http://standardhealthrecord.org/fhir/StructureDefinition/shr-encounter-Encounter"
                      ]
                    },
                    "status": "finished",
                    "class": {
                      "code": "ambulatory"
                    },
                    "type": [
                      {
                        "coding": [
                          {
                            "system": "http://snomed.info/sct",
                            "code": "308646001"
                          }
                        ],
                        "text": "Death Certification"
                      }
                    ],
                    "subject": {
                      "reference": "urn:uuid:aecf6a17-c681-49af-806d-e79a81390b0e"
                    },
                    "period": {
                      "start": "1993-03-18T00:48:52-05:00",
                      "end": "1993-03-18T01:03:52-05:00"
                    },
                    "serviceProvider": {
                      "reference": "urn:uuid:608e0bc7-dc30-47b3-bdd9-e272442df522"
                    },
                    "resourceType": "Encounter"
                  }
                }
              }
            ]
          },
          {
            "sequence": 2,
            "diagnosisLinkId": [
              1
            ],
            "net": {
              "value": 0.0,
              "system": "urn:iso:std:iso:4217",
              "code": "USD"
            }
          },
          {
            "sequence": 3,
            "diagnosisLinkId": [
              2
            ],
            "net": {
              "value": 0.0,
              "system": "urn:iso:std:iso:4217",
              "code": "USD"
            }
          }
        ],
        "total": {
          "value": 125.0,
          "system": "urn:iso:std:iso:4217",
          "code": "USD"
        },
        "resourceType": "Claim"
      }
    },
    {
      "fullUrl": "urn:uuid:f71dbfad-4512-4883-b5d4-4585f5610c39",
      "resource": {
        "id": "f71dbfad-4512-4883-b5d4-4585f5610c39",
        "meta": {
          "profile": [
            "http://standardhealthrecord.org/fhir/StructureDefinition/shr-problem-Problem"
          ]
        },
        "clinicalStatus": "active",
        "verificationStatus": "confirmed",
        "code": {
          "coding": [
            {
              "system": "http://snomed.info/sct",
              "code": "230265002",
              "display": "Familial Alzheimer's disease of early onset (disorder)"
            }
          ],
          "text": "Familial Alzheimer's disease of early onset (disorder)"
        },
        "subject": {
          "reference": "urn:uuid:aecf6a17-c681-49af-806d-e79a81390b0e"
        },
        "context": {
          "reference": "urn:uuid:65c2c52c-a102-40ef-ae55-4e43c0d38df0"
        },
        "onsetDateTime": "1978-07-09T11:12:55-04:00",
        "assertedDate": "1978-07-09",
        "resourceType": "Condition"
      }
    },
    {
      "fullUrl": "urn:uuid:3e72d152-b0a9-49a0-9ba4-326700b9a3b6",
      "resource": {
        "id": "3e72d152-b0a9-49a0-9ba4-326700b9a3b6",
        "meta": {
          "profile": [
            "http://standardhealthrecord.org/fhir/StructureDefinition/shr-problem-Problem"
          ]
        },
        "clinicalStatus": "active",
        "verificationStatus": "confirmed",
        "code": {
          "coding": [
            {
              "system": "http://snomed.info/sct",
              "code": "233604007",
              "display": "Pneumonia"
            }
          ],
          "text": "Pneumonia"
        },
        "subject": {
          "reference": "urn:uuid:aecf6a17-c681-49af-806d-e79a81390b0e"
        },
        "context": {
          "reference": "urn:uuid:65c2c52c-a102-40ef-ae55-4e43c0d38df0"
        },
        "onsetDateTime": "1993-03-13T12:31:37-05:00",
        "assertedDate": "1993-03-13",
        "resourceType": "Condition"
      }
    },
    {
      "fullUrl": "urn:uuid:606332ad-2dd3-472f-9557-9cbd0045519b",
      "resource": {
        "id": "606332ad-2dd3-472f-9557-9cbd0045519b",
        "meta": {
          "profile": [
            "http://standardhealthrecord.org/fhir/StructureDefinition/shr-observation-Observation"
          ]
        },
        "status": "final",
        "category": [
          {
            "coding": [
              {
                "system": "http://hl7.org/fhir/observation-category"
              }
            ]
          }
        ],
        "code": {
          "coding": [
            {
              "system": "http://loinc.org",
              "code": "69453-9",
              "display": "Cause of Death [US Standard Certificate of Death]"
            }
          ],
          "text": "Cause of Death [US Standard Certificate of Death]"
        },
        "subject": {
          "reference": "urn:uuid:aecf6a17-c681-49af-806d-e79a81390b0e"
        },
        "context": {
          "reference": "urn:uuid:65c2c52c-a102-40ef-ae55-4e43c0d38df0"
        },
        "effectiveDateTime": "1993-03-18T00:48:52-05:00",
        "issued": "1993-03-18T00:48:52-05:00",
        "valueCodeableConcept": {
          "coding": [
            {
              "system": "http://snomed.info/sct",
              "code": "233604007",
              "display": "Pneumonia"
            }
          ],
          "text": "Pneumonia"
        },
        "resourceType": "Observation"
      }
    },
    {
      "fullUrl": "urn:uuid:1e0fae7b-388d-4092-9159-d85aa424a1ff",
      "resource": {
        "id": "1e0fae7b-388d-4092-9159-d85aa424a1ff",
        "meta": {
          "profile": [
            "http://standardhealthrecord.org/fhir/StructureDefinition/shr-observation-Panel"
          ]
        },
        "status": "final",
        "code": {
          "coding": [
            {
              "system": "http://loinc.org",
              "code": "69409-1",
              "display": "U.S. standard certificate of death - 2003 revision"
            }
          ]
        },
        "subject": {
          "reference": "urn:uuid:aecf6a17-c681-49af-806d-e79a81390b0e"
        },
        "context": {
          "reference": "urn:uuid:65c2c52c-a102-40ef-ae55-4e43c0d38df0"
        },
        "effectiveDateTime": "1993-03-18T00:48:52-05:00",
        "issued": "1993-03-18T00:48:52-05:00",
        "result": [
          {
            "reference": "urn:uuid:606332ad-2dd3-472f-9557-9cbd0045519b",
            "display": "Cause of Death [US Standard Certificate of Death]"
          }
        ],
        "resourceType": "DiagnosticReport"
      }
    },
    {
      "resource": {
        "status": "completed",
        "intent": "order",
        "category": [
          {
            "coding": [
              {
                "system": "http://snomed.info/sct",
                "code": "134435003",
                "display": "Routine antenatal care"
              }
            ]
          }
        ],
        "subject": {
          "reference": "urn:uuid:aecf6a17-c681-49af-806d-e79a81390b0e"
        },
        "context": {
          "reference": "urn:uuid:65c2c52c-a102-40ef-ae55-4e43c0d38df0"
        },
        "period": {
          "start": "1945-07-03",
          "end": "1946-01-29"
        },
        "activity": [
          {
            "detail": {
              "code": {
                "coding": [
                  {
                    "system": "http://snomed.info/sct",
                    "code": "135892000",
                    "display": "Antenatal education"
                  }
                ]
              },
              "status": "completed"
            }
          },
          {
            "detail": {
              "code": {
                "coding": [
                  {
                    "system": "http://snomed.info/sct",
                    "code": "226060000",
                    "display": "Stress management"
                  }
                ]
              },
              "status": "completed"
            }
          },
          {
            "detail": {
              "code": {
                "coding": [
                  {
                    "system": "http://snomed.info/sct",
                    "code": "171054004",
                    "display": "Pregnancy diet education"
                  }
                ]
              },
              "status": "completed"
            }
          }
        ],
        "resourceType": "CarePlan"
      }
    },
    {
      "resource": {
        "status": "completed",
        "intent": "order",
        "category": [
          {
            "coding": [
              {
                "system": "http://snomed.info/sct",
                "code": "134435003",
                "display": "Routine antenatal care"
              }
            ]
          }
        ],
        "subject": {
          "reference": "urn:uuid:aecf6a17-c681-49af-806d-e79a81390b0e"
        },
        "context": {
          "reference": "urn:uuid:65c2c52c-a102-40ef-ae55-4e43c0d38df0"
        },
        "period": {
          "start": "1950-07-25",
          "end": "1951-02-27"
        },
        "activity": [
          {
            "detail": {
              "code": {
                "coding": [
                  {
                    "system": "http://snomed.info/sct",
                    "code": "135892000",
                    "display": "Antenatal education"
                  }
                ]
              },
              "status": "completed"
            }
          },
          {
            "detail": {
              "code": {
                "coding": [
                  {
                    "system": "http://snomed.info/sct",
                    "code": "226060000",
                    "display": "Stress management"
                  }
                ]
              },
              "status": "completed"
            }
          },
          {
            "detail": {
              "code": {
                "coding": [
                  {
                    "system": "http://snomed.info/sct",
                    "code": "171054004",
                    "display": "Pregnancy diet education"
                  }
                ]
              },
              "status": "completed"
            }
          }
        ],
        "resourceType": "CarePlan"
      }
    },
    {
      "resource": {
        "status": "completed",
        "intent": "order",
        "category": [
          {
            "coding": [
              {
                "system": "http://snomed.info/sct",
                "code": "134435003",
                "display": "Routine antenatal care"
              }
            ]
          }
        ],
        "subject": {
          "reference": "urn:uuid:aecf6a17-c681-49af-806d-e79a81390b0e"
        },
        "context": {
          "reference": "urn:uuid:65c2c52c-a102-40ef-ae55-4e43c0d38df0"
        },
        "period": {
          "start": "1953-11-03",
          "end": "1954-05-25"
        },
        "activity": [
          {
            "detail": {
              "code": {
                "coding": [
                  {
                    "system": "http://snomed.info/sct",
                    "code": "135892000",
                    "display": "Antenatal education"
                  }
                ]
              },
              "status": "completed"
            }
          },
          {
            "detail": {
              "code": {
                "coding": [
                  {
                    "system": "http://snomed.info/sct",
                    "code": "226060000",
                    "display": "Stress management"
                  }
                ]
              },
              "status": "completed"
            }
          },
          {
            "detail": {
              "code": {
                "coding": [
                  {
                    "system": "http://snomed.info/sct",
                    "code": "171054004",
                    "display": "Pregnancy diet education"
                  }
                ]
              },
              "status": "completed"
            }
          }
        ],
        "resourceType": "CarePlan"
      }
    },
    {
      "resource": {
        "status": "completed",
        "intent": "order",
        "category": [
          {
            "coding": [
              {
                "system": "http://snomed.info/sct",
                "code": "134435003",
                "display": "Routine antenatal care"
              }
            ]
          }
        ],
        "subject": {
          "reference": "urn:uuid:aecf6a17-c681-49af-806d-e79a81390b0e"
        },
        "context": {
          "reference": "urn:uuid:65c2c52c-a102-40ef-ae55-4e43c0d38df0"
        },
        "period": {
          "start": "1956-03-13",
          "end": "1957-06-04"
        },
        "activity": [
          {
            "detail": {
              "code": {
                "coding": [
                  {
                    "system": "http://snomed.info/sct",
                    "code": "135892000",
                    "display": "Antenatal education"
                  }
                ]
              },
              "status": "completed"
            }
          },
          {
            "detail": {
              "code": {
                "coding": [
                  {
                    "system": "http://snomed.info/sct",
                    "code": "226060000",
                    "display": "Stress management"
                  }
                ]
              },
              "status": "completed"
            }
          },
          {
            "detail": {
              "code": {
                "coding": [
                  {
                    "system": "http://snomed.info/sct",
                    "code": "171054004",
                    "display": "Pregnancy diet education"
                  }
                ]
              },
              "status": "completed"
            }
          }
        ],
        "resourceType": "CarePlan"
      }
    },
    {
      "resource": {
        "status": "active",
        "intent": "order",
        "category": [
          {
            "coding": [
              {
                "system": "http://snomed.info/sct",
                "code": "134435003",
                "display": "Routine antenatal care"
              }
            ]
          }
        ],
        "subject": {
          "reference": "urn:uuid:aecf6a17-c681-49af-806d-e79a81390b0e"
        },
        "context": {
          "reference": "urn:uuid:65c2c52c-a102-40ef-ae55-4e43c0d38df0"
        },
        "period": {
          "start": "1956-10-23"
        },
        "activity": [
          {
            "detail": {
              "code": {
                "coding": [
                  {
                    "system": "http://snomed.info/sct",
                    "code": "135892000",
                    "display": "Antenatal education"
                  }
                ]
              },
              "status": "in-progress"
            }
          },
          {
            "detail": {
              "code": {
                "coding": [
                  {
                    "system": "http://snomed.info/sct",
                    "code": "226060000",
                    "display": "Stress management"
                  }
                ]
              },
              "status": "in-progress"
            }
          },
          {
            "detail": {
              "code": {
                "coding": [
                  {
                    "system": "http://snomed.info/sct",
                    "code": "171054004",
                    "display": "Pregnancy diet education"
                  }
                ]
              },
              "status": "in-progress"
            }
          }
        ],
        "resourceType": "CarePlan"
      }
    },
    {
      "resource": {
        "status": "active",
        "intent": "order",
        "category": [
          {
            "coding": [
              {
                "system": "http://snomed.info/sct",
                "code": "183401008",
                "display": "Anti-suicide psychotherapy"
              }
            ]
          }
        ],
        "subject": {
          "reference": "urn:uuid:aecf6a17-c681-49af-806d-e79a81390b0e"
        },
        "context": {
          "reference": "urn:uuid:65c2c52c-a102-40ef-ae55-4e43c0d38df0"
        },
        "period": {
          "start": "1973-08-01"
        },
        "activity": [
          {
            "detail": {
              "code": {
                "coding": [
                  {
                    "system": "http://snomed.info/sct",
                    "code": "784051000000106",
                    "display": "Depression care management"
                  }
                ]
              },
              "status": "in-progress"
            }
          },
          {
            "detail": {
              "code": {
                "coding": [
                  {
                    "system": "http://snomed.info/sct",
                    "code": "415665002",
                    "display": "Suicide prevention"
                  }
                ]
              },
              "status": "in-progress"
            }
          },
          {
            "detail": {
              "code": {
                "coding": [
                  {
                    "system": "http://snomed.info/sct",
                    "code": "10029008",
                    "display": "Suicide precautions"
                  }
                ]
              },
              "status": "in-progress"
            }
          }
        ],
        "resourceType": "CarePlan"
      }
    },
    {
      "resource": {
        "status": "active",
        "intent": "order",
        "category": [
          {
            "coding": [
              {
                "system": "http://snomed.info/sct",
                "code": "386257007",
                "display": "Demential management"
              }
            ]
          }
        ],
        "subject": {
          "reference": "urn:uuid:aecf6a17-c681-49af-806d-e79a81390b0e"
        },
        "context": {
          "reference": "urn:uuid:65c2c52c-a102-40ef-ae55-4e43c0d38df0"
        },
        "period": {
          "start": "1978-07-09"
        },
        "addresses": [
          {
            "reference": "urn:uuid:f71dbfad-4512-4883-b5d4-4585f5610c39"
          }
        ],
        "activity": [
          {
            "detail": {
              "code": {
                "coding": [
                  {
                    "system": "http://snomed.info/sct",
                    "code": "850261000000100",
                    "display": "Education about dementia"
                  }
                ]
              },
              "status": "in-progress"
            }
          },
          {
            "detail": {
              "code": {
                "coding": [
                  {
                    "system": "http://snomed.info/sct",
                    "code": "710125008",
                    "display": "Promotion of use of memory skills"
                  }
                ]
              },
              "status": "in-progress"
            }
          },
          {
            "detail": {
              "code": {
                "coding": [
                  {
                    "system": "http://snomed.info/sct",
                    "code": "315043002",
                    "display": "Long term social support"
                  }
                ]
              },
              "status": "in-progress"
            }
          }
        ],
        "resourceType": "CarePlan"
      }
    },
    {
      "fullUrl": "urn:uuid:fb212c1a-88c1-4d13-8406-30bbaa8b8f5b",
      "resource": {
        "id": "fb212c1a-88c1-4d13-8406-30bbaa8b8f5b",
        "meta": {
          "profile": [
            "http://standardhealthrecord.org/fhir/StructureDefinition/shr-observation-Observation"
          ]
        },
        "status": "final",
        "category": [
          {
            "coding": [
              {
                "system": "http://hl7.org/fhir/observation-category",
                "code": "survey"
              }
            ]
          }
        ],
        "code": {
          "coding": [
            {
              "system": "http://snomed.info/sct",
              "code": "273724008",
              "display": "Quality adjusted life years"
            }
          ],
          "text": "Quality adjusted life years"
        },
        "subject": {
          "reference": "urn:uuid:aecf6a17-c681-49af-806d-e79a81390b0e"
        },
        "effectiveDateTime": "2017-10-31T16:09:28-04:00",
        "issued": "2017-10-31T16:09:28-04:00",
        "valueQuantity": {
          "value": 63.0843242865717,
          "unit": "years",
          "system": "http://unitsofmeasure.org/",
          "code": "years"
        },
        "resourceType": "Observation"
      }
    },
    {
      "fullUrl": "urn:uuid:047f7cc8-3cc6-4331-90af-8027ff82405d",
      "resource": {
        "id": "047f7cc8-3cc6-4331-90af-8027ff82405d",
        "meta": {
          "profile": [
            "http://standardhealthrecord.org/fhir/StructureDefinition/shr-observation-Observation"
          ]
        },
        "status": "final",
        "category": [
          {
            "coding": [
              {
                "system": "http://hl7.org/fhir/observation-category",
                "code": "survey"
              }
            ]
          }
        ],
        "code": {
          "coding": [
            {
              "system": "http://snomed.info/sct",
              "code": "273421001",
              "display": "Disability rating scale"
            }
          ],
          "text": "Disability rating scale"
        },
        "subject": {
          "reference": "urn:uuid:aecf6a17-c681-49af-806d-e79a81390b0e"
        },
        "effectiveDateTime": "2017-10-31T16:09:28-04:00",
        "issued": "2017-10-31T16:09:28-04:00",
        "valueQuantity": {
          "value": 27.158395713428302,
          "unit": "years",
          "system": "http://unitsofmeasure.org/",
          "code": "years"
        },
        "resourceType": "Observation"
      }
    }
  ],
  "resourceType": "Bundle"
}