{
  "type": "collection",
  "entry": [
    {
      "fullUrl": "urn:uuid:94bec074-5c4b-440c-ba5e-409cd9a896a6",
      "resource": {
        "id": "94bec074-5c4b-440c-ba5e-409cd9a896a6",
        "meta": {
          "profile": [
            "http://standardhealthrecord.org/fhir/StructureDefinition/shr-actor-Organization"
          ]
        },
        "type": [
          {
            "coding": [
              {
                "system": "http://hl7.org/fhir/organization-type",
                "code": "prov",
                "display": "Healthcare Provider"
              }
            ],
            "text": "Healthcare Provider"
          }
        ],
        "name": "WINTHROP COMM HEALTH CENTER",
        "resourceType": "Organization"
      }
    },
    {
      "fullUrl": "urn:uuid:4fdb549b-a6b1-4f8d-b2ed-82f6100eae63",
      "resource": {
        "id": "4fdb549b-a6b1-4f8d-b2ed-82f6100eae63",
        "meta": {
          "profile": [
            "http://standardhealthrecord.org/fhir/StructureDefinition/shr-demographics-PersonOfRecord"
          ]
        },
        "text": {
          "status": "generated",
          "div": "<div xmlns=\"http://www.w3.org/1999/xhtml\">Generated by <a href=\"https://github.com/synthetichealth/synthea\">Synthea</a>. Version identifier: 368ac389f34cd3ce3986aa3a0a08e467bf574db3</div>"
        },
        "extension": [
          {
            "url": "http://hl7.org/fhir/us/core/StructureDefinition/us-core-race",
            "valueCodeableConcept": {
              "coding": [
                {
                  "system": "http://hl7.org/fhir/v3/Race",
                  "code": "2028-9",
                  "display": "Asian"
                }
              ],
              "text": "race"
            }
          },
          {
            "url": "http://hl7.org/fhir/us/core/StructureDefinition/us-core-ethnicity",
            "valueCodeableConcept": {
              "coding": [
                {
                  "system": "http://hl7.org/fhir/v3/Ethnicity",
                  "code": "2186-5",
                  "display": "Nonhispanic"
                }
              ],
              "text": "ethnicity"
            }
          },
          {
            "url": "http://hl7.org/fhir/StructureDefinition/birthPlace",
            "valueAddress": {
              "city": "New Bedford",
              "state": "MA",
              "country": "US"
            }
          },
          {
            "url": "http://hl7.org/fhir/StructureDefinition/patient-mothersMaidenName",
            "valueString": "Buffy466 Heaney106"
          },
          {
            "url": "http://hl7.org/fhir/us/core/StructureDefinition/us-core-birthsex",
            "valueCode": "M"
          },
          {
            "url": "http://hl7.org/fhir/StructureDefinition/patient-interpreterRequired",
            "valueBoolean": false
          },
          {
            "url": "http://standardhealthrecord.org/fhir/StructureDefinition/shr-actor-FictionalPerson-extension",
            "valueBoolean": true
          },
          {
            "url": "http://standardhealthrecord.org/fhir/StructureDefinition/shr-demographics-FathersName-extension",
            "valueHumanName": {
              "text": "Taylor395 Bogan763"
            }
          },
          {
            "url": "http://standardhealthrecord.org/fhir/StructureDefinition/shr-demographics-SocialSecurityNumber-extension",
            "valueString": "999-63-3648"
          }
        ],
        "identifier": [
          {
            "system": "https://github.com/synthetichealth/synthea",
            "value": "fdc084d3-1ebf-45bd-a428-5a91c1ecfb10"
          },
          {
            "type": {
              "coding": [
                {
                  "system": "http://hl7.org/fhir/identifier-type",
                  "code": "SB"
                }
              ]
            },
            "system": "http://hl7.org/fhir/sid/us-ssn",
            "value": "999633648"
          },
          {
            "type": {
              "coding": [
                {
                  "system": "http://hl7.org/fhir/v2/0203",
                  "code": "DL"
                }
              ]
            },
            "system": "urn:oid:2.16.840.1.113883.4.3.25",
            "value": "S99912978"
          },
          {
            "type": {
              "coding": [
                {
                  "system": "http://hl7.org/fhir/v2/0203",
                  "code": "PPN"
                }
              ]
            },
            "system": "http://standardhealthrecord.org/fhir/StructureDefinition/passportNumber",
            "value": "X97114649X"
          },
          {
            "type": {
              "coding": [
                {
                  "system": "http://hl7.org/fhir/v2/0203",
                  "code": "MR"
                }
              ]
            },
            "system": "http://hospital.smarthealthit.org",
            "value": "fdc084d3-1ebf-45bd-a428-5a91c1ecfb10"
          }
        ],
        "name": [
          {
            "use": "official",
            "family": "Bogan763",
            "given": [
              "Hector989"
            ],
            "prefix": [
              "Mr."
            ]
          }
        ],
        "telecom": [
          {
            "system": "phone",
            "value": "800.364.4325 x5831",
            "use": "home"
          }
        ],
        "gender": "male",
        "birthDate": "1977-01-04",
        "address": [
          {
            "extension": [
              {
                "extension": [
                  {
                    "url": "latitude",
                    "valueDecimal": 42.325220519044336
                  },
                  {
                    "url": "longitude",
                    "valueDecimal": -70.94114551782697
                  }
                ],
                "url": "http://hl7.org/fhir/StructureDefinition/geolocation"
              }
            ],
            "line": [
              "6093 Antoinette Pike",
              "Suite 856"
            ],
            "city": "Boston",
            "state": "MA",
            "postalCode": "02130",
            "country": "US"
          }
        ],
        "maritalStatus": {
          "coding": [
            {
              "system": "http://hl7.org/fhir/v3/MaritalStatus",
              "code": "S"
            }
          ],
          "text": "S"
        },
        "multipleBirthBoolean": false,
        "communication": [
          {
            "language": {
              "coding": [
                {
                  "system": "http://hl7.org/fhir/ValueSet/languages",
                  "code": "en-US",
                  "display": "English (United States)"
                }
              ]
            }
          }
        ],
        "generalPractitioner": [
          {
            "reference": "urn:uuid:94bec074-5c4b-440c-ba5e-409cd9a896a6"
          }
        ],
        "resourceType": "Patient"
      }
    },
    {
      "fullUrl": "urn:uuid:d4f146a0-7754-483b-9e81-d6bd47bb1480",
      "resource": {
        "id": "d4f146a0-7754-483b-9e81-d6bd47bb1480",
        "meta": {
          "profile": [
            "http://standardhealthrecord.org/fhir/StructureDefinition/shr-encounter-Encounter"
          ]
        },
        "status": "finished",
        "class": {
          "code": "outpatient"
        },
        "type": [
          {
            "coding": [
              {
                "system": "http://snomed.info/sct",
                "code": "185349003"
              }
            ],
            "text": "Outpatient Encounter"
          }
        ],
        "subject": {
          "reference": "urn:uuid:4fdb549b-a6b1-4f8d-b2ed-82f6100eae63"
        },
        "period": {
          "start": "2009-07-13T18:13:22-04:00",
          "end": "2009-07-13T19:13:22-04:00"
        },
        "serviceProvider": {
          "reference": "urn:uuid:94bec074-5c4b-440c-ba5e-409cd9a896a6"
        },
        "resourceType": "Encounter"
      }
    },
    {
      "fullUrl": "urn:uuid:49348038-6edc-405c-a641-360a951cfab5",
      "resource": {
        "id": "49348038-6edc-405c-a641-360a951cfab5",
        "status": "active",
        "use": "complete",
        "patient": {
          "reference": "urn:uuid:4fdb549b-a6b1-4f8d-b2ed-82f6100eae63"
        },
        "billablePeriod": {
          "start": "2009-07-13T18:13:22-04:00",
          "end": "2009-07-13T19:13:22-04:00"
        },
        "organization": {
          "reference": {
            "reference": "urn:uuid:94bec074-5c4b-440c-ba5e-409cd9a896a6"
          }
        },
        "item": [
          {
            "sequence": 1,
            "net": {
              "value": 125.0,
              "system": "urn:iso:std:iso:4217",
              "code": "USD"
            },
            "encounter": [
              {
                "reference": {
                  "fullUrl": "urn:uuid:d4f146a0-7754-483b-9e81-d6bd47bb1480",
                  "resource": {
                    "id": "d4f146a0-7754-483b-9e81-d6bd47bb1480",
                    "meta": {
                      "profile": [
                        "http://standardhealthrecord.org/fhir/StructureDefinition/shr-encounter-Encounter"
                      ]
                    },
                    "status": "finished",
                    "class": {
                      "code": "outpatient"
                    },
                    "type": [
                      {
                        "coding": [
                          {
                            "system": "http://snomed.info/sct",
                            "code": "185349003"
                          }
                        ],
                        "text": "Outpatient Encounter"
                      }
                    ],
                    "subject": {
                      "reference": "urn:uuid:4fdb549b-a6b1-4f8d-b2ed-82f6100eae63"
                    },
                    "period": {
                      "start": "2009-07-13T18:13:22-04:00",
                      "end": "2009-07-13T19:13:22-04:00"
                    },
                    "serviceProvider": {
                      "reference": "urn:uuid:94bec074-5c4b-440c-ba5e-409cd9a896a6"
                    },
                    "resourceType": "Encounter"
                  }
                }
              }
            ]
          },
          {
            "sequence": 2,
            "category": {
              "coding": [
                {
                  "system": "http://hl7.org/fhir/sid/cvx",
                  "code": "140",
                  "display": "Influenza, seasonal, injectable, preservative free"
                }
              ],
              "text": "Influenza, seasonal, injectable, preservative free"
            },
            "net": {
              "value": 136.0,
              "system": "urn:iso:std:iso:4217",
              "code": "USD"
            }
          },
          {
            "sequence": 3,
            "category": {
              "coding": [
                {
                  "system": "http://hl7.org/fhir/sid/cvx",
                  "code": "113",
                  "display": "Td (adult) preservative free"
                }
              ],
              "text": "Td (adult) preservative free"
            },
            "net": {
              "value": 136.0,
              "system": "urn:iso:std:iso:4217",
              "code": "USD"
            }
          }
        ],
        "total": {
          "value": 397.0,
          "system": "urn:iso:std:iso:4217",
          "code": "USD"
        },
        "resourceType": "Claim"
      }
    },
    {
      "fullUrl": "urn:uuid:1340be64-ef25-4fb3-b4ee-f7213e7141b4",
      "resource": {
        "id": "1340be64-ef25-4fb3-b4ee-f7213e7141b4",
        "meta": {
          "profile": [
            "http://standardhealthrecord.org/fhir/StructureDefinition/shr-observation-Observation",
            "http://standardhealthrecord.org/fhir/StructureDefinition/shr-vital-VitalSign",
            "http://standardhealthrecord.org/fhir/StructureDefinition/shr-vital-BodyHeight"
          ]
        },
        "status": "final",
        "category": [
          {
            "coding": [
              {
                "system": "http://hl7.org/fhir/observation-category",
                "code": "vital-signs"
              }
            ]
          }
        ],
        "code": {
          "coding": [
            {
              "system": "http://loinc.org",
              "code": "8302-2",
              "display": "Body Height"
            }
          ],
          "text": "Body Height"
        },
        "subject": {
          "reference": "urn:uuid:4fdb549b-a6b1-4f8d-b2ed-82f6100eae63"
        },
        "context": {
          "reference": "urn:uuid:d4f146a0-7754-483b-9e81-d6bd47bb1480"
        },
        "effectiveDateTime": "2009-07-13T18:13:22-04:00",
        "issued": "2009-07-13T18:13:22-04:00",
        "valueQuantity": {
          "value": 174.9512706209175,
          "unit": "cm",
          "system": "http://unitsofmeasure.org/",
          "code": "cm"
        },
        "resourceType": "Observation"
      }
    },
    {
      "fullUrl": "urn:uuid:bec83a77-1cb7-40d1-be34-688f030ffe0c",
      "resource": {
        "id": "bec83a77-1cb7-40d1-be34-688f030ffe0c",
        "meta": {
          "profile": [
            "http://standardhealthrecord.org/fhir/StructureDefinition/shr-observation-Observation",
            "http://standardhealthrecord.org/fhir/StructureDefinition/shr-vital-VitalSign",
            "http://standardhealthrecord.org/fhir/StructureDefinition/shr-vital-BodyWeight"
          ]
        },
        "status": "final",
        "category": [
          {
            "coding": [
              {
                "system": "http://hl7.org/fhir/observation-category",
                "code": "vital-signs"
              }
            ]
          }
        ],
        "code": {
          "coding": [
            {
              "system": "http://loinc.org",
              "code": "29463-7",
              "display": "Body Weight"
            }
          ],
          "text": "Body Weight"
        },
        "subject": {
          "reference": "urn:uuid:4fdb549b-a6b1-4f8d-b2ed-82f6100eae63"
        },
        "context": {
          "reference": "urn:uuid:d4f146a0-7754-483b-9e81-d6bd47bb1480"
        },
        "effectiveDateTime": "2009-07-13T18:13:22-04:00",
        "issued": "2009-07-13T18:13:22-04:00",
        "valueQuantity": {
          "value": 82.27279697998362,
          "unit": "kg",
          "system": "http://unitsofmeasure.org/",
          "code": "kg"
        },
        "resourceType": "Observation"
      }
    },
    {
      "fullUrl": "urn:uuid:6cc3089b-e05c-46cb-8334-067a5c84fb59",
      "resource": {
        "id": "6cc3089b-e05c-46cb-8334-067a5c84fb59",
        "meta": {
          "profile": [
            "http://standardhealthrecord.org/fhir/StructureDefinition/shr-observation-Observation",
            "http://standardhealthrecord.org/fhir/StructureDefinition/shr-vital-VitalSign",
            "http://standardhealthrecord.org/fhir/StructureDefinition/shr-vital-BodyMassIndex"
          ]
        },
        "status": "final",
        "category": [
          {
            "coding": [
              {
                "system": "http://hl7.org/fhir/observation-category",
                "code": "vital-signs"
              }
            ]
          }
        ],
        "code": {
          "coding": [
            {
              "system": "http://loinc.org",
              "code": "39156-5",
              "display": "Body Mass Index"
            }
          ],
          "text": "Body Mass Index"
        },
        "subject": {
          "reference": "urn:uuid:4fdb549b-a6b1-4f8d-b2ed-82f6100eae63"
        },
        "context": {
          "reference": "urn:uuid:d4f146a0-7754-483b-9e81-d6bd47bb1480"
        },
        "effectiveDateTime": "2009-07-13T18:13:22-04:00",
        "issued": "2009-07-13T18:13:22-04:00",
        "valueQuantity": {
          "value": 26.879554101760473,
          "unit": "kg/m2",
          "system": "http://unitsofmeasure.org/",
          "code": "kg/m2"
        },
        "resourceType": "Observation"
      }
    },
    {
      "fullUrl": "urn:uuid:f2949c67-5e09-425a-8071-64bfcaa6191d",
      "resource": {
        "id": "f2949c67-5e09-425a-8071-64bfcaa6191d",
        "meta": {
          "profile": [
            "http://standardhealthrecord.org/fhir/StructureDefinition/shr-observation-Observation",
            "http://standardhealthrecord.org/fhir/StructureDefinition/shr-vital-BloodPressure"
          ]
        },
        "status": "final",
        "category": [
          {
            "coding": [
              {
                "system": "http://hl7.org/fhir/observation-category",
                "code": "vital-signs"
              }
            ]
          }
        ],
        "code": {
          "coding": [
            {
              "system": "http://loinc.org",
              "code": "55284-4",
              "display": "Blood Pressure"
            }
          ]
        },
        "subject": {
          "reference": "urn:uuid:4fdb549b-a6b1-4f8d-b2ed-82f6100eae63"
        },
        "context": {
          "reference": "urn:uuid:d4f146a0-7754-483b-9e81-d6bd47bb1480"
        },
        "effectiveDateTime": "2009-07-13T18:13:22-04:00",
        "issued": "2009-07-13T18:13:22-04:00",
        "component": [
          {
            "code": {
              "coding": [
                {
                  "system": "http://loinc.org",
                  "code": "8480-6",
                  "display": "Systolic Blood Pressure"
                }
              ],
              "text": "Systolic Blood Pressure"
            },
            "valueQuantity": {
              "value": 103,
              "unit": "mmHg",
              "system": "http://unitsofmeasure.org/",
              "code": "mmHg"
            }
          },
          {
            "code": {
              "coding": [
                {
                  "system": "http://loinc.org",
                  "code": "8462-4",
                  "display": "Diastolic Blood Pressure"
                }
              ],
              "text": "Diastolic Blood Pressure"
            },
            "valueQuantity": {
              "value": 78,
              "unit": "mmHg",
              "system": "http://unitsofmeasure.org/",
              "code": "mmHg"
            }
          }
        ],
        "resourceType": "Observation"
      }
    },
    {
      "fullUrl": "urn:uuid:497c7c50-b515-4113-b00a-7cda6c9225fb",
      "resource": {
        "id": "497c7c50-b515-4113-b00a-7cda6c9225fb",
        "meta": {
          "profile": [
            "http://standardhealthrecord.org/fhir/StructureDefinition/shr-observation-Observation"
          ]
        },
        "status": "final",
        "category": [
          {
            "coding": [
              {
                "system": "http://hl7.org/fhir/observation-category",
                "code": "laboratory"
              }
            ]
          }
        ],
        "code": {
          "coding": [
            {
              "system": "http://loinc.org",
              "code": "2093-3",
              "display": "Total Cholesterol"
            }
          ],
          "text": "Total Cholesterol"
        },
        "subject": {
          "reference": "urn:uuid:4fdb549b-a6b1-4f8d-b2ed-82f6100eae63"
        },
        "context": {
          "reference": "urn:uuid:d4f146a0-7754-483b-9e81-d6bd47bb1480"
        },
        "effectiveDateTime": "2009-07-13T18:13:22-04:00",
        "issued": "2009-07-13T18:13:22-04:00",
        "valueQuantity": {
          "value": 183,
          "unit": "mg/dL",
          "system": "http://unitsofmeasure.org/",
          "code": "mg/dL"
        },
        "resourceType": "Observation"
      }
    },
    {
      "fullUrl": "urn:uuid:b66fcfbb-b092-4694-b1a6-ec1120b3c9d5",
      "resource": {
        "id": "b66fcfbb-b092-4694-b1a6-ec1120b3c9d5",
        "meta": {
          "profile": [
            "http://standardhealthrecord.org/fhir/StructureDefinition/shr-observation-Observation"
          ]
        },
        "status": "final",
        "category": [
          {
            "coding": [
              {
                "system": "http://hl7.org/fhir/observation-category",
                "code": "laboratory"
              }
            ]
          }
        ],
        "code": {
          "coding": [
            {
              "system": "http://loinc.org",
              "code": "2571-8",
              "display": "Triglycerides"
            }
          ],
          "text": "Triglycerides"
        },
        "subject": {
          "reference": "urn:uuid:4fdb549b-a6b1-4f8d-b2ed-82f6100eae63"
        },
        "context": {
          "reference": "urn:uuid:d4f146a0-7754-483b-9e81-d6bd47bb1480"
        },
        "effectiveDateTime": "2009-07-13T18:13:22-04:00",
        "issued": "2009-07-13T18:13:22-04:00",
        "valueQuantity": {
          "value": 141,
          "unit": "mg/dL",
          "system": "http://unitsofmeasure.org/",
          "code": "mg/dL"
        },
        "resourceType": "Observation"
      }
    },
    {
      "fullUrl": "urn:uuid:1f47a767-79bb-4b9b-a585-a4e2af342931",
      "resource": {
        "id": "1f47a767-79bb-4b9b-a585-a4e2af342931",
        "meta": {
          "profile": [
            "http://standardhealthrecord.org/fhir/StructureDefinition/shr-observation-Observation"
          ]
        },
        "status": "final",
        "category": [
          {
            "coding": [
              {
                "system": "http://hl7.org/fhir/observation-category",
                "code": "laboratory"
              }
            ]
          }
        ],
        "code": {
          "coding": [
            {
              "system": "http://loinc.org",
              "code": "18262-6",
              "display": "Low Density Lipoprotein Cholesterol"
            }
          ],
          "text": "Low Density Lipoprotein Cholesterol"
        },
        "subject": {
          "reference": "urn:uuid:4fdb549b-a6b1-4f8d-b2ed-82f6100eae63"
        },
        "context": {
          "reference": "urn:uuid:d4f146a0-7754-483b-9e81-d6bd47bb1480"
        },
        "effectiveDateTime": "2009-07-13T18:13:22-04:00",
        "issued": "2009-07-13T18:13:22-04:00",
        "valueQuantity": {
          "value": 95,
          "unit": "mg/dL",
          "system": "http://unitsofmeasure.org/",
          "code": "mg/dL"
        },
        "resourceType": "Observation"
      }
    },
    {
      "fullUrl": "urn:uuid:8260151f-5246-4102-bdc3-fc485ed6e7f7",
      "resource": {
        "id": "8260151f-5246-4102-bdc3-fc485ed6e7f7",
        "meta": {
          "profile": [
            "http://standardhealthrecord.org/fhir/StructureDefinition/shr-observation-Observation"
          ]
        },
        "status": "final",
        "category": [
          {
            "coding": [
              {
                "system": "http://hl7.org/fhir/observation-category",
                "code": "laboratory"
              }
            ]
          }
        ],
        "code": {
          "coding": [
            {
              "system": "http://loinc.org",
              "code": "2085-9",
              "display": "High Density Lipoprotein Cholesterol"
            }
          ],
          "text": "High Density Lipoprotein Cholesterol"
        },
        "subject": {
          "reference": "urn:uuid:4fdb549b-a6b1-4f8d-b2ed-82f6100eae63"
        },
        "context": {
          "reference": "urn:uuid:d4f146a0-7754-483b-9e81-d6bd47bb1480"
        },
        "effectiveDateTime": "2009-07-13T18:13:22-04:00",
        "issued": "2009-07-13T18:13:22-04:00",
        "valueQuantity": {
          "value": 59,
          "unit": "mg/dL",
          "system": "http://unitsofmeasure.org/",
          "code": "mg/dL"
        },
        "resourceType": "Observation"
      }
    },
    {
      "fullUrl": "urn:uuid:03001dd6-cf24-40b7-993a-d48d6a2a0cf3",
      "resource": {
        "id": "03001dd6-cf24-40b7-993a-d48d6a2a0cf3",
        "meta": {
          "profile": [
            "http://standardhealthrecord.org/fhir/StructureDefinition/shr-observation-Panel"
          ]
        },
        "status": "final",
        "code": {
          "coding": [
            {
              "system": "http://loinc.org",
              "code": "57698-3",
              "display": "Lipid Panel"
            }
          ]
        },
        "subject": {
          "reference": "urn:uuid:4fdb549b-a6b1-4f8d-b2ed-82f6100eae63"
        },
        "context": {
          "reference": "urn:uuid:d4f146a0-7754-483b-9e81-d6bd47bb1480"
        },
        "effectiveDateTime": "2009-07-13T18:13:22-04:00",
        "issued": "2009-07-13T18:13:22-04:00",
        "result": [
          {
            "reference": "urn:uuid:497c7c50-b515-4113-b00a-7cda6c9225fb",
            "display": "Total Cholesterol"
          },
          {
            "reference": "urn:uuid:b66fcfbb-b092-4694-b1a6-ec1120b3c9d5",
            "display": "Triglycerides"
          },
          {
            "reference": "urn:uuid:1f47a767-79bb-4b9b-a585-a4e2af342931",
            "display": "Low Density Lipoprotein Cholesterol"
          },
          {
            "reference": "urn:uuid:8260151f-5246-4102-bdc3-fc485ed6e7f7",
            "display": "High Density Lipoprotein Cholesterol"
          }
        ],
        "resourceType": "DiagnosticReport"
      }
    },
    {
      "resource": {
        "meta": {
          "profile": [
            "http://standardhealthrecord.org/fhir/StructureDefinition/shr-immunization-Immunization"
          ]
        },
        "status": "completed",
        "notGiven": false,
        "vaccineCode": {
          "coding": [
            {
              "system": "http://hl7.org/fhir/sid/cvx",
              "code": "140",
              "display": "Influenza, seasonal, injectable, preservative free"
            }
          ],
          "text": "Influenza, seasonal, injectable, preservative free"
        },
        "patient": {
          "reference": "urn:uuid:4fdb549b-a6b1-4f8d-b2ed-82f6100eae63"
        },
        "encounter": {
          "reference": "urn:uuid:d4f146a0-7754-483b-9e81-d6bd47bb1480"
        },
        "date": "2009-07-13T18:13:22-04:00",
        "primarySource": true,
        "resourceType": "Immunization"
      }
    },
    {
      "resource": {
        "meta": {
          "profile": [
            "http://standardhealthrecord.org/fhir/StructureDefinition/shr-immunization-Immunization"
          ]
        },
        "status": "completed",
        "notGiven": false,
        "vaccineCode": {
          "coding": [
            {
              "system": "http://hl7.org/fhir/sid/cvx",
              "code": "113",
              "display": "Td (adult) preservative free"
            }
          ],
          "text": "Td (adult) preservative free"
        },
        "patient": {
          "reference": "urn:uuid:4fdb549b-a6b1-4f8d-b2ed-82f6100eae63"
        },
        "encounter": {
          "reference": "urn:uuid:d4f146a0-7754-483b-9e81-d6bd47bb1480"
        },
        "date": "2009-07-13T18:13:22-04:00",
        "primarySource": true,
        "resourceType": "Immunization"
      }
    },
    {
      "fullUrl": "urn:uuid:82a634ca-2c74-4520-9698-e66a2d13349b",
      "resource": {
        "id": "82a634ca-2c74-4520-9698-e66a2d13349b",
        "meta": {
          "profile": [
            "http://standardhealthrecord.org/fhir/StructureDefinition/shr-medication-MedicationPrescription"
          ]
        },
        "extension": [
          {
            "url": "http://standardhealthrecord.org/fhir/StructureDefinition/shr-base-ActionCode-extension",
            "valueCodeableConcept": {
              "coding": [
                {
                  "system": "http://snomed.info/sct",
                  "code": "33633005",
                  "display": "Prescription of drug (procedure)"
                }
              ],
              "text": "Prescription of drug (procedure)"
            }
          }
        ],
        "status": "active",
        "intent": "order",
        "medicationCodeableConcept": {
          "coding": [
            {
              "system": "http://www.nlm.nih.gov/research/umls/rxnorm",
              "code": "834060",
              "display": "Penicillin V Potassium 250 MG"
            }
          ],
          "text": "Penicillin V Potassium 250 MG"
        },
        "subject": {
          "reference": "urn:uuid:4fdb549b-a6b1-4f8d-b2ed-82f6100eae63"
        },
        "context": {
          "reference": "urn:uuid:d4f146a0-7754-483b-9e81-d6bd47bb1480"
        },
        "authoredOn": "1991-03-29",
        "resourceType": "MedicationRequest"
      }
    },
    {
      "fullUrl": "urn:uuid:0cb7493f-5b52-4495-bf74-75a0ae0ec366",
      "resource": {
        "id": "0cb7493f-5b52-4495-bf74-75a0ae0ec366",
        "status": "active",
        "use": "complete",
        "patient": {
          "reference": "urn:uuid:4fdb549b-a6b1-4f8d-b2ed-82f6100eae63"
        },
        "billablePeriod": {
          "start": "2009-07-13T18:13:22-04:00",
          "end": "2009-07-13T19:13:22-04:00"
        },
        "organization": {
          "reference": {
            "reference": "urn:uuid:94bec074-5c4b-440c-ba5e-409cd9a896a6"
          }
        },
        "prescription": {
          "reference": "urn:uuid:82a634ca-2c74-4520-9698-e66a2d13349b"
        },
        "item": [
          {
            "sequence": 1,
            "net": {
              "value": 125.0,
              "system": "urn:iso:std:iso:4217",
              "code": "USD"
            },
            "encounter": [
              {
                "reference": {
                  "fullUrl": "urn:uuid:d4f146a0-7754-483b-9e81-d6bd47bb1480",
                  "resource": {
                    "id": "d4f146a0-7754-483b-9e81-d6bd47bb1480",
                    "meta": {
                      "profile": [
                        "http://standardhealthrecord.org/fhir/StructureDefinition/shr-encounter-Encounter"
                      ]
                    },
                    "status": "finished",
                    "class": {
                      "code": "outpatient"
                    },
                    "type": [
                      {
                        "coding": [
                          {
                            "system": "http://snomed.info/sct",
                            "code": "185349003"
                          }
                        ],
                        "text": "Outpatient Encounter"
                      }
                    ],
                    "subject": {
                      "reference": "urn:uuid:4fdb549b-a6b1-4f8d-b2ed-82f6100eae63"
                    },
                    "period": {
                      "start": "2009-07-13T18:13:22-04:00",
                      "end": "2009-07-13T19:13:22-04:00"
                    },
                    "serviceProvider": {
                      "reference": "urn:uuid:94bec074-5c4b-440c-ba5e-409cd9a896a6"
                    },
                    "resourceType": "Encounter"
                  }
                }
              }
            ]
          },
          {
            "sequence": 1,
            "net": {
              "value": 255.0,
              "system": "urn:iso:std:iso:4217",
              "code": "USD"
            }
          }
        ],
        "total": {
          "value": 255.0,
          "system": "urn:iso:std:iso:4217",
          "code": "USD"
        },
        "resourceType": "Claim"
      }
    },
    {
      "fullUrl": "urn:uuid:15dd20be-c75e-49d6-8d29-b54c2a0c694e",
      "resource": {
        "id": "15dd20be-c75e-49d6-8d29-b54c2a0c694e",
        "meta": {
          "profile": [
            "http://standardhealthrecord.org/fhir/StructureDefinition/shr-encounter-Encounter"
          ]
        },
        "status": "finished",
        "class": {
          "code": "ambulatory"
        },
        "type": [
          {
            "coding": [
              {
                "system": "http://snomed.info/sct",
                "code": "185345009"
              }
            ],
            "text": "Encounter for symptom"
          }
        ],
        "subject": {
          "reference": "urn:uuid:4fdb549b-a6b1-4f8d-b2ed-82f6100eae63"
        },
        "period": {
          "start": "2009-08-11T11:59:57-04:00",
          "end": "2009-08-11T11:59:57-04:00"
        },
        "reason": [
          {
            "coding": [
              {
                "system": "http://snomed.info/sct",
                "code": "444814009",
                "display": "Viral sinusitis (disorder)"
              }
            ]
          }
        ],
        "serviceProvider": {
          "reference": "urn:uuid:94bec074-5c4b-440c-ba5e-409cd9a896a6"
        },
        "resourceType": "Encounter"
      }
    },
    {
      "fullUrl": "urn:uuid:cc048fd8-2e3e-45eb-b817-640d1daabca9",
      "resource": {
        "id": "cc048fd8-2e3e-45eb-b817-640d1daabca9",
        "status": "active",
        "use": "complete",
        "patient": {
          "reference": "urn:uuid:4fdb549b-a6b1-4f8d-b2ed-82f6100eae63"
        },
        "billablePeriod": {
          "start": "2009-08-11T11:59:57-04:00",
          "end": "2009-08-11T11:59:57-04:00"
        },
        "organization": {
          "reference": {
            "reference": "urn:uuid:94bec074-5c4b-440c-ba5e-409cd9a896a6"
          }
        },
        "diagnosis": [
          {
            "sequence": 1,
            "diagnosisReference": {
              "reference": "urn:uuid:170fcdd5-866d-4663-8b9d-1754cc09a9e7"
            }
          }
        ],
        "item": [
          {
            "sequence": 1,
            "net": {
              "value": 125.0,
              "system": "urn:iso:std:iso:4217",
              "code": "USD"
            },
            "encounter": [
              {
                "reference": {
                  "fullUrl": "urn:uuid:15dd20be-c75e-49d6-8d29-b54c2a0c694e",
                  "resource": {
                    "id": "15dd20be-c75e-49d6-8d29-b54c2a0c694e",
                    "meta": {
                      "profile": [
                        "http://standardhealthrecord.org/fhir/StructureDefinition/shr-encounter-Encounter"
                      ]
                    },
                    "status": "finished",
                    "class": {
                      "code": "ambulatory"
                    },
                    "type": [
                      {
                        "coding": [
                          {
                            "system": "http://snomed.info/sct",
                            "code": "185345009"
                          }
                        ],
                        "text": "Encounter for symptom"
                      }
                    ],
                    "subject": {
                      "reference": "urn:uuid:4fdb549b-a6b1-4f8d-b2ed-82f6100eae63"
                    },
                    "period": {
                      "start": "2009-08-11T11:59:57-04:00",
                      "end": "2009-08-11T11:59:57-04:00"
                    },
                    "reason": [
                      {
                        "coding": [
                          {
                            "system": "http://snomed.info/sct",
                            "code": "444814009",
                            "display": "Viral sinusitis (disorder)"
                          }
                        ]
                      }
                    ],
                    "serviceProvider": {
                      "reference": "urn:uuid:94bec074-5c4b-440c-ba5e-409cd9a896a6"
                    },
                    "resourceType": "Encounter"
                  }
                }
              }
            ]
          },
          {
            "sequence": 2,
            "diagnosisLinkId": [
              1
            ],
            "net": {
              "value": 0.0,
              "system": "urn:iso:std:iso:4217",
              "code": "USD"
            }
          }
        ],
        "total": {
          "value": 125.0,
          "system": "urn:iso:std:iso:4217",
          "code": "USD"
        },
        "resourceType": "Claim"
      }
    },
    {
      "fullUrl": "urn:uuid:170fcdd5-866d-4663-8b9d-1754cc09a9e7",
      "resource": {
        "id": "170fcdd5-866d-4663-8b9d-1754cc09a9e7",
        "meta": {
          "profile": [
            "http://standardhealthrecord.org/fhir/StructureDefinition/shr-problem-Problem"
          ]
        },
        "clinicalStatus": "resolved",
        "verificationStatus": "confirmed",
        "code": {
          "coding": [
            {
              "system": "http://snomed.info/sct",
              "code": "444814009",
              "display": "Viral sinusitis (disorder)"
            }
          ],
          "text": "Viral sinusitis (disorder)"
        },
        "subject": {
          "reference": "urn:uuid:4fdb549b-a6b1-4f8d-b2ed-82f6100eae63"
        },
        "context": {
          "reference": "urn:uuid:15dd20be-c75e-49d6-8d29-b54c2a0c694e"
        },
        "onsetDateTime": "2009-08-04T03:44:55-04:00",
        "abatementDateTime": "2009-08-24T17:01:30-04:00",
        "assertedDate": "2009-08-04",
        "resourceType": "Condition"
      }
    },
    {
      "fullUrl": "urn:uuid:435f9adc-565b-4d8d-ae3c-77882f256156",
      "resource": {
        "id": "435f9adc-565b-4d8d-ae3c-77882f256156",
        "meta": {
          "profile": [
            "http://standardhealthrecord.org/fhir/StructureDefinition/shr-encounter-Encounter"
          ]
        },
        "status": "finished",
        "class": {
          "code": "ambulatory"
        },
        "type": [
          {
            "coding": [
              {
                "system": "http://snomed.info/sct",
                "code": "185345009"
              }
            ],
            "text": "Encounter for symptom"
          }
        ],
        "subject": {
          "reference": "urn:uuid:4fdb549b-a6b1-4f8d-b2ed-82f6100eae63"
        },
        "period": {
          "start": "2009-11-27T03:20:33-05:00",
          "end": "2009-11-27T03:20:33-05:00"
        },
        "reason": [
          {
            "coding": [
              {
                "system": "http://snomed.info/sct",
                "code": "195662009",
                "display": "Acute viral pharyngitis (disorder)"
              }
            ]
          }
        ],
        "serviceProvider": {
          "reference": "urn:uuid:94bec074-5c4b-440c-ba5e-409cd9a896a6"
        },
        "resourceType": "Encounter"
      }
    },
    {
      "fullUrl": "urn:uuid:167a19ad-3ee2-4564-a36f-61fac8b7c4cd",
      "resource": {
        "id": "167a19ad-3ee2-4564-a36f-61fac8b7c4cd",
        "status": "active",
        "use": "complete",
        "patient": {
          "reference": "urn:uuid:4fdb549b-a6b1-4f8d-b2ed-82f6100eae63"
        },
        "billablePeriod": {
          "start": "2009-11-27T03:20:33-05:00",
          "end": "2009-11-27T03:20:33-05:00"
        },
        "organization": {
          "reference": {
            "reference": "urn:uuid:94bec074-5c4b-440c-ba5e-409cd9a896a6"
          }
        },
        "diagnosis": [
          {
            "sequence": 1,
            "diagnosisReference": {
              "reference": "urn:uuid:ff13058b-e3e9-4a62-beb8-55ca7aec0547"
            }
          }
        ],
        "item": [
          {
            "sequence": 1,
            "net": {
              "value": 125.0,
              "system": "urn:iso:std:iso:4217",
              "code": "USD"
            },
            "encounter": [
              {
                "reference": {
                  "fullUrl": "urn:uuid:435f9adc-565b-4d8d-ae3c-77882f256156",
                  "resource": {
                    "id": "435f9adc-565b-4d8d-ae3c-77882f256156",
                    "meta": {
                      "profile": [
                        "http://standardhealthrecord.org/fhir/StructureDefinition/shr-encounter-Encounter"
                      ]
                    },
                    "status": "finished",
                    "class": {
                      "code": "ambulatory"
                    },
                    "type": [
                      {
                        "coding": [
                          {
                            "system": "http://snomed.info/sct",
                            "code": "185345009"
                          }
                        ],
                        "text": "Encounter for symptom"
                      }
                    ],
                    "subject": {
                      "reference": "urn:uuid:4fdb549b-a6b1-4f8d-b2ed-82f6100eae63"
                    },
                    "period": {
                      "start": "2009-11-27T03:20:33-05:00",
                      "end": "2009-11-27T03:20:33-05:00"
                    },
                    "reason": [
                      {
                        "coding": [
                          {
                            "system": "http://snomed.info/sct",
                            "code": "195662009",
                            "display": "Acute viral pharyngitis (disorder)"
                          }
                        ]
                      }
                    ],
                    "serviceProvider": {
                      "reference": "urn:uuid:94bec074-5c4b-440c-ba5e-409cd9a896a6"
                    },
                    "resourceType": "Encounter"
                  }
                }
              }
            ]
          },
          {
            "sequence": 2,
            "diagnosisLinkId": [
              1
            ],
            "net": {
              "value": 0.0,
              "system": "urn:iso:std:iso:4217",
              "code": "USD"
            }
          }
        ],
        "total": {
          "value": 125.0,
          "system": "urn:iso:std:iso:4217",
          "code": "USD"
        },
        "resourceType": "Claim"
      }
    },
    {
      "fullUrl": "urn:uuid:ff13058b-e3e9-4a62-beb8-55ca7aec0547",
      "resource": {
        "id": "ff13058b-e3e9-4a62-beb8-55ca7aec0547",
        "meta": {
          "profile": [
            "http://standardhealthrecord.org/fhir/StructureDefinition/shr-problem-Problem"
          ]
        },
        "clinicalStatus": "resolved",
        "verificationStatus": "confirmed",
        "code": {
          "coding": [
            {
              "system": "http://snomed.info/sct",
              "code": "195662009",
              "display": "Acute viral pharyngitis (disorder)"
            }
          ],
          "text": "Acute viral pharyngitis (disorder)"
        },
        "subject": {
          "reference": "urn:uuid:4fdb549b-a6b1-4f8d-b2ed-82f6100eae63"
        },
        "context": {
          "reference": "urn:uuid:435f9adc-565b-4d8d-ae3c-77882f256156"
        },
        "onsetDateTime": "2009-11-23T02:47:00-05:00",
        "abatementDateTime": "2009-12-08T01:28:10-05:00",
        "assertedDate": "2009-11-23",
        "resourceType": "Condition"
      }
    },
    {
      "fullUrl": "urn:uuid:e8ba1c5b-ac28-487d-8e5c-5db206f8f100",
      "resource": {
        "id": "e8ba1c5b-ac28-487d-8e5c-5db206f8f100",
        "meta": {
          "profile": [
            "http://standardhealthrecord.org/fhir/StructureDefinition/shr-observation-Observation",
            "http://standardhealthrecord.org/fhir/StructureDefinition/shr-vital-VitalSign"
          ]
        },
        "status": "final",
        "category": [
          {
            "coding": [
              {
                "system": "http://hl7.org/fhir/observation-category",
                "code": "vital-signs"
              }
            ]
          }
        ],
        "code": {
          "coding": [
            {
              "system": "http://loinc.org",
              "code": "8331-1",
              "display": "Oral temperature"
            }
          ],
          "text": "Oral temperature"
        },
        "subject": {
          "reference": "urn:uuid:4fdb549b-a6b1-4f8d-b2ed-82f6100eae63"
        },
        "context": {
          "reference": "urn:uuid:435f9adc-565b-4d8d-ae3c-77882f256156"
        },
        "effectiveDateTime": "2009-11-27T03:20:33-05:00",
        "issued": "2009-11-27T03:20:33-05:00",
        "valueQuantity": {
          "value": 37,
          "unit": "Cel",
          "system": "http://unitsofmeasure.org/",
          "code": "Cel"
        },
        "resourceType": "Observation"
      }
    },
    {
      "fullUrl": "urn:uuid:da339367-e879-48ec-8e81-ee9ecc7ee165",
      "resource": {
        "id": "da339367-e879-48ec-8e81-ee9ecc7ee165",
        "meta": {
          "profile": [
            "http://standardhealthrecord.org/fhir/StructureDefinition/shr-encounter-Encounter"
          ]
        },
        "status": "finished",
        "class": {
          "code": "outpatient"
        },
        "type": [
          {
            "coding": [
              {
                "system": "http://snomed.info/sct",
                "code": "185349003"
              }
            ],
            "text": "Outpatient Encounter"
          }
        ],
        "subject": {
          "reference": "urn:uuid:4fdb549b-a6b1-4f8d-b2ed-82f6100eae63"
        },
        "period": {
          "start": "2012-11-18T14:13:35-05:00",
          "end": "2012-11-18T15:13:35-05:00"
        },
        "serviceProvider": {
          "reference": "urn:uuid:94bec074-5c4b-440c-ba5e-409cd9a896a6"
        },
        "resourceType": "Encounter"
      }
    },
    {
      "fullUrl": "urn:uuid:4d0821b7-6d86-43df-9611-de5217824f81",
      "resource": {
        "id": "4d0821b7-6d86-43df-9611-de5217824f81",
        "status": "active",
        "use": "complete",
        "patient": {
          "reference": "urn:uuid:4fdb549b-a6b1-4f8d-b2ed-82f6100eae63"
        },
        "billablePeriod": {
          "start": "2012-11-18T14:13:35-05:00",
          "end": "2012-11-18T15:13:35-05:00"
        },
        "organization": {
          "reference": {
            "reference": "urn:uuid:94bec074-5c4b-440c-ba5e-409cd9a896a6"
          }
        },
        "item": [
          {
            "sequence": 1,
            "net": {
              "value": 125.0,
              "system": "urn:iso:std:iso:4217",
              "code": "USD"
            },
            "encounter": [
              {
                "reference": {
                  "fullUrl": "urn:uuid:da339367-e879-48ec-8e81-ee9ecc7ee165",
                  "resource": {
                    "id": "da339367-e879-48ec-8e81-ee9ecc7ee165",
                    "meta": {
                      "profile": [
                        "http://standardhealthrecord.org/fhir/StructureDefinition/shr-encounter-Encounter"
                      ]
                    },
                    "status": "finished",
                    "class": {
                      "code": "outpatient"
                    },
                    "type": [
                      {
                        "coding": [
                          {
                            "system": "http://snomed.info/sct",
                            "code": "185349003"
                          }
                        ],
                        "text": "Outpatient Encounter"
                      }
                    ],
                    "subject": {
                      "reference": "urn:uuid:4fdb549b-a6b1-4f8d-b2ed-82f6100eae63"
                    },
                    "period": {
                      "start": "2012-11-18T14:13:35-05:00",
                      "end": "2012-11-18T15:13:35-05:00"
                    },
                    "serviceProvider": {
                      "reference": "urn:uuid:94bec074-5c4b-440c-ba5e-409cd9a896a6"
                    },
                    "resourceType": "Encounter"
                  }
                }
              }
            ]
          },
          {
            "sequence": 2,
            "category": {
              "coding": [
                {
                  "system": "http://hl7.org/fhir/sid/cvx",
                  "code": "140",
                  "display": "Influenza, seasonal, injectable, preservative free"
                }
              ],
              "text": "Influenza, seasonal, injectable, preservative free"
            },
            "net": {
              "value": 136.0,
              "system": "urn:iso:std:iso:4217",
              "code": "USD"
            }
          }
        ],
        "total": {
          "value": 261.0,
          "system": "urn:iso:std:iso:4217",
          "code": "USD"
        },
        "resourceType": "Claim"
      }
    },
    {
      "fullUrl": "urn:uuid:09250c44-fe0e-47a1-92f5-ed977d27675e",
      "resource": {
        "id": "09250c44-fe0e-47a1-92f5-ed977d27675e",
        "meta": {
          "profile": [
            "http://standardhealthrecord.org/fhir/StructureDefinition/shr-observation-Observation",
            "http://standardhealthrecord.org/fhir/StructureDefinition/shr-vital-VitalSign",
            "http://standardhealthrecord.org/fhir/StructureDefinition/shr-vital-BodyHeight"
          ]
        },
        "status": "final",
        "category": [
          {
            "coding": [
              {
                "system": "http://hl7.org/fhir/observation-category",
                "code": "vital-signs"
              }
            ]
          }
        ],
        "code": {
          "coding": [
            {
              "system": "http://loinc.org",
              "code": "8302-2",
              "display": "Body Height"
            }
          ],
          "text": "Body Height"
        },
        "subject": {
          "reference": "urn:uuid:4fdb549b-a6b1-4f8d-b2ed-82f6100eae63"
        },
        "context": {
          "reference": "urn:uuid:da339367-e879-48ec-8e81-ee9ecc7ee165"
        },
        "effectiveDateTime": "2012-11-18T14:13:35-05:00",
        "issued": "2012-11-18T14:13:35-05:00",
        "valueQuantity": {
          "value": 174.9512706209175,
          "unit": "cm",
          "system": "http://unitsofmeasure.org/",
          "code": "cm"
        },
        "resourceType": "Observation"
      }
    },
    {
      "fullUrl": "urn:uuid:b4ff297a-a2e4-4bd7-a781-f52478233ded",
      "resource": {
        "id": "b4ff297a-a2e4-4bd7-a781-f52478233ded",
        "meta": {
          "profile": [
            "http://standardhealthrecord.org/fhir/StructureDefinition/shr-observation-Observation",
            "http://standardhealthrecord.org/fhir/StructureDefinition/shr-vital-VitalSign",
            "http://standardhealthrecord.org/fhir/StructureDefinition/shr-vital-BodyWeight"
          ]
        },
        "status": "final",
        "category": [
          {
            "coding": [
              {
                "system": "http://hl7.org/fhir/observation-category",
                "code": "vital-signs"
              }
            ]
          }
        ],
        "code": {
          "coding": [
            {
              "system": "http://loinc.org",
              "code": "29463-7",
              "display": "Body Weight"
            }
          ],
          "text": "Body Weight"
        },
        "subject": {
          "reference": "urn:uuid:4fdb549b-a6b1-4f8d-b2ed-82f6100eae63"
        },
        "context": {
          "reference": "urn:uuid:da339367-e879-48ec-8e81-ee9ecc7ee165"
        },
        "effectiveDateTime": "2012-11-18T14:13:35-05:00",
        "issued": "2012-11-18T14:13:35-05:00",
        "valueQuantity": {
          "value": 85.64773458495037,
          "unit": "kg",
          "system": "http://unitsofmeasure.org/",
          "code": "kg"
        },
        "resourceType": "Observation"
      }
    },
    {
      "fullUrl": "urn:uuid:b94a8b8a-cad0-4aaa-9678-acfa47e3fca9",
      "resource": {
        "id": "b94a8b8a-cad0-4aaa-9678-acfa47e3fca9",
        "meta": {
          "profile": [
            "http://standardhealthrecord.org/fhir/StructureDefinition/shr-observation-Observation",
            "http://standardhealthrecord.org/fhir/StructureDefinition/shr-vital-VitalSign",
            "http://standardhealthrecord.org/fhir/StructureDefinition/shr-vital-BodyMassIndex"
          ]
        },
        "status": "final",
        "category": [
          {
            "coding": [
              {
                "system": "http://hl7.org/fhir/observation-category",
                "code": "vital-signs"
              }
            ]
          }
        ],
        "code": {
          "coding": [
            {
              "system": "http://loinc.org",
              "code": "39156-5",
              "display": "Body Mass Index"
            }
          ],
          "text": "Body Mass Index"
        },
        "subject": {
          "reference": "urn:uuid:4fdb549b-a6b1-4f8d-b2ed-82f6100eae63"
        },
        "context": {
          "reference": "urn:uuid:da339367-e879-48ec-8e81-ee9ecc7ee165"
        },
        "effectiveDateTime": "2012-11-18T14:13:35-05:00",
        "issued": "2012-11-18T14:13:35-05:00",
        "valueQuantity": {
          "value": 27.982188523741293,
          "unit": "kg/m2",
          "system": "http://unitsofmeasure.org/",
          "code": "kg/m2"
        },
        "resourceType": "Observation"
      }
    },
    {
      "fullUrl": "urn:uuid:94f43d7a-3c8b-4c83-955e-1a31381c2258",
      "resource": {
        "id": "94f43d7a-3c8b-4c83-955e-1a31381c2258",
        "meta": {
          "profile": [
            "http://standardhealthrecord.org/fhir/StructureDefinition/shr-observation-Observation",
            "http://standardhealthrecord.org/fhir/StructureDefinition/shr-vital-BloodPressure"
          ]
        },
        "status": "final",
        "category": [
          {
            "coding": [
              {
                "system": "http://hl7.org/fhir/observation-category",
                "code": "vital-signs"
              }
            ]
          }
        ],
        "code": {
          "coding": [
            {
              "system": "http://loinc.org",
              "code": "55284-4",
              "display": "Blood Pressure"
            }
          ]
        },
        "subject": {
          "reference": "urn:uuid:4fdb549b-a6b1-4f8d-b2ed-82f6100eae63"
        },
        "context": {
          "reference": "urn:uuid:da339367-e879-48ec-8e81-ee9ecc7ee165"
        },
        "effectiveDateTime": "2012-11-18T14:13:35-05:00",
        "issued": "2012-11-18T14:13:35-05:00",
        "component": [
          {
            "code": {
              "coding": [
                {
                  "system": "http://loinc.org",
                  "code": "8480-6",
                  "display": "Systolic Blood Pressure"
                }
              ],
              "text": "Systolic Blood Pressure"
            },
            "valueQuantity": {
              "value": 103,
              "unit": "mmHg",
              "system": "http://unitsofmeasure.org/",
              "code": "mmHg"
            }
          },
          {
            "code": {
              "coding": [
                {
                  "system": "http://loinc.org",
                  "code": "8462-4",
                  "display": "Diastolic Blood Pressure"
                }
              ],
              "text": "Diastolic Blood Pressure"
            },
            "valueQuantity": {
              "value": 85,
              "unit": "mmHg",
              "system": "http://unitsofmeasure.org/",
              "code": "mmHg"
            }
          }
        ],
        "resourceType": "Observation"
      }
    },
    {
      "fullUrl": "urn:uuid:ec8bd846-84b3-4fa3-ba5e-05d534899dcf",
      "resource": {
        "id": "ec8bd846-84b3-4fa3-ba5e-05d534899dcf",
        "meta": {
          "profile": [
            "http://standardhealthrecord.org/fhir/StructureDefinition/shr-observation-Observation"
          ]
        },
        "status": "final",
        "category": [
          {
            "coding": [
              {
                "system": "http://hl7.org/fhir/observation-category",
                "code": "laboratory"
              }
            ]
          }
        ],
        "code": {
          "coding": [
            {
              "system": "http://loinc.org",
              "code": "2093-3",
              "display": "Total Cholesterol"
            }
          ],
          "text": "Total Cholesterol"
        },
        "subject": {
          "reference": "urn:uuid:4fdb549b-a6b1-4f8d-b2ed-82f6100eae63"
        },
        "context": {
          "reference": "urn:uuid:da339367-e879-48ec-8e81-ee9ecc7ee165"
        },
        "effectiveDateTime": "2012-11-18T14:13:35-05:00",
        "issued": "2012-11-18T14:13:35-05:00",
        "valueQuantity": {
          "value": 195,
          "unit": "mg/dL",
          "system": "http://unitsofmeasure.org/",
          "code": "mg/dL"
        },
        "resourceType": "Observation"
      }
    },
    {
      "fullUrl": "urn:uuid:ded6e8b0-9a03-4a9c-a892-87e90531c889",
      "resource": {
        "id": "ded6e8b0-9a03-4a9c-a892-87e90531c889",
        "meta": {
          "profile": [
            "http://standardhealthrecord.org/fhir/StructureDefinition/shr-observation-Observation"
          ]
        },
        "status": "final",
        "category": [
          {
            "coding": [
              {
                "system": "http://hl7.org/fhir/observation-category",
                "code": "laboratory"
              }
            ]
          }
        ],
        "code": {
          "coding": [
            {
              "system": "http://loinc.org",
              "code": "2571-8",
              "display": "Triglycerides"
            }
          ],
          "text": "Triglycerides"
        },
        "subject": {
          "reference": "urn:uuid:4fdb549b-a6b1-4f8d-b2ed-82f6100eae63"
        },
        "context": {
          "reference": "urn:uuid:da339367-e879-48ec-8e81-ee9ecc7ee165"
        },
        "effectiveDateTime": "2012-11-18T14:13:35-05:00",
        "issued": "2012-11-18T14:13:35-05:00",
        "valueQuantity": {
          "value": 135,
          "unit": "mg/dL",
          "system": "http://unitsofmeasure.org/",
          "code": "mg/dL"
        },
        "resourceType": "Observation"
      }
    },
    {
      "fullUrl": "urn:uuid:71677b58-9612-4800-8a7e-2439a16455de",
      "resource": {
        "id": "71677b58-9612-4800-8a7e-2439a16455de",
        "meta": {
          "profile": [
            "http://standardhealthrecord.org/fhir/StructureDefinition/shr-observation-Observation"
          ]
        },
        "status": "final",
        "category": [
          {
            "coding": [
              {
                "system": "http://hl7.org/fhir/observation-category",
                "code": "laboratory"
              }
            ]
          }
        ],
        "code": {
          "coding": [
            {
              "system": "http://loinc.org",
              "code": "18262-6",
              "display": "Low Density Lipoprotein Cholesterol"
            }
          ],
          "text": "Low Density Lipoprotein Cholesterol"
        },
        "subject": {
          "reference": "urn:uuid:4fdb549b-a6b1-4f8d-b2ed-82f6100eae63"
        },
        "context": {
          "reference": "urn:uuid:da339367-e879-48ec-8e81-ee9ecc7ee165"
        },
        "effectiveDateTime": "2012-11-18T14:13:35-05:00",
        "issued": "2012-11-18T14:13:35-05:00",
        "valueQuantity": {
          "value": 99,
          "unit": "mg/dL",
          "system": "http://unitsofmeasure.org/",
          "code": "mg/dL"
        },
        "resourceType": "Observation"
      }
    },
    {
      "fullUrl": "urn:uuid:0dd531f5-2e50-49e7-95ec-94b0bfa6e203",
      "resource": {
        "id": "0dd531f5-2e50-49e7-95ec-94b0bfa6e203",
        "meta": {
          "profile": [
            "http://standardhealthrecord.org/fhir/StructureDefinition/shr-observation-Observation"
          ]
        },
        "status": "final",
        "category": [
          {
            "coding": [
              {
                "system": "http://hl7.org/fhir/observation-category",
                "code": "laboratory"
              }
            ]
          }
        ],
        "code": {
          "coding": [
            {
              "system": "http://loinc.org",
              "code": "2085-9",
              "display": "High Density Lipoprotein Cholesterol"
            }
          ],
          "text": "High Density Lipoprotein Cholesterol"
        },
        "subject": {
          "reference": "urn:uuid:4fdb549b-a6b1-4f8d-b2ed-82f6100eae63"
        },
        "context": {
          "reference": "urn:uuid:da339367-e879-48ec-8e81-ee9ecc7ee165"
        },
        "effectiveDateTime": "2012-11-18T14:13:35-05:00",
        "issued": "2012-11-18T14:13:35-05:00",
        "valueQuantity": {
          "value": 69,
          "unit": "mg/dL",
          "system": "http://unitsofmeasure.org/",
          "code": "mg/dL"
        },
        "resourceType": "Observation"
      }
    },
    {
      "fullUrl": "urn:uuid:ad346444-a8da-4ff1-81bc-cc4dc03f7fd3",
      "resource": {
        "id": "ad346444-a8da-4ff1-81bc-cc4dc03f7fd3",
        "meta": {
          "profile": [
            "http://standardhealthrecord.org/fhir/StructureDefinition/shr-observation-Panel"
          ]
        },
        "status": "final",
        "code": {
          "coding": [
            {
              "system": "http://loinc.org",
              "code": "57698-3",
              "display": "Lipid Panel"
            }
          ]
        },
        "subject": {
          "reference": "urn:uuid:4fdb549b-a6b1-4f8d-b2ed-82f6100eae63"
        },
        "context": {
          "reference": "urn:uuid:da339367-e879-48ec-8e81-ee9ecc7ee165"
        },
        "effectiveDateTime": "2012-11-18T14:13:35-05:00",
        "issued": "2012-11-18T14:13:35-05:00",
        "result": [
          {
            "reference": "urn:uuid:ec8bd846-84b3-4fa3-ba5e-05d534899dcf",
            "display": "Total Cholesterol"
          },
          {
            "reference": "urn:uuid:ded6e8b0-9a03-4a9c-a892-87e90531c889",
            "display": "Triglycerides"
          },
          {
            "reference": "urn:uuid:71677b58-9612-4800-8a7e-2439a16455de",
            "display": "Low Density Lipoprotein Cholesterol"
          },
          {
            "reference": "urn:uuid:0dd531f5-2e50-49e7-95ec-94b0bfa6e203",
            "display": "High Density Lipoprotein Cholesterol"
          }
        ],
        "resourceType": "DiagnosticReport"
      }
    },
    {
      "resource": {
        "meta": {
          "profile": [
            "http://standardhealthrecord.org/fhir/StructureDefinition/shr-immunization-Immunization"
          ]
        },
        "status": "completed",
        "notGiven": false,
        "vaccineCode": {
          "coding": [
            {
              "system": "http://hl7.org/fhir/sid/cvx",
              "code": "140",
              "display": "Influenza, seasonal, injectable, preservative free"
            }
          ],
          "text": "Influenza, seasonal, injectable, preservative free"
        },
        "patient": {
          "reference": "urn:uuid:4fdb549b-a6b1-4f8d-b2ed-82f6100eae63"
        },
        "encounter": {
          "reference": "urn:uuid:da339367-e879-48ec-8e81-ee9ecc7ee165"
        },
        "date": "2012-11-18T14:13:35-05:00",
        "primarySource": true,
        "resourceType": "Immunization"
      }
    },
    {
      "fullUrl": "urn:uuid:c888ef15-ed2d-4264-bddd-036c9a641e38",
      "resource": {
        "id": "c888ef15-ed2d-4264-bddd-036c9a641e38",
        "meta": {
          "profile": [
            "http://standardhealthrecord.org/fhir/StructureDefinition/shr-encounter-Encounter"
          ]
        },
        "status": "finished",
        "class": {
          "code": "outpatient"
        },
        "type": [
          {
            "coding": [
              {
                "system": "http://snomed.info/sct",
                "code": "185349003"
              }
            ],
            "text": "Outpatient Encounter"
          }
        ],
        "subject": {
          "reference": "urn:uuid:4fdb549b-a6b1-4f8d-b2ed-82f6100eae63"
        },
        "period": {
          "start": "2015-09-17T23:42:18-04:00",
          "end": "2015-09-18T00:42:18-04:00"
        },
        "serviceProvider": {
          "reference": "urn:uuid:94bec074-5c4b-440c-ba5e-409cd9a896a6"
        },
        "resourceType": "Encounter"
      }
    },
    {
      "fullUrl": "urn:uuid:10c587ab-d21e-48d6-aa67-ad621993eb69",
      "resource": {
        "id": "10c587ab-d21e-48d6-aa67-ad621993eb69",
        "status": "active",
        "use": "complete",
        "patient": {
          "reference": "urn:uuid:4fdb549b-a6b1-4f8d-b2ed-82f6100eae63"
        },
        "billablePeriod": {
          "start": "2015-09-17T23:42:18-04:00",
          "end": "2015-09-18T00:42:18-04:00"
        },
        "organization": {
          "reference": {
            "reference": "urn:uuid:94bec074-5c4b-440c-ba5e-409cd9a896a6"
          }
        },
        "procedure": [
          {
            "sequence": 1,
            "procedureReference": {
              "reference": "urn:uuid:1ab31cc7-159b-4549-9965-81bda5d0eeb6"
            }
          }
        ],
        "item": [
          {
            "sequence": 1,
            "net": {
              "value": 125.0,
              "system": "urn:iso:std:iso:4217",
              "code": "USD"
            },
            "encounter": [
              {
                "reference": {
                  "fullUrl": "urn:uuid:c888ef15-ed2d-4264-bddd-036c9a641e38",
                  "resource": {
                    "id": "c888ef15-ed2d-4264-bddd-036c9a641e38",
                    "meta": {
                      "profile": [
                        "http://standardhealthrecord.org/fhir/StructureDefinition/shr-encounter-Encounter"
                      ]
                    },
                    "status": "finished",
                    "class": {
                      "code": "outpatient"
                    },
                    "type": [
                      {
                        "coding": [
                          {
                            "system": "http://snomed.info/sct",
                            "code": "185349003"
                          }
                        ],
                        "text": "Outpatient Encounter"
                      }
                    ],
                    "subject": {
                      "reference": "urn:uuid:4fdb549b-a6b1-4f8d-b2ed-82f6100eae63"
                    },
                    "period": {
                      "start": "2015-09-17T23:42:18-04:00",
                      "end": "2015-09-18T00:42:18-04:00"
                    },
                    "serviceProvider": {
                      "reference": "urn:uuid:94bec074-5c4b-440c-ba5e-409cd9a896a6"
                    },
                    "resourceType": "Encounter"
                  }
                }
              }
            ]
          },
          {
            "sequence": 2,
            "procedureLinkId": [
              2
            ],
            "net": {
              "value": 1508.6649932999997,
              "system": "urn:iso:std:iso:4217",
              "code": "USD"
            }
          },
          {
            "sequence": 3,
            "category": {
              "coding": [
                {
                  "system": "http://hl7.org/fhir/sid/cvx",
                  "code": "140",
                  "display": "Influenza, seasonal, injectable, preservative free"
                }
              ],
              "text": "Influenza, seasonal, injectable, preservative free"
            },
            "net": {
              "value": 136.0,
              "system": "urn:iso:std:iso:4217",
              "code": "USD"
            }
          }
        ],
        "total": {
          "value": 1769.6649932999997,
          "system": "urn:iso:std:iso:4217",
          "code": "USD"
        },
        "resourceType": "Claim"
      }
    },
    {
      "fullUrl": "urn:uuid:67896911-a8a1-41ba-b2c0-87df6c812f13",
      "resource": {
        "id": "67896911-a8a1-41ba-b2c0-87df6c812f13",
        "meta": {
          "profile": [
            "http://standardhealthrecord.org/fhir/StructureDefinition/shr-observation-Observation",
            "http://standardhealthrecord.org/fhir/StructureDefinition/shr-vital-VitalSign",
            "http://standardhealthrecord.org/fhir/StructureDefinition/shr-vital-BodyHeight"
          ]
        },
        "status": "final",
        "category": [
          {
            "coding": [
              {
                "system": "http://hl7.org/fhir/observation-category",
                "code": "vital-signs"
              }
            ]
          }
        ],
        "code": {
          "coding": [
            {
              "system": "http://loinc.org",
              "code": "8302-2",
              "display": "Body Height"
            }
          ],
          "text": "Body Height"
        },
        "subject": {
          "reference": "urn:uuid:4fdb549b-a6b1-4f8d-b2ed-82f6100eae63"
        },
        "context": {
          "reference": "urn:uuid:c888ef15-ed2d-4264-bddd-036c9a641e38"
        },
        "effectiveDateTime": "2015-09-17T23:42:18-04:00",
        "issued": "2015-09-17T23:42:18-04:00",
        "valueQuantity": {
          "value": 174.9512706209175,
          "unit": "cm",
          "system": "http://unitsofmeasure.org/",
          "code": "cm"
        },
        "resourceType": "Observation"
      }
    },
    {
      "fullUrl": "urn:uuid:b324212d-11ac-4afa-947d-5040ce136ce4",
      "resource": {
        "id": "b324212d-11ac-4afa-947d-5040ce136ce4",
        "meta": {
          "profile": [
            "http://standardhealthrecord.org/fhir/StructureDefinition/shr-observation-Observation",
            "http://standardhealthrecord.org/fhir/StructureDefinition/shr-vital-VitalSign",
            "http://standardhealthrecord.org/fhir/StructureDefinition/shr-vital-BodyWeight"
          ]
        },
        "status": "final",
        "category": [
          {
            "coding": [
              {
                "system": "http://hl7.org/fhir/observation-category",
                "code": "vital-signs"
              }
            ]
          }
        ],
        "code": {
          "coding": [
            {
              "system": "http://loinc.org",
              "code": "29463-7",
              "display": "Body Weight"
            }
          ],
          "text": "Body Weight"
        },
        "subject": {
          "reference": "urn:uuid:4fdb549b-a6b1-4f8d-b2ed-82f6100eae63"
        },
        "context": {
          "reference": "urn:uuid:c888ef15-ed2d-4264-bddd-036c9a641e38"
        },
        "effectiveDateTime": "2015-09-17T23:42:18-04:00",
        "issued": "2015-09-17T23:42:18-04:00",
        "valueQuantity": {
          "value": 89.46350840672437,
          "unit": "kg",
          "system": "http://unitsofmeasure.org/",
          "code": "kg"
        },
        "resourceType": "Observation"
      }
    },
    {
      "fullUrl": "urn:uuid:7bb19bbf-039a-4933-ad8b-369990651b30",
      "resource": {
        "id": "7bb19bbf-039a-4933-ad8b-369990651b30",
        "meta": {
          "profile": [
            "http://standardhealthrecord.org/fhir/StructureDefinition/shr-observation-Observation",
            "http://standardhealthrecord.org/fhir/StructureDefinition/shr-vital-VitalSign",
            "http://standardhealthrecord.org/fhir/StructureDefinition/shr-vital-BodyMassIndex"
          ]
        },
        "status": "final",
        "category": [
          {
            "coding": [
              {
                "system": "http://hl7.org/fhir/observation-category",
                "code": "vital-signs"
              }
            ]
          }
        ],
        "code": {
          "coding": [
            {
              "system": "http://loinc.org",
              "code": "39156-5",
              "display": "Body Mass Index"
            }
          ],
          "text": "Body Mass Index"
        },
        "subject": {
          "reference": "urn:uuid:4fdb549b-a6b1-4f8d-b2ed-82f6100eae63"
        },
        "context": {
          "reference": "urn:uuid:c888ef15-ed2d-4264-bddd-036c9a641e38"
        },
        "effectiveDateTime": "2015-09-17T23:42:18-04:00",
        "issued": "2015-09-17T23:42:18-04:00",
        "valueQuantity": {
          "value": 29.2288496638434,
          "unit": "kg/m2",
          "system": "http://unitsofmeasure.org/",
          "code": "kg/m2"
        },
        "resourceType": "Observation"
      }
    },
    {
      "fullUrl": "urn:uuid:b4f09e4a-07cf-4fc8-8530-176703373e90",
      "resource": {
        "id": "b4f09e4a-07cf-4fc8-8530-176703373e90",
        "meta": {
          "profile": [
            "http://standardhealthrecord.org/fhir/StructureDefinition/shr-observation-Observation",
            "http://standardhealthrecord.org/fhir/StructureDefinition/shr-vital-BloodPressure"
          ]
        },
        "status": "final",
        "category": [
          {
            "coding": [
              {
                "system": "http://hl7.org/fhir/observation-category",
                "code": "vital-signs"
              }
            ]
          }
        ],
        "code": {
          "coding": [
            {
              "system": "http://loinc.org",
              "code": "55284-4",
              "display": "Blood Pressure"
            }
          ]
        },
        "subject": {
          "reference": "urn:uuid:4fdb549b-a6b1-4f8d-b2ed-82f6100eae63"
        },
        "context": {
          "reference": "urn:uuid:c888ef15-ed2d-4264-bddd-036c9a641e38"
        },
        "effectiveDateTime": "2015-09-17T23:42:18-04:00",
        "issued": "2015-09-17T23:42:18-04:00",
        "component": [
          {
            "code": {
              "coding": [
                {
                  "system": "http://loinc.org",
                  "code": "8480-6",
                  "display": "Systolic Blood Pressure"
                }
              ],
              "text": "Systolic Blood Pressure"
            },
            "valueQuantity": {
              "value": 138,
              "unit": "mmHg",
              "system": "http://unitsofmeasure.org/",
              "code": "mmHg"
            }
          },
          {
            "code": {
              "coding": [
                {
                  "system": "http://loinc.org",
                  "code": "8462-4",
                  "display": "Diastolic Blood Pressure"
                }
              ],
              "text": "Diastolic Blood Pressure"
            },
            "valueQuantity": {
              "value": 88,
              "unit": "mmHg",
              "system": "http://unitsofmeasure.org/",
              "code": "mmHg"
            }
          }
        ],
        "resourceType": "Observation"
      }
    },
    {
      "fullUrl": "urn:uuid:1ab31cc7-159b-4549-9965-81bda5d0eeb6",
      "resource": {
        "id": "1ab31cc7-159b-4549-9965-81bda5d0eeb6",
        "meta": {
          "profile": [
            "http://standardhealthrecord.org/fhir/StructureDefinition/shr-procedure-Procedure"
          ]
        },
        "extension": [
          {
            "url": "http://standardhealthrecord.org/fhir/StructureDefinition/shr-core-CodeableConcept-extension",
            "valueCodeableConcept": {
              "coding": [
                {
                  "system": "http://snomed.info/sct",
                  "code": "428191000124101",
                  "display": "Documentation of current medications"
                }
              ],
              "text": "Documentation of current medications"
            }
          }
        ],
        "status": "completed",
        "code": {
          "coding": [
            {
              "system": "http://snomed.info/sct",
              "code": "428191000124101",
              "display": "Documentation of current medications"
            }
          ],
          "text": "Documentation of current medications"
        },
        "subject": {
          "reference": "urn:uuid:4fdb549b-a6b1-4f8d-b2ed-82f6100eae63"
        },
        "context": {
          "reference": "urn:uuid:c888ef15-ed2d-4264-bddd-036c9a641e38"
        },
        "performedDateTime": "2015-09-17T23:42:18-04:00",
        "resourceType": "Procedure"
      }
    },
    {
      "resource": {
        "meta": {
          "profile": [
            "http://standardhealthrecord.org/fhir/StructureDefinition/shr-immunization-Immunization"
          ]
        },
        "status": "completed",
        "notGiven": false,
        "vaccineCode": {
          "coding": [
            {
              "system": "http://hl7.org/fhir/sid/cvx",
              "code": "140",
              "display": "Influenza, seasonal, injectable, preservative free"
            }
          ],
          "text": "Influenza, seasonal, injectable, preservative free"
        },
        "patient": {
          "reference": "urn:uuid:4fdb549b-a6b1-4f8d-b2ed-82f6100eae63"
        },
        "encounter": {
          "reference": "urn:uuid:c888ef15-ed2d-4264-bddd-036c9a641e38"
        },
        "date": "2015-09-17T23:42:18-04:00",
        "primarySource": true,
        "resourceType": "Immunization"
      }
    },
    {
      "fullUrl": "urn:uuid:c5eb4d73-e7b2-4483-bba0-491bfb3f01e8",
      "resource": {
        "id": "c5eb4d73-e7b2-4483-bba0-491bfb3f01e8",
        "meta": {
          "profile": [
            "http://standardhealthrecord.org/fhir/StructureDefinition/shr-encounter-Encounter"
          ]
        },
        "status": "finished",
        "class": {
          "code": "ambulatory"
        },
        "type": [
          {
            "coding": [
              {
                "system": "http://snomed.info/sct",
                "code": "185345009"
              }
            ],
            "text": "Encounter for symptom"
          }
        ],
        "subject": {
          "reference": "urn:uuid:4fdb549b-a6b1-4f8d-b2ed-82f6100eae63"
        },
        "period": {
          "start": "2016-03-31T11:29:39-04:00",
          "end": "2016-03-31T11:29:39-04:00"
        },
        "reason": [
          {
            "coding": [
              {
                "system": "http://snomed.info/sct",
                "code": "444814009",
                "display": "Viral sinusitis (disorder)"
              }
            ]
          }
        ],
        "serviceProvider": {
          "reference": "urn:uuid:94bec074-5c4b-440c-ba5e-409cd9a896a6"
        },
        "resourceType": "Encounter"
      }
    },
    {
      "fullUrl": "urn:uuid:10958ba7-4380-45a0-953e-916e1fd8f9e8",
      "resource": {
        "id": "10958ba7-4380-45a0-953e-916e1fd8f9e8",
        "status": "active",
        "use": "complete",
        "patient": {
          "reference": "urn:uuid:4fdb549b-a6b1-4f8d-b2ed-82f6100eae63"
        },
        "billablePeriod": {
          "start": "2016-03-31T11:29:39-04:00",
          "end": "2016-03-31T11:29:39-04:00"
        },
        "organization": {
          "reference": {
            "reference": "urn:uuid:94bec074-5c4b-440c-ba5e-409cd9a896a6"
          }
        },
        "diagnosis": [
          {
            "sequence": 1,
            "diagnosisReference": {
              "reference": "urn:uuid:4b9a74d6-47a2-4d2d-aa0f-38047818519c"
            }
          }
        ],
        "item": [
          {
            "sequence": 1,
            "net": {
              "value": 125.0,
              "system": "urn:iso:std:iso:4217",
              "code": "USD"
            },
            "encounter": [
              {
                "reference": {
                  "fullUrl": "urn:uuid:c5eb4d73-e7b2-4483-bba0-491bfb3f01e8",
                  "resource": {
                    "id": "c5eb4d73-e7b2-4483-bba0-491bfb3f01e8",
                    "meta": {
                      "profile": [
                        "http://standardhealthrecord.org/fhir/StructureDefinition/shr-encounter-Encounter"
                      ]
                    },
                    "status": "finished",
                    "class": {
                      "code": "ambulatory"
                    },
                    "type": [
                      {
                        "coding": [
                          {
                            "system": "http://snomed.info/sct",
                            "code": "185345009"
                          }
                        ],
                        "text": "Encounter for symptom"
                      }
                    ],
                    "subject": {
                      "reference": "urn:uuid:4fdb549b-a6b1-4f8d-b2ed-82f6100eae63"
                    },
                    "period": {
                      "start": "2016-03-31T11:29:39-04:00",
                      "end": "2016-03-31T11:29:39-04:00"
                    },
                    "reason": [
                      {
                        "coding": [
                          {
                            "system": "http://snomed.info/sct",
                            "code": "444814009",
                            "display": "Viral sinusitis (disorder)"
                          }
                        ]
                      }
                    ],
                    "serviceProvider": {
                      "reference": "urn:uuid:94bec074-5c4b-440c-ba5e-409cd9a896a6"
                    },
                    "resourceType": "Encounter"
                  }
                }
              }
            ]
          },
          {
            "sequence": 2,
            "diagnosisLinkId": [
              1
            ],
            "net": {
              "value": 0.0,
              "system": "urn:iso:std:iso:4217",
              "code": "USD"
            }
          }
        ],
        "total": {
          "value": 125.0,
          "system": "urn:iso:std:iso:4217",
          "code": "USD"
        },
        "resourceType": "Claim"
      }
    },
    {
      "fullUrl": "urn:uuid:4b9a74d6-47a2-4d2d-aa0f-38047818519c",
      "resource": {
        "id": "4b9a74d6-47a2-4d2d-aa0f-38047818519c",
        "meta": {
          "profile": [
            "http://standardhealthrecord.org/fhir/StructureDefinition/shr-problem-Problem"
          ]
        },
        "clinicalStatus": "resolved",
        "verificationStatus": "confirmed",
        "code": {
          "coding": [
            {
              "system": "http://snomed.info/sct",
              "code": "444814009",
              "display": "Viral sinusitis (disorder)"
            }
          ],
          "text": "Viral sinusitis (disorder)"
        },
        "subject": {
          "reference": "urn:uuid:4fdb549b-a6b1-4f8d-b2ed-82f6100eae63"
        },
        "context": {
          "reference": "urn:uuid:c5eb4d73-e7b2-4483-bba0-491bfb3f01e8"
        },
        "onsetDateTime": "2016-03-24T17:01:30-04:00",
        "abatementDateTime": "2016-04-21T13:36:03-04:00",
        "assertedDate": "2016-03-24",
        "resourceType": "Condition"
      }
    },
    {
      "fullUrl": "urn:uuid:736ddf32-123d-489e-81b3-de6f98561c19",
      "resource": {
        "id": "736ddf32-123d-489e-81b3-de6f98561c19",
        "meta": {
          "profile": [
            "http://standardhealthrecord.org/fhir/StructureDefinition/shr-observation-Observation"
          ]
        },
        "status": "final",
        "category": [
          {
            "coding": [
              {
                "system": "http://hl7.org/fhir/observation-category",
                "code": "survey"
              }
            ]
          }
        ],
        "code": {
          "coding": [
            {
              "system": "http://snomed.info/sct",
              "code": "273724008",
              "display": "Quality adjusted life years"
            }
          ],
          "text": "Quality adjusted life years"
        },
        "subject": {
          "reference": "urn:uuid:4fdb549b-a6b1-4f8d-b2ed-82f6100eae63"
        },
        "effectiveDateTime": "2017-10-31T16:09:28-04:00",
        "issued": "2017-10-31T16:09:28-04:00",
        "valueQuantity": {
          "value": 39.71842722504273,
          "unit": "years",
          "system": "http://unitsofmeasure.org/",
          "code": "years"
        },
        "resourceType": "Observation"
      }
    },
    {
      "fullUrl": "urn:uuid:4242adf6-3e66-41ec-9205-81d2a913a9fd",
      "resource": {
        "id": "4242adf6-3e66-41ec-9205-81d2a913a9fd",
        "meta": {
          "profile": [
            "http://standardhealthrecord.org/fhir/StructureDefinition/shr-observation-Observation"
          ]
        },
        "status": "final",
        "category": [
          {
            "coding": [
              {
                "system": "http://hl7.org/fhir/observation-category",
                "code": "survey"
              }
            ]
          }
        ],
        "code": {
          "coding": [
            {
              "system": "http://snomed.info/sct",
              "code": "273421001",
              "display": "Disability rating scale"
            }
          ],
          "text": "Disability rating scale"
        },
        "subject": {
          "reference": "urn:uuid:4fdb549b-a6b1-4f8d-b2ed-82f6100eae63"
        },
        "effectiveDateTime": "2017-10-31T16:09:28-04:00",
        "issued": "2017-10-31T16:09:28-04:00",
        "valueQuantity": {
          "value": 0.28157277495727195,
          "unit": "years",
          "system": "http://unitsofmeasure.org/",
          "code": "years"
        },
        "resourceType": "Observation"
      }
    }
  ],
  "resourceType": "Bundle"
}