{
  "type": "collection",
  "entry": [
    {
      "fullUrl": "urn:uuid:94bec074-5c4b-440c-ba5e-409cd9a896a6",
      "resource": {
        "id": "94bec074-5c4b-440c-ba5e-409cd9a896a6",
        "meta": {
          "profile": [
            "http://standardhealthrecord.org/fhir/StructureDefinition/shr-actor-Organization"
          ]
        },
        "type": [
          {
            "coding": [
              {
                "system": "http://hl7.org/fhir/organization-type",
                "code": "prov",
                "display": "Healthcare Provider"
              }
            ],
            "text": "Healthcare Provider"
          }
        ],
        "name": "WINTHROP COMM HEALTH CENTER",
        "resourceType": "Organization"
      }
    },
    {
      "fullUrl": "urn:uuid:908deeec-f8e1-4d21-8ec3-fe0531dbda73",
      "resource": {
        "id": "908deeec-f8e1-4d21-8ec3-fe0531dbda73",
        "meta": {
          "profile": [
            "http://standardhealthrecord.org/fhir/StructureDefinition/shr-demographics-PersonOfRecord"
          ]
        },
        "text": {
          "status": "generated",
          "div": "<div xmlns=\"http://www.w3.org/1999/xhtml\">Generated by <a href=\"https://github.com/synthetichealth/synthea\">Synthea</a>. Version identifier: 368ac389f34cd3ce3986aa3a0a08e467bf574db3</div>"
        },
        "extension": [
          {
            "url": "http://hl7.org/fhir/us/core/StructureDefinition/us-core-race",
            "valueCodeableConcept": {
              "coding": [
                {
                  "system": "http://hl7.org/fhir/v3/Race",
                  "code": "2106-3",
                  "display": "White"
                }
              ],
              "text": "race"
            }
          },
          {
            "url": "http://hl7.org/fhir/us/core/StructureDefinition/us-core-ethnicity",
            "valueCodeableConcept": {
              "coding": [
                {
                  "system": "http://hl7.org/fhir/v3/Ethnicity",
                  "code": "2186-5",
                  "display": "Nonhispanic"
                }
              ],
              "text": "ethnicity"
            }
          },
          {
            "url": "http://hl7.org/fhir/StructureDefinition/birthPlace",
            "valueAddress": {
              "city": "New Bedford",
              "state": "MA",
              "country": "US"
            }
          },
          {
            "url": "http://hl7.org/fhir/StructureDefinition/patient-mothersMaidenName",
            "valueString": "Valorie850 Crist804"
          },
          {
            "url": "http://hl7.org/fhir/us/core/StructureDefinition/us-core-birthsex",
            "valueCode": "M"
          },
          {
            "url": "http://hl7.org/fhir/StructureDefinition/patient-interpreterRequired",
            "valueBoolean": false
          },
          {
            "url": "http://standardhealthrecord.org/fhir/StructureDefinition/shr-actor-FictionalPerson-extension",
            "valueBoolean": true
          },
          {
            "url": "http://standardhealthrecord.org/fhir/StructureDefinition/shr-demographics-FathersName-extension",
            "valueHumanName": {
              "text": "Devin897 Bogisich519"
            }
          },
          {
            "url": "http://standardhealthrecord.org/fhir/StructureDefinition/shr-demographics-SocialSecurityNumber-extension",
            "valueString": "999-94-8701"
          }
        ],
        "identifier": [
          {
            "system": "https://github.com/synthetichealth/synthea",
            "value": "6236660a-e9de-4311-98fd-c28c7301c63a"
          },
          {
            "type": {
              "coding": [
                {
                  "system": "http://hl7.org/fhir/identifier-type",
                  "code": "SB"
                }
              ]
            },
            "system": "http://hl7.org/fhir/sid/us-ssn",
            "value": "999948701"
          },
          {
            "type": {
              "coding": [
                {
                  "system": "http://hl7.org/fhir/v2/0203",
                  "code": "DL"
                }
              ]
            },
            "system": "urn:oid:2.16.840.1.113883.4.3.25",
            "value": "S99917685"
          },
          {
            "type": {
              "coding": [
                {
                  "system": "http://hl7.org/fhir/v2/0203",
                  "code": "MR"
                }
              ]
            },
            "system": "http://hospital.smarthealthit.org",
            "value": "6236660a-e9de-4311-98fd-c28c7301c63a"
          }
        ],
        "name": [
          {
            "use": "official",
            "family": "Bogisich519",
            "given": [
              "Clayton888"
            ],
            "prefix": [
              "Mr."
            ]
          }
        ],
        "telecom": [
          {
            "system": "phone",
            "value": "168.113.2783",
            "use": "home"
          }
        ],
        "gender": "male",
        "birthDate": "1929-11-17",
        "deceasedDateTime": "1997-01-06T21:59:06-05:00",
        "address": [
          {
            "extension": [
              {
                "extension": [
                  {
                    "url": "latitude",
                    "valueDecimal": 42.32459839426217
                  },
                  {
                    "url": "longitude",
                    "valueDecimal": -70.9238512814532
                  }
                ],
                "url": "http://hl7.org/fhir/StructureDefinition/geolocation"
              }
            ],
            "line": [
              "8984 Tyler Highway",
              "Apt. 962"
            ],
            "city": "Boston",
            "state": "MA",
            "postalCode": "02210",
            "country": "US"
          }
        ],
        "maritalStatus": {
          "coding": [
            {
              "system": "http://hl7.org/fhir/v3/MaritalStatus",
              "code": "M"
            }
          ],
          "text": "M"
        },
        "multipleBirthBoolean": false,
        "communication": [
          {
            "language": {
              "coding": [
                {
                  "system": "http://hl7.org/fhir/ValueSet/languages",
                  "code": "en-US",
                  "display": "English (United States)"
                }
              ]
            }
          }
        ],
        "generalPractitioner": [
          {
            "reference": "urn:uuid:94bec074-5c4b-440c-ba5e-409cd9a896a6"
          }
        ],
        "resourceType": "Patient"
      }
    },
    {
      "fullUrl": "urn:uuid:4334d50c-8ed3-48d8-b601-db29b34dfa66",
      "resource": {
        "id": "4334d50c-8ed3-48d8-b601-db29b34dfa66",
        "meta": {
          "profile": [
            "http://standardhealthrecord.org/fhir/StructureDefinition/shr-encounter-Encounter"
          ]
        },
        "status": "finished",
        "class": {
          "code": "ambulatory"
        },
        "type": [
          {
            "coding": [
              {
                "system": "http://snomed.info/sct",
                "code": "308646001"
              }
            ],
            "text": "Death Certification"
          }
        ],
        "subject": {
          "reference": "urn:uuid:908deeec-f8e1-4d21-8ec3-fe0531dbda73"
        },
        "period": {
          "start": "1997-01-06T21:59:06-05:00",
          "end": "1997-01-06T22:14:06-05:00"
        },
        "serviceProvider": {
          "reference": "urn:uuid:94bec074-5c4b-440c-ba5e-409cd9a896a6"
        },
        "resourceType": "Encounter"
      }
    },
    {
      "fullUrl": "urn:uuid:c87a7edd-5e7c-4f6f-a8d0-1a682bb4ad9e",
      "resource": {
        "id": "c87a7edd-5e7c-4f6f-a8d0-1a682bb4ad9e",
        "status": "active",
        "use": "complete",
        "patient": {
          "reference": "urn:uuid:908deeec-f8e1-4d21-8ec3-fe0531dbda73"
        },
        "billablePeriod": {
          "start": "1997-01-06T21:59:06-05:00",
          "end": "1997-01-06T22:14:06-05:00"
        },
        "organization": {
          "reference": {
            "reference": "urn:uuid:94bec074-5c4b-440c-ba5e-409cd9a896a6"
          }
        },
        "diagnosis": [
          {
            "sequence": 1,
            "diagnosisReference": {
              "reference": "urn:uuid:da38136a-47f2-4b93-91df-27a938e7015e"
            }
          },
          {
            "sequence": 2,
            "diagnosisReference": {
              "reference": "urn:uuid:00f91703-d5bc-427b-94eb-9a6b6c615594"
            }
          },
          {
            "sequence": 3,
            "diagnosisReference": {
              "reference": "urn:uuid:8215f5eb-4159-4525-91e5-27b2f334cc4d"
            }
          }
        ],
        "item": [
          {
            "sequence": 1,
            "net": {
              "value": 125.0,
              "system": "urn:iso:std:iso:4217",
              "code": "USD"
            },
            "encounter": [
              {
                "reference": {
                  "fullUrl": "urn:uuid:4334d50c-8ed3-48d8-b601-db29b34dfa66",
                  "resource": {
                    "id": "4334d50c-8ed3-48d8-b601-db29b34dfa66",
                    "meta": {
                      "profile": [
                        "http://standardhealthrecord.org/fhir/StructureDefinition/shr-encounter-Encounter"
                      ]
                    },
                    "status": "finished",
                    "class": {
                      "code": "ambulatory"
                    },
                    "type": [
                      {
                        "coding": [
                          {
                            "system": "http://snomed.info/sct",
                            "code": "308646001"
                          }
                        ],
                        "text": "Death Certification"
                      }
                    ],
                    "subject": {
                      "reference": "urn:uuid:908deeec-f8e1-4d21-8ec3-fe0531dbda73"
                    },
                    "period": {
                      "start": "1997-01-06T21:59:06-05:00",
                      "end": "1997-01-06T22:14:06-05:00"
                    },
                    "serviceProvider": {
                      "reference": "urn:uuid:94bec074-5c4b-440c-ba5e-409cd9a896a6"
                    },
                    "resourceType": "Encounter"
                  }
                }
              }
            ]
          },
          {
            "sequence": 2,
            "diagnosisLinkId": [
              1
            ],
            "net": {
              "value": 0.0,
              "system": "urn:iso:std:iso:4217",
              "code": "USD"
            }
          },
          {
            "sequence": 3,
            "diagnosisLinkId": [
              2
            ],
            "net": {
              "value": 0.0,
              "system": "urn:iso:std:iso:4217",
              "code": "USD"
            }
          },
          {
            "sequence": 4,
            "diagnosisLinkId": [
              3
            ],
            "net": {
              "value": 0.0,
              "system": "urn:iso:std:iso:4217",
              "code": "USD"
            }
          }
        ],
        "total": {
          "value": 125.0,
          "system": "urn:iso:std:iso:4217",
          "code": "USD"
        },
        "resourceType": "Claim"
      }
    },
    {
      "fullUrl": "urn:uuid:da38136a-47f2-4b93-91df-27a938e7015e",
      "resource": {
        "id": "da38136a-47f2-4b93-91df-27a938e7015e",
        "meta": {
          "profile": [
            "http://standardhealthrecord.org/fhir/StructureDefinition/shr-problem-Problem"
          ]
        },
        "clinicalStatus": "active",
        "verificationStatus": "confirmed",
        "code": {
          "coding": [
            {
              "system": "http://snomed.info/sct",
              "code": "15777000",
              "display": "Prediabetes"
            }
          ],
          "text": "Prediabetes"
        },
        "subject": {
          "reference": "urn:uuid:908deeec-f8e1-4d21-8ec3-fe0531dbda73"
        },
        "context": {
          "reference": "urn:uuid:4334d50c-8ed3-48d8-b601-db29b34dfa66"
        },
        "onsetDateTime": "1956-01-30T09:17:59-05:00",
        "assertedDate": "1956-01-30",
        "resourceType": "Condition"
      }
    },
    {
      "fullUrl": "urn:uuid:00f91703-d5bc-427b-94eb-9a6b6c615594",
      "resource": {
        "id": "00f91703-d5bc-427b-94eb-9a6b6c615594",
        "meta": {
          "profile": [
            "http://standardhealthrecord.org/fhir/StructureDefinition/shr-problem-Problem"
          ]
        },
        "clinicalStatus": "active",
        "verificationStatus": "confirmed",
        "code": {
          "coding": [
            {
              "system": "http://snomed.info/sct",
              "code": "64859006",
              "display": "Osteoporosis (disorder)"
            }
          ],
          "text": "Osteoporosis (disorder)"
        },
        "subject": {
          "reference": "urn:uuid:908deeec-f8e1-4d21-8ec3-fe0531dbda73"
        },
        "context": {
          "reference": "urn:uuid:4334d50c-8ed3-48d8-b601-db29b34dfa66"
        },
        "onsetDateTime": "1990-02-07T18:37:20-05:00",
        "assertedDate": "1990-02-07",
        "resourceType": "Condition"
      }
    },
    {
      "fullUrl": "urn:uuid:8215f5eb-4159-4525-91e5-27b2f334cc4d",
      "resource": {
        "id": "8215f5eb-4159-4525-91e5-27b2f334cc4d",
        "meta": {
          "profile": [
            "http://standardhealthrecord.org/fhir/StructureDefinition/shr-problem-Problem"
          ]
        },
        "clinicalStatus": "active",
        "verificationStatus": "confirmed",
        "code": {
          "coding": [
            {
              "system": "http://snomed.info/sct",
              "code": "48333001",
              "display": "Burn injury(morphologic abnormality)"
            }
          ],
          "text": "Burn injury(morphologic abnormality)"
        },
        "subject": {
          "reference": "urn:uuid:908deeec-f8e1-4d21-8ec3-fe0531dbda73"
        },
        "context": {
          "reference": "urn:uuid:4334d50c-8ed3-48d8-b601-db29b34dfa66"
        },
        "onsetDateTime": "1997-01-06T21:59:06-05:00",
        "assertedDate": "1997-01-06",
        "resourceType": "Condition"
      }
    },
    {
      "fullUrl": "urn:uuid:c7ae2759-e0ed-4452-a75e-eb71831a9632",
      "resource": {
        "id": "c7ae2759-e0ed-4452-a75e-eb71831a9632",
        "meta": {
          "profile": [
            "http://standardhealthrecord.org/fhir/StructureDefinition/shr-observation-Observation"
          ]
        },
        "status": "final",
        "category": [
          {
            "coding": [
              {
                "system": "http://hl7.org/fhir/observation-category"
              }
            ]
          }
        ],
        "code": {
          "coding": [
            {
              "system": "http://loinc.org",
              "code": "69453-9",
              "display": "Cause of Death [US Standard Certificate of Death]"
            }
          ],
          "text": "Cause of Death [US Standard Certificate of Death]"
        },
        "subject": {
          "reference": "urn:uuid:908deeec-f8e1-4d21-8ec3-fe0531dbda73"
        },
        "context": {
          "reference": "urn:uuid:4334d50c-8ed3-48d8-b601-db29b34dfa66"
        },
        "effectiveDateTime": "1997-01-06T21:59:06-05:00",
        "issued": "1997-01-06T21:59:06-05:00",
        "valueCodeableConcept": {
          "coding": [
            {
              "system": "http://snomed.info/sct",
              "code": "48333001",
              "display": "Burn injury(morphologic abnormality)"
            }
          ],
          "text": "Burn injury(morphologic abnormality)"
        },
        "resourceType": "Observation"
      }
    },
    {
      "fullUrl": "urn:uuid:dec4d4e0-0811-478b-81b9-32ea2202d58f",
      "resource": {
        "id": "dec4d4e0-0811-478b-81b9-32ea2202d58f",
        "meta": {
          "profile": [
            "http://standardhealthrecord.org/fhir/StructureDefinition/shr-observation-Panel"
          ]
        },
        "status": "final",
        "code": {
          "coding": [
            {
              "system": "http://loinc.org",
              "code": "69409-1",
              "display": "U.S. standard certificate of death - 2003 revision"
            }
          ]
        },
        "subject": {
          "reference": "urn:uuid:908deeec-f8e1-4d21-8ec3-fe0531dbda73"
        },
        "context": {
          "reference": "urn:uuid:4334d50c-8ed3-48d8-b601-db29b34dfa66"
        },
        "effectiveDateTime": "1997-01-06T21:59:06-05:00",
        "issued": "1997-01-06T21:59:06-05:00",
        "result": [
          {
            "reference": "urn:uuid:c7ae2759-e0ed-4452-a75e-eb71831a9632",
            "display": "Cause of Death [US Standard Certificate of Death]"
          }
        ],
        "resourceType": "DiagnosticReport"
      }
    },
    {
      "fullUrl": "urn:uuid:484e8250-e3e1-423f-9d64-e6e1fae38632",
      "resource": {
        "id": "484e8250-e3e1-423f-9d64-e6e1fae38632",
        "status": "in-progress",
        "description": {
          "text": "Hemoglobin A1c total in Blood < 7.0"
        },
        "addresses": [
          {
            "reference": "urn:uuid:da38136a-47f2-4b93-91df-27a938e7015e"
          }
        ],
        "resourceType": "Goal"
      }
    },
    {
      "fullUrl": "urn:uuid:a4b5cfe1-fcf9-4877-bde6-605c66f81b30",
      "resource": {
        "id": "a4b5cfe1-fcf9-4877-bde6-605c66f81b30",
        "status": "in-progress",
        "description": {
          "text": "Glucose [Mass/volume] in Blood < 108"
        },
        "addresses": [
          {
            "reference": "urn:uuid:da38136a-47f2-4b93-91df-27a938e7015e"
          }
        ],
        "resourceType": "Goal"
      }
    },
    {
      "fullUrl": "urn:uuid:aec8403e-67bf-47a1-a98a-768979801d15",
      "resource": {
        "id": "aec8403e-67bf-47a1-a98a-768979801d15",
        "status": "in-progress",
        "description": {
          "text": "Maintain blood pressure below 140/90 mmHg"
        },
        "addresses": [
          {
            "reference": "urn:uuid:da38136a-47f2-4b93-91df-27a938e7015e"
          }
        ],
        "resourceType": "Goal"
      }
    },
    {
      "fullUrl": "urn:uuid:206dc5d5-4bde-488d-bd3a-958bb7ac3de5",
      "resource": {
        "id": "206dc5d5-4bde-488d-bd3a-958bb7ac3de5",
        "status": "in-progress",
        "description": {
          "text": "Improve and maintenance of optimal foot health: aim at early detection of peripheral vascular problems and neuropathy presumed due to diabetes; and prevention of diabetic foot ulcer, gangrene"
        },
        "addresses": [
          {
            "reference": "urn:uuid:da38136a-47f2-4b93-91df-27a938e7015e"
          }
        ],
        "resourceType": "Goal"
      }
    },
    {
      "fullUrl": "urn:uuid:e9c3ebdc-c418-45eb-bb35-ac40f49651da",
      "resource": {
        "id": "e9c3ebdc-c418-45eb-bb35-ac40f49651da",
        "status": "in-progress",
        "description": {
          "text": "Address patient knowledge deficit on diabetic self-care"
        },
        "addresses": [
          {
            "reference": "urn:uuid:da38136a-47f2-4b93-91df-27a938e7015e"
          }
        ],
        "resourceType": "Goal"
      }
    },
    {
      "resource": {
        "status": "active",
        "intent": "order",
        "category": [
          {
            "coding": [
              {
                "system": "http://snomed.info/sct",
                "code": "698360004",
                "display": "Diabetes self management plan"
              }
            ]
          }
        ],
        "subject": {
          "reference": "urn:uuid:908deeec-f8e1-4d21-8ec3-fe0531dbda73"
        },
        "context": {
          "reference": "urn:uuid:4334d50c-8ed3-48d8-b601-db29b34dfa66"
        },
        "period": {
          "start": "1956-01-30"
        },
        "addresses": [
          {
            "reference": "urn:uuid:da38136a-47f2-4b93-91df-27a938e7015e"
          }
        ],
        "goal": [
          {
            "reference": "urn:uuid:484e8250-e3e1-423f-9d64-e6e1fae38632"
          },
          {
            "reference": "urn:uuid:a4b5cfe1-fcf9-4877-bde6-605c66f81b30"
          },
          {
            "reference": "urn:uuid:aec8403e-67bf-47a1-a98a-768979801d15"
          },
          {
            "reference": "urn:uuid:206dc5d5-4bde-488d-bd3a-958bb7ac3de5"
          },
          {
            "reference": "urn:uuid:e9c3ebdc-c418-45eb-bb35-ac40f49651da"
          }
        ],
        "activity": [
          {
            "detail": {
              "code": {
                "coding": [
                  {
                    "system": "http://snomed.info/sct",
                    "code": "160670007",
                    "display": "Diabetic diet"
                  }
                ]
              },
              "status": "in-progress"
            }
          },
          {
            "detail": {
              "code": {
                "coding": [
                  {
                    "system": "http://snomed.info/sct",
                    "code": "229065009",
                    "display": "Exercise therapy"
                  }
                ]
              },
              "status": "in-progress"
            }
          }
        ],
        "resourceType": "CarePlan"
      }
    },
    {
      "fullUrl": "urn:uuid:07276d52-95ea-4372-9d6b-95ff7aaf2b92",
      "resource": {
        "id": "07276d52-95ea-4372-9d6b-95ff7aaf2b92",
        "meta": {
          "profile": [
            "http://standardhealthrecord.org/fhir/StructureDefinition/shr-observation-Observation"
          ]
        },
        "status": "final",
        "category": [
          {
            "coding": [
              {
                "system": "http://hl7.org/fhir/observation-category",
                "code": "survey"
              }
            ]
          }
        ],
        "code": {
          "coding": [
            {
              "system": "http://snomed.info/sct",
              "code": "273724008",
              "display": "Quality adjusted life years"
            }
          ],
          "text": "Quality adjusted life years"
        },
        "subject": {
          "reference": "urn:uuid:908deeec-f8e1-4d21-8ec3-fe0531dbda73"
        },
        "effectiveDateTime": "2017-10-31T16:09:28-04:00",
        "issued": "2017-10-31T16:09:28-04:00",
        "valueQuantity": {
          "value": 64.47382656625217,
          "unit": "years",
          "system": "http://unitsofmeasure.org/",
          "code": "years"
        },
        "resourceType": "Observation"
      }
    },
    {
      "fullUrl": "urn:uuid:bf7097f6-fb7e-4060-8c8f-9b829199c9d8",
      "resource": {
        "id": "bf7097f6-fb7e-4060-8c8f-9b829199c9d8",
        "meta": {
          "profile": [
            "http://standardhealthrecord.org/fhir/StructureDefinition/shr-observation-Observation"
          ]
        },
        "status": "final",
        "category": [
          {
            "coding": [
              {
                "system": "http://hl7.org/fhir/observation-category",
                "code": "survey"
              }
            ]
          }
        ],
        "code": {
          "coding": [
            {
              "system": "http://snomed.info/sct",
              "code": "273421001",
              "display": "Disability rating scale"
            }
          ],
          "text": "Disability rating scale"
        },
        "subject": {
          "reference": "urn:uuid:908deeec-f8e1-4d21-8ec3-fe0531dbda73"
        },
        "effectiveDateTime": "2017-10-31T16:09:28-04:00",
        "issued": "2017-10-31T16:09:28-04:00",
        "valueQuantity": {
          "value": 25.527953433747822,
          "unit": "years",
          "system": "http://unitsofmeasure.org/",
          "code": "years"
        },
        "resourceType": "Observation"
      }
    }
  ],
  "resourceType": "Bundle"
}