{
  "type": "collection",
  "entry": [
    {
      "fullUrl": "urn:uuid:461424e1-0c89-4d0e-8c38-51127e78523e",
      "resource": {
        "id": "461424e1-0c89-4d0e-8c38-51127e78523e",
        "meta": {
          "profile": [
            "http://standardhealthrecord.org/fhir/StructureDefinition/shr-actor-Organization"
          ]
        },
        "type": [
          {
            "coding": [
              {
                "system": "http://hl7.org/fhir/organization-type",
                "code": "prov",
                "display": "Healthcare Provider"
              }
            ],
            "text": "Healthcare Provider"
          }
        ],
        "name": "BRIGHAM & WOMEN MRI @ W BRIDGEWATER",
        "resourceType": "Organization"
      }
    },
    {
      "fullUrl": "urn:uuid:b4c264d3-430a-45da-be35-56efb57681a6",
      "resource": {
        "id": "b4c264d3-430a-45da-be35-56efb57681a6",
        "meta": {
          "profile": [
            "http://standardhealthrecord.org/fhir/StructureDefinition/shr-demographics-PersonOfRecord"
          ]
        },
        "text": {
          "status": "generated",
          "div": "<div xmlns=\"http://www.w3.org/1999/xhtml\">Generated by <a href=\"https://github.com/synthetichealth/synthea\">Synthea</a>. Version identifier: 368ac389f34cd3ce3986aa3a0a08e467bf574db3</div>"
        },
        "extension": [
          {
            "url": "http://hl7.org/fhir/us/core/StructureDefinition/us-core-race",
            "valueCodeableConcept": {
              "coding": [
                {
                  "system": "http://hl7.org/fhir/v3/Race",
                  "code": "2131-1",
                  "display": "Other"
                }
              ],
              "text": "race"
            }
          },
          {
            "url": "http://hl7.org/fhir/us/core/StructureDefinition/us-core-ethnicity",
            "valueCodeableConcept": {
              "coding": [
                {
                  "system": "http://hl7.org/fhir/v3/Ethnicity",
                  "code": "2180-8",
                  "display": "Puerto_rican"
                }
              ],
              "text": "ethnicity"
            }
          },
          {
            "url": "http://hl7.org/fhir/StructureDefinition/birthPlace",
            "valueAddress": {
              "city": "Fall River",
              "state": "MA",
              "country": "US"
            }
          },
          {
            "url": "http://hl7.org/fhir/StructureDefinition/patient-mothersMaidenName",
            "valueString": "Pasty29 Doyle511"
          },
          {
            "url": "http://hl7.org/fhir/us/core/StructureDefinition/us-core-birthsex",
            "valueCode": "F"
          },
          {
            "url": "http://hl7.org/fhir/StructureDefinition/patient-interpreterRequired",
            "valueBoolean": false
          },
          {
            "url": "http://standardhealthrecord.org/fhir/StructureDefinition/shr-actor-FictionalPerson-extension",
            "valueBoolean": true
          },
          {
            "url": "http://standardhealthrecord.org/fhir/StructureDefinition/shr-demographics-FathersName-extension",
            "valueHumanName": {
              "text": "Oscar512 Borer429"
            }
          },
          {
            "url": "http://standardhealthrecord.org/fhir/StructureDefinition/shr-demographics-SocialSecurityNumber-extension",
            "valueString": "999-73-9106"
          }
        ],
        "identifier": [
          {
            "system": "https://github.com/synthetichealth/synthea",
            "value": "28f7fc93-446c-4753-8fec-ccd22e79a2d3"
          },
          {
            "type": {
              "coding": [
                {
                  "system": "http://hl7.org/fhir/identifier-type",
                  "code": "SB"
                }
              ]
            },
            "system": "http://hl7.org/fhir/sid/us-ssn",
            "value": "999739106"
          },
          {
            "type": {
              "coding": [
                {
                  "system": "http://hl7.org/fhir/v2/0203",
                  "code": "MR"
                }
              ]
            },
            "system": "http://hospital.smarthealthit.org",
            "value": "28f7fc93-446c-4753-8fec-ccd22e79a2d3"
          }
        ],
        "name": [
          {
            "use": "official",
            "family": "Borer429",
            "given": [
              "Mikaela31"
            ]
          }
        ],
        "telecom": [
          {
            "system": "phone",
            "value": "1-723-832-0300 x358",
            "use": "home"
          }
        ],
        "gender": "female",
        "birthDate": "2016-09-11",
        "address": [
          {
            "extension": [
              {
                "extension": [
                  {
                    "url": "latitude",
                    "valueDecimal": 41.98148894522353
                  },
                  {
                    "url": "longitude",
                    "valueDecimal": -70.98829127639443
                  }
                ],
                "url": "http://hl7.org/fhir/StructureDefinition/geolocation"
              }
            ],
            "line": [
              "68595 Ian Road",
              "Suite 867"
            ],
            "city": "Bridgewater",
            "state": "MA",
            "postalCode": "02324",
            "country": "US"
          }
        ],
        "maritalStatus": {
          "coding": [
            {
              "system": "http://hl7.org/fhir/v3/MaritalStatus",
              "code": "S"
            }
          ],
          "text": "Never Married"
        },
        "multipleBirthBoolean": false,
        "communication": [
          {
            "language": {
              "coding": [
                {
                  "system": "http://hl7.org/fhir/ValueSet/languages",
                  "code": "es",
                  "display": "Spanish"
                }
              ]
            }
          }
        ],
        "generalPractitioner": [
          {
            "reference": "urn:uuid:461424e1-0c89-4d0e-8c38-51127e78523e"
          }
        ],
        "resourceType": "Patient"
      }
    },
    {
      "fullUrl": "urn:uuid:65743b89-7b20-4d25-b9e6-b9b52e4bd000",
      "resource": {
        "id": "65743b89-7b20-4d25-b9e6-b9b52e4bd000",
        "meta": {
          "profile": [
            "http://standardhealthrecord.org/fhir/StructureDefinition/shr-encounter-Encounter"
          ]
        },
        "status": "finished",
        "class": {
          "code": "outpatient"
        },
        "type": [
          {
            "coding": [
              {
                "system": "http://snomed.info/sct",
                "code": "170258001"
              }
            ],
            "text": "Outpatient Encounter"
          }
        ],
        "subject": {
          "reference": "urn:uuid:b4c264d3-430a-45da-be35-56efb57681a6"
        },
        "period": {
          "start": "2016-09-11T23:45:53-04:00",
          "end": "2016-09-12T00:45:53-04:00"
        },
        "serviceProvider": {
          "reference": "urn:uuid:461424e1-0c89-4d0e-8c38-51127e78523e"
        },
        "resourceType": "Encounter"
      }
    },
    {
      "fullUrl": "urn:uuid:b520c9a4-5e18-4984-beae-9ef23a74844a",
      "resource": {
        "id": "b520c9a4-5e18-4984-beae-9ef23a74844a",
        "status": "active",
        "use": "complete",
        "patient": {
          "reference": "urn:uuid:b4c264d3-430a-45da-be35-56efb57681a6"
        },
        "billablePeriod": {
          "start": "2016-09-11T23:45:53-04:00",
          "end": "2016-09-12T00:45:53-04:00"
        },
        "organization": {
          "reference": {
            "reference": "urn:uuid:461424e1-0c89-4d0e-8c38-51127e78523e"
          }
        },
        "item": [
          {
            "sequence": 1,
            "net": {
              "value": 125.0,
              "system": "urn:iso:std:iso:4217",
              "code": "USD"
            },
            "encounter": [
              {
                "reference": {
                  "fullUrl": "urn:uuid:65743b89-7b20-4d25-b9e6-b9b52e4bd000",
                  "resource": {
                    "id": "65743b89-7b20-4d25-b9e6-b9b52e4bd000",
                    "meta": {
                      "profile": [
                        "http://standardhealthrecord.org/fhir/StructureDefinition/shr-encounter-Encounter"
                      ]
                    },
                    "status": "finished",
                    "class": {
                      "code": "outpatient"
                    },
                    "type": [
                      {
                        "coding": [
                          {
                            "system": "http://snomed.info/sct",
                            "code": "170258001"
                          }
                        ],
                        "text": "Outpatient Encounter"
                      }
                    ],
                    "subject": {
                      "reference": "urn:uuid:b4c264d3-430a-45da-be35-56efb57681a6"
                    },
                    "period": {
                      "start": "2016-09-11T23:45:53-04:00",
                      "end": "2016-09-12T00:45:53-04:00"
                    },
                    "serviceProvider": {
                      "reference": "urn:uuid:461424e1-0c89-4d0e-8c38-51127e78523e"
                    },
                    "resourceType": "Encounter"
                  }
                }
              }
            ]
          },
          {
            "sequence": 2,
            "category": {
              "coding": [
                {
                  "system": "http://hl7.org/fhir/sid/cvx",
                  "code": "08",
                  "display": "Hep B, adolescent or pediatric"
                }
              ],
              "text": "Hep B, adolescent or pediatric"
            },
            "net": {
              "value": 136.0,
              "system": "urn:iso:std:iso:4217",
              "code": "USD"
            }
          }
        ],
        "total": {
          "value": 261.0,
          "system": "urn:iso:std:iso:4217",
          "code": "USD"
        },
        "resourceType": "Claim"
      }
    },
    {
      "resource": {
        "meta": {
          "profile": [
            "http://standardhealthrecord.org/fhir/StructureDefinition/shr-immunization-Immunization"
          ]
        },
        "status": "completed",
        "notGiven": false,
        "vaccineCode": {
          "coding": [
            {
              "system": "http://hl7.org/fhir/sid/cvx",
              "code": "08",
              "display": "Hep B, adolescent or pediatric"
            }
          ],
          "text": "Hep B, adolescent or pediatric"
        },
        "patient": {
          "reference": "urn:uuid:b4c264d3-430a-45da-be35-56efb57681a6"
        },
        "encounter": {
          "reference": "urn:uuid:65743b89-7b20-4d25-b9e6-b9b52e4bd000"
        },
        "date": "2016-09-11T23:45:53-04:00",
        "primarySource": true,
        "resourceType": "Immunization"
      }
    },
    {
      "fullUrl": "urn:uuid:a511e02f-ca37-4576-8282-adb36dcd900e",
      "resource": {
        "id": "a511e02f-ca37-4576-8282-adb36dcd900e",
        "meta": {
          "profile": [
            "http://standardhealthrecord.org/fhir/StructureDefinition/shr-encounter-Encounter"
          ]
        },
        "status": "finished",
        "class": {
          "code": "outpatient"
        },
        "type": [
          {
            "coding": [
              {
                "system": "http://snomed.info/sct",
                "code": "170258001"
              }
            ],
            "text": "Outpatient Encounter"
          }
        ],
        "subject": {
          "reference": "urn:uuid:b4c264d3-430a-45da-be35-56efb57681a6"
        },
        "period": {
          "start": "2016-10-16T12:39:05-04:00",
          "end": "2016-10-16T13:39:05-04:00"
        },
        "serviceProvider": {
          "reference": "urn:uuid:461424e1-0c89-4d0e-8c38-51127e78523e"
        },
        "resourceType": "Encounter"
      }
    },
    {
      "fullUrl": "urn:uuid:0b09d230-547d-4e7f-b579-156f4683f343",
      "resource": {
        "id": "0b09d230-547d-4e7f-b579-156f4683f343",
        "status": "active",
        "use": "complete",
        "patient": {
          "reference": "urn:uuid:b4c264d3-430a-45da-be35-56efb57681a6"
        },
        "billablePeriod": {
          "start": "2016-10-16T12:39:05-04:00",
          "end": "2016-10-16T13:39:05-04:00"
        },
        "organization": {
          "reference": {
            "reference": "urn:uuid:461424e1-0c89-4d0e-8c38-51127e78523e"
          }
        },
        "item": [
          {
            "sequence": 1,
            "net": {
              "value": 125.0,
              "system": "urn:iso:std:iso:4217",
              "code": "USD"
            },
            "encounter": [
              {
                "reference": {
                  "fullUrl": "urn:uuid:a511e02f-ca37-4576-8282-adb36dcd900e",
                  "resource": {
                    "id": "a511e02f-ca37-4576-8282-adb36dcd900e",
                    "meta": {
                      "profile": [
                        "http://standardhealthrecord.org/fhir/StructureDefinition/shr-encounter-Encounter"
                      ]
                    },
                    "status": "finished",
                    "class": {
                      "code": "outpatient"
                    },
                    "type": [
                      {
                        "coding": [
                          {
                            "system": "http://snomed.info/sct",
                            "code": "170258001"
                          }
                        ],
                        "text": "Outpatient Encounter"
                      }
                    ],
                    "subject": {
                      "reference": "urn:uuid:b4c264d3-430a-45da-be35-56efb57681a6"
                    },
                    "period": {
                      "start": "2016-10-16T12:39:05-04:00",
                      "end": "2016-10-16T13:39:05-04:00"
                    },
                    "serviceProvider": {
                      "reference": "urn:uuid:461424e1-0c89-4d0e-8c38-51127e78523e"
                    },
                    "resourceType": "Encounter"
                  }
                }
              }
            ]
          },
          {
            "sequence": 2,
            "category": {
              "coding": [
                {
                  "system": "http://hl7.org/fhir/sid/cvx",
                  "code": "08",
                  "display": "Hep B, adolescent or pediatric"
                }
              ],
              "text": "Hep B, adolescent or pediatric"
            },
            "net": {
              "value": 136.0,
              "system": "urn:iso:std:iso:4217",
              "code": "USD"
            }
          }
        ],
        "total": {
          "value": 261.0,
          "system": "urn:iso:std:iso:4217",
          "code": "USD"
        },
        "resourceType": "Claim"
      }
    },
    {
      "fullUrl": "urn:uuid:46e0480a-d7aa-4af4-9060-93a46d773794",
      "resource": {
        "id": "46e0480a-d7aa-4af4-9060-93a46d773794",
        "meta": {
          "profile": [
            "http://standardhealthrecord.org/fhir/StructureDefinition/shr-observation-Observation",
            "http://standardhealthrecord.org/fhir/StructureDefinition/shr-vital-VitalSign",
            "http://standardhealthrecord.org/fhir/StructureDefinition/shr-vital-BodyHeight"
          ]
        },
        "status": "final",
        "category": [
          {
            "coding": [
              {
                "system": "http://hl7.org/fhir/observation-category",
                "code": "vital-signs"
              }
            ]
          }
        ],
        "code": {
          "coding": [
            {
              "system": "http://loinc.org",
              "code": "8302-2",
              "display": "Body Height"
            }
          ],
          "text": "Body Height"
        },
        "subject": {
          "reference": "urn:uuid:b4c264d3-430a-45da-be35-56efb57681a6"
        },
        "context": {
          "reference": "urn:uuid:a511e02f-ca37-4576-8282-adb36dcd900e"
        },
        "effectiveDateTime": "2016-10-16T12:39:05-04:00",
        "issued": "2016-10-16T12:39:05-04:00",
        "valueQuantity": {
          "value": 54.49973233788881,
          "unit": "cm",
          "system": "http://unitsofmeasure.org/",
          "code": "cm"
        },
        "resourceType": "Observation"
      }
    },
    {
      "fullUrl": "urn:uuid:336eb78c-e1e4-4715-b99c-bf3356737b43",
      "resource": {
        "id": "336eb78c-e1e4-4715-b99c-bf3356737b43",
        "meta": {
          "profile": [
            "http://standardhealthrecord.org/fhir/StructureDefinition/shr-observation-Observation",
            "http://standardhealthrecord.org/fhir/StructureDefinition/shr-vital-VitalSign",
            "http://standardhealthrecord.org/fhir/StructureDefinition/shr-vital-BodyWeight"
          ]
        },
        "status": "final",
        "category": [
          {
            "coding": [
              {
                "system": "http://hl7.org/fhir/observation-category",
                "code": "vital-signs"
              }
            ]
          }
        ],
        "code": {
          "coding": [
            {
              "system": "http://loinc.org",
              "code": "29463-7",
              "display": "Body Weight"
            }
          ],
          "text": "Body Weight"
        },
        "subject": {
          "reference": "urn:uuid:b4c264d3-430a-45da-be35-56efb57681a6"
        },
        "context": {
          "reference": "urn:uuid:a511e02f-ca37-4576-8282-adb36dcd900e"
        },
        "effectiveDateTime": "2016-10-16T12:39:05-04:00",
        "issued": "2016-10-16T12:39:05-04:00",
        "valueQuantity": {
          "value": 3.7457589835094405,
          "unit": "kg",
          "system": "http://unitsofmeasure.org/",
          "code": "kg"
        },
        "resourceType": "Observation"
      }
    },
    {
      "fullUrl": "urn:uuid:9256c141-3ad3-49a6-8b1c-b25b65806cd3",
      "resource": {
        "id": "9256c141-3ad3-49a6-8b1c-b25b65806cd3",
        "meta": {
          "profile": [
            "http://standardhealthrecord.org/fhir/StructureDefinition/shr-observation-Observation",
            "http://standardhealthrecord.org/fhir/StructureDefinition/shr-vital-BloodPressure"
          ]
        },
        "status": "final",
        "category": [
          {
            "coding": [
              {
                "system": "http://hl7.org/fhir/observation-category",
                "code": "vital-signs"
              }
            ]
          }
        ],
        "code": {
          "coding": [
            {
              "system": "http://loinc.org",
              "code": "55284-4",
              "display": "Blood Pressure"
            }
          ]
        },
        "subject": {
          "reference": "urn:uuid:b4c264d3-430a-45da-be35-56efb57681a6"
        },
        "context": {
          "reference": "urn:uuid:a511e02f-ca37-4576-8282-adb36dcd900e"
        },
        "effectiveDateTime": "2016-10-16T12:39:05-04:00",
        "issued": "2016-10-16T12:39:05-04:00",
        "component": [
          {
            "code": {
              "coding": [
                {
                  "system": "http://loinc.org",
                  "code": "8480-6",
                  "display": "Systolic Blood Pressure"
                }
              ],
              "text": "Systolic Blood Pressure"
            },
            "valueQuantity": {
              "value": 108,
              "unit": "mmHg",
              "system": "http://unitsofmeasure.org/",
              "code": "mmHg"
            }
          },
          {
            "code": {
              "coding": [
                {
                  "system": "http://loinc.org",
                  "code": "8462-4",
                  "display": "Diastolic Blood Pressure"
                }
              ],
              "text": "Diastolic Blood Pressure"
            },
            "valueQuantity": {
              "value": 73,
              "unit": "mmHg",
              "system": "http://unitsofmeasure.org/",
              "code": "mmHg"
            }
          }
        ],
        "resourceType": "Observation"
      }
    },
    {
      "resource": {
        "meta": {
          "profile": [
            "http://standardhealthrecord.org/fhir/StructureDefinition/shr-immunization-Immunization"
          ]
        },
        "status": "completed",
        "notGiven": false,
        "vaccineCode": {
          "coding": [
            {
              "system": "http://hl7.org/fhir/sid/cvx",
              "code": "08",
              "display": "Hep B, adolescent or pediatric"
            }
          ],
          "text": "Hep B, adolescent or pediatric"
        },
        "patient": {
          "reference": "urn:uuid:b4c264d3-430a-45da-be35-56efb57681a6"
        },
        "encounter": {
          "reference": "urn:uuid:a511e02f-ca37-4576-8282-adb36dcd900e"
        },
        "date": "2016-10-16T12:39:05-04:00",
        "primarySource": true,
        "resourceType": "Immunization"
      }
    },
    {
      "fullUrl": "urn:uuid:ad546a6e-718b-4e99-bd24-37db6cd1792a",
      "resource": {
        "id": "ad546a6e-718b-4e99-bd24-37db6cd1792a",
        "meta": {
          "profile": [
            "http://standardhealthrecord.org/fhir/StructureDefinition/shr-encounter-Encounter"
          ]
        },
        "status": "finished",
        "class": {
          "code": "outpatient"
        },
        "type": [
          {
            "coding": [
              {
                "system": "http://snomed.info/sct",
                "code": "170258001"
              }
            ],
            "text": "Outpatient Encounter"
          }
        ],
        "subject": {
          "reference": "urn:uuid:b4c264d3-430a-45da-be35-56efb57681a6"
        },
        "period": {
          "start": "2016-11-22T03:20:08-05:00",
          "end": "2016-11-22T04:20:08-05:00"
        },
        "serviceProvider": {
          "reference": "urn:uuid:461424e1-0c89-4d0e-8c38-51127e78523e"
        },
        "resourceType": "Encounter"
      }
    },
    {
      "fullUrl": "urn:uuid:89817d06-9383-46c6-b754-bb3a2dc26fbd",
      "resource": {
        "id": "89817d06-9383-46c6-b754-bb3a2dc26fbd",
        "status": "active",
        "use": "complete",
        "patient": {
          "reference": "urn:uuid:b4c264d3-430a-45da-be35-56efb57681a6"
        },
        "billablePeriod": {
          "start": "2016-11-22T03:20:08-05:00",
          "end": "2016-11-22T04:20:08-05:00"
        },
        "organization": {
          "reference": {
            "reference": "urn:uuid:461424e1-0c89-4d0e-8c38-51127e78523e"
          }
        },
        "item": [
          {
            "sequence": 1,
            "net": {
              "value": 125.0,
              "system": "urn:iso:std:iso:4217",
              "code": "USD"
            },
            "encounter": [
              {
                "reference": {
                  "fullUrl": "urn:uuid:ad546a6e-718b-4e99-bd24-37db6cd1792a",
                  "resource": {
                    "id": "ad546a6e-718b-4e99-bd24-37db6cd1792a",
                    "meta": {
                      "profile": [
                        "http://standardhealthrecord.org/fhir/StructureDefinition/shr-encounter-Encounter"
                      ]
                    },
                    "status": "finished",
                    "class": {
                      "code": "outpatient"
                    },
                    "type": [
                      {
                        "coding": [
                          {
                            "system": "http://snomed.info/sct",
                            "code": "170258001"
                          }
                        ],
                        "text": "Outpatient Encounter"
                      }
                    ],
                    "subject": {
                      "reference": "urn:uuid:b4c264d3-430a-45da-be35-56efb57681a6"
                    },
                    "period": {
                      "start": "2016-11-22T03:20:08-05:00",
                      "end": "2016-11-22T04:20:08-05:00"
                    },
                    "serviceProvider": {
                      "reference": "urn:uuid:461424e1-0c89-4d0e-8c38-51127e78523e"
                    },
                    "resourceType": "Encounter"
                  }
                }
              }
            ]
          },
          {
            "sequence": 2,
            "category": {
              "coding": [
                {
                  "system": "http://hl7.org/fhir/sid/cvx",
                  "code": "119",
                  "display": "rotavirus, monovalent"
                }
              ],
              "text": "rotavirus, monovalent"
            },
            "net": {
              "value": 136.0,
              "system": "urn:iso:std:iso:4217",
              "code": "USD"
            }
          },
          {
            "sequence": 3,
            "category": {
              "coding": [
                {
                  "system": "http://hl7.org/fhir/sid/cvx",
                  "code": "20",
                  "display": "DTaP"
                }
              ],
              "text": "DTaP"
            },
            "net": {
              "value": 136.0,
              "system": "urn:iso:std:iso:4217",
              "code": "USD"
            }
          },
          {
            "sequence": 4,
            "category": {
              "coding": [
                {
                  "system": "http://hl7.org/fhir/sid/cvx",
                  "code": "49",
                  "display": "Hib (PRP-OMP)"
                }
              ],
              "text": "Hib (PRP-OMP)"
            },
            "net": {
              "value": 136.0,
              "system": "urn:iso:std:iso:4217",
              "code": "USD"
            }
          },
          {
            "sequence": 5,
            "category": {
              "coding": [
                {
                  "system": "http://hl7.org/fhir/sid/cvx",
                  "code": "133",
                  "display": "Pneumococcal conjugate PCV 13"
                }
              ],
              "text": "Pneumococcal conjugate PCV 13"
            },
            "net": {
              "value": 136.0,
              "system": "urn:iso:std:iso:4217",
              "code": "USD"
            }
          },
          {
            "sequence": 6,
            "category": {
              "coding": [
                {
                  "system": "http://hl7.org/fhir/sid/cvx",
                  "code": "10",
                  "display": "IPV"
                }
              ],
              "text": "IPV"
            },
            "net": {
              "value": 136.0,
              "system": "urn:iso:std:iso:4217",
              "code": "USD"
            }
          }
        ],
        "total": {
          "value": 805.0,
          "system": "urn:iso:std:iso:4217",
          "code": "USD"
        },
        "resourceType": "Claim"
      }
    },
    {
      "fullUrl": "urn:uuid:6da1c892-014b-4498-8d2f-353c2977572a",
      "resource": {
        "id": "6da1c892-014b-4498-8d2f-353c2977572a",
        "meta": {
          "profile": [
            "http://standardhealthrecord.org/fhir/StructureDefinition/shr-observation-Observation",
            "http://standardhealthrecord.org/fhir/StructureDefinition/shr-vital-VitalSign",
            "http://standardhealthrecord.org/fhir/StructureDefinition/shr-vital-BodyHeight"
          ]
        },
        "status": "final",
        "category": [
          {
            "coding": [
              {
                "system": "http://hl7.org/fhir/observation-category",
                "code": "vital-signs"
              }
            ]
          }
        ],
        "code": {
          "coding": [
            {
              "system": "http://loinc.org",
              "code": "8302-2",
              "display": "Body Height"
            }
          ],
          "text": "Body Height"
        },
        "subject": {
          "reference": "urn:uuid:b4c264d3-430a-45da-be35-56efb57681a6"
        },
        "context": {
          "reference": "urn:uuid:ad546a6e-718b-4e99-bd24-37db6cd1792a"
        },
        "effectiveDateTime": "2016-11-22T03:20:08-05:00",
        "issued": "2016-11-22T03:20:08-05:00",
        "valueQuantity": {
          "value": 57.29723934316016,
          "unit": "cm",
          "system": "http://unitsofmeasure.org/",
          "code": "cm"
        },
        "resourceType": "Observation"
      }
    },
    {
      "fullUrl": "urn:uuid:a7f0cdba-4e6a-4730-ac82-28385bfa25f5",
      "resource": {
        "id": "a7f0cdba-4e6a-4730-ac82-28385bfa25f5",
        "meta": {
          "profile": [
            "http://standardhealthrecord.org/fhir/StructureDefinition/shr-observation-Observation",
            "http://standardhealthrecord.org/fhir/StructureDefinition/shr-vital-VitalSign",
            "http://standardhealthrecord.org/fhir/StructureDefinition/shr-vital-BodyWeight"
          ]
        },
        "status": "final",
        "category": [
          {
            "coding": [
              {
                "system": "http://hl7.org/fhir/observation-category",
                "code": "vital-signs"
              }
            ]
          }
        ],
        "code": {
          "coding": [
            {
              "system": "http://loinc.org",
              "code": "29463-7",
              "display": "Body Weight"
            }
          ],
          "text": "Body Weight"
        },
        "subject": {
          "reference": "urn:uuid:b4c264d3-430a-45da-be35-56efb57681a6"
        },
        "context": {
          "reference": "urn:uuid:ad546a6e-718b-4e99-bd24-37db6cd1792a"
        },
        "effectiveDateTime": "2016-11-22T03:20:08-05:00",
        "issued": "2016-11-22T03:20:08-05:00",
        "valueQuantity": {
          "value": 4.360988784586235,
          "unit": "kg",
          "system": "http://unitsofmeasure.org/",
          "code": "kg"
        },
        "resourceType": "Observation"
      }
    },
    {
      "fullUrl": "urn:uuid:e7f2d5a3-0c97-47e0-9f05-69b10b32e174",
      "resource": {
        "id": "e7f2d5a3-0c97-47e0-9f05-69b10b32e174",
        "meta": {
          "profile": [
            "http://standardhealthrecord.org/fhir/StructureDefinition/shr-observation-Observation",
            "http://standardhealthrecord.org/fhir/StructureDefinition/shr-vital-BloodPressure"
          ]
        },
        "status": "final",
        "category": [
          {
            "coding": [
              {
                "system": "http://hl7.org/fhir/observation-category",
                "code": "vital-signs"
              }
            ]
          }
        ],
        "code": {
          "coding": [
            {
              "system": "http://loinc.org",
              "code": "55284-4",
              "display": "Blood Pressure"
            }
          ]
        },
        "subject": {
          "reference": "urn:uuid:b4c264d3-430a-45da-be35-56efb57681a6"
        },
        "context": {
          "reference": "urn:uuid:ad546a6e-718b-4e99-bd24-37db6cd1792a"
        },
        "effectiveDateTime": "2016-11-22T03:20:08-05:00",
        "issued": "2016-11-22T03:20:08-05:00",
        "component": [
          {
            "code": {
              "coding": [
                {
                  "system": "http://loinc.org",
                  "code": "8480-6",
                  "display": "Systolic Blood Pressure"
                }
              ],
              "text": "Systolic Blood Pressure"
            },
            "valueQuantity": {
              "value": 110,
              "unit": "mmHg",
              "system": "http://unitsofmeasure.org/",
              "code": "mmHg"
            }
          },
          {
            "code": {
              "coding": [
                {
                  "system": "http://loinc.org",
                  "code": "8462-4",
                  "display": "Diastolic Blood Pressure"
                }
              ],
              "text": "Diastolic Blood Pressure"
            },
            "valueQuantity": {
              "value": 78,
              "unit": "mmHg",
              "system": "http://unitsofmeasure.org/",
              "code": "mmHg"
            }
          }
        ],
        "resourceType": "Observation"
      }
    },
    {
      "resource": {
        "meta": {
          "profile": [
            "http://standardhealthrecord.org/fhir/StructureDefinition/shr-immunization-Immunization"
          ]
        },
        "status": "completed",
        "notGiven": false,
        "vaccineCode": {
          "coding": [
            {
              "system": "http://hl7.org/fhir/sid/cvx",
              "code": "119",
              "display": "rotavirus, monovalent"
            }
          ],
          "text": "rotavirus, monovalent"
        },
        "patient": {
          "reference": "urn:uuid:b4c264d3-430a-45da-be35-56efb57681a6"
        },
        "encounter": {
          "reference": "urn:uuid:ad546a6e-718b-4e99-bd24-37db6cd1792a"
        },
        "date": "2016-11-22T03:20:08-05:00",
        "primarySource": true,
        "resourceType": "Immunization"
      }
    },
    {
      "resource": {
        "meta": {
          "profile": [
            "http://standardhealthrecord.org/fhir/StructureDefinition/shr-immunization-Immunization"
          ]
        },
        "status": "completed",
        "notGiven": false,
        "vaccineCode": {
          "coding": [
            {
              "system": "http://hl7.org/fhir/sid/cvx",
              "code": "20",
              "display": "DTaP"
            }
          ],
          "text": "DTaP"
        },
        "patient": {
          "reference": "urn:uuid:b4c264d3-430a-45da-be35-56efb57681a6"
        },
        "encounter": {
          "reference": "urn:uuid:ad546a6e-718b-4e99-bd24-37db6cd1792a"
        },
        "date": "2016-11-22T03:20:08-05:00",
        "primarySource": true,
        "resourceType": "Immunization"
      }
    },
    {
      "resource": {
        "meta": {
          "profile": [
            "http://standardhealthrecord.org/fhir/StructureDefinition/shr-immunization-Immunization"
          ]
        },
        "status": "completed",
        "notGiven": false,
        "vaccineCode": {
          "coding": [
            {
              "system": "http://hl7.org/fhir/sid/cvx",
              "code": "49",
              "display": "Hib (PRP-OMP)"
            }
          ],
          "text": "Hib (PRP-OMP)"
        },
        "patient": {
          "reference": "urn:uuid:b4c264d3-430a-45da-be35-56efb57681a6"
        },
        "encounter": {
          "reference": "urn:uuid:ad546a6e-718b-4e99-bd24-37db6cd1792a"
        },
        "date": "2016-11-22T03:20:08-05:00",
        "primarySource": true,
        "resourceType": "Immunization"
      }
    },
    {
      "resource": {
        "meta": {
          "profile": [
            "http://standardhealthrecord.org/fhir/StructureDefinition/shr-immunization-Immunization"
          ]
        },
        "status": "completed",
        "notGiven": false,
        "vaccineCode": {
          "coding": [
            {
              "system": "http://hl7.org/fhir/sid/cvx",
              "code": "133",
              "display": "Pneumococcal conjugate PCV 13"
            }
          ],
          "text": "Pneumococcal conjugate PCV 13"
        },
        "patient": {
          "reference": "urn:uuid:b4c264d3-430a-45da-be35-56efb57681a6"
        },
        "encounter": {
          "reference": "urn:uuid:ad546a6e-718b-4e99-bd24-37db6cd1792a"
        },
        "date": "2016-11-22T03:20:08-05:00",
        "primarySource": true,
        "resourceType": "Immunization"
      }
    },
    {
      "resource": {
        "meta": {
          "profile": [
            "http://standardhealthrecord.org/fhir/StructureDefinition/shr-immunization-Immunization"
          ]
        },
        "status": "completed",
        "notGiven": false,
        "vaccineCode": {
          "coding": [
            {
              "system": "http://hl7.org/fhir/sid/cvx",
              "code": "10",
              "display": "IPV"
            }
          ],
          "text": "IPV"
        },
        "patient": {
          "reference": "urn:uuid:b4c264d3-430a-45da-be35-56efb57681a6"
        },
        "encounter": {
          "reference": "urn:uuid:ad546a6e-718b-4e99-bd24-37db6cd1792a"
        },
        "date": "2016-11-22T03:20:08-05:00",
        "primarySource": true,
        "resourceType": "Immunization"
      }
    },
    {
      "fullUrl": "urn:uuid:8727d306-18a9-40fb-ba93-d9e8e3ce9621",
      "resource": {
        "id": "8727d306-18a9-40fb-ba93-d9e8e3ce9621",
        "meta": {
          "profile": [
            "http://standardhealthrecord.org/fhir/StructureDefinition/shr-encounter-Encounter"
          ]
        },
        "status": "finished",
        "class": {
          "code": "outpatient"
        },
        "type": [
          {
            "coding": [
              {
                "system": "http://snomed.info/sct",
                "code": "170258001"
              }
            ],
            "text": "Outpatient Encounter"
          }
        ],
        "subject": {
          "reference": "urn:uuid:b4c264d3-430a-45da-be35-56efb57681a6"
        },
        "period": {
          "start": "2017-01-27T08:15:44-05:00",
          "end": "2017-01-27T09:15:44-05:00"
        },
        "serviceProvider": {
          "reference": "urn:uuid:461424e1-0c89-4d0e-8c38-51127e78523e"
        },
        "resourceType": "Encounter"
      }
    },
    {
      "fullUrl": "urn:uuid:934d9ff6-c63d-40b5-bc87-32e5afd9c64c",
      "resource": {
        "id": "934d9ff6-c63d-40b5-bc87-32e5afd9c64c",
        "status": "active",
        "use": "complete",
        "patient": {
          "reference": "urn:uuid:b4c264d3-430a-45da-be35-56efb57681a6"
        },
        "billablePeriod": {
          "start": "2017-01-27T08:15:44-05:00",
          "end": "2017-01-27T09:15:44-05:00"
        },
        "organization": {
          "reference": {
            "reference": "urn:uuid:461424e1-0c89-4d0e-8c38-51127e78523e"
          }
        },
        "procedure": [
          {
            "sequence": 1,
            "procedureReference": {
              "reference": "urn:uuid:f207290d-0001-4b1c-ab63-365dfb2096ee"
            }
          }
        ],
        "item": [
          {
            "sequence": 1,
            "net": {
              "value": 125.0,
              "system": "urn:iso:std:iso:4217",
              "code": "USD"
            },
            "encounter": [
              {
                "reference": {
                  "fullUrl": "urn:uuid:8727d306-18a9-40fb-ba93-d9e8e3ce9621",
                  "resource": {
                    "id": "8727d306-18a9-40fb-ba93-d9e8e3ce9621",
                    "meta": {
                      "profile": [
                        "http://standardhealthrecord.org/fhir/StructureDefinition/shr-encounter-Encounter"
                      ]
                    },
                    "status": "finished",
                    "class": {
                      "code": "outpatient"
                    },
                    "type": [
                      {
                        "coding": [
                          {
                            "system": "http://snomed.info/sct",
                            "code": "170258001"
                          }
                        ],
                        "text": "Outpatient Encounter"
                      }
                    ],
                    "subject": {
                      "reference": "urn:uuid:b4c264d3-430a-45da-be35-56efb57681a6"
                    },
                    "period": {
                      "start": "2017-01-27T08:15:44-05:00",
                      "end": "2017-01-27T09:15:44-05:00"
                    },
                    "serviceProvider": {
                      "reference": "urn:uuid:461424e1-0c89-4d0e-8c38-51127e78523e"
                    },
                    "resourceType": "Encounter"
                  }
                }
              }
            ]
          },
          {
            "sequence": 2,
            "procedureLinkId": [
              2
            ],
            "net": {
              "value": 1508.6649932999997,
              "system": "urn:iso:std:iso:4217",
              "code": "USD"
            }
          },
          {
            "sequence": 3,
            "category": {
              "coding": [
                {
                  "system": "http://hl7.org/fhir/sid/cvx",
                  "code": "119",
                  "display": "rotavirus, monovalent"
                }
              ],
              "text": "rotavirus, monovalent"
            },
            "net": {
              "value": 136.0,
              "system": "urn:iso:std:iso:4217",
              "code": "USD"
            }
          },
          {
            "sequence": 4,
            "category": {
              "coding": [
                {
                  "system": "http://hl7.org/fhir/sid/cvx",
                  "code": "20",
                  "display": "DTaP"
                }
              ],
              "text": "DTaP"
            },
            "net": {
              "value": 136.0,
              "system": "urn:iso:std:iso:4217",
              "code": "USD"
            }
          },
          {
            "sequence": 5,
            "category": {
              "coding": [
                {
                  "system": "http://hl7.org/fhir/sid/cvx",
                  "code": "49",
                  "display": "Hib (PRP-OMP)"
                }
              ],
              "text": "Hib (PRP-OMP)"
            },
            "net": {
              "value": 136.0,
              "system": "urn:iso:std:iso:4217",
              "code": "USD"
            }
          },
          {
            "sequence": 6,
            "category": {
              "coding": [
                {
                  "system": "http://hl7.org/fhir/sid/cvx",
                  "code": "133",
                  "display": "Pneumococcal conjugate PCV 13"
                }
              ],
              "text": "Pneumococcal conjugate PCV 13"
            },
            "net": {
              "value": 136.0,
              "system": "urn:iso:std:iso:4217",
              "code": "USD"
            }
          },
          {
            "sequence": 7,
            "category": {
              "coding": [
                {
                  "system": "http://hl7.org/fhir/sid/cvx",
                  "code": "10",
                  "display": "IPV"
                }
              ],
              "text": "IPV"
            },
            "net": {
              "value": 136.0,
              "system": "urn:iso:std:iso:4217",
              "code": "USD"
            }
          }
        ],
        "total": {
          "value": 2313.6649933,
          "system": "urn:iso:std:iso:4217",
          "code": "USD"
        },
        "resourceType": "Claim"
      }
    },
    {
      "fullUrl": "urn:uuid:3df6115d-8a1e-4cfe-8e12-ab7e1a24e6cb",
      "resource": {
        "id": "3df6115d-8a1e-4cfe-8e12-ab7e1a24e6cb",
        "meta": {
          "profile": [
            "http://standardhealthrecord.org/fhir/StructureDefinition/shr-observation-Observation",
            "http://standardhealthrecord.org/fhir/StructureDefinition/shr-vital-VitalSign",
            "http://standardhealthrecord.org/fhir/StructureDefinition/shr-vital-BodyHeight"
          ]
        },
        "status": "final",
        "category": [
          {
            "coding": [
              {
                "system": "http://hl7.org/fhir/observation-category",
                "code": "vital-signs"
              }
            ]
          }
        ],
        "code": {
          "coding": [
            {
              "system": "http://loinc.org",
              "code": "8302-2",
              "display": "Body Height"
            }
          ],
          "text": "Body Height"
        },
        "subject": {
          "reference": "urn:uuid:b4c264d3-430a-45da-be35-56efb57681a6"
        },
        "context": {
          "reference": "urn:uuid:8727d306-18a9-40fb-ba93-d9e8e3ce9621"
        },
        "effectiveDateTime": "2017-01-27T08:15:44-05:00",
        "issued": "2017-01-27T08:15:44-05:00",
        "valueQuantity": {
          "value": 61.70932043627434,
          "unit": "cm",
          "system": "http://unitsofmeasure.org/",
          "code": "cm"
        },
        "resourceType": "Observation"
      }
    },
    {
      "fullUrl": "urn:uuid:e6f6acb8-04f4-4c3e-83ec-2d1571adb851",
      "resource": {
        "id": "e6f6acb8-04f4-4c3e-83ec-2d1571adb851",
        "meta": {
          "profile": [
            "http://standardhealthrecord.org/fhir/StructureDefinition/shr-observation-Observation",
            "http://standardhealthrecord.org/fhir/StructureDefinition/shr-vital-VitalSign",
            "http://standardhealthrecord.org/fhir/StructureDefinition/shr-vital-BodyWeight"
          ]
        },
        "status": "final",
        "category": [
          {
            "coding": [
              {
                "system": "http://hl7.org/fhir/observation-category",
                "code": "vital-signs"
              }
            ]
          }
        ],
        "code": {
          "coding": [
            {
              "system": "http://loinc.org",
              "code": "29463-7",
              "display": "Body Weight"
            }
          ],
          "text": "Body Weight"
        },
        "subject": {
          "reference": "urn:uuid:b4c264d3-430a-45da-be35-56efb57681a6"
        },
        "context": {
          "reference": "urn:uuid:8727d306-18a9-40fb-ba93-d9e8e3ce9621"
        },
        "effectiveDateTime": "2017-01-27T08:15:44-05:00",
        "issued": "2017-01-27T08:15:44-05:00",
        "valueQuantity": {
          "value": 5.45147821240547,
          "unit": "kg",
          "system": "http://unitsofmeasure.org/",
          "code": "kg"
        },
        "resourceType": "Observation"
      }
    },
    {
      "fullUrl": "urn:uuid:b340134d-64d6-407c-bff7-8cbb934b3df6",
      "resource": {
        "id": "b340134d-64d6-407c-bff7-8cbb934b3df6",
        "meta": {
          "profile": [
            "http://standardhealthrecord.org/fhir/StructureDefinition/shr-observation-Observation",
            "http://standardhealthrecord.org/fhir/StructureDefinition/shr-vital-BloodPressure"
          ]
        },
        "status": "final",
        "category": [
          {
            "coding": [
              {
                "system": "http://hl7.org/fhir/observation-category",
                "code": "vital-signs"
              }
            ]
          }
        ],
        "code": {
          "coding": [
            {
              "system": "http://loinc.org",
              "code": "55284-4",
              "display": "Blood Pressure"
            }
          ]
        },
        "subject": {
          "reference": "urn:uuid:b4c264d3-430a-45da-be35-56efb57681a6"
        },
        "context": {
          "reference": "urn:uuid:8727d306-18a9-40fb-ba93-d9e8e3ce9621"
        },
        "effectiveDateTime": "2017-01-27T08:15:44-05:00",
        "issued": "2017-01-27T08:15:44-05:00",
        "component": [
          {
            "code": {
              "coding": [
                {
                  "system": "http://loinc.org",
                  "code": "8480-6",
                  "display": "Systolic Blood Pressure"
                }
              ],
              "text": "Systolic Blood Pressure"
            },
            "valueQuantity": {
              "value": 107,
              "unit": "mmHg",
              "system": "http://unitsofmeasure.org/",
              "code": "mmHg"
            }
          },
          {
            "code": {
              "coding": [
                {
                  "system": "http://loinc.org",
                  "code": "8462-4",
                  "display": "Diastolic Blood Pressure"
                }
              ],
              "text": "Diastolic Blood Pressure"
            },
            "valueQuantity": {
              "value": 85,
              "unit": "mmHg",
              "system": "http://unitsofmeasure.org/",
              "code": "mmHg"
            }
          }
        ],
        "resourceType": "Observation"
      }
    },
    {
      "fullUrl": "urn:uuid:f207290d-0001-4b1c-ab63-365dfb2096ee",
      "resource": {
        "id": "f207290d-0001-4b1c-ab63-365dfb2096ee",
        "meta": {
          "profile": [
            "http://standardhealthrecord.org/fhir/StructureDefinition/shr-procedure-Procedure"
          ]
        },
        "extension": [
          {
            "url": "http://standardhealthrecord.org/fhir/StructureDefinition/shr-core-CodeableConcept-extension",
            "valueCodeableConcept": {
              "coding": [
                {
                  "system": "http://snomed.info/sct",
                  "code": "428191000124101",
                  "display": "Documentation of current medications"
                }
              ],
              "text": "Documentation of current medications"
            }
          }
        ],
        "status": "completed",
        "code": {
          "coding": [
            {
              "system": "http://snomed.info/sct",
              "code": "428191000124101",
              "display": "Documentation of current medications"
            }
          ],
          "text": "Documentation of current medications"
        },
        "subject": {
          "reference": "urn:uuid:b4c264d3-430a-45da-be35-56efb57681a6"
        },
        "context": {
          "reference": "urn:uuid:8727d306-18a9-40fb-ba93-d9e8e3ce9621"
        },
        "performedDateTime": "2017-01-27T08:15:44-05:00",
        "resourceType": "Procedure"
      }
    },
    {
      "resource": {
        "meta": {
          "profile": [
            "http://standardhealthrecord.org/fhir/StructureDefinition/shr-immunization-Immunization"
          ]
        },
        "status": "completed",
        "notGiven": false,
        "vaccineCode": {
          "coding": [
            {
              "system": "http://hl7.org/fhir/sid/cvx",
              "code": "119",
              "display": "rotavirus, monovalent"
            }
          ],
          "text": "rotavirus, monovalent"
        },
        "patient": {
          "reference": "urn:uuid:b4c264d3-430a-45da-be35-56efb57681a6"
        },
        "encounter": {
          "reference": "urn:uuid:8727d306-18a9-40fb-ba93-d9e8e3ce9621"
        },
        "date": "2017-01-27T08:15:44-05:00",
        "primarySource": true,
        "resourceType": "Immunization"
      }
    },
    {
      "resource": {
        "meta": {
          "profile": [
            "http://standardhealthrecord.org/fhir/StructureDefinition/shr-immunization-Immunization"
          ]
        },
        "status": "completed",
        "notGiven": false,
        "vaccineCode": {
          "coding": [
            {
              "system": "http://hl7.org/fhir/sid/cvx",
              "code": "20",
              "display": "DTaP"
            }
          ],
          "text": "DTaP"
        },
        "patient": {
          "reference": "urn:uuid:b4c264d3-430a-45da-be35-56efb57681a6"
        },
        "encounter": {
          "reference": "urn:uuid:8727d306-18a9-40fb-ba93-d9e8e3ce9621"
        },
        "date": "2017-01-27T08:15:44-05:00",
        "primarySource": true,
        "resourceType": "Immunization"
      }
    },
    {
      "resource": {
        "meta": {
          "profile": [
            "http://standardhealthrecord.org/fhir/StructureDefinition/shr-immunization-Immunization"
          ]
        },
        "status": "completed",
        "notGiven": false,
        "vaccineCode": {
          "coding": [
            {
              "system": "http://hl7.org/fhir/sid/cvx",
              "code": "49",
              "display": "Hib (PRP-OMP)"
            }
          ],
          "text": "Hib (PRP-OMP)"
        },
        "patient": {
          "reference": "urn:uuid:b4c264d3-430a-45da-be35-56efb57681a6"
        },
        "encounter": {
          "reference": "urn:uuid:8727d306-18a9-40fb-ba93-d9e8e3ce9621"
        },
        "date": "2017-01-27T08:15:44-05:00",
        "primarySource": true,
        "resourceType": "Immunization"
      }
    },
    {
      "resource": {
        "meta": {
          "profile": [
            "http://standardhealthrecord.org/fhir/StructureDefinition/shr-immunization-Immunization"
          ]
        },
        "status": "completed",
        "notGiven": false,
        "vaccineCode": {
          "coding": [
            {
              "system": "http://hl7.org/fhir/sid/cvx",
              "code": "133",
              "display": "Pneumococcal conjugate PCV 13"
            }
          ],
          "text": "Pneumococcal conjugate PCV 13"
        },
        "patient": {
          "reference": "urn:uuid:b4c264d3-430a-45da-be35-56efb57681a6"
        },
        "encounter": {
          "reference": "urn:uuid:8727d306-18a9-40fb-ba93-d9e8e3ce9621"
        },
        "date": "2017-01-27T08:15:44-05:00",
        "primarySource": true,
        "resourceType": "Immunization"
      }
    },
    {
      "resource": {
        "meta": {
          "profile": [
            "http://standardhealthrecord.org/fhir/StructureDefinition/shr-immunization-Immunization"
          ]
        },
        "status": "completed",
        "notGiven": false,
        "vaccineCode": {
          "coding": [
            {
              "system": "http://hl7.org/fhir/sid/cvx",
              "code": "10",
              "display": "IPV"
            }
          ],
          "text": "IPV"
        },
        "patient": {
          "reference": "urn:uuid:b4c264d3-430a-45da-be35-56efb57681a6"
        },
        "encounter": {
          "reference": "urn:uuid:8727d306-18a9-40fb-ba93-d9e8e3ce9621"
        },
        "date": "2017-01-27T08:15:44-05:00",
        "primarySource": true,
        "resourceType": "Immunization"
      }
    },
    {
      "fullUrl": "urn:uuid:66be1a40-4956-4fec-8e80-23b03fab5113",
      "resource": {
        "id": "66be1a40-4956-4fec-8e80-23b03fab5113",
        "meta": {
          "profile": [
            "http://standardhealthrecord.org/fhir/StructureDefinition/shr-encounter-Encounter"
          ]
        },
        "status": "finished",
        "class": {
          "code": "outpatient"
        },
        "type": [
          {
            "coding": [
              {
                "system": "http://snomed.info/sct",
                "code": "170258001"
              }
            ],
            "text": "Outpatient Encounter"
          }
        ],
        "subject": {
          "reference": "urn:uuid:b4c264d3-430a-45da-be35-56efb57681a6"
        },
        "period": {
          "start": "2017-03-28T00:14:10-04:00",
          "end": "2017-03-28T01:14:10-04:00"
        },
        "serviceProvider": {
          "reference": "urn:uuid:461424e1-0c89-4d0e-8c38-51127e78523e"
        },
        "resourceType": "Encounter"
      }
    },
    {
      "fullUrl": "urn:uuid:3aade4ff-f700-4466-81f9-dd68215a12ca",
      "resource": {
        "id": "3aade4ff-f700-4466-81f9-dd68215a12ca",
        "status": "active",
        "use": "complete",
        "patient": {
          "reference": "urn:uuid:b4c264d3-430a-45da-be35-56efb57681a6"
        },
        "billablePeriod": {
          "start": "2017-03-28T00:14:10-04:00",
          "end": "2017-03-28T01:14:10-04:00"
        },
        "organization": {
          "reference": {
            "reference": "urn:uuid:461424e1-0c89-4d0e-8c38-51127e78523e"
          }
        },
        "item": [
          {
            "sequence": 1,
            "net": {
              "value": 125.0,
              "system": "urn:iso:std:iso:4217",
              "code": "USD"
            },
            "encounter": [
              {
                "reference": {
                  "fullUrl": "urn:uuid:66be1a40-4956-4fec-8e80-23b03fab5113",
                  "resource": {
                    "id": "66be1a40-4956-4fec-8e80-23b03fab5113",
                    "meta": {
                      "profile": [
                        "http://standardhealthrecord.org/fhir/StructureDefinition/shr-encounter-Encounter"
                      ]
                    },
                    "status": "finished",
                    "class": {
                      "code": "outpatient"
                    },
                    "type": [
                      {
                        "coding": [
                          {
                            "system": "http://snomed.info/sct",
                            "code": "170258001"
                          }
                        ],
                        "text": "Outpatient Encounter"
                      }
                    ],
                    "subject": {
                      "reference": "urn:uuid:b4c264d3-430a-45da-be35-56efb57681a6"
                    },
                    "period": {
                      "start": "2017-03-28T00:14:10-04:00",
                      "end": "2017-03-28T01:14:10-04:00"
                    },
                    "serviceProvider": {
                      "reference": "urn:uuid:461424e1-0c89-4d0e-8c38-51127e78523e"
                    },
                    "resourceType": "Encounter"
                  }
                }
              }
            ]
          },
          {
            "sequence": 2,
            "category": {
              "coding": [
                {
                  "system": "http://hl7.org/fhir/sid/cvx",
                  "code": "08",
                  "display": "Hep B, adolescent or pediatric"
                }
              ],
              "text": "Hep B, adolescent or pediatric"
            },
            "net": {
              "value": 136.0,
              "system": "urn:iso:std:iso:4217",
              "code": "USD"
            }
          },
          {
            "sequence": 3,
            "category": {
              "coding": [
                {
                  "system": "http://hl7.org/fhir/sid/cvx",
                  "code": "20",
                  "display": "DTaP"
                }
              ],
              "text": "DTaP"
            },
            "net": {
              "value": 136.0,
              "system": "urn:iso:std:iso:4217",
              "code": "USD"
            }
          },
          {
            "sequence": 4,
            "category": {
              "coding": [
                {
                  "system": "http://hl7.org/fhir/sid/cvx",
                  "code": "133",
                  "display": "Pneumococcal conjugate PCV 13"
                }
              ],
              "text": "Pneumococcal conjugate PCV 13"
            },
            "net": {
              "value": 136.0,
              "system": "urn:iso:std:iso:4217",
              "code": "USD"
            }
          },
          {
            "sequence": 5,
            "category": {
              "coding": [
                {
                  "system": "http://hl7.org/fhir/sid/cvx",
                  "code": "10",
                  "display": "IPV"
                }
              ],
              "text": "IPV"
            },
            "net": {
              "value": 136.0,
              "system": "urn:iso:std:iso:4217",
              "code": "USD"
            }
          },
          {
            "sequence": 6,
            "category": {
              "coding": [
                {
                  "system": "http://hl7.org/fhir/sid/cvx",
                  "code": "140",
                  "display": "Influenza, seasonal, injectable, preservative free"
                }
              ],
              "text": "Influenza, seasonal, injectable, preservative free"
            },
            "net": {
              "value": 136.0,
              "system": "urn:iso:std:iso:4217",
              "code": "USD"
            }
          }
        ],
        "total": {
          "value": 805.0,
          "system": "urn:iso:std:iso:4217",
          "code": "USD"
        },
        "resourceType": "Claim"
      }
    },
    {
      "fullUrl": "urn:uuid:b5effe67-ba4f-4c62-9506-ba75d313dfa0",
      "resource": {
        "id": "b5effe67-ba4f-4c62-9506-ba75d313dfa0",
        "meta": {
          "profile": [
            "http://standardhealthrecord.org/fhir/StructureDefinition/shr-observation-Observation",
            "http://standardhealthrecord.org/fhir/StructureDefinition/shr-vital-VitalSign",
            "http://standardhealthrecord.org/fhir/StructureDefinition/shr-vital-BodyHeight"
          ]
        },
        "status": "final",
        "category": [
          {
            "coding": [
              {
                "system": "http://hl7.org/fhir/observation-category",
                "code": "vital-signs"
              }
            ]
          }
        ],
        "code": {
          "coding": [
            {
              "system": "http://loinc.org",
              "code": "8302-2",
              "display": "Body Height"
            }
          ],
          "text": "Body Height"
        },
        "subject": {
          "reference": "urn:uuid:b4c264d3-430a-45da-be35-56efb57681a6"
        },
        "context": {
          "reference": "urn:uuid:66be1a40-4956-4fec-8e80-23b03fab5113"
        },
        "effectiveDateTime": "2017-03-28T00:14:10-04:00",
        "issued": "2017-03-28T00:14:10-04:00",
        "valueQuantity": {
          "value": 65.25587156050463,
          "unit": "cm",
          "system": "http://unitsofmeasure.org/",
          "code": "cm"
        },
        "resourceType": "Observation"
      }
    },
    {
      "fullUrl": "urn:uuid:c5ab6ef7-4e93-4259-a1e6-e742d718cc75",
      "resource": {
        "id": "c5ab6ef7-4e93-4259-a1e6-e742d718cc75",
        "meta": {
          "profile": [
            "http://standardhealthrecord.org/fhir/StructureDefinition/shr-observation-Observation",
            "http://standardhealthrecord.org/fhir/StructureDefinition/shr-vital-VitalSign",
            "http://standardhealthrecord.org/fhir/StructureDefinition/shr-vital-BodyWeight"
          ]
        },
        "status": "final",
        "category": [
          {
            "coding": [
              {
                "system": "http://hl7.org/fhir/observation-category",
                "code": "vital-signs"
              }
            ]
          }
        ],
        "code": {
          "coding": [
            {
              "system": "http://loinc.org",
              "code": "29463-7",
              "display": "Body Weight"
            }
          ],
          "text": "Body Weight"
        },
        "subject": {
          "reference": "urn:uuid:b4c264d3-430a-45da-be35-56efb57681a6"
        },
        "context": {
          "reference": "urn:uuid:66be1a40-4956-4fec-8e80-23b03fab5113"
        },
        "effectiveDateTime": "2017-03-28T00:14:10-04:00",
        "issued": "2017-03-28T00:14:10-04:00",
        "valueQuantity": {
          "value": 6.377804127912327,
          "unit": "kg",
          "system": "http://unitsofmeasure.org/",
          "code": "kg"
        },
        "resourceType": "Observation"
      }
    },
    {
      "fullUrl": "urn:uuid:94a9b6e2-b8ab-4626-babb-bf9b1dafb0de",
      "resource": {
        "id": "94a9b6e2-b8ab-4626-babb-bf9b1dafb0de",
        "meta": {
          "profile": [
            "http://standardhealthrecord.org/fhir/StructureDefinition/shr-observation-Observation",
            "http://standardhealthrecord.org/fhir/StructureDefinition/shr-vital-BloodPressure"
          ]
        },
        "status": "final",
        "category": [
          {
            "coding": [
              {
                "system": "http://hl7.org/fhir/observation-category",
                "code": "vital-signs"
              }
            ]
          }
        ],
        "code": {
          "coding": [
            {
              "system": "http://loinc.org",
              "code": "55284-4",
              "display": "Blood Pressure"
            }
          ]
        },
        "subject": {
          "reference": "urn:uuid:b4c264d3-430a-45da-be35-56efb57681a6"
        },
        "context": {
          "reference": "urn:uuid:66be1a40-4956-4fec-8e80-23b03fab5113"
        },
        "effectiveDateTime": "2017-03-28T00:14:10-04:00",
        "issued": "2017-03-28T00:14:10-04:00",
        "component": [
          {
            "code": {
              "coding": [
                {
                  "system": "http://loinc.org",
                  "code": "8480-6",
                  "display": "Systolic Blood Pressure"
                }
              ],
              "text": "Systolic Blood Pressure"
            },
            "valueQuantity": {
              "value": 125,
              "unit": "mmHg",
              "system": "http://unitsofmeasure.org/",
              "code": "mmHg"
            }
          },
          {
            "code": {
              "coding": [
                {
                  "system": "http://loinc.org",
                  "code": "8462-4",
                  "display": "Diastolic Blood Pressure"
                }
              ],
              "text": "Diastolic Blood Pressure"
            },
            "valueQuantity": {
              "value": 84,
              "unit": "mmHg",
              "system": "http://unitsofmeasure.org/",
              "code": "mmHg"
            }
          }
        ],
        "resourceType": "Observation"
      }
    },
    {
      "resource": {
        "meta": {
          "profile": [
            "http://standardhealthrecord.org/fhir/StructureDefinition/shr-immunization-Immunization"
          ]
        },
        "status": "completed",
        "notGiven": false,
        "vaccineCode": {
          "coding": [
            {
              "system": "http://hl7.org/fhir/sid/cvx",
              "code": "08",
              "display": "Hep B, adolescent or pediatric"
            }
          ],
          "text": "Hep B, adolescent or pediatric"
        },
        "patient": {
          "reference": "urn:uuid:b4c264d3-430a-45da-be35-56efb57681a6"
        },
        "encounter": {
          "reference": "urn:uuid:66be1a40-4956-4fec-8e80-23b03fab5113"
        },
        "date": "2017-03-28T00:14:10-04:00",
        "primarySource": true,
        "resourceType": "Immunization"
      }
    },
    {
      "resource": {
        "meta": {
          "profile": [
            "http://standardhealthrecord.org/fhir/StructureDefinition/shr-immunization-Immunization"
          ]
        },
        "status": "completed",
        "notGiven": false,
        "vaccineCode": {
          "coding": [
            {
              "system": "http://hl7.org/fhir/sid/cvx",
              "code": "20",
              "display": "DTaP"
            }
          ],
          "text": "DTaP"
        },
        "patient": {
          "reference": "urn:uuid:b4c264d3-430a-45da-be35-56efb57681a6"
        },
        "encounter": {
          "reference": "urn:uuid:66be1a40-4956-4fec-8e80-23b03fab5113"
        },
        "date": "2017-03-28T00:14:10-04:00",
        "primarySource": true,
        "resourceType": "Immunization"
      }
    },
    {
      "resource": {
        "meta": {
          "profile": [
            "http://standardhealthrecord.org/fhir/StructureDefinition/shr-immunization-Immunization"
          ]
        },
        "status": "completed",
        "notGiven": false,
        "vaccineCode": {
          "coding": [
            {
              "system": "http://hl7.org/fhir/sid/cvx",
              "code": "133",
              "display": "Pneumococcal conjugate PCV 13"
            }
          ],
          "text": "Pneumococcal conjugate PCV 13"
        },
        "patient": {
          "reference": "urn:uuid:b4c264d3-430a-45da-be35-56efb57681a6"
        },
        "encounter": {
          "reference": "urn:uuid:66be1a40-4956-4fec-8e80-23b03fab5113"
        },
        "date": "2017-03-28T00:14:10-04:00",
        "primarySource": true,
        "resourceType": "Immunization"
      }
    },
    {
      "resource": {
        "meta": {
          "profile": [
            "http://standardhealthrecord.org/fhir/StructureDefinition/shr-immunization-Immunization"
          ]
        },
        "status": "completed",
        "notGiven": false,
        "vaccineCode": {
          "coding": [
            {
              "system": "http://hl7.org/fhir/sid/cvx",
              "code": "10",
              "display": "IPV"
            }
          ],
          "text": "IPV"
        },
        "patient": {
          "reference": "urn:uuid:b4c264d3-430a-45da-be35-56efb57681a6"
        },
        "encounter": {
          "reference": "urn:uuid:66be1a40-4956-4fec-8e80-23b03fab5113"
        },
        "date": "2017-03-28T00:14:10-04:00",
        "primarySource": true,
        "resourceType": "Immunization"
      }
    },
    {
      "resource": {
        "meta": {
          "profile": [
            "http://standardhealthrecord.org/fhir/StructureDefinition/shr-immunization-Immunization"
          ]
        },
        "status": "completed",
        "notGiven": false,
        "vaccineCode": {
          "coding": [
            {
              "system": "http://hl7.org/fhir/sid/cvx",
              "code": "140",
              "display": "Influenza, seasonal, injectable, preservative free"
            }
          ],
          "text": "Influenza, seasonal, injectable, preservative free"
        },
        "patient": {
          "reference": "urn:uuid:b4c264d3-430a-45da-be35-56efb57681a6"
        },
        "encounter": {
          "reference": "urn:uuid:66be1a40-4956-4fec-8e80-23b03fab5113"
        },
        "date": "2017-03-28T00:14:10-04:00",
        "primarySource": true,
        "resourceType": "Immunization"
      }
    },
    {
      "fullUrl": "urn:uuid:7c376c70-e802-4d9d-a6eb-d927aed802bf",
      "resource": {
        "id": "7c376c70-e802-4d9d-a6eb-d927aed802bf",
        "meta": {
          "profile": [
            "http://standardhealthrecord.org/fhir/StructureDefinition/shr-encounter-Encounter"
          ]
        },
        "status": "finished",
        "class": {
          "code": "outpatient"
        },
        "type": [
          {
            "coding": [
              {
                "system": "http://snomed.info/sct",
                "code": "170258001"
              }
            ],
            "text": "Outpatient Encounter"
          }
        ],
        "subject": {
          "reference": "urn:uuid:b4c264d3-430a-45da-be35-56efb57681a6"
        },
        "period": {
          "start": "2017-07-17T15:13:33-04:00",
          "end": "2017-07-17T16:13:33-04:00"
        },
        "serviceProvider": {
          "reference": "urn:uuid:461424e1-0c89-4d0e-8c38-51127e78523e"
        },
        "resourceType": "Encounter"
      }
    },
    {
      "fullUrl": "urn:uuid:2b787071-a9c1-4ef1-8c0a-5ec1b3de33c2",
      "resource": {
        "id": "2b787071-a9c1-4ef1-8c0a-5ec1b3de33c2",
        "status": "active",
        "use": "complete",
        "patient": {
          "reference": "urn:uuid:b4c264d3-430a-45da-be35-56efb57681a6"
        },
        "billablePeriod": {
          "start": "2017-07-17T15:13:33-04:00",
          "end": "2017-07-17T16:13:33-04:00"
        },
        "organization": {
          "reference": {
            "reference": "urn:uuid:461424e1-0c89-4d0e-8c38-51127e78523e"
          }
        },
        "item": [
          {
            "sequence": 1,
            "net": {
              "value": 125.0,
              "system": "urn:iso:std:iso:4217",
              "code": "USD"
            },
            "encounter": [
              {
                "reference": {
                  "fullUrl": "urn:uuid:7c376c70-e802-4d9d-a6eb-d927aed802bf",
                  "resource": {
                    "id": "7c376c70-e802-4d9d-a6eb-d927aed802bf",
                    "meta": {
                      "profile": [
                        "http://standardhealthrecord.org/fhir/StructureDefinition/shr-encounter-Encounter"
                      ]
                    },
                    "status": "finished",
                    "class": {
                      "code": "outpatient"
                    },
                    "type": [
                      {
                        "coding": [
                          {
                            "system": "http://snomed.info/sct",
                            "code": "170258001"
                          }
                        ],
                        "text": "Outpatient Encounter"
                      }
                    ],
                    "subject": {
                      "reference": "urn:uuid:b4c264d3-430a-45da-be35-56efb57681a6"
                    },
                    "period": {
                      "start": "2017-07-17T15:13:33-04:00",
                      "end": "2017-07-17T16:13:33-04:00"
                    },
                    "serviceProvider": {
                      "reference": "urn:uuid:461424e1-0c89-4d0e-8c38-51127e78523e"
                    },
                    "resourceType": "Encounter"
                  }
                }
              }
            ]
          }
        ],
        "total": {
          "value": 125.0,
          "system": "urn:iso:std:iso:4217",
          "code": "USD"
        },
        "resourceType": "Claim"
      }
    },
    {
      "fullUrl": "urn:uuid:c494c19f-0745-4295-a3e7-bde4a100df4f",
      "resource": {
        "id": "c494c19f-0745-4295-a3e7-bde4a100df4f",
        "meta": {
          "profile": [
            "http://standardhealthrecord.org/fhir/StructureDefinition/shr-observation-Observation",
            "http://standardhealthrecord.org/fhir/StructureDefinition/shr-vital-VitalSign",
            "http://standardhealthrecord.org/fhir/StructureDefinition/shr-vital-BodyHeight"
          ]
        },
        "status": "final",
        "category": [
          {
            "coding": [
              {
                "system": "http://hl7.org/fhir/observation-category",
                "code": "vital-signs"
              }
            ]
          }
        ],
        "code": {
          "coding": [
            {
              "system": "http://loinc.org",
              "code": "8302-2",
              "display": "Body Height"
            }
          ],
          "text": "Body Height"
        },
        "subject": {
          "reference": "urn:uuid:b4c264d3-430a-45da-be35-56efb57681a6"
        },
        "context": {
          "reference": "urn:uuid:7c376c70-e802-4d9d-a6eb-d927aed802bf"
        },
        "effectiveDateTime": "2017-07-17T15:13:33-04:00",
        "issued": "2017-07-17T15:13:33-04:00",
        "valueQuantity": {
          "value": 70.98524494707966,
          "unit": "cm",
          "system": "http://unitsofmeasure.org/",
          "code": "cm"
        },
        "resourceType": "Observation"
      }
    },
    {
      "fullUrl": "urn:uuid:a898e457-09d5-4fec-9053-0713078ebcab",
      "resource": {
        "id": "a898e457-09d5-4fec-9053-0713078ebcab",
        "meta": {
          "profile": [
            "http://standardhealthrecord.org/fhir/StructureDefinition/shr-observation-Observation",
            "http://standardhealthrecord.org/fhir/StructureDefinition/shr-vital-VitalSign",
            "http://standardhealthrecord.org/fhir/StructureDefinition/shr-vital-BodyWeight"
          ]
        },
        "status": "final",
        "category": [
          {
            "coding": [
              {
                "system": "http://hl7.org/fhir/observation-category",
                "code": "vital-signs"
              }
            ]
          }
        ],
        "code": {
          "coding": [
            {
              "system": "http://loinc.org",
              "code": "29463-7",
              "display": "Body Weight"
            }
          ],
          "text": "Body Weight"
        },
        "subject": {
          "reference": "urn:uuid:b4c264d3-430a-45da-be35-56efb57681a6"
        },
        "context": {
          "reference": "urn:uuid:7c376c70-e802-4d9d-a6eb-d927aed802bf"
        },
        "effectiveDateTime": "2017-07-17T15:13:33-04:00",
        "issued": "2017-07-17T15:13:33-04:00",
        "valueQuantity": {
          "value": 7.8344060857752815,
          "unit": "kg",
          "system": "http://unitsofmeasure.org/",
          "code": "kg"
        },
        "resourceType": "Observation"
      }
    },
    {
      "fullUrl": "urn:uuid:8c133dd1-cb48-4ddb-9420-116d0c5bb2c1",
      "resource": {
        "id": "8c133dd1-cb48-4ddb-9420-116d0c5bb2c1",
        "meta": {
          "profile": [
            "http://standardhealthrecord.org/fhir/StructureDefinition/shr-observation-Observation",
            "http://standardhealthrecord.org/fhir/StructureDefinition/shr-vital-BloodPressure"
          ]
        },
        "status": "final",
        "category": [
          {
            "coding": [
              {
                "system": "http://hl7.org/fhir/observation-category",
                "code": "vital-signs"
              }
            ]
          }
        ],
        "code": {
          "coding": [
            {
              "system": "http://loinc.org",
              "code": "55284-4",
              "display": "Blood Pressure"
            }
          ]
        },
        "subject": {
          "reference": "urn:uuid:b4c264d3-430a-45da-be35-56efb57681a6"
        },
        "context": {
          "reference": "urn:uuid:7c376c70-e802-4d9d-a6eb-d927aed802bf"
        },
        "effectiveDateTime": "2017-07-17T15:13:33-04:00",
        "issued": "2017-07-17T15:13:33-04:00",
        "component": [
          {
            "code": {
              "coding": [
                {
                  "system": "http://loinc.org",
                  "code": "8480-6",
                  "display": "Systolic Blood Pressure"
                }
              ],
              "text": "Systolic Blood Pressure"
            },
            "valueQuantity": {
              "value": 114,
              "unit": "mmHg",
              "system": "http://unitsofmeasure.org/",
              "code": "mmHg"
            }
          },
          {
            "code": {
              "coding": [
                {
                  "system": "http://loinc.org",
                  "code": "8462-4",
                  "display": "Diastolic Blood Pressure"
                }
              ],
              "text": "Diastolic Blood Pressure"
            },
            "valueQuantity": {
              "value": 80,
              "unit": "mmHg",
              "system": "http://unitsofmeasure.org/",
              "code": "mmHg"
            }
          }
        ],
        "resourceType": "Observation"
      }
    },
    {
      "fullUrl": "urn:uuid:3dcb5f17-69a5-4f03-b717-9e34f36b84db",
      "resource": {
        "id": "3dcb5f17-69a5-4f03-b717-9e34f36b84db",
        "meta": {
          "profile": [
            "http://standardhealthrecord.org/fhir/StructureDefinition/shr-observation-Observation"
          ]
        },
        "status": "final",
        "category": [
          {
            "coding": [
              {
                "system": "http://hl7.org/fhir/observation-category",
                "code": "survey"
              }
            ]
          }
        ],
        "code": {
          "coding": [
            {
              "system": "http://snomed.info/sct",
              "code": "273724008",
              "display": "Quality adjusted life years"
            }
          ],
          "text": "Quality adjusted life years"
        },
        "subject": {
          "reference": "urn:uuid:b4c264d3-430a-45da-be35-56efb57681a6"
        },
        "effectiveDateTime": "2017-10-31T16:09:28-04:00",
        "issued": "2017-10-31T16:09:28-04:00",
        "valueQuantity": {
          "value": 1,
          "unit": "years",
          "system": "http://unitsofmeasure.org/",
          "code": "years"
        },
        "resourceType": "Observation"
      }
    },
    {
      "fullUrl": "urn:uuid:41307723-27b8-4e53-9f17-86895e712fbc",
      "resource": {
        "id": "41307723-27b8-4e53-9f17-86895e712fbc",
        "meta": {
          "profile": [
            "http://standardhealthrecord.org/fhir/StructureDefinition/shr-observation-Observation"
          ]
        },
        "status": "final",
        "category": [
          {
            "coding": [
              {
                "system": "http://hl7.org/fhir/observation-category",
                "code": "survey"
              }
            ]
          }
        ],
        "code": {
          "coding": [
            {
              "system": "http://snomed.info/sct",
              "code": "273421001",
              "display": "Disability rating scale"
            }
          ],
          "text": "Disability rating scale"
        },
        "subject": {
          "reference": "urn:uuid:b4c264d3-430a-45da-be35-56efb57681a6"
        },
        "effectiveDateTime": "2017-10-31T16:09:28-04:00",
        "issued": "2017-10-31T16:09:28-04:00",
        "valueQuantity": {
          "value": 0,
          "unit": "years",
          "system": "http://unitsofmeasure.org/",
          "code": "years"
        },
        "resourceType": "Observation"
      }
    }
  ],
  "resourceType": "Bundle"
}