{
  "type": "collection",
  "entry": [
    {
      "fullUrl": "urn:uuid:4598da7a-6177-489b-9e28-d465871b67d8",
      "resource": {
        "id": "4598da7a-6177-489b-9e28-d465871b67d8",
        "meta": {
          "profile": [
            "http://standardhealthrecord.org/fhir/StructureDefinition/shr-actor-Organization"
          ]
        },
        "type": [
          {
            "coding": [
              {
                "system": "http://hl7.org/fhir/organization-type",
                "code": "prov",
                "display": "Healthcare Provider"
              }
            ],
            "text": "Healthcare Provider"
          }
        ],
        "name": "SOUTHCOAST HOSPS GRP INC/TOBEY",
        "resourceType": "Organization"
      }
    },
    {
      "fullUrl": "urn:uuid:a995f089-c52a-4e87-be28-308e1a48d093",
      "resource": {
        "id": "a995f089-c52a-4e87-be28-308e1a48d093",
        "meta": {
          "profile": [
            "http://standardhealthrecord.org/fhir/StructureDefinition/shr-demographics-PersonOfRecord"
          ]
        },
        "text": {
          "status": "generated",
          "div": "<div xmlns=\"http://www.w3.org/1999/xhtml\">Generated by <a href=\"https://github.com/synthetichealth/synthea\">Synthea</a>. Version identifier: 368ac389f34cd3ce3986aa3a0a08e467bf574db3</div>"
        },
        "extension": [
          {
            "url": "http://hl7.org/fhir/us/core/StructureDefinition/us-core-race",
            "valueCodeableConcept": {
              "coding": [
                {
                  "system": "http://hl7.org/fhir/v3/Race",
                  "code": "2106-3",
                  "display": "White"
                }
              ],
              "text": "race"
            }
          },
          {
            "url": "http://hl7.org/fhir/us/core/StructureDefinition/us-core-ethnicity",
            "valueCodeableConcept": {
              "coding": [
                {
                  "system": "http://hl7.org/fhir/v3/Ethnicity",
                  "code": "2186-5",
                  "display": "Nonhispanic"
                }
              ],
              "text": "ethnicity"
            }
          },
          {
            "url": "http://hl7.org/fhir/StructureDefinition/birthPlace",
            "valueAddress": {
              "city": "Pittsfield",
              "state": "MA",
              "country": "US"
            }
          },
          {
            "url": "http://hl7.org/fhir/StructureDefinition/patient-mothersMaidenName",
            "valueString": "Cordie742 Muller339"
          },
          {
            "url": "http://hl7.org/fhir/us/core/StructureDefinition/us-core-birthsex",
            "valueCode": "M"
          },
          {
            "url": "http://hl7.org/fhir/StructureDefinition/patient-interpreterRequired",
            "valueBoolean": false
          },
          {
            "url": "http://standardhealthrecord.org/fhir/StructureDefinition/shr-actor-FictionalPerson-extension",
            "valueBoolean": true
          },
          {
            "url": "http://standardhealthrecord.org/fhir/StructureDefinition/shr-demographics-FathersName-extension",
            "valueHumanName": {
              "text": "Freddie190 Borer429"
            }
          },
          {
            "url": "http://standardhealthrecord.org/fhir/StructureDefinition/shr-demographics-SocialSecurityNumber-extension",
            "valueString": "999-48-9845"
          }
        ],
        "identifier": [
          {
            "system": "https://github.com/synthetichealth/synthea",
            "value": "c1b3d879-feaa-4812-a0f7-b42bb47fb727"
          },
          {
            "type": {
              "coding": [
                {
                  "system": "http://hl7.org/fhir/identifier-type",
                  "code": "SB"
                }
              ]
            },
            "system": "http://hl7.org/fhir/sid/us-ssn",
            "value": "999489845"
          },
          {
            "type": {
              "coding": [
                {
                  "system": "http://hl7.org/fhir/v2/0203",
                  "code": "DL"
                }
              ]
            },
            "system": "urn:oid:2.16.840.1.113883.4.3.25",
            "value": "S99961477"
          },
          {
            "type": {
              "coding": [
                {
                  "system": "http://hl7.org/fhir/v2/0203",
                  "code": "MR"
                }
              ]
            },
            "system": "http://hospital.smarthealthit.org",
            "value": "c1b3d879-feaa-4812-a0f7-b42bb47fb727"
          }
        ],
        "name": [
          {
            "use": "official",
            "family": "Borer429",
            "given": [
              "Clay460"
            ],
            "prefix": [
              "Mr."
            ]
          }
        ],
        "telecom": [
          {
            "system": "phone",
            "value": "679-443-6178 x7338",
            "use": "home"
          }
        ],
        "gender": "male",
        "birthDate": "1924-03-18",
        "deceasedDateTime": "1989-09-12T18:49:56-04:00",
        "address": [
          {
            "extension": [
              {
                "extension": [
                  {
                    "url": "latitude",
                    "valueDecimal": 41.74097506910513
                  },
                  {
                    "url": "longitude",
                    "valueDecimal": -70.76419852360456
                  }
                ],
                "url": "http://hl7.org/fhir/StructureDefinition/geolocation"
              }
            ],
            "line": [
              "877 Ledner Fields",
              "Suite 723"
            ],
            "city": "Wareham",
            "state": "MA",
            "postalCode": "02571",
            "country": "US"
          }
        ],
        "maritalStatus": {
          "coding": [
            {
              "system": "http://hl7.org/fhir/v3/MaritalStatus",
              "code": "M"
            }
          ],
          "text": "M"
        },
        "multipleBirthInteger": 1,
        "communication": [
          {
            "language": {
              "coding": [
                {
                  "system": "http://hl7.org/fhir/ValueSet/languages",
                  "code": "en-US",
                  "display": "English (United States)"
                }
              ]
            }
          }
        ],
        "generalPractitioner": [
          {
            "reference": "urn:uuid:4598da7a-6177-489b-9e28-d465871b67d8"
          }
        ],
        "resourceType": "Patient"
      }
    },
    {
      "fullUrl": "urn:uuid:a05bd4e1-c696-4d3b-88c7-50b1d1d398b4",
      "resource": {
        "id": "a05bd4e1-c696-4d3b-88c7-50b1d1d398b4",
        "meta": {
          "profile": [
            "http://standardhealthrecord.org/fhir/StructureDefinition/shr-encounter-Encounter"
          ]
        },
        "status": "finished",
        "class": {
          "code": "ambulatory"
        },
        "type": [
          {
            "coding": [
              {
                "system": "http://snomed.info/sct",
                "code": "308646001"
              }
            ],
            "text": "Death Certification"
          }
        ],
        "subject": {
          "reference": "urn:uuid:a995f089-c52a-4e87-be28-308e1a48d093"
        },
        "period": {
          "start": "1989-09-12T18:49:56-04:00",
          "end": "1989-09-12T19:04:56-04:00"
        },
        "serviceProvider": {
          "reference": "urn:uuid:4598da7a-6177-489b-9e28-d465871b67d8"
        },
        "resourceType": "Encounter"
      }
    },
    {
      "fullUrl": "urn:uuid:7f68afb2-0cd3-4554-89fd-7480833ef9dd",
      "resource": {
        "id": "7f68afb2-0cd3-4554-89fd-7480833ef9dd",
        "status": "active",
        "use": "complete",
        "patient": {
          "reference": "urn:uuid:a995f089-c52a-4e87-be28-308e1a48d093"
        },
        "billablePeriod": {
          "start": "1989-09-12T18:49:56-04:00",
          "end": "1989-09-12T19:04:56-04:00"
        },
        "organization": {
          "reference": {
            "reference": "urn:uuid:4598da7a-6177-489b-9e28-d465871b67d8"
          }
        },
        "diagnosis": [
          {
            "sequence": 1,
            "diagnosisReference": {
              "reference": "urn:uuid:d929174a-8a80-4f92-8412-5e4d0288c26b"
            }
          },
          {
            "sequence": 2,
            "diagnosisReference": {
              "reference": "urn:uuid:b790cc3b-16f7-4d0a-a7ba-10a85fe1f879"
            }
          }
        ],
        "item": [
          {
            "sequence": 1,
            "net": {
              "value": 125.0,
              "system": "urn:iso:std:iso:4217",
              "code": "USD"
            },
            "encounter": [
              {
                "reference": {
                  "fullUrl": "urn:uuid:a05bd4e1-c696-4d3b-88c7-50b1d1d398b4",
                  "resource": {
                    "id": "a05bd4e1-c696-4d3b-88c7-50b1d1d398b4",
                    "meta": {
                      "profile": [
                        "http://standardhealthrecord.org/fhir/StructureDefinition/shr-encounter-Encounter"
                      ]
                    },
                    "status": "finished",
                    "class": {
                      "code": "ambulatory"
                    },
                    "type": [
                      {
                        "coding": [
                          {
                            "system": "http://snomed.info/sct",
                            "code": "308646001"
                          }
                        ],
                        "text": "Death Certification"
                      }
                    ],
                    "subject": {
                      "reference": "urn:uuid:a995f089-c52a-4e87-be28-308e1a48d093"
                    },
                    "period": {
                      "start": "1989-09-12T18:49:56-04:00",
                      "end": "1989-09-12T19:04:56-04:00"
                    },
                    "serviceProvider": {
                      "reference": "urn:uuid:4598da7a-6177-489b-9e28-d465871b67d8"
                    },
                    "resourceType": "Encounter"
                  }
                }
              }
            ]
          },
          {
            "sequence": 2,
            "diagnosisLinkId": [
              1
            ],
            "net": {
              "value": 0.0,
              "system": "urn:iso:std:iso:4217",
              "code": "USD"
            }
          },
          {
            "sequence": 3,
            "diagnosisLinkId": [
              2
            ],
            "net": {
              "value": 0.0,
              "system": "urn:iso:std:iso:4217",
              "code": "USD"
            }
          }
        ],
        "total": {
          "value": 125.0,
          "system": "urn:iso:std:iso:4217",
          "code": "USD"
        },
        "resourceType": "Claim"
      }
    },
    {
      "fullUrl": "urn:uuid:d929174a-8a80-4f92-8412-5e4d0288c26b",
      "resource": {
        "id": "d929174a-8a80-4f92-8412-5e4d0288c26b",
        "meta": {
          "profile": [
            "http://standardhealthrecord.org/fhir/StructureDefinition/shr-problem-Problem"
          ]
        },
        "clinicalStatus": "active",
        "verificationStatus": "confirmed",
        "code": {
          "coding": [
            {
              "system": "http://snomed.info/sct",
              "code": "68496003",
              "display": "Polyp of colon"
            }
          ],
          "text": "Polyp of colon"
        },
        "subject": {
          "reference": "urn:uuid:a995f089-c52a-4e87-be28-308e1a48d093"
        },
        "context": {
          "reference": "urn:uuid:a05bd4e1-c696-4d3b-88c7-50b1d1d398b4"
        },
        "onsetDateTime": "1974-03-19T19:25:57-04:00",
        "assertedDate": "1974-03-19",
        "resourceType": "Condition"
      }
    },
    {
      "fullUrl": "urn:uuid:b790cc3b-16f7-4d0a-a7ba-10a85fe1f879",
      "resource": {
        "id": "b790cc3b-16f7-4d0a-a7ba-10a85fe1f879",
        "meta": {
          "profile": [
            "http://standardhealthrecord.org/fhir/StructureDefinition/shr-problem-Problem"
          ]
        },
        "clinicalStatus": "active",
        "verificationStatus": "confirmed",
        "code": {
          "coding": [
            {
              "system": "http://snomed.info/sct",
              "code": "713197008",
              "display": "Recurrent rectal polyp"
            }
          ],
          "text": "Recurrent rectal polyp"
        },
        "subject": {
          "reference": "urn:uuid:a995f089-c52a-4e87-be28-308e1a48d093"
        },
        "context": {
          "reference": "urn:uuid:a05bd4e1-c696-4d3b-88c7-50b1d1d398b4"
        },
        "onsetDateTime": "1975-08-28T08:33:38-04:00",
        "assertedDate": "1975-08-28",
        "resourceType": "Condition"
      }
    },
    {
      "fullUrl": "urn:uuid:e9f98fc6-88c9-41b5-9978-6029d24298c1",
      "resource": {
        "id": "e9f98fc6-88c9-41b5-9978-6029d24298c1",
        "meta": {
          "profile": [
            "http://standardhealthrecord.org/fhir/StructureDefinition/shr-observation-Observation"
          ]
        },
        "status": "final",
        "category": [
          {
            "coding": [
              {
                "system": "http://hl7.org/fhir/observation-category"
              }
            ]
          }
        ],
        "code": {
          "coding": [
            {
              "system": "http://loinc.org",
              "code": "69453-9",
              "display": "Cause of Death [US Standard Certificate of Death]"
            }
          ],
          "text": "Cause of Death [US Standard Certificate of Death]"
        },
        "subject": {
          "reference": "urn:uuid:a995f089-c52a-4e87-be28-308e1a48d093"
        },
        "context": {
          "reference": "urn:uuid:a05bd4e1-c696-4d3b-88c7-50b1d1d398b4"
        },
        "effectiveDateTime": "1989-09-12T18:49:56-04:00",
        "issued": "1989-09-12T18:49:56-04:00",
        "valueCodeableConcept": {
          "coding": [
            {
              "system": "http://snomed.info/sct",
              "code": "9855000",
              "display": "Natural death with unknown cause"
            }
          ],
          "text": "Natural death with unknown cause"
        },
        "resourceType": "Observation"
      }
    },
    {
      "fullUrl": "urn:uuid:a050c89f-946e-49cf-a228-e9e96bf6a02d",
      "resource": {
        "id": "a050c89f-946e-49cf-a228-e9e96bf6a02d",
        "meta": {
          "profile": [
            "http://standardhealthrecord.org/fhir/StructureDefinition/shr-observation-Panel"
          ]
        },
        "status": "final",
        "code": {
          "coding": [
            {
              "system": "http://loinc.org",
              "code": "69409-1",
              "display": "U.S. standard certificate of death - 2003 revision"
            }
          ]
        },
        "subject": {
          "reference": "urn:uuid:a995f089-c52a-4e87-be28-308e1a48d093"
        },
        "context": {
          "reference": "urn:uuid:a05bd4e1-c696-4d3b-88c7-50b1d1d398b4"
        },
        "effectiveDateTime": "1989-09-12T18:49:56-04:00",
        "issued": "1989-09-12T18:49:56-04:00",
        "result": [
          {
            "reference": "urn:uuid:e9f98fc6-88c9-41b5-9978-6029d24298c1",
            "display": "Cause of Death [US Standard Certificate of Death]"
          }
        ],
        "resourceType": "DiagnosticReport"
      }
    },
    {
      "fullUrl": "urn:uuid:a50cbc00-5e61-422d-8c60-7e1899ada59a",
      "resource": {
        "id": "a50cbc00-5e61-422d-8c60-7e1899ada59a",
        "meta": {
          "profile": [
            "http://standardhealthrecord.org/fhir/StructureDefinition/shr-medication-MedicationPrescription"
          ]
        },
        "extension": [
          {
            "url": "http://standardhealthrecord.org/fhir/StructureDefinition/shr-base-ActionCode-extension",
            "valueCodeableConcept": {
              "coding": [
                {
                  "system": "http://snomed.info/sct",
                  "code": "33633005",
                  "display": "Prescription of drug (procedure)"
                }
              ],
              "text": "Prescription of drug (procedure)"
            }
          }
        ],
        "status": "active",
        "intent": "order",
        "medicationCodeableConcept": {
          "coding": [
            {
              "system": "http://www.nlm.nih.gov/research/umls/rxnorm",
              "code": "834101",
              "display": "Penicillin V Potassium 500 MG"
            }
          ],
          "text": "Penicillin V Potassium 500 MG"
        },
        "subject": {
          "reference": "urn:uuid:a995f089-c52a-4e87-be28-308e1a48d093"
        },
        "context": {
          "reference": "urn:uuid:a05bd4e1-c696-4d3b-88c7-50b1d1d398b4"
        },
        "authoredOn": "1954-01-27",
        "resourceType": "MedicationRequest"
      }
    },
    {
      "fullUrl": "urn:uuid:d310765c-dbaf-4ff0-a096-8c4ba072c70b",
      "resource": {
        "id": "d310765c-dbaf-4ff0-a096-8c4ba072c70b",
        "status": "active",
        "use": "complete",
        "patient": {
          "reference": "urn:uuid:a995f089-c52a-4e87-be28-308e1a48d093"
        },
        "billablePeriod": {
          "start": "1989-09-12T18:49:56-04:00",
          "end": "1989-09-12T19:04:56-04:00"
        },
        "organization": {
          "reference": {
            "reference": "urn:uuid:4598da7a-6177-489b-9e28-d465871b67d8"
          }
        },
        "prescription": {
          "reference": "urn:uuid:a50cbc00-5e61-422d-8c60-7e1899ada59a"
        },
        "item": [
          {
            "sequence": 1,
            "net": {
              "value": 125.0,
              "system": "urn:iso:std:iso:4217",
              "code": "USD"
            },
            "encounter": [
              {
                "reference": {
                  "fullUrl": "urn:uuid:a05bd4e1-c696-4d3b-88c7-50b1d1d398b4",
                  "resource": {
                    "id": "a05bd4e1-c696-4d3b-88c7-50b1d1d398b4",
                    "meta": {
                      "profile": [
                        "http://standardhealthrecord.org/fhir/StructureDefinition/shr-encounter-Encounter"
                      ]
                    },
                    "status": "finished",
                    "class": {
                      "code": "ambulatory"
                    },
                    "type": [
                      {
                        "coding": [
                          {
                            "system": "http://snomed.info/sct",
                            "code": "308646001"
                          }
                        ],
                        "text": "Death Certification"
                      }
                    ],
                    "subject": {
                      "reference": "urn:uuid:a995f089-c52a-4e87-be28-308e1a48d093"
                    },
                    "period": {
                      "start": "1989-09-12T18:49:56-04:00",
                      "end": "1989-09-12T19:04:56-04:00"
                    },
                    "serviceProvider": {
                      "reference": "urn:uuid:4598da7a-6177-489b-9e28-d465871b67d8"
                    },
                    "resourceType": "Encounter"
                  }
                }
              }
            ]
          },
          {
            "sequence": 1,
            "net": {
              "value": 255.0,
              "system": "urn:iso:std:iso:4217",
              "code": "USD"
            }
          }
        ],
        "total": {
          "value": 255.0,
          "system": "urn:iso:std:iso:4217",
          "code": "USD"
        },
        "resourceType": "Claim"
      }
    },
    {
      "fullUrl": "urn:uuid:ffe90ee7-112a-4c55-965e-5764bedef598",
      "resource": {
        "id": "ffe90ee7-112a-4c55-965e-5764bedef598",
        "meta": {
          "profile": [
            "http://standardhealthrecord.org/fhir/StructureDefinition/shr-medication-MedicationPrescription"
          ]
        },
        "extension": [
          {
            "url": "http://standardhealthrecord.org/fhir/StructureDefinition/shr-base-ActionCode-extension",
            "valueCodeableConcept": {
              "coding": [
                {
                  "system": "http://snomed.info/sct",
                  "code": "33633005",
                  "display": "Prescription of drug (procedure)"
                }
              ],
              "text": "Prescription of drug (procedure)"
            }
          }
        ],
        "status": "active",
        "intent": "order",
        "medicationCodeableConcept": {
          "coding": [
            {
              "system": "http://www.nlm.nih.gov/research/umls/rxnorm",
              "code": "1803932",
              "display": "Leucovorin 100 MG Injection"
            }
          ],
          "text": "Leucovorin 100 MG Injection"
        },
        "subject": {
          "reference": "urn:uuid:a995f089-c52a-4e87-be28-308e1a48d093"
        },
        "context": {
          "reference": "urn:uuid:a05bd4e1-c696-4d3b-88c7-50b1d1d398b4"
        },
        "authoredOn": "1975-10-10",
        "resourceType": "MedicationRequest"
      }
    },
    {
      "fullUrl": "urn:uuid:7b25f437-bdbd-4b77-aeb8-370f09acd0e6",
      "resource": {
        "id": "7b25f437-bdbd-4b77-aeb8-370f09acd0e6",
        "status": "active",
        "use": "complete",
        "patient": {
          "reference": "urn:uuid:a995f089-c52a-4e87-be28-308e1a48d093"
        },
        "billablePeriod": {
          "start": "1989-09-12T18:49:56-04:00",
          "end": "1989-09-12T19:04:56-04:00"
        },
        "organization": {
          "reference": {
            "reference": "urn:uuid:4598da7a-6177-489b-9e28-d465871b67d8"
          }
        },
        "prescription": {
          "reference": "urn:uuid:ffe90ee7-112a-4c55-965e-5764bedef598"
        },
        "item": [
          {
            "sequence": 1,
            "net": {
              "value": 125.0,
              "system": "urn:iso:std:iso:4217",
              "code": "USD"
            },
            "encounter": [
              {
                "reference": {
                  "fullUrl": "urn:uuid:a05bd4e1-c696-4d3b-88c7-50b1d1d398b4",
                  "resource": {
                    "id": "a05bd4e1-c696-4d3b-88c7-50b1d1d398b4",
                    "meta": {
                      "profile": [
                        "http://standardhealthrecord.org/fhir/StructureDefinition/shr-encounter-Encounter"
                      ]
                    },
                    "status": "finished",
                    "class": {
                      "code": "ambulatory"
                    },
                    "type": [
                      {
                        "coding": [
                          {
                            "system": "http://snomed.info/sct",
                            "code": "308646001"
                          }
                        ],
                        "text": "Death Certification"
                      }
                    ],
                    "subject": {
                      "reference": "urn:uuid:a995f089-c52a-4e87-be28-308e1a48d093"
                    },
                    "period": {
                      "start": "1989-09-12T18:49:56-04:00",
                      "end": "1989-09-12T19:04:56-04:00"
                    },
                    "serviceProvider": {
                      "reference": "urn:uuid:4598da7a-6177-489b-9e28-d465871b67d8"
                    },
                    "resourceType": "Encounter"
                  }
                }
              }
            ]
          },
          {
            "sequence": 1,
            "net": {
              "value": 255.0,
              "system": "urn:iso:std:iso:4217",
              "code": "USD"
            }
          }
        ],
        "total": {
          "value": 255.0,
          "system": "urn:iso:std:iso:4217",
          "code": "USD"
        },
        "resourceType": "Claim"
      }
    },
    {
      "fullUrl": "urn:uuid:09c92bd8-7674-47a1-8f92-d8467b7ec549",
      "resource": {
        "id": "09c92bd8-7674-47a1-8f92-d8467b7ec549",
        "meta": {
          "profile": [
            "http://standardhealthrecord.org/fhir/StructureDefinition/shr-medication-MedicationPrescription"
          ]
        },
        "extension": [
          {
            "url": "http://standardhealthrecord.org/fhir/StructureDefinition/shr-base-ActionCode-extension",
            "valueCodeableConcept": {
              "coding": [
                {
                  "system": "http://snomed.info/sct",
                  "code": "33633005",
                  "display": "Prescription of drug (procedure)"
                }
              ],
              "text": "Prescription of drug (procedure)"
            }
          }
        ],
        "status": "active",
        "intent": "order",
        "medicationCodeableConcept": {
          "coding": [
            {
              "system": "http://www.nlm.nih.gov/research/umls/rxnorm",
              "code": "575971",
              "display": "oxaliplatin 5 MG/ML [Eloxatin]"
            }
          ],
          "text": "oxaliplatin 5 MG/ML [Eloxatin]"
        },
        "subject": {
          "reference": "urn:uuid:a995f089-c52a-4e87-be28-308e1a48d093"
        },
        "context": {
          "reference": "urn:uuid:a05bd4e1-c696-4d3b-88c7-50b1d1d398b4"
        },
        "authoredOn": "1975-10-10",
        "resourceType": "MedicationRequest"
      }
    },
    {
      "fullUrl": "urn:uuid:76cd7b28-0677-4f31-8354-352e1dc109ec",
      "resource": {
        "id": "76cd7b28-0677-4f31-8354-352e1dc109ec",
        "status": "active",
        "use": "complete",
        "patient": {
          "reference": "urn:uuid:a995f089-c52a-4e87-be28-308e1a48d093"
        },
        "billablePeriod": {
          "start": "1989-09-12T18:49:56-04:00",
          "end": "1989-09-12T19:04:56-04:00"
        },
        "organization": {
          "reference": {
            "reference": "urn:uuid:4598da7a-6177-489b-9e28-d465871b67d8"
          }
        },
        "prescription": {
          "reference": "urn:uuid:09c92bd8-7674-47a1-8f92-d8467b7ec549"
        },
        "item": [
          {
            "sequence": 1,
            "net": {
              "value": 125.0,
              "system": "urn:iso:std:iso:4217",
              "code": "USD"
            },
            "encounter": [
              {
                "reference": {
                  "fullUrl": "urn:uuid:a05bd4e1-c696-4d3b-88c7-50b1d1d398b4",
                  "resource": {
                    "id": "a05bd4e1-c696-4d3b-88c7-50b1d1d398b4",
                    "meta": {
                      "profile": [
                        "http://standardhealthrecord.org/fhir/StructureDefinition/shr-encounter-Encounter"
                      ]
                    },
                    "status": "finished",
                    "class": {
                      "code": "ambulatory"
                    },
                    "type": [
                      {
                        "coding": [
                          {
                            "system": "http://snomed.info/sct",
                            "code": "308646001"
                          }
                        ],
                        "text": "Death Certification"
                      }
                    ],
                    "subject": {
                      "reference": "urn:uuid:a995f089-c52a-4e87-be28-308e1a48d093"
                    },
                    "period": {
                      "start": "1989-09-12T18:49:56-04:00",
                      "end": "1989-09-12T19:04:56-04:00"
                    },
                    "serviceProvider": {
                      "reference": "urn:uuid:4598da7a-6177-489b-9e28-d465871b67d8"
                    },
                    "resourceType": "Encounter"
                  }
                }
              }
            ]
          },
          {
            "sequence": 1,
            "net": {
              "value": 255.0,
              "system": "urn:iso:std:iso:4217",
              "code": "USD"
            }
          }
        ],
        "total": {
          "value": 255.0,
          "system": "urn:iso:std:iso:4217",
          "code": "USD"
        },
        "resourceType": "Claim"
      }
    },
    {
      "fullUrl": "urn:uuid:738ea4ce-41aa-49b1-a170-93d7cc52230b",
      "resource": {
        "id": "738ea4ce-41aa-49b1-a170-93d7cc52230b",
        "meta": {
          "profile": [
            "http://standardhealthrecord.org/fhir/StructureDefinition/shr-medication-MedicationPrescription"
          ]
        },
        "extension": [
          {
            "url": "http://standardhealthrecord.org/fhir/StructureDefinition/shr-base-ActionCode-extension",
            "valueCodeableConcept": {
              "coding": [
                {
                  "system": "http://snomed.info/sct",
                  "code": "33633005",
                  "display": "Prescription of drug (procedure)"
                }
              ],
              "text": "Prescription of drug (procedure)"
            }
          }
        ],
        "status": "active",
        "intent": "order",
        "medicationCodeableConcept": {
          "coding": [
            {
              "system": "http://www.nlm.nih.gov/research/umls/rxnorm",
              "code": "1803932",
              "display": "Leucovorin 100 MG Injection"
            }
          ],
          "text": "Leucovorin 100 MG Injection"
        },
        "subject": {
          "reference": "urn:uuid:a995f089-c52a-4e87-be28-308e1a48d093"
        },
        "context": {
          "reference": "urn:uuid:a05bd4e1-c696-4d3b-88c7-50b1d1d398b4"
        },
        "authoredOn": "1975-11-09",
        "resourceType": "MedicationRequest"
      }
    },
    {
      "fullUrl": "urn:uuid:25b8a1db-3ace-4576-998c-7061b4a3bddf",
      "resource": {
        "id": "25b8a1db-3ace-4576-998c-7061b4a3bddf",
        "status": "active",
        "use": "complete",
        "patient": {
          "reference": "urn:uuid:a995f089-c52a-4e87-be28-308e1a48d093"
        },
        "billablePeriod": {
          "start": "1989-09-12T18:49:56-04:00",
          "end": "1989-09-12T19:04:56-04:00"
        },
        "organization": {
          "reference": {
            "reference": "urn:uuid:4598da7a-6177-489b-9e28-d465871b67d8"
          }
        },
        "prescription": {
          "reference": "urn:uuid:738ea4ce-41aa-49b1-a170-93d7cc52230b"
        },
        "item": [
          {
            "sequence": 1,
            "net": {
              "value": 125.0,
              "system": "urn:iso:std:iso:4217",
              "code": "USD"
            },
            "encounter": [
              {
                "reference": {
                  "fullUrl": "urn:uuid:a05bd4e1-c696-4d3b-88c7-50b1d1d398b4",
                  "resource": {
                    "id": "a05bd4e1-c696-4d3b-88c7-50b1d1d398b4",
                    "meta": {
                      "profile": [
                        "http://standardhealthrecord.org/fhir/StructureDefinition/shr-encounter-Encounter"
                      ]
                    },
                    "status": "finished",
                    "class": {
                      "code": "ambulatory"
                    },
                    "type": [
                      {
                        "coding": [
                          {
                            "system": "http://snomed.info/sct",
                            "code": "308646001"
                          }
                        ],
                        "text": "Death Certification"
                      }
                    ],
                    "subject": {
                      "reference": "urn:uuid:a995f089-c52a-4e87-be28-308e1a48d093"
                    },
                    "period": {
                      "start": "1989-09-12T18:49:56-04:00",
                      "end": "1989-09-12T19:04:56-04:00"
                    },
                    "serviceProvider": {
                      "reference": "urn:uuid:4598da7a-6177-489b-9e28-d465871b67d8"
                    },
                    "resourceType": "Encounter"
                  }
                }
              }
            ]
          },
          {
            "sequence": 1,
            "net": {
              "value": 255.0,
              "system": "urn:iso:std:iso:4217",
              "code": "USD"
            }
          }
        ],
        "total": {
          "value": 255.0,
          "system": "urn:iso:std:iso:4217",
          "code": "USD"
        },
        "resourceType": "Claim"
      }
    },
    {
      "fullUrl": "urn:uuid:c585875c-d182-42fd-886f-58ba1ecbc307",
      "resource": {
        "id": "c585875c-d182-42fd-886f-58ba1ecbc307",
        "meta": {
          "profile": [
            "http://standardhealthrecord.org/fhir/StructureDefinition/shr-medication-MedicationPrescription"
          ]
        },
        "extension": [
          {
            "url": "http://standardhealthrecord.org/fhir/StructureDefinition/shr-base-ActionCode-extension",
            "valueCodeableConcept": {
              "coding": [
                {
                  "system": "http://snomed.info/sct",
                  "code": "33633005",
                  "display": "Prescription of drug (procedure)"
                }
              ],
              "text": "Prescription of drug (procedure)"
            }
          }
        ],
        "status": "active",
        "intent": "order",
        "medicationCodeableConcept": {
          "coding": [
            {
              "system": "http://www.nlm.nih.gov/research/umls/rxnorm",
              "code": "575971",
              "display": "oxaliplatin 5 MG/ML [Eloxatin]"
            }
          ],
          "text": "oxaliplatin 5 MG/ML [Eloxatin]"
        },
        "subject": {
          "reference": "urn:uuid:a995f089-c52a-4e87-be28-308e1a48d093"
        },
        "context": {
          "reference": "urn:uuid:a05bd4e1-c696-4d3b-88c7-50b1d1d398b4"
        },
        "authoredOn": "1975-11-09",
        "resourceType": "MedicationRequest"
      }
    },
    {
      "fullUrl": "urn:uuid:27a16f65-7578-4a33-a10a-6eb150e22022",
      "resource": {
        "id": "27a16f65-7578-4a33-a10a-6eb150e22022",
        "status": "active",
        "use": "complete",
        "patient": {
          "reference": "urn:uuid:a995f089-c52a-4e87-be28-308e1a48d093"
        },
        "billablePeriod": {
          "start": "1989-09-12T18:49:56-04:00",
          "end": "1989-09-12T19:04:56-04:00"
        },
        "organization": {
          "reference": {
            "reference": "urn:uuid:4598da7a-6177-489b-9e28-d465871b67d8"
          }
        },
        "prescription": {
          "reference": "urn:uuid:c585875c-d182-42fd-886f-58ba1ecbc307"
        },
        "item": [
          {
            "sequence": 1,
            "net": {
              "value": 125.0,
              "system": "urn:iso:std:iso:4217",
              "code": "USD"
            },
            "encounter": [
              {
                "reference": {
                  "fullUrl": "urn:uuid:a05bd4e1-c696-4d3b-88c7-50b1d1d398b4",
                  "resource": {
                    "id": "a05bd4e1-c696-4d3b-88c7-50b1d1d398b4",
                    "meta": {
                      "profile": [
                        "http://standardhealthrecord.org/fhir/StructureDefinition/shr-encounter-Encounter"
                      ]
                    },
                    "status": "finished",
                    "class": {
                      "code": "ambulatory"
                    },
                    "type": [
                      {
                        "coding": [
                          {
                            "system": "http://snomed.info/sct",
                            "code": "308646001"
                          }
                        ],
                        "text": "Death Certification"
                      }
                    ],
                    "subject": {
                      "reference": "urn:uuid:a995f089-c52a-4e87-be28-308e1a48d093"
                    },
                    "period": {
                      "start": "1989-09-12T18:49:56-04:00",
                      "end": "1989-09-12T19:04:56-04:00"
                    },
                    "serviceProvider": {
                      "reference": "urn:uuid:4598da7a-6177-489b-9e28-d465871b67d8"
                    },
                    "resourceType": "Encounter"
                  }
                }
              }
            ]
          },
          {
            "sequence": 1,
            "net": {
              "value": 255.0,
              "system": "urn:iso:std:iso:4217",
              "code": "USD"
            }
          }
        ],
        "total": {
          "value": 255.0,
          "system": "urn:iso:std:iso:4217",
          "code": "USD"
        },
        "resourceType": "Claim"
      }
    },
    {
      "fullUrl": "urn:uuid:8502ab2b-c031-4214-a889-2a758d06816c",
      "resource": {
        "id": "8502ab2b-c031-4214-a889-2a758d06816c",
        "meta": {
          "profile": [
            "http://standardhealthrecord.org/fhir/StructureDefinition/shr-medication-MedicationPrescription"
          ]
        },
        "extension": [
          {
            "url": "http://standardhealthrecord.org/fhir/StructureDefinition/shr-base-ActionCode-extension",
            "valueCodeableConcept": {
              "coding": [
                {
                  "system": "http://snomed.info/sct",
                  "code": "33633005",
                  "display": "Prescription of drug (procedure)"
                }
              ],
              "text": "Prescription of drug (procedure)"
            }
          }
        ],
        "status": "active",
        "intent": "order",
        "medicationCodeableConcept": {
          "coding": [
            {
              "system": "http://www.nlm.nih.gov/research/umls/rxnorm",
              "code": "1803932",
              "display": "Leucovorin 100 MG Injection"
            }
          ],
          "text": "Leucovorin 100 MG Injection"
        },
        "subject": {
          "reference": "urn:uuid:a995f089-c52a-4e87-be28-308e1a48d093"
        },
        "context": {
          "reference": "urn:uuid:a05bd4e1-c696-4d3b-88c7-50b1d1d398b4"
        },
        "authoredOn": "1975-12-11",
        "resourceType": "MedicationRequest"
      }
    },
    {
      "fullUrl": "urn:uuid:5c766474-4035-4bd3-acae-4e4968b6a614",
      "resource": {
        "id": "5c766474-4035-4bd3-acae-4e4968b6a614",
        "status": "active",
        "use": "complete",
        "patient": {
          "reference": "urn:uuid:a995f089-c52a-4e87-be28-308e1a48d093"
        },
        "billablePeriod": {
          "start": "1989-09-12T18:49:56-04:00",
          "end": "1989-09-12T19:04:56-04:00"
        },
        "organization": {
          "reference": {
            "reference": "urn:uuid:4598da7a-6177-489b-9e28-d465871b67d8"
          }
        },
        "prescription": {
          "reference": "urn:uuid:8502ab2b-c031-4214-a889-2a758d06816c"
        },
        "item": [
          {
            "sequence": 1,
            "net": {
              "value": 125.0,
              "system": "urn:iso:std:iso:4217",
              "code": "USD"
            },
            "encounter": [
              {
                "reference": {
                  "fullUrl": "urn:uuid:a05bd4e1-c696-4d3b-88c7-50b1d1d398b4",
                  "resource": {
                    "id": "a05bd4e1-c696-4d3b-88c7-50b1d1d398b4",
                    "meta": {
                      "profile": [
                        "http://standardhealthrecord.org/fhir/StructureDefinition/shr-encounter-Encounter"
                      ]
                    },
                    "status": "finished",
                    "class": {
                      "code": "ambulatory"
                    },
                    "type": [
                      {
                        "coding": [
                          {
                            "system": "http://snomed.info/sct",
                            "code": "308646001"
                          }
                        ],
                        "text": "Death Certification"
                      }
                    ],
                    "subject": {
                      "reference": "urn:uuid:a995f089-c52a-4e87-be28-308e1a48d093"
                    },
                    "period": {
                      "start": "1989-09-12T18:49:56-04:00",
                      "end": "1989-09-12T19:04:56-04:00"
                    },
                    "serviceProvider": {
                      "reference": "urn:uuid:4598da7a-6177-489b-9e28-d465871b67d8"
                    },
                    "resourceType": "Encounter"
                  }
                }
              }
            ]
          },
          {
            "sequence": 1,
            "net": {
              "value": 255.0,
              "system": "urn:iso:std:iso:4217",
              "code": "USD"
            }
          }
        ],
        "total": {
          "value": 255.0,
          "system": "urn:iso:std:iso:4217",
          "code": "USD"
        },
        "resourceType": "Claim"
      }
    },
    {
      "fullUrl": "urn:uuid:0dfe51b5-3d92-48e6-85c4-6d92d8f339d2",
      "resource": {
        "id": "0dfe51b5-3d92-48e6-85c4-6d92d8f339d2",
        "meta": {
          "profile": [
            "http://standardhealthrecord.org/fhir/StructureDefinition/shr-medication-MedicationPrescription"
          ]
        },
        "extension": [
          {
            "url": "http://standardhealthrecord.org/fhir/StructureDefinition/shr-base-ActionCode-extension",
            "valueCodeableConcept": {
              "coding": [
                {
                  "system": "http://snomed.info/sct",
                  "code": "33633005",
                  "display": "Prescription of drug (procedure)"
                }
              ],
              "text": "Prescription of drug (procedure)"
            }
          }
        ],
        "status": "active",
        "intent": "order",
        "medicationCodeableConcept": {
          "coding": [
            {
              "system": "http://www.nlm.nih.gov/research/umls/rxnorm",
              "code": "575971",
              "display": "oxaliplatin 5 MG/ML [Eloxatin]"
            }
          ],
          "text": "oxaliplatin 5 MG/ML [Eloxatin]"
        },
        "subject": {
          "reference": "urn:uuid:a995f089-c52a-4e87-be28-308e1a48d093"
        },
        "context": {
          "reference": "urn:uuid:a05bd4e1-c696-4d3b-88c7-50b1d1d398b4"
        },
        "authoredOn": "1975-12-11",
        "resourceType": "MedicationRequest"
      }
    },
    {
      "fullUrl": "urn:uuid:3c590983-3d5e-4f8d-a476-162c19a6051a",
      "resource": {
        "id": "3c590983-3d5e-4f8d-a476-162c19a6051a",
        "status": "active",
        "use": "complete",
        "patient": {
          "reference": "urn:uuid:a995f089-c52a-4e87-be28-308e1a48d093"
        },
        "billablePeriod": {
          "start": "1989-09-12T18:49:56-04:00",
          "end": "1989-09-12T19:04:56-04:00"
        },
        "organization": {
          "reference": {
            "reference": "urn:uuid:4598da7a-6177-489b-9e28-d465871b67d8"
          }
        },
        "prescription": {
          "reference": "urn:uuid:0dfe51b5-3d92-48e6-85c4-6d92d8f339d2"
        },
        "item": [
          {
            "sequence": 1,
            "net": {
              "value": 125.0,
              "system": "urn:iso:std:iso:4217",
              "code": "USD"
            },
            "encounter": [
              {
                "reference": {
                  "fullUrl": "urn:uuid:a05bd4e1-c696-4d3b-88c7-50b1d1d398b4",
                  "resource": {
                    "id": "a05bd4e1-c696-4d3b-88c7-50b1d1d398b4",
                    "meta": {
                      "profile": [
                        "http://standardhealthrecord.org/fhir/StructureDefinition/shr-encounter-Encounter"
                      ]
                    },
                    "status": "finished",
                    "class": {
                      "code": "ambulatory"
                    },
                    "type": [
                      {
                        "coding": [
                          {
                            "system": "http://snomed.info/sct",
                            "code": "308646001"
                          }
                        ],
                        "text": "Death Certification"
                      }
                    ],
                    "subject": {
                      "reference": "urn:uuid:a995f089-c52a-4e87-be28-308e1a48d093"
                    },
                    "period": {
                      "start": "1989-09-12T18:49:56-04:00",
                      "end": "1989-09-12T19:04:56-04:00"
                    },
                    "serviceProvider": {
                      "reference": "urn:uuid:4598da7a-6177-489b-9e28-d465871b67d8"
                    },
                    "resourceType": "Encounter"
                  }
                }
              }
            ]
          },
          {
            "sequence": 1,
            "net": {
              "value": 255.0,
              "system": "urn:iso:std:iso:4217",
              "code": "USD"
            }
          }
        ],
        "total": {
          "value": 255.0,
          "system": "urn:iso:std:iso:4217",
          "code": "USD"
        },
        "resourceType": "Claim"
      }
    },
    {
      "fullUrl": "urn:uuid:19740cdc-1ac6-4d42-a9ac-35463c46b3c9",
      "resource": {
        "id": "19740cdc-1ac6-4d42-a9ac-35463c46b3c9",
        "meta": {
          "profile": [
            "http://standardhealthrecord.org/fhir/StructureDefinition/shr-medication-MedicationPrescription"
          ]
        },
        "extension": [
          {
            "url": "http://standardhealthrecord.org/fhir/StructureDefinition/shr-base-ActionCode-extension",
            "valueCodeableConcept": {
              "coding": [
                {
                  "system": "http://snomed.info/sct",
                  "code": "33633005",
                  "display": "Prescription of drug (procedure)"
                }
              ],
              "text": "Prescription of drug (procedure)"
            }
          }
        ],
        "status": "active",
        "intent": "order",
        "medicationCodeableConcept": {
          "coding": [
            {
              "system": "http://www.nlm.nih.gov/research/umls/rxnorm",
              "code": "1803932",
              "display": "Leucovorin 100 MG Injection"
            }
          ],
          "text": "Leucovorin 100 MG Injection"
        },
        "subject": {
          "reference": "urn:uuid:a995f089-c52a-4e87-be28-308e1a48d093"
        },
        "context": {
          "reference": "urn:uuid:a05bd4e1-c696-4d3b-88c7-50b1d1d398b4"
        },
        "authoredOn": "1976-01-13",
        "resourceType": "MedicationRequest"
      }
    },
    {
      "fullUrl": "urn:uuid:c4413c9b-f6d8-44bf-b394-6106c347f880",
      "resource": {
        "id": "c4413c9b-f6d8-44bf-b394-6106c347f880",
        "status": "active",
        "use": "complete",
        "patient": {
          "reference": "urn:uuid:a995f089-c52a-4e87-be28-308e1a48d093"
        },
        "billablePeriod": {
          "start": "1989-09-12T18:49:56-04:00",
          "end": "1989-09-12T19:04:56-04:00"
        },
        "organization": {
          "reference": {
            "reference": "urn:uuid:4598da7a-6177-489b-9e28-d465871b67d8"
          }
        },
        "prescription": {
          "reference": "urn:uuid:19740cdc-1ac6-4d42-a9ac-35463c46b3c9"
        },
        "item": [
          {
            "sequence": 1,
            "net": {
              "value": 125.0,
              "system": "urn:iso:std:iso:4217",
              "code": "USD"
            },
            "encounter": [
              {
                "reference": {
                  "fullUrl": "urn:uuid:a05bd4e1-c696-4d3b-88c7-50b1d1d398b4",
                  "resource": {
                    "id": "a05bd4e1-c696-4d3b-88c7-50b1d1d398b4",
                    "meta": {
                      "profile": [
                        "http://standardhealthrecord.org/fhir/StructureDefinition/shr-encounter-Encounter"
                      ]
                    },
                    "status": "finished",
                    "class": {
                      "code": "ambulatory"
                    },
                    "type": [
                      {
                        "coding": [
                          {
                            "system": "http://snomed.info/sct",
                            "code": "308646001"
                          }
                        ],
                        "text": "Death Certification"
                      }
                    ],
                    "subject": {
                      "reference": "urn:uuid:a995f089-c52a-4e87-be28-308e1a48d093"
                    },
                    "period": {
                      "start": "1989-09-12T18:49:56-04:00",
                      "end": "1989-09-12T19:04:56-04:00"
                    },
                    "serviceProvider": {
                      "reference": "urn:uuid:4598da7a-6177-489b-9e28-d465871b67d8"
                    },
                    "resourceType": "Encounter"
                  }
                }
              }
            ]
          },
          {
            "sequence": 1,
            "net": {
              "value": 255.0,
              "system": "urn:iso:std:iso:4217",
              "code": "USD"
            }
          }
        ],
        "total": {
          "value": 255.0,
          "system": "urn:iso:std:iso:4217",
          "code": "USD"
        },
        "resourceType": "Claim"
      }
    },
    {
      "fullUrl": "urn:uuid:c3d942f5-3fe8-4375-a64f-aa0f11f0308c",
      "resource": {
        "id": "c3d942f5-3fe8-4375-a64f-aa0f11f0308c",
        "meta": {
          "profile": [
            "http://standardhealthrecord.org/fhir/StructureDefinition/shr-medication-MedicationPrescription"
          ]
        },
        "extension": [
          {
            "url": "http://standardhealthrecord.org/fhir/StructureDefinition/shr-base-ActionCode-extension",
            "valueCodeableConcept": {
              "coding": [
                {
                  "system": "http://snomed.info/sct",
                  "code": "33633005",
                  "display": "Prescription of drug (procedure)"
                }
              ],
              "text": "Prescription of drug (procedure)"
            }
          }
        ],
        "status": "active",
        "intent": "order",
        "medicationCodeableConcept": {
          "coding": [
            {
              "system": "http://www.nlm.nih.gov/research/umls/rxnorm",
              "code": "575971",
              "display": "oxaliplatin 5 MG/ML [Eloxatin]"
            }
          ],
          "text": "oxaliplatin 5 MG/ML [Eloxatin]"
        },
        "subject": {
          "reference": "urn:uuid:a995f089-c52a-4e87-be28-308e1a48d093"
        },
        "context": {
          "reference": "urn:uuid:a05bd4e1-c696-4d3b-88c7-50b1d1d398b4"
        },
        "authoredOn": "1976-01-13",
        "resourceType": "MedicationRequest"
      }
    },
    {
      "fullUrl": "urn:uuid:512a1423-5d5c-4321-bfc3-485fe6783332",
      "resource": {
        "id": "512a1423-5d5c-4321-bfc3-485fe6783332",
        "status": "active",
        "use": "complete",
        "patient": {
          "reference": "urn:uuid:a995f089-c52a-4e87-be28-308e1a48d093"
        },
        "billablePeriod": {
          "start": "1989-09-12T18:49:56-04:00",
          "end": "1989-09-12T19:04:56-04:00"
        },
        "organization": {
          "reference": {
            "reference": "urn:uuid:4598da7a-6177-489b-9e28-d465871b67d8"
          }
        },
        "prescription": {
          "reference": "urn:uuid:c3d942f5-3fe8-4375-a64f-aa0f11f0308c"
        },
        "item": [
          {
            "sequence": 1,
            "net": {
              "value": 125.0,
              "system": "urn:iso:std:iso:4217",
              "code": "USD"
            },
            "encounter": [
              {
                "reference": {
                  "fullUrl": "urn:uuid:a05bd4e1-c696-4d3b-88c7-50b1d1d398b4",
                  "resource": {
                    "id": "a05bd4e1-c696-4d3b-88c7-50b1d1d398b4",
                    "meta": {
                      "profile": [
                        "http://standardhealthrecord.org/fhir/StructureDefinition/shr-encounter-Encounter"
                      ]
                    },
                    "status": "finished",
                    "class": {
                      "code": "ambulatory"
                    },
                    "type": [
                      {
                        "coding": [
                          {
                            "system": "http://snomed.info/sct",
                            "code": "308646001"
                          }
                        ],
                        "text": "Death Certification"
                      }
                    ],
                    "subject": {
                      "reference": "urn:uuid:a995f089-c52a-4e87-be28-308e1a48d093"
                    },
                    "period": {
                      "start": "1989-09-12T18:49:56-04:00",
                      "end": "1989-09-12T19:04:56-04:00"
                    },
                    "serviceProvider": {
                      "reference": "urn:uuid:4598da7a-6177-489b-9e28-d465871b67d8"
                    },
                    "resourceType": "Encounter"
                  }
                }
              }
            ]
          },
          {
            "sequence": 1,
            "net": {
              "value": 255.0,
              "system": "urn:iso:std:iso:4217",
              "code": "USD"
            }
          }
        ],
        "total": {
          "value": 255.0,
          "system": "urn:iso:std:iso:4217",
          "code": "USD"
        },
        "resourceType": "Claim"
      }
    },
    {
      "fullUrl": "urn:uuid:43489b3e-6dbf-4cf9-bfc7-a6d4f2496138",
      "resource": {
        "id": "43489b3e-6dbf-4cf9-bfc7-a6d4f2496138",
        "meta": {
          "profile": [
            "http://standardhealthrecord.org/fhir/StructureDefinition/shr-medication-MedicationPrescription"
          ]
        },
        "extension": [
          {
            "url": "http://standardhealthrecord.org/fhir/StructureDefinition/shr-base-ActionCode-extension",
            "valueCodeableConcept": {
              "coding": [
                {
                  "system": "http://snomed.info/sct",
                  "code": "33633005",
                  "display": "Prescription of drug (procedure)"
                }
              ],
              "text": "Prescription of drug (procedure)"
            }
          }
        ],
        "status": "active",
        "intent": "order",
        "medicationCodeableConcept": {
          "coding": [
            {
              "system": "http://www.nlm.nih.gov/research/umls/rxnorm",
              "code": "1803932",
              "display": "Leucovorin 100 MG Injection"
            }
          ],
          "text": "Leucovorin 100 MG Injection"
        },
        "subject": {
          "reference": "urn:uuid:a995f089-c52a-4e87-be28-308e1a48d093"
        },
        "context": {
          "reference": "urn:uuid:a05bd4e1-c696-4d3b-88c7-50b1d1d398b4"
        },
        "authoredOn": "1976-02-11",
        "resourceType": "MedicationRequest"
      }
    },
    {
      "fullUrl": "urn:uuid:088cdb2f-f929-441e-a8f4-868719ec96f7",
      "resource": {
        "id": "088cdb2f-f929-441e-a8f4-868719ec96f7",
        "status": "active",
        "use": "complete",
        "patient": {
          "reference": "urn:uuid:a995f089-c52a-4e87-be28-308e1a48d093"
        },
        "billablePeriod": {
          "start": "1989-09-12T18:49:56-04:00",
          "end": "1989-09-12T19:04:56-04:00"
        },
        "organization": {
          "reference": {
            "reference": "urn:uuid:4598da7a-6177-489b-9e28-d465871b67d8"
          }
        },
        "prescription": {
          "reference": "urn:uuid:43489b3e-6dbf-4cf9-bfc7-a6d4f2496138"
        },
        "item": [
          {
            "sequence": 1,
            "net": {
              "value": 125.0,
              "system": "urn:iso:std:iso:4217",
              "code": "USD"
            },
            "encounter": [
              {
                "reference": {
                  "fullUrl": "urn:uuid:a05bd4e1-c696-4d3b-88c7-50b1d1d398b4",
                  "resource": {
                    "id": "a05bd4e1-c696-4d3b-88c7-50b1d1d398b4",
                    "meta": {
                      "profile": [
                        "http://standardhealthrecord.org/fhir/StructureDefinition/shr-encounter-Encounter"
                      ]
                    },
                    "status": "finished",
                    "class": {
                      "code": "ambulatory"
                    },
                    "type": [
                      {
                        "coding": [
                          {
                            "system": "http://snomed.info/sct",
                            "code": "308646001"
                          }
                        ],
                        "text": "Death Certification"
                      }
                    ],
                    "subject": {
                      "reference": "urn:uuid:a995f089-c52a-4e87-be28-308e1a48d093"
                    },
                    "period": {
                      "start": "1989-09-12T18:49:56-04:00",
                      "end": "1989-09-12T19:04:56-04:00"
                    },
                    "serviceProvider": {
                      "reference": "urn:uuid:4598da7a-6177-489b-9e28-d465871b67d8"
                    },
                    "resourceType": "Encounter"
                  }
                }
              }
            ]
          },
          {
            "sequence": 1,
            "net": {
              "value": 255.0,
              "system": "urn:iso:std:iso:4217",
              "code": "USD"
            }
          }
        ],
        "total": {
          "value": 255.0,
          "system": "urn:iso:std:iso:4217",
          "code": "USD"
        },
        "resourceType": "Claim"
      }
    },
    {
      "fullUrl": "urn:uuid:39c35817-96ca-4de7-b7a7-9c73e7bf987d",
      "resource": {
        "id": "39c35817-96ca-4de7-b7a7-9c73e7bf987d",
        "meta": {
          "profile": [
            "http://standardhealthrecord.org/fhir/StructureDefinition/shr-medication-MedicationPrescription"
          ]
        },
        "extension": [
          {
            "url": "http://standardhealthrecord.org/fhir/StructureDefinition/shr-base-ActionCode-extension",
            "valueCodeableConcept": {
              "coding": [
                {
                  "system": "http://snomed.info/sct",
                  "code": "33633005",
                  "display": "Prescription of drug (procedure)"
                }
              ],
              "text": "Prescription of drug (procedure)"
            }
          }
        ],
        "status": "active",
        "intent": "order",
        "medicationCodeableConcept": {
          "coding": [
            {
              "system": "http://www.nlm.nih.gov/research/umls/rxnorm",
              "code": "575971",
              "display": "oxaliplatin 5 MG/ML [Eloxatin]"
            }
          ],
          "text": "oxaliplatin 5 MG/ML [Eloxatin]"
        },
        "subject": {
          "reference": "urn:uuid:a995f089-c52a-4e87-be28-308e1a48d093"
        },
        "context": {
          "reference": "urn:uuid:a05bd4e1-c696-4d3b-88c7-50b1d1d398b4"
        },
        "authoredOn": "1976-02-11",
        "resourceType": "MedicationRequest"
      }
    },
    {
      "fullUrl": "urn:uuid:e427adf7-dbf3-4abd-ad2e-4f5994888412",
      "resource": {
        "id": "e427adf7-dbf3-4abd-ad2e-4f5994888412",
        "status": "active",
        "use": "complete",
        "patient": {
          "reference": "urn:uuid:a995f089-c52a-4e87-be28-308e1a48d093"
        },
        "billablePeriod": {
          "start": "1989-09-12T18:49:56-04:00",
          "end": "1989-09-12T19:04:56-04:00"
        },
        "organization": {
          "reference": {
            "reference": "urn:uuid:4598da7a-6177-489b-9e28-d465871b67d8"
          }
        },
        "prescription": {
          "reference": "urn:uuid:39c35817-96ca-4de7-b7a7-9c73e7bf987d"
        },
        "item": [
          {
            "sequence": 1,
            "net": {
              "value": 125.0,
              "system": "urn:iso:std:iso:4217",
              "code": "USD"
            },
            "encounter": [
              {
                "reference": {
                  "fullUrl": "urn:uuid:a05bd4e1-c696-4d3b-88c7-50b1d1d398b4",
                  "resource": {
                    "id": "a05bd4e1-c696-4d3b-88c7-50b1d1d398b4",
                    "meta": {
                      "profile": [
                        "http://standardhealthrecord.org/fhir/StructureDefinition/shr-encounter-Encounter"
                      ]
                    },
                    "status": "finished",
                    "class": {
                      "code": "ambulatory"
                    },
                    "type": [
                      {
                        "coding": [
                          {
                            "system": "http://snomed.info/sct",
                            "code": "308646001"
                          }
                        ],
                        "text": "Death Certification"
                      }
                    ],
                    "subject": {
                      "reference": "urn:uuid:a995f089-c52a-4e87-be28-308e1a48d093"
                    },
                    "period": {
                      "start": "1989-09-12T18:49:56-04:00",
                      "end": "1989-09-12T19:04:56-04:00"
                    },
                    "serviceProvider": {
                      "reference": "urn:uuid:4598da7a-6177-489b-9e28-d465871b67d8"
                    },
                    "resourceType": "Encounter"
                  }
                }
              }
            ]
          },
          {
            "sequence": 1,
            "net": {
              "value": 255.0,
              "system": "urn:iso:std:iso:4217",
              "code": "USD"
            }
          }
        ],
        "total": {
          "value": 255.0,
          "system": "urn:iso:std:iso:4217",
          "code": "USD"
        },
        "resourceType": "Claim"
      }
    },
    {
      "fullUrl": "urn:uuid:813a774f-7f9b-45b3-aa35-8b47f792398a",
      "resource": {
        "id": "813a774f-7f9b-45b3-aa35-8b47f792398a",
        "meta": {
          "profile": [
            "http://standardhealthrecord.org/fhir/StructureDefinition/shr-medication-MedicationPrescription"
          ]
        },
        "extension": [
          {
            "url": "http://standardhealthrecord.org/fhir/StructureDefinition/shr-base-ActionCode-extension",
            "valueCodeableConcept": {
              "coding": [
                {
                  "system": "http://snomed.info/sct",
                  "code": "33633005",
                  "display": "Prescription of drug (procedure)"
                }
              ],
              "text": "Prescription of drug (procedure)"
            }
          }
        ],
        "status": "active",
        "intent": "order",
        "medicationCodeableConcept": {
          "coding": [
            {
              "system": "http://www.nlm.nih.gov/research/umls/rxnorm",
              "code": "1803932",
              "display": "Leucovorin 100 MG Injection"
            }
          ],
          "text": "Leucovorin 100 MG Injection"
        },
        "subject": {
          "reference": "urn:uuid:a995f089-c52a-4e87-be28-308e1a48d093"
        },
        "context": {
          "reference": "urn:uuid:a05bd4e1-c696-4d3b-88c7-50b1d1d398b4"
        },
        "authoredOn": "1976-03-11",
        "resourceType": "MedicationRequest"
      }
    },
    {
      "fullUrl": "urn:uuid:9e39261d-f34f-4070-a6d8-65b6fa90d367",
      "resource": {
        "id": "9e39261d-f34f-4070-a6d8-65b6fa90d367",
        "status": "active",
        "use": "complete",
        "patient": {
          "reference": "urn:uuid:a995f089-c52a-4e87-be28-308e1a48d093"
        },
        "billablePeriod": {
          "start": "1989-09-12T18:49:56-04:00",
          "end": "1989-09-12T19:04:56-04:00"
        },
        "organization": {
          "reference": {
            "reference": "urn:uuid:4598da7a-6177-489b-9e28-d465871b67d8"
          }
        },
        "prescription": {
          "reference": "urn:uuid:813a774f-7f9b-45b3-aa35-8b47f792398a"
        },
        "item": [
          {
            "sequence": 1,
            "net": {
              "value": 125.0,
              "system": "urn:iso:std:iso:4217",
              "code": "USD"
            },
            "encounter": [
              {
                "reference": {
                  "fullUrl": "urn:uuid:a05bd4e1-c696-4d3b-88c7-50b1d1d398b4",
                  "resource": {
                    "id": "a05bd4e1-c696-4d3b-88c7-50b1d1d398b4",
                    "meta": {
                      "profile": [
                        "http://standardhealthrecord.org/fhir/StructureDefinition/shr-encounter-Encounter"
                      ]
                    },
                    "status": "finished",
                    "class": {
                      "code": "ambulatory"
                    },
                    "type": [
                      {
                        "coding": [
                          {
                            "system": "http://snomed.info/sct",
                            "code": "308646001"
                          }
                        ],
                        "text": "Death Certification"
                      }
                    ],
                    "subject": {
                      "reference": "urn:uuid:a995f089-c52a-4e87-be28-308e1a48d093"
                    },
                    "period": {
                      "start": "1989-09-12T18:49:56-04:00",
                      "end": "1989-09-12T19:04:56-04:00"
                    },
                    "serviceProvider": {
                      "reference": "urn:uuid:4598da7a-6177-489b-9e28-d465871b67d8"
                    },
                    "resourceType": "Encounter"
                  }
                }
              }
            ]
          },
          {
            "sequence": 1,
            "net": {
              "value": 255.0,
              "system": "urn:iso:std:iso:4217",
              "code": "USD"
            }
          }
        ],
        "total": {
          "value": 255.0,
          "system": "urn:iso:std:iso:4217",
          "code": "USD"
        },
        "resourceType": "Claim"
      }
    },
    {
      "fullUrl": "urn:uuid:5130ba71-aec9-4e42-a77c-7dc71fe1b812",
      "resource": {
        "id": "5130ba71-aec9-4e42-a77c-7dc71fe1b812",
        "meta": {
          "profile": [
            "http://standardhealthrecord.org/fhir/StructureDefinition/shr-medication-MedicationPrescription"
          ]
        },
        "extension": [
          {
            "url": "http://standardhealthrecord.org/fhir/StructureDefinition/shr-base-ActionCode-extension",
            "valueCodeableConcept": {
              "coding": [
                {
                  "system": "http://snomed.info/sct",
                  "code": "33633005",
                  "display": "Prescription of drug (procedure)"
                }
              ],
              "text": "Prescription of drug (procedure)"
            }
          }
        ],
        "status": "active",
        "intent": "order",
        "medicationCodeableConcept": {
          "coding": [
            {
              "system": "http://www.nlm.nih.gov/research/umls/rxnorm",
              "code": "575971",
              "display": "oxaliplatin 5 MG/ML [Eloxatin]"
            }
          ],
          "text": "oxaliplatin 5 MG/ML [Eloxatin]"
        },
        "subject": {
          "reference": "urn:uuid:a995f089-c52a-4e87-be28-308e1a48d093"
        },
        "context": {
          "reference": "urn:uuid:a05bd4e1-c696-4d3b-88c7-50b1d1d398b4"
        },
        "authoredOn": "1976-03-11",
        "resourceType": "MedicationRequest"
      }
    },
    {
      "fullUrl": "urn:uuid:e0c76ddf-393a-42f9-be68-16a627672bf9",
      "resource": {
        "id": "e0c76ddf-393a-42f9-be68-16a627672bf9",
        "status": "active",
        "use": "complete",
        "patient": {
          "reference": "urn:uuid:a995f089-c52a-4e87-be28-308e1a48d093"
        },
        "billablePeriod": {
          "start": "1989-09-12T18:49:56-04:00",
          "end": "1989-09-12T19:04:56-04:00"
        },
        "organization": {
          "reference": {
            "reference": "urn:uuid:4598da7a-6177-489b-9e28-d465871b67d8"
          }
        },
        "prescription": {
          "reference": "urn:uuid:5130ba71-aec9-4e42-a77c-7dc71fe1b812"
        },
        "item": [
          {
            "sequence": 1,
            "net": {
              "value": 125.0,
              "system": "urn:iso:std:iso:4217",
              "code": "USD"
            },
            "encounter": [
              {
                "reference": {
                  "fullUrl": "urn:uuid:a05bd4e1-c696-4d3b-88c7-50b1d1d398b4",
                  "resource": {
                    "id": "a05bd4e1-c696-4d3b-88c7-50b1d1d398b4",
                    "meta": {
                      "profile": [
                        "http://standardhealthrecord.org/fhir/StructureDefinition/shr-encounter-Encounter"
                      ]
                    },
                    "status": "finished",
                    "class": {
                      "code": "ambulatory"
                    },
                    "type": [
                      {
                        "coding": [
                          {
                            "system": "http://snomed.info/sct",
                            "code": "308646001"
                          }
                        ],
                        "text": "Death Certification"
                      }
                    ],
                    "subject": {
                      "reference": "urn:uuid:a995f089-c52a-4e87-be28-308e1a48d093"
                    },
                    "period": {
                      "start": "1989-09-12T18:49:56-04:00",
                      "end": "1989-09-12T19:04:56-04:00"
                    },
                    "serviceProvider": {
                      "reference": "urn:uuid:4598da7a-6177-489b-9e28-d465871b67d8"
                    },
                    "resourceType": "Encounter"
                  }
                }
              }
            ]
          },
          {
            "sequence": 1,
            "net": {
              "value": 255.0,
              "system": "urn:iso:std:iso:4217",
              "code": "USD"
            }
          }
        ],
        "total": {
          "value": 255.0,
          "system": "urn:iso:std:iso:4217",
          "code": "USD"
        },
        "resourceType": "Claim"
      }
    },
    {
      "fullUrl": "urn:uuid:a9344eee-4881-4f95-a32a-c7568c997378",
      "resource": {
        "id": "a9344eee-4881-4f95-a32a-c7568c997378",
        "meta": {
          "profile": [
            "http://standardhealthrecord.org/fhir/StructureDefinition/shr-observation-Observation"
          ]
        },
        "status": "final",
        "category": [
          {
            "coding": [
              {
                "system": "http://hl7.org/fhir/observation-category",
                "code": "survey"
              }
            ]
          }
        ],
        "code": {
          "coding": [
            {
              "system": "http://snomed.info/sct",
              "code": "273724008",
              "display": "Quality adjusted life years"
            }
          ],
          "text": "Quality adjusted life years"
        },
        "subject": {
          "reference": "urn:uuid:a995f089-c52a-4e87-be28-308e1a48d093"
        },
        "effectiveDateTime": "2017-10-31T16:09:28-04:00",
        "issued": "2017-10-31T16:09:28-04:00",
        "valueQuantity": {
          "value": 64.88874711851884,
          "unit": "years",
          "system": "http://unitsofmeasure.org/",
          "code": "years"
        },
        "resourceType": "Observation"
      }
    },
    {
      "fullUrl": "urn:uuid:31f35254-790d-44bc-92e6-b440d22b97ae",
      "resource": {
        "id": "31f35254-790d-44bc-92e6-b440d22b97ae",
        "meta": {
          "profile": [
            "http://standardhealthrecord.org/fhir/StructureDefinition/shr-observation-Observation"
          ]
        },
        "status": "final",
        "category": [
          {
            "coding": [
              {
                "system": "http://hl7.org/fhir/observation-category",
                "code": "survey"
              }
            ]
          }
        ],
        "code": {
          "coding": [
            {
              "system": "http://snomed.info/sct",
              "code": "273421001",
              "display": "Disability rating scale"
            }
          ],
          "text": "Disability rating scale"
        },
        "subject": {
          "reference": "urn:uuid:a995f089-c52a-4e87-be28-308e1a48d093"
        },
        "effectiveDateTime": "2017-10-31T16:09:28-04:00",
        "issued": "2017-10-31T16:09:28-04:00",
        "valueQuantity": {
          "value": 24.67075288148117,
          "unit": "years",
          "system": "http://unitsofmeasure.org/",
          "code": "years"
        },
        "resourceType": "Observation"
      }
    }
  ],
  "resourceType": "Bundle"
}