{
  "type": "collection",
  "entry": [
    {
      "fullUrl": "urn:uuid:3428ed4d-a97e-40b6-a81c-1cca624ed30d",
      "resource": {
        "id": "3428ed4d-a97e-40b6-a81c-1cca624ed30d",
        "meta": {
          "profile": [
            "http://standardhealthrecord.org/fhir/StructureDefinition/shr-actor-Organization"
          ]
        },
        "type": [
          {
            "coding": [
              {
                "system": "http://hl7.org/fhir/organization-type",
                "code": "prov",
                "display": "Healthcare Provider"
              }
            ],
            "text": "Healthcare Provider"
          }
        ],
        "name": "VIBRA HOSPITAL OF WESTERN MASSACHUSETTS",
        "resourceType": "Organization"
      }
    },
    {
      "fullUrl": "urn:uuid:f506ba77-3284-497d-89b3-a76163f31739",
      "resource": {
        "id": "f506ba77-3284-497d-89b3-a76163f31739",
        "meta": {
          "profile": [
            "http://standardhealthrecord.org/fhir/StructureDefinition/shr-demographics-PersonOfRecord"
          ]
        },
        "text": {
          "status": "generated",
          "div": "<div xmlns=\"http://www.w3.org/1999/xhtml\">Generated by <a href=\"https://github.com/synthetichealth/synthea\">Synthea</a>. Version identifier: 368ac389f34cd3ce3986aa3a0a08e467bf574db3</div>"
        },
        "extension": [
          {
            "url": "http://hl7.org/fhir/us/core/StructureDefinition/us-core-race",
            "valueCodeableConcept": {
              "coding": [
                {
                  "system": "http://hl7.org/fhir/v3/Race",
                  "code": "2106-3",
                  "display": "White"
                }
              ],
              "text": "race"
            }
          },
          {
            "url": "http://hl7.org/fhir/us/core/StructureDefinition/us-core-ethnicity",
            "valueCodeableConcept": {
              "coding": [
                {
                  "system": "http://hl7.org/fhir/v3/Ethnicity",
                  "code": "2186-5",
                  "display": "Nonhispanic"
                }
              ],
              "text": "ethnicity"
            }
          },
          {
            "url": "http://hl7.org/fhir/StructureDefinition/birthPlace",
            "valueAddress": {
              "city": "Westfield",
              "state": "MA",
              "country": "US"
            }
          },
          {
            "url": "http://hl7.org/fhir/StructureDefinition/patient-mothersMaidenName",
            "valueString": "Enola581 Turner53"
          },
          {
            "url": "http://hl7.org/fhir/us/core/StructureDefinition/us-core-birthsex",
            "valueCode": "F"
          },
          {
            "url": "http://hl7.org/fhir/StructureDefinition/patient-interpreterRequired",
            "valueBoolean": false
          },
          {
            "url": "http://standardhealthrecord.org/fhir/StructureDefinition/shr-actor-FictionalPerson-extension",
            "valueBoolean": true
          },
          {
            "url": "http://standardhealthrecord.org/fhir/StructureDefinition/shr-demographics-FathersName-extension",
            "valueHumanName": {
              "text": "Merlin628 Bradtke665"
            }
          },
          {
            "url": "http://standardhealthrecord.org/fhir/StructureDefinition/shr-demographics-SocialSecurityNumber-extension",
            "valueString": "999-22-1428"
          }
        ],
        "identifier": [
          {
            "system": "https://github.com/synthetichealth/synthea",
            "value": "1b8937f9-6cee-46d2-b941-78b58aac43c7"
          },
          {
            "type": {
              "coding": [
                {
                  "system": "http://hl7.org/fhir/identifier-type",
                  "code": "SB"
                }
              ]
            },
            "system": "http://hl7.org/fhir/sid/us-ssn",
            "value": "999221428"
          },
          {
            "type": {
              "coding": [
                {
                  "system": "http://hl7.org/fhir/v2/0203",
                  "code": "DL"
                }
              ]
            },
            "system": "urn:oid:2.16.840.1.113883.4.3.25",
            "value": "S99916805"
          },
          {
            "type": {
              "coding": [
                {
                  "system": "http://hl7.org/fhir/v2/0203",
                  "code": "MR"
                }
              ]
            },
            "system": "http://hospital.smarthealthit.org",
            "value": "1b8937f9-6cee-46d2-b941-78b58aac43c7"
          }
        ],
        "name": [
          {
            "use": "official",
            "family": "Bradtke665",
            "given": [
              "Adell49"
            ],
            "prefix": [
              "Ms."
            ]
          }
        ],
        "telecom": [
          {
            "system": "phone",
            "value": "920.017.5312",
            "use": "home"
          }
        ],
        "gender": "female",
        "birthDate": "1938-10-22",
        "deceasedDateTime": "1961-01-23T14:31:35-05:00",
        "address": [
          {
            "extension": [
              {
                "extension": [
                  {
                    "url": "latitude",
                    "valueDecimal": 42.13723250775933
                  },
                  {
                    "url": "longitude",
                    "valueDecimal": -72.55010526925601
                  }
                ],
                "url": "http://hl7.org/fhir/StructureDefinition/geolocation"
              }
            ],
            "line": [
              "933 Blick Wells"
            ],
            "city": "Springfield",
            "state": "MA",
            "postalCode": "01107",
            "country": "US"
          }
        ],
        "maritalStatus": {
          "coding": [
            {
              "system": "http://hl7.org/fhir/v3/MaritalStatus",
              "code": "S"
            }
          ],
          "text": "Never Married"
        },
        "multipleBirthBoolean": false,
        "communication": [
          {
            "language": {
              "coding": [
                {
                  "system": "http://hl7.org/fhir/ValueSet/languages",
                  "code": "en-US",
                  "display": "English (United States)"
                }
              ]
            }
          }
        ],
        "generalPractitioner": [
          {
            "reference": "urn:uuid:3428ed4d-a97e-40b6-a81c-1cca624ed30d"
          }
        ],
        "resourceType": "Patient"
      }
    },
    {
      "fullUrl": "urn:uuid:f342e2e0-3d84-4d20-b94a-75d50cda0431",
      "resource": {
        "id": "f342e2e0-3d84-4d20-b94a-75d50cda0431",
        "meta": {
          "profile": [
            "http://standardhealthrecord.org/fhir/StructureDefinition/shr-encounter-Encounter"
          ]
        },
        "status": "finished",
        "class": {
          "code": "ambulatory"
        },
        "type": [
          {
            "coding": [
              {
                "system": "http://snomed.info/sct",
                "code": "308646001"
              }
            ],
            "text": "Death Certification"
          }
        ],
        "subject": {
          "reference": "urn:uuid:f506ba77-3284-497d-89b3-a76163f31739"
        },
        "period": {
          "start": "1961-01-23T14:31:35-05:00",
          "end": "1961-01-23T14:46:35-05:00"
        },
        "serviceProvider": {
          "reference": "urn:uuid:3428ed4d-a97e-40b6-a81c-1cca624ed30d"
        },
        "resourceType": "Encounter"
      }
    },
    {
      "fullUrl": "urn:uuid:4cf9aa26-4c2f-4908-8fdb-290c8e3da172",
      "resource": {
        "id": "4cf9aa26-4c2f-4908-8fdb-290c8e3da172",
        "status": "active",
        "use": "complete",
        "patient": {
          "reference": "urn:uuid:f506ba77-3284-497d-89b3-a76163f31739"
        },
        "billablePeriod": {
          "start": "1961-01-23T14:31:35-05:00",
          "end": "1961-01-23T14:46:35-05:00"
        },
        "organization": {
          "reference": {
            "reference": "urn:uuid:3428ed4d-a97e-40b6-a81c-1cca624ed30d"
          }
        },
        "diagnosis": [
          {
            "sequence": 1,
            "diagnosisReference": {
              "reference": "urn:uuid:4e5a5be3-537d-40b9-b4d3-db6d4bf92d47"
            }
          }
        ],
        "item": [
          {
            "sequence": 1,
            "net": {
              "value": 125.0,
              "system": "urn:iso:std:iso:4217",
              "code": "USD"
            },
            "encounter": [
              {
                "reference": {
                  "fullUrl": "urn:uuid:f342e2e0-3d84-4d20-b94a-75d50cda0431",
                  "resource": {
                    "id": "f342e2e0-3d84-4d20-b94a-75d50cda0431",
                    "meta": {
                      "profile": [
                        "http://standardhealthrecord.org/fhir/StructureDefinition/shr-encounter-Encounter"
                      ]
                    },
                    "status": "finished",
                    "class": {
                      "code": "ambulatory"
                    },
                    "type": [
                      {
                        "coding": [
                          {
                            "system": "http://snomed.info/sct",
                            "code": "308646001"
                          }
                        ],
                        "text": "Death Certification"
                      }
                    ],
                    "subject": {
                      "reference": "urn:uuid:f506ba77-3284-497d-89b3-a76163f31739"
                    },
                    "period": {
                      "start": "1961-01-23T14:31:35-05:00",
                      "end": "1961-01-23T14:46:35-05:00"
                    },
                    "serviceProvider": {
                      "reference": "urn:uuid:3428ed4d-a97e-40b6-a81c-1cca624ed30d"
                    },
                    "resourceType": "Encounter"
                  }
                }
              }
            ]
          },
          {
            "sequence": 2,
            "diagnosisLinkId": [
              1
            ],
            "net": {
              "value": 0.0,
              "system": "urn:iso:std:iso:4217",
              "code": "USD"
            }
          }
        ],
        "total": {
          "value": 125.0,
          "system": "urn:iso:std:iso:4217",
          "code": "USD"
        },
        "resourceType": "Claim"
      }
    },
    {
      "fullUrl": "urn:uuid:4e5a5be3-537d-40b9-b4d3-db6d4bf92d47",
      "resource": {
        "id": "4e5a5be3-537d-40b9-b4d3-db6d4bf92d47",
        "meta": {
          "profile": [
            "http://standardhealthrecord.org/fhir/StructureDefinition/shr-problem-Problem"
          ]
        },
        "clinicalStatus": "active",
        "verificationStatus": "confirmed",
        "code": {
          "coding": [
            {
              "system": "http://snomed.info/sct",
              "code": "110030002",
              "display": "Concussion injury of brain"
            }
          ],
          "text": "Concussion injury of brain"
        },
        "subject": {
          "reference": "urn:uuid:f506ba77-3284-497d-89b3-a76163f31739"
        },
        "context": {
          "reference": "urn:uuid:f342e2e0-3d84-4d20-b94a-75d50cda0431"
        },
        "onsetDateTime": "1961-01-23T14:31:35-05:00",
        "assertedDate": "1961-01-23",
        "resourceType": "Condition"
      }
    },
    {
      "fullUrl": "urn:uuid:ebbd66e8-24b8-4a0b-a609-9cfde9ecf53d",
      "resource": {
        "id": "ebbd66e8-24b8-4a0b-a609-9cfde9ecf53d",
        "meta": {
          "profile": [
            "http://standardhealthrecord.org/fhir/StructureDefinition/shr-observation-Observation"
          ]
        },
        "status": "final",
        "category": [
          {
            "coding": [
              {
                "system": "http://hl7.org/fhir/observation-category"
              }
            ]
          }
        ],
        "code": {
          "coding": [
            {
              "system": "http://loinc.org",
              "code": "69453-9",
              "display": "Cause of Death [US Standard Certificate of Death]"
            }
          ],
          "text": "Cause of Death [US Standard Certificate of Death]"
        },
        "subject": {
          "reference": "urn:uuid:f506ba77-3284-497d-89b3-a76163f31739"
        },
        "context": {
          "reference": "urn:uuid:f342e2e0-3d84-4d20-b94a-75d50cda0431"
        },
        "effectiveDateTime": "1961-01-23T14:31:35-05:00",
        "issued": "1961-01-23T14:31:35-05:00",
        "valueCodeableConcept": {
          "coding": [
            {
              "system": "http://snomed.info/sct",
              "code": "110030002",
              "display": "Concussion injury of brain"
            }
          ],
          "text": "Concussion injury of brain"
        },
        "resourceType": "Observation"
      }
    },
    {
      "fullUrl": "urn:uuid:55531f84-1368-4999-8416-a3895d341678",
      "resource": {
        "id": "55531f84-1368-4999-8416-a3895d341678",
        "meta": {
          "profile": [
            "http://standardhealthrecord.org/fhir/StructureDefinition/shr-observation-Panel"
          ]
        },
        "status": "final",
        "code": {
          "coding": [
            {
              "system": "http://loinc.org",
              "code": "69409-1",
              "display": "U.S. standard certificate of death - 2003 revision"
            }
          ]
        },
        "subject": {
          "reference": "urn:uuid:f506ba77-3284-497d-89b3-a76163f31739"
        },
        "context": {
          "reference": "urn:uuid:f342e2e0-3d84-4d20-b94a-75d50cda0431"
        },
        "effectiveDateTime": "1961-01-23T14:31:35-05:00",
        "issued": "1961-01-23T14:31:35-05:00",
        "result": [
          {
            "reference": "urn:uuid:ebbd66e8-24b8-4a0b-a609-9cfde9ecf53d",
            "display": "Cause of Death [US Standard Certificate of Death]"
          }
        ],
        "resourceType": "DiagnosticReport"
      }
    },
    {
      "fullUrl": "urn:uuid:0ac6a0a9-ed90-4841-836d-20a67741de8a",
      "resource": {
        "id": "0ac6a0a9-ed90-4841-836d-20a67741de8a",
        "meta": {
          "profile": [
            "http://standardhealthrecord.org/fhir/StructureDefinition/shr-medication-MedicationPrescription"
          ]
        },
        "extension": [
          {
            "url": "http://standardhealthrecord.org/fhir/StructureDefinition/shr-base-ActionCode-extension",
            "valueCodeableConcept": {
              "coding": [
                {
                  "system": "http://snomed.info/sct",
                  "code": "33633005",
                  "display": "Prescription of drug (procedure)"
                }
              ],
              "text": "Prescription of drug (procedure)"
            }
          }
        ],
        "status": "active",
        "intent": "order",
        "medicationCodeableConcept": {
          "coding": [
            {
              "system": "http://www.nlm.nih.gov/research/umls/rxnorm",
              "code": "235389",
              "display": "Mestranol / Norethynodrel [Enovid]"
            }
          ],
          "text": "Mestranol / Norethynodrel [Enovid]"
        },
        "subject": {
          "reference": "urn:uuid:f506ba77-3284-497d-89b3-a76163f31739"
        },
        "context": {
          "reference": "urn:uuid:f342e2e0-3d84-4d20-b94a-75d50cda0431"
        },
        "authoredOn": "1960-10-29",
        "resourceType": "MedicationRequest"
      }
    },
    {
      "fullUrl": "urn:uuid:06caa327-e232-4543-b9e0-19b0f4d3db21",
      "resource": {
        "id": "06caa327-e232-4543-b9e0-19b0f4d3db21",
        "status": "active",
        "use": "complete",
        "patient": {
          "reference": "urn:uuid:f506ba77-3284-497d-89b3-a76163f31739"
        },
        "billablePeriod": {
          "start": "1961-01-23T14:31:35-05:00",
          "end": "1961-01-23T14:46:35-05:00"
        },
        "organization": {
          "reference": {
            "reference": "urn:uuid:3428ed4d-a97e-40b6-a81c-1cca624ed30d"
          }
        },
        "prescription": {
          "reference": "urn:uuid:0ac6a0a9-ed90-4841-836d-20a67741de8a"
        },
        "item": [
          {
            "sequence": 1,
            "net": {
              "value": 125.0,
              "system": "urn:iso:std:iso:4217",
              "code": "USD"
            },
            "encounter": [
              {
                "reference": {
                  "fullUrl": "urn:uuid:f342e2e0-3d84-4d20-b94a-75d50cda0431",
                  "resource": {
                    "id": "f342e2e0-3d84-4d20-b94a-75d50cda0431",
                    "meta": {
                      "profile": [
                        "http://standardhealthrecord.org/fhir/StructureDefinition/shr-encounter-Encounter"
                      ]
                    },
                    "status": "finished",
                    "class": {
                      "code": "ambulatory"
                    },
                    "type": [
                      {
                        "coding": [
                          {
                            "system": "http://snomed.info/sct",
                            "code": "308646001"
                          }
                        ],
                        "text": "Death Certification"
                      }
                    ],
                    "subject": {
                      "reference": "urn:uuid:f506ba77-3284-497d-89b3-a76163f31739"
                    },
                    "period": {
                      "start": "1961-01-23T14:31:35-05:00",
                      "end": "1961-01-23T14:46:35-05:00"
                    },
                    "serviceProvider": {
                      "reference": "urn:uuid:3428ed4d-a97e-40b6-a81c-1cca624ed30d"
                    },
                    "resourceType": "Encounter"
                  }
                }
              }
            ]
          },
          {
            "sequence": 1,
            "net": {
              "value": 255.0,
              "system": "urn:iso:std:iso:4217",
              "code": "USD"
            }
          }
        ],
        "total": {
          "value": 255.0,
          "system": "urn:iso:std:iso:4217",
          "code": "USD"
        },
        "resourceType": "Claim"
      }
    },
    {
      "fullUrl": "urn:uuid:65ad34b4-b397-4982-94e0-0219be3df1af",
      "resource": {
        "id": "65ad34b4-b397-4982-94e0-0219be3df1af",
        "meta": {
          "profile": [
            "http://standardhealthrecord.org/fhir/StructureDefinition/shr-observation-Observation"
          ]
        },
        "status": "final",
        "category": [
          {
            "coding": [
              {
                "system": "http://hl7.org/fhir/observation-category",
                "code": "survey"
              }
            ]
          }
        ],
        "code": {
          "coding": [
            {
              "system": "http://snomed.info/sct",
              "code": "273724008",
              "display": "Quality adjusted life years"
            }
          ],
          "text": "Quality adjusted life years"
        },
        "subject": {
          "reference": "urn:uuid:f506ba77-3284-497d-89b3-a76163f31739"
        },
        "effectiveDateTime": "2017-10-31T16:09:28-04:00",
        "issued": "2017-10-31T16:09:28-04:00",
        "valueQuantity": {
          "value": 22,
          "unit": "years",
          "system": "http://unitsofmeasure.org/",
          "code": "years"
        },
        "resourceType": "Observation"
      }
    },
    {
      "fullUrl": "urn:uuid:01361c84-3a84-4766-9dee-1e6834bcc83c",
      "resource": {
        "id": "01361c84-3a84-4766-9dee-1e6834bcc83c",
        "meta": {
          "profile": [
            "http://standardhealthrecord.org/fhir/StructureDefinition/shr-observation-Observation"
          ]
        },
        "status": "final",
        "category": [
          {
            "coding": [
              {
                "system": "http://hl7.org/fhir/observation-category",
                "code": "survey"
              }
            ]
          }
        ],
        "code": {
          "coding": [
            {
              "system": "http://snomed.info/sct",
              "code": "273421001",
              "display": "Disability rating scale"
            }
          ],
          "text": "Disability rating scale"
        },
        "subject": {
          "reference": "urn:uuid:f506ba77-3284-497d-89b3-a76163f31739"
        },
        "effectiveDateTime": "2017-10-31T16:09:28-04:00",
        "issued": "2017-10-31T16:09:28-04:00",
        "valueQuantity": {
          "value": 65.48088,
          "unit": "years",
          "system": "http://unitsofmeasure.org/",
          "code": "years"
        },
        "resourceType": "Observation"
      }
    }
  ],
  "resourceType": "Bundle"
}