{
  "type": "collection",
  "entry": [
    {
      "fullUrl": "urn:uuid:6af5db50-8f3e-4a9c-a120-03ced05cdc1c",
      "resource": {
        "id": "6af5db50-8f3e-4a9c-a120-03ced05cdc1c",
        "meta": {
          "profile": [
            "http://standardhealthrecord.org/fhir/StructureDefinition/shr-actor-Organization"
          ]
        },
        "type": [
          {
            "coding": [
              {
                "system": "http://hl7.org/fhir/organization-type",
                "code": "prov",
                "display": "Healthcare Provider"
              }
            ],
            "text": "Healthcare Provider"
          }
        ],
        "name": "METHADONE MTNCE TREAT PROG",
        "resourceType": "Organization"
      }
    },
    {
      "fullUrl": "urn:uuid:8a5e5ab5-9a17-42fa-ab14-f92e45619c0c",
      "resource": {
        "id": "8a5e5ab5-9a17-42fa-ab14-f92e45619c0c",
        "meta": {
          "profile": [
            "http://standardhealthrecord.org/fhir/StructureDefinition/shr-demographics-PersonOfRecord"
          ]
        },
        "text": {
          "status": "generated",
          "div": "<div xmlns=\"http://www.w3.org/1999/xhtml\">Generated by <a href=\"https://github.com/synthetichealth/synthea\">Synthea</a>. Version identifier: 368ac389f34cd3ce3986aa3a0a08e467bf574db3</div>"
        },
        "extension": [
          {
            "url": "http://hl7.org/fhir/us/core/StructureDefinition/us-core-race",
            "valueCodeableConcept": {
              "coding": [
                {
                  "system": "http://hl7.org/fhir/v3/Race",
                  "code": "2106-3",
                  "display": "White"
                }
              ],
              "text": "race"
            }
          },
          {
            "url": "http://hl7.org/fhir/us/core/StructureDefinition/us-core-ethnicity",
            "valueCodeableConcept": {
              "coding": [
                {
                  "system": "http://hl7.org/fhir/v3/Ethnicity",
                  "code": "2186-5",
                  "display": "Nonhispanic"
                }
              ],
              "text": "ethnicity"
            }
          },
          {
            "url": "http://hl7.org/fhir/StructureDefinition/birthPlace",
            "valueAddress": {
              "city": "Milton",
              "state": "MA",
              "country": "US"
            }
          },
          {
            "url": "http://hl7.org/fhir/StructureDefinition/patient-mothersMaidenName",
            "valueString": "Shakita449 Pagac356"
          },
          {
            "url": "http://hl7.org/fhir/us/core/StructureDefinition/us-core-birthsex",
            "valueCode": "F"
          },
          {
            "url": "http://hl7.org/fhir/StructureDefinition/patient-interpreterRequired",
            "valueBoolean": false
          },
          {
            "url": "http://standardhealthrecord.org/fhir/StructureDefinition/shr-actor-FictionalPerson-extension",
            "valueBoolean": true
          },
          {
            "url": "http://standardhealthrecord.org/fhir/StructureDefinition/shr-demographics-FathersName-extension",
            "valueHumanName": {
              "text": "Harrison367 Pagac356"
            }
          },
          {
            "url": "http://standardhealthrecord.org/fhir/StructureDefinition/shr-demographics-SocialSecurityNumber-extension",
            "valueString": "999-64-1971"
          }
        ],
        "identifier": [
          {
            "system": "https://github.com/synthetichealth/synthea",
            "value": "9fae8f76-140c-4488-9017-9612515a9aa3"
          },
          {
            "type": {
              "coding": [
                {
                  "system": "http://hl7.org/fhir/identifier-type",
                  "code": "SB"
                }
              ]
            },
            "system": "http://hl7.org/fhir/sid/us-ssn",
            "value": "999641971"
          },
          {
            "type": {
              "coding": [
                {
                  "system": "http://hl7.org/fhir/v2/0203",
                  "code": "DL"
                }
              ]
            },
            "system": "urn:oid:2.16.840.1.113883.4.3.25",
            "value": "S99987507"
          },
          {
            "type": {
              "coding": [
                {
                  "system": "http://hl7.org/fhir/v2/0203",
                  "code": "MR"
                }
              ]
            },
            "system": "http://hospital.smarthealthit.org",
            "value": "9fae8f76-140c-4488-9017-9612515a9aa3"
          }
        ],
        "name": [
          {
            "use": "official",
            "family": "Brekke503",
            "given": [
              "Tyisha470"
            ],
            "prefix": [
              "Mrs."
            ]
          },
          {
            "use": "maiden",
            "family": "Pagac356",
            "given": [
              "Tyisha470"
            ]
          }
        ],
        "telecom": [
          {
            "system": "phone",
            "value": "508-124-6012 x255",
            "use": "home"
          }
        ],
        "gender": "female",
        "birthDate": "1951-10-31",
        "deceasedDateTime": "2003-12-31T06:38:20-05:00",
        "address": [
          {
            "extension": [
              {
                "extension": [
                  {
                    "url": "latitude",
                    "valueDecimal": 42.181034685213675
                  },
                  {
                    "url": "longitude",
                    "valueDecimal": -72.59370699343633
                  }
                ],
                "url": "http://hl7.org/fhir/StructureDefinition/geolocation"
              }
            ],
            "line": [
              "9339 Hessel Oval"
            ],
            "city": "Chicopee",
            "state": "MA",
            "postalCode": "01013",
            "country": "US"
          }
        ],
        "maritalStatus": {
          "coding": [
            {
              "system": "http://hl7.org/fhir/v3/MaritalStatus",
              "code": "M"
            }
          ],
          "text": "M"
        },
        "multipleBirthBoolean": false,
        "communication": [
          {
            "language": {
              "coding": [
                {
                  "system": "http://hl7.org/fhir/ValueSet/languages",
                  "code": "en-US",
                  "display": "English (United States)"
                }
              ]
            }
          }
        ],
        "generalPractitioner": [
          {
            "reference": "urn:uuid:6af5db50-8f3e-4a9c-a120-03ced05cdc1c"
          }
        ],
        "resourceType": "Patient"
      }
    },
    {
      "fullUrl": "urn:uuid:f4092a1b-7c4d-433f-989d-b438c291c319",
      "resource": {
        "id": "f4092a1b-7c4d-433f-989d-b438c291c319",
        "meta": {
          "profile": [
            "http://standardhealthrecord.org/fhir/StructureDefinition/shr-encounter-Encounter"
          ]
        },
        "status": "finished",
        "class": {
          "code": "ambulatory"
        },
        "type": [
          {
            "coding": [
              {
                "system": "http://snomed.info/sct",
                "code": "308646001"
              }
            ],
            "text": "Death Certification"
          }
        ],
        "subject": {
          "reference": "urn:uuid:8a5e5ab5-9a17-42fa-ab14-f92e45619c0c"
        },
        "period": {
          "start": "2003-12-31T06:38:20-05:00",
          "end": "2003-12-31T06:53:20-05:00"
        },
        "serviceProvider": {
          "reference": "urn:uuid:6af5db50-8f3e-4a9c-a120-03ced05cdc1c"
        },
        "resourceType": "Encounter"
      }
    },
    {
      "fullUrl": "urn:uuid:8e75fc19-12eb-4150-a38e-7ae212ee04ce",
      "resource": {
        "id": "8e75fc19-12eb-4150-a38e-7ae212ee04ce",
        "status": "active",
        "use": "complete",
        "patient": {
          "reference": "urn:uuid:8a5e5ab5-9a17-42fa-ab14-f92e45619c0c"
        },
        "billablePeriod": {
          "start": "2003-12-31T06:38:20-05:00",
          "end": "2003-12-31T06:53:20-05:00"
        },
        "organization": {
          "reference": {
            "reference": "urn:uuid:6af5db50-8f3e-4a9c-a120-03ced05cdc1c"
          }
        },
        "diagnosis": [
          {
            "sequence": 1,
            "diagnosisReference": {
              "reference": "urn:uuid:d991718e-fdd9-43af-9db7-d3c37a7c9261"
            }
          },
          {
            "sequence": 2,
            "diagnosisReference": {
              "reference": "urn:uuid:ee9438f6-53de-4a5d-b05e-055d5b19a5c3"
            }
          },
          {
            "sequence": 3,
            "diagnosisReference": {
              "reference": "urn:uuid:64a3afa2-3cbb-4909-97f5-c4aa668026c4"
            }
          },
          {
            "sequence": 4,
            "diagnosisReference": {
              "reference": "urn:uuid:2d77f845-0573-4fbc-9e97-7a9077d12a54"
            }
          },
          {
            "sequence": 5,
            "diagnosisReference": {
              "reference": "urn:uuid:5e513894-e2b1-406e-8f51-0d41b49bbe76"
            }
          }
        ],
        "item": [
          {
            "sequence": 1,
            "net": {
              "value": 125.0,
              "system": "urn:iso:std:iso:4217",
              "code": "USD"
            },
            "encounter": [
              {
                "reference": {
                  "fullUrl": "urn:uuid:f4092a1b-7c4d-433f-989d-b438c291c319",
                  "resource": {
                    "id": "f4092a1b-7c4d-433f-989d-b438c291c319",
                    "meta": {
                      "profile": [
                        "http://standardhealthrecord.org/fhir/StructureDefinition/shr-encounter-Encounter"
                      ]
                    },
                    "status": "finished",
                    "class": {
                      "code": "ambulatory"
                    },
                    "type": [
                      {
                        "coding": [
                          {
                            "system": "http://snomed.info/sct",
                            "code": "308646001"
                          }
                        ],
                        "text": "Death Certification"
                      }
                    ],
                    "subject": {
                      "reference": "urn:uuid:8a5e5ab5-9a17-42fa-ab14-f92e45619c0c"
                    },
                    "period": {
                      "start": "2003-12-31T06:38:20-05:00",
                      "end": "2003-12-31T06:53:20-05:00"
                    },
                    "serviceProvider": {
                      "reference": "urn:uuid:6af5db50-8f3e-4a9c-a120-03ced05cdc1c"
                    },
                    "resourceType": "Encounter"
                  }
                }
              }
            ]
          },
          {
            "sequence": 2,
            "diagnosisLinkId": [
              1
            ],
            "net": {
              "value": 0.0,
              "system": "urn:iso:std:iso:4217",
              "code": "USD"
            }
          },
          {
            "sequence": 3,
            "diagnosisLinkId": [
              2
            ],
            "net": {
              "value": 0.0,
              "system": "urn:iso:std:iso:4217",
              "code": "USD"
            }
          },
          {
            "sequence": 4,
            "diagnosisLinkId": [
              3
            ],
            "net": {
              "value": 0.0,
              "system": "urn:iso:std:iso:4217",
              "code": "USD"
            }
          },
          {
            "sequence": 5,
            "diagnosisLinkId": [
              4
            ],
            "net": {
              "value": 0.0,
              "system": "urn:iso:std:iso:4217",
              "code": "USD"
            }
          },
          {
            "sequence": 6,
            "diagnosisLinkId": [
              5
            ],
            "net": {
              "value": 0.0,
              "system": "urn:iso:std:iso:4217",
              "code": "USD"
            }
          }
        ],
        "total": {
          "value": 125.0,
          "system": "urn:iso:std:iso:4217",
          "code": "USD"
        },
        "resourceType": "Claim"
      }
    },
    {
      "fullUrl": "urn:uuid:d991718e-fdd9-43af-9db7-d3c37a7c9261",
      "resource": {
        "id": "d991718e-fdd9-43af-9db7-d3c37a7c9261",
        "meta": {
          "profile": [
            "http://standardhealthrecord.org/fhir/StructureDefinition/shr-problem-Problem"
          ]
        },
        "clinicalStatus": "active",
        "verificationStatus": "confirmed",
        "code": {
          "coding": [
            {
              "system": "http://snomed.info/sct",
              "code": "124171000119105",
              "display": "Chronic intractable migraine without aura"
            }
          ],
          "text": "Chronic intractable migraine without aura"
        },
        "subject": {
          "reference": "urn:uuid:8a5e5ab5-9a17-42fa-ab14-f92e45619c0c"
        },
        "context": {
          "reference": "urn:uuid:f4092a1b-7c4d-433f-989d-b438c291c319"
        },
        "onsetDateTime": "1995-02-08T20:04:51-05:00",
        "assertedDate": "1995-02-08",
        "resourceType": "Condition"
      }
    },
    {
      "fullUrl": "urn:uuid:ee9438f6-53de-4a5d-b05e-055d5b19a5c3",
      "resource": {
        "id": "ee9438f6-53de-4a5d-b05e-055d5b19a5c3",
        "meta": {
          "profile": [
            "http://standardhealthrecord.org/fhir/StructureDefinition/shr-problem-Problem"
          ]
        },
        "clinicalStatus": "active",
        "verificationStatus": "confirmed",
        "code": {
          "coding": [
            {
              "system": "http://snomed.info/sct",
              "code": "68496003",
              "display": "Polyp of colon"
            }
          ],
          "text": "Polyp of colon"
        },
        "subject": {
          "reference": "urn:uuid:8a5e5ab5-9a17-42fa-ab14-f92e45619c0c"
        },
        "context": {
          "reference": "urn:uuid:f4092a1b-7c4d-433f-989d-b438c291c319"
        },
        "onsetDateTime": "2001-10-31T07:10:51-05:00",
        "assertedDate": "2001-10-31",
        "resourceType": "Condition"
      }
    },
    {
      "fullUrl": "urn:uuid:64a3afa2-3cbb-4909-97f5-c4aa668026c4",
      "resource": {
        "id": "64a3afa2-3cbb-4909-97f5-c4aa668026c4",
        "meta": {
          "profile": [
            "http://standardhealthrecord.org/fhir/StructureDefinition/shr-problem-Problem"
          ]
        },
        "clinicalStatus": "active",
        "verificationStatus": "confirmed",
        "code": {
          "coding": [
            {
              "system": "http://snomed.info/sct",
              "code": "15777000",
              "display": "Prediabetes"
            }
          ],
          "text": "Prediabetes"
        },
        "subject": {
          "reference": "urn:uuid:8a5e5ab5-9a17-42fa-ab14-f92e45619c0c"
        },
        "context": {
          "reference": "urn:uuid:f4092a1b-7c4d-433f-989d-b438c291c319"
        },
        "onsetDateTime": "2002-06-30T01:18:27-04:00",
        "assertedDate": "2002-06-30",
        "resourceType": "Condition"
      }
    },
    {
      "fullUrl": "urn:uuid:2d77f845-0573-4fbc-9e97-7a9077d12a54",
      "resource": {
        "id": "2d77f845-0573-4fbc-9e97-7a9077d12a54",
        "meta": {
          "profile": [
            "http://standardhealthrecord.org/fhir/StructureDefinition/shr-problem-Problem"
          ]
        },
        "clinicalStatus": "active",
        "verificationStatus": "confirmed",
        "code": {
          "coding": [
            {
              "system": "http://snomed.info/sct",
              "code": "713197008",
              "display": "Recurrent rectal polyp"
            }
          ],
          "text": "Recurrent rectal polyp"
        },
        "subject": {
          "reference": "urn:uuid:8a5e5ab5-9a17-42fa-ab14-f92e45619c0c"
        },
        "context": {
          "reference": "urn:uuid:f4092a1b-7c4d-433f-989d-b438c291c319"
        },
        "onsetDateTime": "2003-03-10T08:30:26-05:00",
        "assertedDate": "2003-03-10",
        "resourceType": "Condition"
      }
    },
    {
      "fullUrl": "urn:uuid:5e513894-e2b1-406e-8f51-0d41b49bbe76",
      "resource": {
        "id": "5e513894-e2b1-406e-8f51-0d41b49bbe76",
        "meta": {
          "profile": [
            "http://standardhealthrecord.org/fhir/StructureDefinition/shr-problem-Problem"
          ]
        },
        "clinicalStatus": "active",
        "verificationStatus": "confirmed",
        "code": {
          "coding": [
            {
              "system": "http://snomed.info/sct",
              "code": "363406005",
              "display": "Malignant tumor of colon"
            }
          ],
          "text": "Malignant tumor of colon"
        },
        "subject": {
          "reference": "urn:uuid:8a5e5ab5-9a17-42fa-ab14-f92e45619c0c"
        },
        "context": {
          "reference": "urn:uuid:f4092a1b-7c4d-433f-989d-b438c291c319"
        },
        "onsetDateTime": "2003-03-13T21:54:12-05:00",
        "assertedDate": "2003-03-13",
        "resourceType": "Condition"
      }
    },
    {
      "fullUrl": "urn:uuid:c395235b-07d3-4bb2-a9ec-bb44fa64c378",
      "resource": {
        "id": "c395235b-07d3-4bb2-a9ec-bb44fa64c378",
        "meta": {
          "profile": [
            "http://standardhealthrecord.org/fhir/StructureDefinition/shr-observation-Observation"
          ]
        },
        "status": "final",
        "category": [
          {
            "coding": [
              {
                "system": "http://hl7.org/fhir/observation-category"
              }
            ]
          }
        ],
        "code": {
          "coding": [
            {
              "system": "http://loinc.org",
              "code": "69453-9",
              "display": "Cause of Death [US Standard Certificate of Death]"
            }
          ],
          "text": "Cause of Death [US Standard Certificate of Death]"
        },
        "subject": {
          "reference": "urn:uuid:8a5e5ab5-9a17-42fa-ab14-f92e45619c0c"
        },
        "context": {
          "reference": "urn:uuid:f4092a1b-7c4d-433f-989d-b438c291c319"
        },
        "effectiveDateTime": "2003-12-31T06:38:20-05:00",
        "issued": "2003-12-31T06:38:20-05:00",
        "valueCodeableConcept": {
          "coding": [
            {
              "system": "http://snomed.info/sct",
              "code": "9855000",
              "display": "Natural death with unknown cause"
            }
          ],
          "text": "Natural death with unknown cause"
        },
        "resourceType": "Observation"
      }
    },
    {
      "fullUrl": "urn:uuid:a62fa7a4-ea28-43b9-b6fb-fb01a435835a",
      "resource": {
        "id": "a62fa7a4-ea28-43b9-b6fb-fb01a435835a",
        "meta": {
          "profile": [
            "http://standardhealthrecord.org/fhir/StructureDefinition/shr-observation-Panel"
          ]
        },
        "status": "final",
        "code": {
          "coding": [
            {
              "system": "http://loinc.org",
              "code": "69409-1",
              "display": "U.S. standard certificate of death - 2003 revision"
            }
          ]
        },
        "subject": {
          "reference": "urn:uuid:8a5e5ab5-9a17-42fa-ab14-f92e45619c0c"
        },
        "context": {
          "reference": "urn:uuid:f4092a1b-7c4d-433f-989d-b438c291c319"
        },
        "effectiveDateTime": "2003-12-31T06:38:20-05:00",
        "issued": "2003-12-31T06:38:20-05:00",
        "result": [
          {
            "reference": "urn:uuid:c395235b-07d3-4bb2-a9ec-bb44fa64c378",
            "display": "Cause of Death [US Standard Certificate of Death]"
          }
        ],
        "resourceType": "DiagnosticReport"
      }
    },
    {
      "fullUrl": "urn:uuid:5aac5ddd-016e-4f55-80a6-72fa87b61796",
      "resource": {
        "id": "5aac5ddd-016e-4f55-80a6-72fa87b61796",
        "status": "in-progress",
        "description": {
          "text": "Hemoglobin A1c total in Blood < 7.0"
        },
        "addresses": [
          {
            "reference": "urn:uuid:64a3afa2-3cbb-4909-97f5-c4aa668026c4"
          }
        ],
        "resourceType": "Goal"
      }
    },
    {
      "fullUrl": "urn:uuid:9e0bb04b-ca52-4a8f-a34d-8892bad1eb9b",
      "resource": {
        "id": "9e0bb04b-ca52-4a8f-a34d-8892bad1eb9b",
        "status": "in-progress",
        "description": {
          "text": "Glucose [Mass/volume] in Blood < 108"
        },
        "addresses": [
          {
            "reference": "urn:uuid:64a3afa2-3cbb-4909-97f5-c4aa668026c4"
          }
        ],
        "resourceType": "Goal"
      }
    },
    {
      "fullUrl": "urn:uuid:867740df-6d9a-48bd-94e0-94217e095278",
      "resource": {
        "id": "867740df-6d9a-48bd-94e0-94217e095278",
        "status": "in-progress",
        "description": {
          "text": "Maintain blood pressure below 140/90 mmHg"
        },
        "addresses": [
          {
            "reference": "urn:uuid:64a3afa2-3cbb-4909-97f5-c4aa668026c4"
          }
        ],
        "resourceType": "Goal"
      }
    },
    {
      "fullUrl": "urn:uuid:7f5eb59e-4355-4663-b15d-d4db0b28843c",
      "resource": {
        "id": "7f5eb59e-4355-4663-b15d-d4db0b28843c",
        "status": "in-progress",
        "description": {
          "text": "Improve and maintenance of optimal foot health: aim at early detection of peripheral vascular problems and neuropathy presumed due to diabetes; and prevention of diabetic foot ulcer, gangrene"
        },
        "addresses": [
          {
            "reference": "urn:uuid:64a3afa2-3cbb-4909-97f5-c4aa668026c4"
          }
        ],
        "resourceType": "Goal"
      }
    },
    {
      "fullUrl": "urn:uuid:5fd81f2a-b56c-41c0-b434-ec66ec17dc71",
      "resource": {
        "id": "5fd81f2a-b56c-41c0-b434-ec66ec17dc71",
        "status": "in-progress",
        "description": {
          "text": "Address patient knowledge deficit on diabetic self-care"
        },
        "addresses": [
          {
            "reference": "urn:uuid:64a3afa2-3cbb-4909-97f5-c4aa668026c4"
          }
        ],
        "resourceType": "Goal"
      }
    },
    {
      "resource": {
        "status": "active",
        "intent": "order",
        "category": [
          {
            "coding": [
              {
                "system": "http://snomed.info/sct",
                "code": "698360004",
                "display": "Diabetes self management plan"
              }
            ]
          }
        ],
        "subject": {
          "reference": "urn:uuid:8a5e5ab5-9a17-42fa-ab14-f92e45619c0c"
        },
        "context": {
          "reference": "urn:uuid:f4092a1b-7c4d-433f-989d-b438c291c319"
        },
        "period": {
          "start": "2002-06-30"
        },
        "addresses": [
          {
            "reference": "urn:uuid:64a3afa2-3cbb-4909-97f5-c4aa668026c4"
          }
        ],
        "goal": [
          {
            "reference": "urn:uuid:5aac5ddd-016e-4f55-80a6-72fa87b61796"
          },
          {
            "reference": "urn:uuid:9e0bb04b-ca52-4a8f-a34d-8892bad1eb9b"
          },
          {
            "reference": "urn:uuid:867740df-6d9a-48bd-94e0-94217e095278"
          },
          {
            "reference": "urn:uuid:7f5eb59e-4355-4663-b15d-d4db0b28843c"
          },
          {
            "reference": "urn:uuid:5fd81f2a-b56c-41c0-b434-ec66ec17dc71"
          }
        ],
        "activity": [
          {
            "detail": {
              "code": {
                "coding": [
                  {
                    "system": "http://snomed.info/sct",
                    "code": "160670007",
                    "display": "Diabetic diet"
                  }
                ]
              },
              "status": "in-progress"
            }
          },
          {
            "detail": {
              "code": {
                "coding": [
                  {
                    "system": "http://snomed.info/sct",
                    "code": "229065009",
                    "display": "Exercise therapy"
                  }
                ]
              },
              "status": "in-progress"
            }
          }
        ],
        "resourceType": "CarePlan"
      }
    },
    {
      "resource": {
        "status": "active",
        "intent": "order",
        "category": [
          {
            "coding": [
              {
                "system": "http://snomed.info/sct",
                "code": "395082007",
                "display": "Cancer care plan"
              }
            ]
          }
        ],
        "subject": {
          "reference": "urn:uuid:8a5e5ab5-9a17-42fa-ab14-f92e45619c0c"
        },
        "context": {
          "reference": "urn:uuid:f4092a1b-7c4d-433f-989d-b438c291c319"
        },
        "period": {
          "start": "2003-03-13"
        },
        "addresses": [
          {
            "reference": "urn:uuid:5e513894-e2b1-406e-8f51-0d41b49bbe76"
          }
        ],
        "activity": [
          {
            "detail": {
              "code": {
                "coding": [
                  {
                    "system": "http://snomed.info/sct",
                    "code": "226234005",
                    "display": "Healthy diet"
                  }
                ]
              },
              "status": "in-progress"
            }
          },
          {
            "detail": {
              "code": {
                "coding": [
                  {
                    "system": "http://snomed.info/sct",
                    "code": "703993001",
                    "display": "Colonoscopy planned"
                  }
                ]
              },
              "status": "in-progress"
            }
          },
          {
            "detail": {
              "code": {
                "coding": [
                  {
                    "system": "http://snomed.info/sct",
                    "code": "243072006",
                    "display": "Cancer education"
                  }
                ]
              },
              "status": "in-progress"
            }
          }
        ],
        "resourceType": "CarePlan"
      }
    },
    {
      "fullUrl": "urn:uuid:ea0851b9-6d17-4bb2-b8ed-6745a0e79f32",
      "resource": {
        "id": "ea0851b9-6d17-4bb2-b8ed-6745a0e79f32",
        "meta": {
          "profile": [
            "http://standardhealthrecord.org/fhir/StructureDefinition/shr-medication-MedicationPrescription"
          ]
        },
        "extension": [
          {
            "url": "http://standardhealthrecord.org/fhir/StructureDefinition/shr-base-ActionCode-extension",
            "valueCodeableConcept": {
              "coding": [
                {
                  "system": "http://snomed.info/sct",
                  "code": "33633005",
                  "display": "Prescription of drug (procedure)"
                }
              ],
              "text": "Prescription of drug (procedure)"
            }
          }
        ],
        "status": "active",
        "intent": "order",
        "medicationCodeableConcept": {
          "coding": [
            {
              "system": "http://www.nlm.nih.gov/research/umls/rxnorm",
              "code": "834060",
              "display": "Penicillin V Potassium 250 MG"
            }
          ],
          "text": "Penicillin V Potassium 250 MG"
        },
        "subject": {
          "reference": "urn:uuid:8a5e5ab5-9a17-42fa-ab14-f92e45619c0c"
        },
        "context": {
          "reference": "urn:uuid:f4092a1b-7c4d-433f-989d-b438c291c319"
        },
        "authoredOn": "1952-12-08",
        "resourceType": "MedicationRequest"
      }
    },
    {
      "fullUrl": "urn:uuid:1cf34aaa-67bb-4f0b-9dd7-db80393ea86a",
      "resource": {
        "id": "1cf34aaa-67bb-4f0b-9dd7-db80393ea86a",
        "status": "active",
        "use": "complete",
        "patient": {
          "reference": "urn:uuid:8a5e5ab5-9a17-42fa-ab14-f92e45619c0c"
        },
        "billablePeriod": {
          "start": "2003-12-31T06:38:20-05:00",
          "end": "2003-12-31T06:53:20-05:00"
        },
        "organization": {
          "reference": {
            "reference": "urn:uuid:6af5db50-8f3e-4a9c-a120-03ced05cdc1c"
          }
        },
        "prescription": {
          "reference": "urn:uuid:ea0851b9-6d17-4bb2-b8ed-6745a0e79f32"
        },
        "item": [
          {
            "sequence": 1,
            "net": {
              "value": 125.0,
              "system": "urn:iso:std:iso:4217",
              "code": "USD"
            },
            "encounter": [
              {
                "reference": {
                  "fullUrl": "urn:uuid:f4092a1b-7c4d-433f-989d-b438c291c319",
                  "resource": {
                    "id": "f4092a1b-7c4d-433f-989d-b438c291c319",
                    "meta": {
                      "profile": [
                        "http://standardhealthrecord.org/fhir/StructureDefinition/shr-encounter-Encounter"
                      ]
                    },
                    "status": "finished",
                    "class": {
                      "code": "ambulatory"
                    },
                    "type": [
                      {
                        "coding": [
                          {
                            "system": "http://snomed.info/sct",
                            "code": "308646001"
                          }
                        ],
                        "text": "Death Certification"
                      }
                    ],
                    "subject": {
                      "reference": "urn:uuid:8a5e5ab5-9a17-42fa-ab14-f92e45619c0c"
                    },
                    "period": {
                      "start": "2003-12-31T06:38:20-05:00",
                      "end": "2003-12-31T06:53:20-05:00"
                    },
                    "serviceProvider": {
                      "reference": "urn:uuid:6af5db50-8f3e-4a9c-a120-03ced05cdc1c"
                    },
                    "resourceType": "Encounter"
                  }
                }
              }
            ]
          },
          {
            "sequence": 1,
            "net": {
              "value": 255.0,
              "system": "urn:iso:std:iso:4217",
              "code": "USD"
            }
          }
        ],
        "total": {
          "value": 255.0,
          "system": "urn:iso:std:iso:4217",
          "code": "USD"
        },
        "resourceType": "Claim"
      }
    },
    {
      "fullUrl": "urn:uuid:3fdaacd3-da74-48c4-8e6d-66a485e5df8a",
      "resource": {
        "id": "3fdaacd3-da74-48c4-8e6d-66a485e5df8a",
        "meta": {
          "profile": [
            "http://standardhealthrecord.org/fhir/StructureDefinition/shr-medication-MedicationPrescription"
          ]
        },
        "extension": [
          {
            "url": "http://standardhealthrecord.org/fhir/StructureDefinition/shr-base-ActionCode-extension",
            "valueCodeableConcept": {
              "coding": [
                {
                  "system": "http://snomed.info/sct",
                  "code": "33633005",
                  "display": "Prescription of drug (procedure)"
                }
              ],
              "text": "Prescription of drug (procedure)"
            }
          }
        ],
        "status": "active",
        "intent": "order",
        "medicationCodeableConcept": {
          "coding": [
            {
              "system": "http://www.nlm.nih.gov/research/umls/rxnorm",
              "code": "834060",
              "display": "Penicillin V Potassium 250 MG"
            }
          ],
          "text": "Penicillin V Potassium 250 MG"
        },
        "subject": {
          "reference": "urn:uuid:8a5e5ab5-9a17-42fa-ab14-f92e45619c0c"
        },
        "context": {
          "reference": "urn:uuid:f4092a1b-7c4d-433f-989d-b438c291c319"
        },
        "authoredOn": "1960-01-20",
        "resourceType": "MedicationRequest"
      }
    },
    {
      "fullUrl": "urn:uuid:a57ee6fe-3ae6-4ffc-b447-db36769a7439",
      "resource": {
        "id": "a57ee6fe-3ae6-4ffc-b447-db36769a7439",
        "status": "active",
        "use": "complete",
        "patient": {
          "reference": "urn:uuid:8a5e5ab5-9a17-42fa-ab14-f92e45619c0c"
        },
        "billablePeriod": {
          "start": "2003-12-31T06:38:20-05:00",
          "end": "2003-12-31T06:53:20-05:00"
        },
        "organization": {
          "reference": {
            "reference": "urn:uuid:6af5db50-8f3e-4a9c-a120-03ced05cdc1c"
          }
        },
        "prescription": {
          "reference": "urn:uuid:3fdaacd3-da74-48c4-8e6d-66a485e5df8a"
        },
        "item": [
          {
            "sequence": 1,
            "net": {
              "value": 125.0,
              "system": "urn:iso:std:iso:4217",
              "code": "USD"
            },
            "encounter": [
              {
                "reference": {
                  "fullUrl": "urn:uuid:f4092a1b-7c4d-433f-989d-b438c291c319",
                  "resource": {
                    "id": "f4092a1b-7c4d-433f-989d-b438c291c319",
                    "meta": {
                      "profile": [
                        "http://standardhealthrecord.org/fhir/StructureDefinition/shr-encounter-Encounter"
                      ]
                    },
                    "status": "finished",
                    "class": {
                      "code": "ambulatory"
                    },
                    "type": [
                      {
                        "coding": [
                          {
                            "system": "http://snomed.info/sct",
                            "code": "308646001"
                          }
                        ],
                        "text": "Death Certification"
                      }
                    ],
                    "subject": {
                      "reference": "urn:uuid:8a5e5ab5-9a17-42fa-ab14-f92e45619c0c"
                    },
                    "period": {
                      "start": "2003-12-31T06:38:20-05:00",
                      "end": "2003-12-31T06:53:20-05:00"
                    },
                    "serviceProvider": {
                      "reference": "urn:uuid:6af5db50-8f3e-4a9c-a120-03ced05cdc1c"
                    },
                    "resourceType": "Encounter"
                  }
                }
              }
            ]
          },
          {
            "sequence": 1,
            "net": {
              "value": 255.0,
              "system": "urn:iso:std:iso:4217",
              "code": "USD"
            }
          }
        ],
        "total": {
          "value": 255.0,
          "system": "urn:iso:std:iso:4217",
          "code": "USD"
        },
        "resourceType": "Claim"
      }
    },
    {
      "fullUrl": "urn:uuid:5a4e860f-4060-4d1a-b6dd-83687ff7825d",
      "resource": {
        "id": "5a4e860f-4060-4d1a-b6dd-83687ff7825d",
        "meta": {
          "profile": [
            "http://standardhealthrecord.org/fhir/StructureDefinition/shr-medication-MedicationPrescription"
          ]
        },
        "extension": [
          {
            "url": "http://standardhealthrecord.org/fhir/StructureDefinition/shr-base-ActionCode-extension",
            "valueCodeableConcept": {
              "coding": [
                {
                  "system": "http://snomed.info/sct",
                  "code": "33633005",
                  "display": "Prescription of drug (procedure)"
                }
              ],
              "text": "Prescription of drug (procedure)"
            }
          }
        ],
        "status": "active",
        "intent": "order",
        "medicationCodeableConcept": {
          "coding": [
            {
              "system": "http://www.nlm.nih.gov/research/umls/rxnorm",
              "code": "1803932",
              "display": "Leucovorin 100 MG Injection"
            }
          ],
          "text": "Leucovorin 100 MG Injection"
        },
        "subject": {
          "reference": "urn:uuid:8a5e5ab5-9a17-42fa-ab14-f92e45619c0c"
        },
        "context": {
          "reference": "urn:uuid:f4092a1b-7c4d-433f-989d-b438c291c319"
        },
        "authoredOn": "2003-04-18",
        "reasonReference": [
          {
            "reference": "urn:uuid:5e513894-e2b1-406e-8f51-0d41b49bbe76"
          }
        ],
        "resourceType": "MedicationRequest"
      }
    },
    {
      "fullUrl": "urn:uuid:2b16f77e-24df-41f8-b94d-ad07fea60854",
      "resource": {
        "id": "2b16f77e-24df-41f8-b94d-ad07fea60854",
        "status": "active",
        "use": "complete",
        "patient": {
          "reference": "urn:uuid:8a5e5ab5-9a17-42fa-ab14-f92e45619c0c"
        },
        "billablePeriod": {
          "start": "2003-12-31T06:38:20-05:00",
          "end": "2003-12-31T06:53:20-05:00"
        },
        "organization": {
          "reference": {
            "reference": "urn:uuid:6af5db50-8f3e-4a9c-a120-03ced05cdc1c"
          }
        },
        "prescription": {
          "reference": "urn:uuid:5a4e860f-4060-4d1a-b6dd-83687ff7825d"
        },
        "item": [
          {
            "sequence": 1,
            "net": {
              "value": 125.0,
              "system": "urn:iso:std:iso:4217",
              "code": "USD"
            },
            "encounter": [
              {
                "reference": {
                  "fullUrl": "urn:uuid:f4092a1b-7c4d-433f-989d-b438c291c319",
                  "resource": {
                    "id": "f4092a1b-7c4d-433f-989d-b438c291c319",
                    "meta": {
                      "profile": [
                        "http://standardhealthrecord.org/fhir/StructureDefinition/shr-encounter-Encounter"
                      ]
                    },
                    "status": "finished",
                    "class": {
                      "code": "ambulatory"
                    },
                    "type": [
                      {
                        "coding": [
                          {
                            "system": "http://snomed.info/sct",
                            "code": "308646001"
                          }
                        ],
                        "text": "Death Certification"
                      }
                    ],
                    "subject": {
                      "reference": "urn:uuid:8a5e5ab5-9a17-42fa-ab14-f92e45619c0c"
                    },
                    "period": {
                      "start": "2003-12-31T06:38:20-05:00",
                      "end": "2003-12-31T06:53:20-05:00"
                    },
                    "serviceProvider": {
                      "reference": "urn:uuid:6af5db50-8f3e-4a9c-a120-03ced05cdc1c"
                    },
                    "resourceType": "Encounter"
                  }
                }
              }
            ]
          },
          {
            "sequence": 1,
            "net": {
              "value": 255.0,
              "system": "urn:iso:std:iso:4217",
              "code": "USD"
            }
          }
        ],
        "total": {
          "value": 255.0,
          "system": "urn:iso:std:iso:4217",
          "code": "USD"
        },
        "resourceType": "Claim"
      }
    },
    {
      "fullUrl": "urn:uuid:b4f834f5-7710-4062-98d3-0ab7c9af6ed7",
      "resource": {
        "id": "b4f834f5-7710-4062-98d3-0ab7c9af6ed7",
        "meta": {
          "profile": [
            "http://standardhealthrecord.org/fhir/StructureDefinition/shr-medication-MedicationPrescription"
          ]
        },
        "extension": [
          {
            "url": "http://standardhealthrecord.org/fhir/StructureDefinition/shr-base-ActionCode-extension",
            "valueCodeableConcept": {
              "coding": [
                {
                  "system": "http://snomed.info/sct",
                  "code": "33633005",
                  "display": "Prescription of drug (procedure)"
                }
              ],
              "text": "Prescription of drug (procedure)"
            }
          }
        ],
        "status": "active",
        "intent": "order",
        "medicationCodeableConcept": {
          "coding": [
            {
              "system": "http://www.nlm.nih.gov/research/umls/rxnorm",
              "code": "575971",
              "display": "oxaliplatin 5 MG/ML [Eloxatin]"
            }
          ],
          "text": "oxaliplatin 5 MG/ML [Eloxatin]"
        },
        "subject": {
          "reference": "urn:uuid:8a5e5ab5-9a17-42fa-ab14-f92e45619c0c"
        },
        "context": {
          "reference": "urn:uuid:f4092a1b-7c4d-433f-989d-b438c291c319"
        },
        "authoredOn": "2003-04-18",
        "reasonReference": [
          {
            "reference": "urn:uuid:5e513894-e2b1-406e-8f51-0d41b49bbe76"
          }
        ],
        "resourceType": "MedicationRequest"
      }
    },
    {
      "fullUrl": "urn:uuid:dfd7b0e8-b822-461c-8c5b-fa43fd07f826",
      "resource": {
        "id": "dfd7b0e8-b822-461c-8c5b-fa43fd07f826",
        "status": "active",
        "use": "complete",
        "patient": {
          "reference": "urn:uuid:8a5e5ab5-9a17-42fa-ab14-f92e45619c0c"
        },
        "billablePeriod": {
          "start": "2003-12-31T06:38:20-05:00",
          "end": "2003-12-31T06:53:20-05:00"
        },
        "organization": {
          "reference": {
            "reference": "urn:uuid:6af5db50-8f3e-4a9c-a120-03ced05cdc1c"
          }
        },
        "prescription": {
          "reference": "urn:uuid:b4f834f5-7710-4062-98d3-0ab7c9af6ed7"
        },
        "item": [
          {
            "sequence": 1,
            "net": {
              "value": 125.0,
              "system": "urn:iso:std:iso:4217",
              "code": "USD"
            },
            "encounter": [
              {
                "reference": {
                  "fullUrl": "urn:uuid:f4092a1b-7c4d-433f-989d-b438c291c319",
                  "resource": {
                    "id": "f4092a1b-7c4d-433f-989d-b438c291c319",
                    "meta": {
                      "profile": [
                        "http://standardhealthrecord.org/fhir/StructureDefinition/shr-encounter-Encounter"
                      ]
                    },
                    "status": "finished",
                    "class": {
                      "code": "ambulatory"
                    },
                    "type": [
                      {
                        "coding": [
                          {
                            "system": "http://snomed.info/sct",
                            "code": "308646001"
                          }
                        ],
                        "text": "Death Certification"
                      }
                    ],
                    "subject": {
                      "reference": "urn:uuid:8a5e5ab5-9a17-42fa-ab14-f92e45619c0c"
                    },
                    "period": {
                      "start": "2003-12-31T06:38:20-05:00",
                      "end": "2003-12-31T06:53:20-05:00"
                    },
                    "serviceProvider": {
                      "reference": "urn:uuid:6af5db50-8f3e-4a9c-a120-03ced05cdc1c"
                    },
                    "resourceType": "Encounter"
                  }
                }
              }
            ]
          },
          {
            "sequence": 1,
            "net": {
              "value": 255.0,
              "system": "urn:iso:std:iso:4217",
              "code": "USD"
            }
          }
        ],
        "total": {
          "value": 255.0,
          "system": "urn:iso:std:iso:4217",
          "code": "USD"
        },
        "resourceType": "Claim"
      }
    },
    {
      "fullUrl": "urn:uuid:97748254-4dbd-40c6-bd42-c319dc2226db",
      "resource": {
        "id": "97748254-4dbd-40c6-bd42-c319dc2226db",
        "meta": {
          "profile": [
            "http://standardhealthrecord.org/fhir/StructureDefinition/shr-medication-MedicationPrescription"
          ]
        },
        "extension": [
          {
            "url": "http://standardhealthrecord.org/fhir/StructureDefinition/shr-base-ActionCode-extension",
            "valueCodeableConcept": {
              "coding": [
                {
                  "system": "http://snomed.info/sct",
                  "code": "33633005",
                  "display": "Prescription of drug (procedure)"
                }
              ],
              "text": "Prescription of drug (procedure)"
            }
          }
        ],
        "status": "active",
        "intent": "order",
        "medicationCodeableConcept": {
          "coding": [
            {
              "system": "http://www.nlm.nih.gov/research/umls/rxnorm",
              "code": "1803932",
              "display": "Leucovorin 100 MG Injection"
            }
          ],
          "text": "Leucovorin 100 MG Injection"
        },
        "subject": {
          "reference": "urn:uuid:8a5e5ab5-9a17-42fa-ab14-f92e45619c0c"
        },
        "context": {
          "reference": "urn:uuid:f4092a1b-7c4d-433f-989d-b438c291c319"
        },
        "authoredOn": "2003-05-22",
        "reasonReference": [
          {
            "reference": "urn:uuid:5e513894-e2b1-406e-8f51-0d41b49bbe76"
          }
        ],
        "resourceType": "MedicationRequest"
      }
    },
    {
      "fullUrl": "urn:uuid:2f4d3692-7640-4ed2-9681-c3d02dafb42d",
      "resource": {
        "id": "2f4d3692-7640-4ed2-9681-c3d02dafb42d",
        "status": "active",
        "use": "complete",
        "patient": {
          "reference": "urn:uuid:8a5e5ab5-9a17-42fa-ab14-f92e45619c0c"
        },
        "billablePeriod": {
          "start": "2003-12-31T06:38:20-05:00",
          "end": "2003-12-31T06:53:20-05:00"
        },
        "organization": {
          "reference": {
            "reference": "urn:uuid:6af5db50-8f3e-4a9c-a120-03ced05cdc1c"
          }
        },
        "prescription": {
          "reference": "urn:uuid:97748254-4dbd-40c6-bd42-c319dc2226db"
        },
        "item": [
          {
            "sequence": 1,
            "net": {
              "value": 125.0,
              "system": "urn:iso:std:iso:4217",
              "code": "USD"
            },
            "encounter": [
              {
                "reference": {
                  "fullUrl": "urn:uuid:f4092a1b-7c4d-433f-989d-b438c291c319",
                  "resource": {
                    "id": "f4092a1b-7c4d-433f-989d-b438c291c319",
                    "meta": {
                      "profile": [
                        "http://standardhealthrecord.org/fhir/StructureDefinition/shr-encounter-Encounter"
                      ]
                    },
                    "status": "finished",
                    "class": {
                      "code": "ambulatory"
                    },
                    "type": [
                      {
                        "coding": [
                          {
                            "system": "http://snomed.info/sct",
                            "code": "308646001"
                          }
                        ],
                        "text": "Death Certification"
                      }
                    ],
                    "subject": {
                      "reference": "urn:uuid:8a5e5ab5-9a17-42fa-ab14-f92e45619c0c"
                    },
                    "period": {
                      "start": "2003-12-31T06:38:20-05:00",
                      "end": "2003-12-31T06:53:20-05:00"
                    },
                    "serviceProvider": {
                      "reference": "urn:uuid:6af5db50-8f3e-4a9c-a120-03ced05cdc1c"
                    },
                    "resourceType": "Encounter"
                  }
                }
              }
            ]
          },
          {
            "sequence": 1,
            "net": {
              "value": 255.0,
              "system": "urn:iso:std:iso:4217",
              "code": "USD"
            }
          }
        ],
        "total": {
          "value": 255.0,
          "system": "urn:iso:std:iso:4217",
          "code": "USD"
        },
        "resourceType": "Claim"
      }
    },
    {
      "fullUrl": "urn:uuid:3f971b9a-5f77-46e8-9926-ec08efe5e83c",
      "resource": {
        "id": "3f971b9a-5f77-46e8-9926-ec08efe5e83c",
        "meta": {
          "profile": [
            "http://standardhealthrecord.org/fhir/StructureDefinition/shr-medication-MedicationPrescription"
          ]
        },
        "extension": [
          {
            "url": "http://standardhealthrecord.org/fhir/StructureDefinition/shr-base-ActionCode-extension",
            "valueCodeableConcept": {
              "coding": [
                {
                  "system": "http://snomed.info/sct",
                  "code": "33633005",
                  "display": "Prescription of drug (procedure)"
                }
              ],
              "text": "Prescription of drug (procedure)"
            }
          }
        ],
        "status": "active",
        "intent": "order",
        "medicationCodeableConcept": {
          "coding": [
            {
              "system": "http://www.nlm.nih.gov/research/umls/rxnorm",
              "code": "575971",
              "display": "oxaliplatin 5 MG/ML [Eloxatin]"
            }
          ],
          "text": "oxaliplatin 5 MG/ML [Eloxatin]"
        },
        "subject": {
          "reference": "urn:uuid:8a5e5ab5-9a17-42fa-ab14-f92e45619c0c"
        },
        "context": {
          "reference": "urn:uuid:f4092a1b-7c4d-433f-989d-b438c291c319"
        },
        "authoredOn": "2003-05-22",
        "reasonReference": [
          {
            "reference": "urn:uuid:5e513894-e2b1-406e-8f51-0d41b49bbe76"
          }
        ],
        "resourceType": "MedicationRequest"
      }
    },
    {
      "fullUrl": "urn:uuid:48754fe4-f0b2-4367-ba63-7df9e6b429b2",
      "resource": {
        "id": "48754fe4-f0b2-4367-ba63-7df9e6b429b2",
        "status": "active",
        "use": "complete",
        "patient": {
          "reference": "urn:uuid:8a5e5ab5-9a17-42fa-ab14-f92e45619c0c"
        },
        "billablePeriod": {
          "start": "2003-12-31T06:38:20-05:00",
          "end": "2003-12-31T06:53:20-05:00"
        },
        "organization": {
          "reference": {
            "reference": "urn:uuid:6af5db50-8f3e-4a9c-a120-03ced05cdc1c"
          }
        },
        "prescription": {
          "reference": "urn:uuid:3f971b9a-5f77-46e8-9926-ec08efe5e83c"
        },
        "item": [
          {
            "sequence": 1,
            "net": {
              "value": 125.0,
              "system": "urn:iso:std:iso:4217",
              "code": "USD"
            },
            "encounter": [
              {
                "reference": {
                  "fullUrl": "urn:uuid:f4092a1b-7c4d-433f-989d-b438c291c319",
                  "resource": {
                    "id": "f4092a1b-7c4d-433f-989d-b438c291c319",
                    "meta": {
                      "profile": [
                        "http://standardhealthrecord.org/fhir/StructureDefinition/shr-encounter-Encounter"
                      ]
                    },
                    "status": "finished",
                    "class": {
                      "code": "ambulatory"
                    },
                    "type": [
                      {
                        "coding": [
                          {
                            "system": "http://snomed.info/sct",
                            "code": "308646001"
                          }
                        ],
                        "text": "Death Certification"
                      }
                    ],
                    "subject": {
                      "reference": "urn:uuid:8a5e5ab5-9a17-42fa-ab14-f92e45619c0c"
                    },
                    "period": {
                      "start": "2003-12-31T06:38:20-05:00",
                      "end": "2003-12-31T06:53:20-05:00"
                    },
                    "serviceProvider": {
                      "reference": "urn:uuid:6af5db50-8f3e-4a9c-a120-03ced05cdc1c"
                    },
                    "resourceType": "Encounter"
                  }
                }
              }
            ]
          },
          {
            "sequence": 1,
            "net": {
              "value": 255.0,
              "system": "urn:iso:std:iso:4217",
              "code": "USD"
            }
          }
        ],
        "total": {
          "value": 255.0,
          "system": "urn:iso:std:iso:4217",
          "code": "USD"
        },
        "resourceType": "Claim"
      }
    },
    {
      "fullUrl": "urn:uuid:8b78156f-2a5d-43a6-8f63-24f473f2bace",
      "resource": {
        "id": "8b78156f-2a5d-43a6-8f63-24f473f2bace",
        "meta": {
          "profile": [
            "http://standardhealthrecord.org/fhir/StructureDefinition/shr-medication-MedicationPrescription"
          ]
        },
        "extension": [
          {
            "url": "http://standardhealthrecord.org/fhir/StructureDefinition/shr-base-ActionCode-extension",
            "valueCodeableConcept": {
              "coding": [
                {
                  "system": "http://snomed.info/sct",
                  "code": "33633005",
                  "display": "Prescription of drug (procedure)"
                }
              ],
              "text": "Prescription of drug (procedure)"
            }
          }
        ],
        "status": "active",
        "intent": "order",
        "medicationCodeableConcept": {
          "coding": [
            {
              "system": "http://www.nlm.nih.gov/research/umls/rxnorm",
              "code": "1803932",
              "display": "Leucovorin 100 MG Injection"
            }
          ],
          "text": "Leucovorin 100 MG Injection"
        },
        "subject": {
          "reference": "urn:uuid:8a5e5ab5-9a17-42fa-ab14-f92e45619c0c"
        },
        "context": {
          "reference": "urn:uuid:f4092a1b-7c4d-433f-989d-b438c291c319"
        },
        "authoredOn": "2003-06-21",
        "reasonReference": [
          {
            "reference": "urn:uuid:5e513894-e2b1-406e-8f51-0d41b49bbe76"
          }
        ],
        "resourceType": "MedicationRequest"
      }
    },
    {
      "fullUrl": "urn:uuid:dc67e8ed-9cf4-4b95-a724-6a52e0836936",
      "resource": {
        "id": "dc67e8ed-9cf4-4b95-a724-6a52e0836936",
        "status": "active",
        "use": "complete",
        "patient": {
          "reference": "urn:uuid:8a5e5ab5-9a17-42fa-ab14-f92e45619c0c"
        },
        "billablePeriod": {
          "start": "2003-12-31T06:38:20-05:00",
          "end": "2003-12-31T06:53:20-05:00"
        },
        "organization": {
          "reference": {
            "reference": "urn:uuid:6af5db50-8f3e-4a9c-a120-03ced05cdc1c"
          }
        },
        "prescription": {
          "reference": "urn:uuid:8b78156f-2a5d-43a6-8f63-24f473f2bace"
        },
        "item": [
          {
            "sequence": 1,
            "net": {
              "value": 125.0,
              "system": "urn:iso:std:iso:4217",
              "code": "USD"
            },
            "encounter": [
              {
                "reference": {
                  "fullUrl": "urn:uuid:f4092a1b-7c4d-433f-989d-b438c291c319",
                  "resource": {
                    "id": "f4092a1b-7c4d-433f-989d-b438c291c319",
                    "meta": {
                      "profile": [
                        "http://standardhealthrecord.org/fhir/StructureDefinition/shr-encounter-Encounter"
                      ]
                    },
                    "status": "finished",
                    "class": {
                      "code": "ambulatory"
                    },
                    "type": [
                      {
                        "coding": [
                          {
                            "system": "http://snomed.info/sct",
                            "code": "308646001"
                          }
                        ],
                        "text": "Death Certification"
                      }
                    ],
                    "subject": {
                      "reference": "urn:uuid:8a5e5ab5-9a17-42fa-ab14-f92e45619c0c"
                    },
                    "period": {
                      "start": "2003-12-31T06:38:20-05:00",
                      "end": "2003-12-31T06:53:20-05:00"
                    },
                    "serviceProvider": {
                      "reference": "urn:uuid:6af5db50-8f3e-4a9c-a120-03ced05cdc1c"
                    },
                    "resourceType": "Encounter"
                  }
                }
              }
            ]
          },
          {
            "sequence": 1,
            "net": {
              "value": 255.0,
              "system": "urn:iso:std:iso:4217",
              "code": "USD"
            }
          }
        ],
        "total": {
          "value": 255.0,
          "system": "urn:iso:std:iso:4217",
          "code": "USD"
        },
        "resourceType": "Claim"
      }
    },
    {
      "fullUrl": "urn:uuid:4d84b00c-6c11-4786-9b67-317f93e850b8",
      "resource": {
        "id": "4d84b00c-6c11-4786-9b67-317f93e850b8",
        "meta": {
          "profile": [
            "http://standardhealthrecord.org/fhir/StructureDefinition/shr-medication-MedicationPrescription"
          ]
        },
        "extension": [
          {
            "url": "http://standardhealthrecord.org/fhir/StructureDefinition/shr-base-ActionCode-extension",
            "valueCodeableConcept": {
              "coding": [
                {
                  "system": "http://snomed.info/sct",
                  "code": "33633005",
                  "display": "Prescription of drug (procedure)"
                }
              ],
              "text": "Prescription of drug (procedure)"
            }
          }
        ],
        "status": "active",
        "intent": "order",
        "medicationCodeableConcept": {
          "coding": [
            {
              "system": "http://www.nlm.nih.gov/research/umls/rxnorm",
              "code": "575971",
              "display": "oxaliplatin 5 MG/ML [Eloxatin]"
            }
          ],
          "text": "oxaliplatin 5 MG/ML [Eloxatin]"
        },
        "subject": {
          "reference": "urn:uuid:8a5e5ab5-9a17-42fa-ab14-f92e45619c0c"
        },
        "context": {
          "reference": "urn:uuid:f4092a1b-7c4d-433f-989d-b438c291c319"
        },
        "authoredOn": "2003-06-21",
        "reasonReference": [
          {
            "reference": "urn:uuid:5e513894-e2b1-406e-8f51-0d41b49bbe76"
          }
        ],
        "resourceType": "MedicationRequest"
      }
    },
    {
      "fullUrl": "urn:uuid:bc144850-c3e6-43e6-a547-a53d2a4b1819",
      "resource": {
        "id": "bc144850-c3e6-43e6-a547-a53d2a4b1819",
        "status": "active",
        "use": "complete",
        "patient": {
          "reference": "urn:uuid:8a5e5ab5-9a17-42fa-ab14-f92e45619c0c"
        },
        "billablePeriod": {
          "start": "2003-12-31T06:38:20-05:00",
          "end": "2003-12-31T06:53:20-05:00"
        },
        "organization": {
          "reference": {
            "reference": "urn:uuid:6af5db50-8f3e-4a9c-a120-03ced05cdc1c"
          }
        },
        "prescription": {
          "reference": "urn:uuid:4d84b00c-6c11-4786-9b67-317f93e850b8"
        },
        "item": [
          {
            "sequence": 1,
            "net": {
              "value": 125.0,
              "system": "urn:iso:std:iso:4217",
              "code": "USD"
            },
            "encounter": [
              {
                "reference": {
                  "fullUrl": "urn:uuid:f4092a1b-7c4d-433f-989d-b438c291c319",
                  "resource": {
                    "id": "f4092a1b-7c4d-433f-989d-b438c291c319",
                    "meta": {
                      "profile": [
                        "http://standardhealthrecord.org/fhir/StructureDefinition/shr-encounter-Encounter"
                      ]
                    },
                    "status": "finished",
                    "class": {
                      "code": "ambulatory"
                    },
                    "type": [
                      {
                        "coding": [
                          {
                            "system": "http://snomed.info/sct",
                            "code": "308646001"
                          }
                        ],
                        "text": "Death Certification"
                      }
                    ],
                    "subject": {
                      "reference": "urn:uuid:8a5e5ab5-9a17-42fa-ab14-f92e45619c0c"
                    },
                    "period": {
                      "start": "2003-12-31T06:38:20-05:00",
                      "end": "2003-12-31T06:53:20-05:00"
                    },
                    "serviceProvider": {
                      "reference": "urn:uuid:6af5db50-8f3e-4a9c-a120-03ced05cdc1c"
                    },
                    "resourceType": "Encounter"
                  }
                }
              }
            ]
          },
          {
            "sequence": 1,
            "net": {
              "value": 255.0,
              "system": "urn:iso:std:iso:4217",
              "code": "USD"
            }
          }
        ],
        "total": {
          "value": 255.0,
          "system": "urn:iso:std:iso:4217",
          "code": "USD"
        },
        "resourceType": "Claim"
      }
    },
    {
      "fullUrl": "urn:uuid:fee47412-2bca-49d7-97c1-fe84aebbb925",
      "resource": {
        "id": "fee47412-2bca-49d7-97c1-fe84aebbb925",
        "meta": {
          "profile": [
            "http://standardhealthrecord.org/fhir/StructureDefinition/shr-medication-MedicationPrescription"
          ]
        },
        "extension": [
          {
            "url": "http://standardhealthrecord.org/fhir/StructureDefinition/shr-base-ActionCode-extension",
            "valueCodeableConcept": {
              "coding": [
                {
                  "system": "http://snomed.info/sct",
                  "code": "33633005",
                  "display": "Prescription of drug (procedure)"
                }
              ],
              "text": "Prescription of drug (procedure)"
            }
          }
        ],
        "status": "active",
        "intent": "order",
        "medicationCodeableConcept": {
          "coding": [
            {
              "system": "http://www.nlm.nih.gov/research/umls/rxnorm",
              "code": "1803932",
              "display": "Leucovorin 100 MG Injection"
            }
          ],
          "text": "Leucovorin 100 MG Injection"
        },
        "subject": {
          "reference": "urn:uuid:8a5e5ab5-9a17-42fa-ab14-f92e45619c0c"
        },
        "context": {
          "reference": "urn:uuid:f4092a1b-7c4d-433f-989d-b438c291c319"
        },
        "authoredOn": "2003-07-22",
        "reasonReference": [
          {
            "reference": "urn:uuid:5e513894-e2b1-406e-8f51-0d41b49bbe76"
          }
        ],
        "resourceType": "MedicationRequest"
      }
    },
    {
      "fullUrl": "urn:uuid:c72a8ecb-05e8-45d0-b8c8-587e9092c80a",
      "resource": {
        "id": "c72a8ecb-05e8-45d0-b8c8-587e9092c80a",
        "status": "active",
        "use": "complete",
        "patient": {
          "reference": "urn:uuid:8a5e5ab5-9a17-42fa-ab14-f92e45619c0c"
        },
        "billablePeriod": {
          "start": "2003-12-31T06:38:20-05:00",
          "end": "2003-12-31T06:53:20-05:00"
        },
        "organization": {
          "reference": {
            "reference": "urn:uuid:6af5db50-8f3e-4a9c-a120-03ced05cdc1c"
          }
        },
        "prescription": {
          "reference": "urn:uuid:fee47412-2bca-49d7-97c1-fe84aebbb925"
        },
        "item": [
          {
            "sequence": 1,
            "net": {
              "value": 125.0,
              "system": "urn:iso:std:iso:4217",
              "code": "USD"
            },
            "encounter": [
              {
                "reference": {
                  "fullUrl": "urn:uuid:f4092a1b-7c4d-433f-989d-b438c291c319",
                  "resource": {
                    "id": "f4092a1b-7c4d-433f-989d-b438c291c319",
                    "meta": {
                      "profile": [
                        "http://standardhealthrecord.org/fhir/StructureDefinition/shr-encounter-Encounter"
                      ]
                    },
                    "status": "finished",
                    "class": {
                      "code": "ambulatory"
                    },
                    "type": [
                      {
                        "coding": [
                          {
                            "system": "http://snomed.info/sct",
                            "code": "308646001"
                          }
                        ],
                        "text": "Death Certification"
                      }
                    ],
                    "subject": {
                      "reference": "urn:uuid:8a5e5ab5-9a17-42fa-ab14-f92e45619c0c"
                    },
                    "period": {
                      "start": "2003-12-31T06:38:20-05:00",
                      "end": "2003-12-31T06:53:20-05:00"
                    },
                    "serviceProvider": {
                      "reference": "urn:uuid:6af5db50-8f3e-4a9c-a120-03ced05cdc1c"
                    },
                    "resourceType": "Encounter"
                  }
                }
              }
            ]
          },
          {
            "sequence": 1,
            "net": {
              "value": 255.0,
              "system": "urn:iso:std:iso:4217",
              "code": "USD"
            }
          }
        ],
        "total": {
          "value": 255.0,
          "system": "urn:iso:std:iso:4217",
          "code": "USD"
        },
        "resourceType": "Claim"
      }
    },
    {
      "fullUrl": "urn:uuid:406c7d1a-aa5f-4cee-90c5-d8def9e287d5",
      "resource": {
        "id": "406c7d1a-aa5f-4cee-90c5-d8def9e287d5",
        "meta": {
          "profile": [
            "http://standardhealthrecord.org/fhir/StructureDefinition/shr-medication-MedicationPrescription"
          ]
        },
        "extension": [
          {
            "url": "http://standardhealthrecord.org/fhir/StructureDefinition/shr-base-ActionCode-extension",
            "valueCodeableConcept": {
              "coding": [
                {
                  "system": "http://snomed.info/sct",
                  "code": "33633005",
                  "display": "Prescription of drug (procedure)"
                }
              ],
              "text": "Prescription of drug (procedure)"
            }
          }
        ],
        "status": "active",
        "intent": "order",
        "medicationCodeableConcept": {
          "coding": [
            {
              "system": "http://www.nlm.nih.gov/research/umls/rxnorm",
              "code": "575971",
              "display": "oxaliplatin 5 MG/ML [Eloxatin]"
            }
          ],
          "text": "oxaliplatin 5 MG/ML [Eloxatin]"
        },
        "subject": {
          "reference": "urn:uuid:8a5e5ab5-9a17-42fa-ab14-f92e45619c0c"
        },
        "context": {
          "reference": "urn:uuid:f4092a1b-7c4d-433f-989d-b438c291c319"
        },
        "authoredOn": "2003-07-22",
        "reasonReference": [
          {
            "reference": "urn:uuid:5e513894-e2b1-406e-8f51-0d41b49bbe76"
          }
        ],
        "resourceType": "MedicationRequest"
      }
    },
    {
      "fullUrl": "urn:uuid:f45ca101-6b85-4310-a9ee-46c2229fe7c5",
      "resource": {
        "id": "f45ca101-6b85-4310-a9ee-46c2229fe7c5",
        "status": "active",
        "use": "complete",
        "patient": {
          "reference": "urn:uuid:8a5e5ab5-9a17-42fa-ab14-f92e45619c0c"
        },
        "billablePeriod": {
          "start": "2003-12-31T06:38:20-05:00",
          "end": "2003-12-31T06:53:20-05:00"
        },
        "organization": {
          "reference": {
            "reference": "urn:uuid:6af5db50-8f3e-4a9c-a120-03ced05cdc1c"
          }
        },
        "prescription": {
          "reference": "urn:uuid:406c7d1a-aa5f-4cee-90c5-d8def9e287d5"
        },
        "item": [
          {
            "sequence": 1,
            "net": {
              "value": 125.0,
              "system": "urn:iso:std:iso:4217",
              "code": "USD"
            },
            "encounter": [
              {
                "reference": {
                  "fullUrl": "urn:uuid:f4092a1b-7c4d-433f-989d-b438c291c319",
                  "resource": {
                    "id": "f4092a1b-7c4d-433f-989d-b438c291c319",
                    "meta": {
                      "profile": [
                        "http://standardhealthrecord.org/fhir/StructureDefinition/shr-encounter-Encounter"
                      ]
                    },
                    "status": "finished",
                    "class": {
                      "code": "ambulatory"
                    },
                    "type": [
                      {
                        "coding": [
                          {
                            "system": "http://snomed.info/sct",
                            "code": "308646001"
                          }
                        ],
                        "text": "Death Certification"
                      }
                    ],
                    "subject": {
                      "reference": "urn:uuid:8a5e5ab5-9a17-42fa-ab14-f92e45619c0c"
                    },
                    "period": {
                      "start": "2003-12-31T06:38:20-05:00",
                      "end": "2003-12-31T06:53:20-05:00"
                    },
                    "serviceProvider": {
                      "reference": "urn:uuid:6af5db50-8f3e-4a9c-a120-03ced05cdc1c"
                    },
                    "resourceType": "Encounter"
                  }
                }
              }
            ]
          },
          {
            "sequence": 1,
            "net": {
              "value": 255.0,
              "system": "urn:iso:std:iso:4217",
              "code": "USD"
            }
          }
        ],
        "total": {
          "value": 255.0,
          "system": "urn:iso:std:iso:4217",
          "code": "USD"
        },
        "resourceType": "Claim"
      }
    },
    {
      "fullUrl": "urn:uuid:d4c418f3-d377-4a36-a88e-6f74446b8140",
      "resource": {
        "id": "d4c418f3-d377-4a36-a88e-6f74446b8140",
        "meta": {
          "profile": [
            "http://standardhealthrecord.org/fhir/StructureDefinition/shr-medication-MedicationPrescription"
          ]
        },
        "extension": [
          {
            "url": "http://standardhealthrecord.org/fhir/StructureDefinition/shr-base-ActionCode-extension",
            "valueCodeableConcept": {
              "coding": [
                {
                  "system": "http://snomed.info/sct",
                  "code": "33633005",
                  "display": "Prescription of drug (procedure)"
                }
              ],
              "text": "Prescription of drug (procedure)"
            }
          }
        ],
        "status": "active",
        "intent": "order",
        "medicationCodeableConcept": {
          "coding": [
            {
              "system": "http://www.nlm.nih.gov/research/umls/rxnorm",
              "code": "1803932",
              "display": "Leucovorin 100 MG Injection"
            }
          ],
          "text": "Leucovorin 100 MG Injection"
        },
        "subject": {
          "reference": "urn:uuid:8a5e5ab5-9a17-42fa-ab14-f92e45619c0c"
        },
        "context": {
          "reference": "urn:uuid:f4092a1b-7c4d-433f-989d-b438c291c319"
        },
        "authoredOn": "2003-08-24",
        "reasonReference": [
          {
            "reference": "urn:uuid:5e513894-e2b1-406e-8f51-0d41b49bbe76"
          }
        ],
        "resourceType": "MedicationRequest"
      }
    },
    {
      "fullUrl": "urn:uuid:51981922-874d-428d-8476-0e447bd2f59e",
      "resource": {
        "id": "51981922-874d-428d-8476-0e447bd2f59e",
        "status": "active",
        "use": "complete",
        "patient": {
          "reference": "urn:uuid:8a5e5ab5-9a17-42fa-ab14-f92e45619c0c"
        },
        "billablePeriod": {
          "start": "2003-12-31T06:38:20-05:00",
          "end": "2003-12-31T06:53:20-05:00"
        },
        "organization": {
          "reference": {
            "reference": "urn:uuid:6af5db50-8f3e-4a9c-a120-03ced05cdc1c"
          }
        },
        "prescription": {
          "reference": "urn:uuid:d4c418f3-d377-4a36-a88e-6f74446b8140"
        },
        "item": [
          {
            "sequence": 1,
            "net": {
              "value": 125.0,
              "system": "urn:iso:std:iso:4217",
              "code": "USD"
            },
            "encounter": [
              {
                "reference": {
                  "fullUrl": "urn:uuid:f4092a1b-7c4d-433f-989d-b438c291c319",
                  "resource": {
                    "id": "f4092a1b-7c4d-433f-989d-b438c291c319",
                    "meta": {
                      "profile": [
                        "http://standardhealthrecord.org/fhir/StructureDefinition/shr-encounter-Encounter"
                      ]
                    },
                    "status": "finished",
                    "class": {
                      "code": "ambulatory"
                    },
                    "type": [
                      {
                        "coding": [
                          {
                            "system": "http://snomed.info/sct",
                            "code": "308646001"
                          }
                        ],
                        "text": "Death Certification"
                      }
                    ],
                    "subject": {
                      "reference": "urn:uuid:8a5e5ab5-9a17-42fa-ab14-f92e45619c0c"
                    },
                    "period": {
                      "start": "2003-12-31T06:38:20-05:00",
                      "end": "2003-12-31T06:53:20-05:00"
                    },
                    "serviceProvider": {
                      "reference": "urn:uuid:6af5db50-8f3e-4a9c-a120-03ced05cdc1c"
                    },
                    "resourceType": "Encounter"
                  }
                }
              }
            ]
          },
          {
            "sequence": 1,
            "net": {
              "value": 255.0,
              "system": "urn:iso:std:iso:4217",
              "code": "USD"
            }
          }
        ],
        "total": {
          "value": 255.0,
          "system": "urn:iso:std:iso:4217",
          "code": "USD"
        },
        "resourceType": "Claim"
      }
    },
    {
      "fullUrl": "urn:uuid:e3b35233-8d91-4e18-a898-89acd6dc0085",
      "resource": {
        "id": "e3b35233-8d91-4e18-a898-89acd6dc0085",
        "meta": {
          "profile": [
            "http://standardhealthrecord.org/fhir/StructureDefinition/shr-medication-MedicationPrescription"
          ]
        },
        "extension": [
          {
            "url": "http://standardhealthrecord.org/fhir/StructureDefinition/shr-base-ActionCode-extension",
            "valueCodeableConcept": {
              "coding": [
                {
                  "system": "http://snomed.info/sct",
                  "code": "33633005",
                  "display": "Prescription of drug (procedure)"
                }
              ],
              "text": "Prescription of drug (procedure)"
            }
          }
        ],
        "status": "active",
        "intent": "order",
        "medicationCodeableConcept": {
          "coding": [
            {
              "system": "http://www.nlm.nih.gov/research/umls/rxnorm",
              "code": "575971",
              "display": "oxaliplatin 5 MG/ML [Eloxatin]"
            }
          ],
          "text": "oxaliplatin 5 MG/ML [Eloxatin]"
        },
        "subject": {
          "reference": "urn:uuid:8a5e5ab5-9a17-42fa-ab14-f92e45619c0c"
        },
        "context": {
          "reference": "urn:uuid:f4092a1b-7c4d-433f-989d-b438c291c319"
        },
        "authoredOn": "2003-08-24",
        "reasonReference": [
          {
            "reference": "urn:uuid:5e513894-e2b1-406e-8f51-0d41b49bbe76"
          }
        ],
        "resourceType": "MedicationRequest"
      }
    },
    {
      "fullUrl": "urn:uuid:d9e3faaf-9cef-44bc-9248-a29859b678b9",
      "resource": {
        "id": "d9e3faaf-9cef-44bc-9248-a29859b678b9",
        "status": "active",
        "use": "complete",
        "patient": {
          "reference": "urn:uuid:8a5e5ab5-9a17-42fa-ab14-f92e45619c0c"
        },
        "billablePeriod": {
          "start": "2003-12-31T06:38:20-05:00",
          "end": "2003-12-31T06:53:20-05:00"
        },
        "organization": {
          "reference": {
            "reference": "urn:uuid:6af5db50-8f3e-4a9c-a120-03ced05cdc1c"
          }
        },
        "prescription": {
          "reference": "urn:uuid:e3b35233-8d91-4e18-a898-89acd6dc0085"
        },
        "item": [
          {
            "sequence": 1,
            "net": {
              "value": 125.0,
              "system": "urn:iso:std:iso:4217",
              "code": "USD"
            },
            "encounter": [
              {
                "reference": {
                  "fullUrl": "urn:uuid:f4092a1b-7c4d-433f-989d-b438c291c319",
                  "resource": {
                    "id": "f4092a1b-7c4d-433f-989d-b438c291c319",
                    "meta": {
                      "profile": [
                        "http://standardhealthrecord.org/fhir/StructureDefinition/shr-encounter-Encounter"
                      ]
                    },
                    "status": "finished",
                    "class": {
                      "code": "ambulatory"
                    },
                    "type": [
                      {
                        "coding": [
                          {
                            "system": "http://snomed.info/sct",
                            "code": "308646001"
                          }
                        ],
                        "text": "Death Certification"
                      }
                    ],
                    "subject": {
                      "reference": "urn:uuid:8a5e5ab5-9a17-42fa-ab14-f92e45619c0c"
                    },
                    "period": {
                      "start": "2003-12-31T06:38:20-05:00",
                      "end": "2003-12-31T06:53:20-05:00"
                    },
                    "serviceProvider": {
                      "reference": "urn:uuid:6af5db50-8f3e-4a9c-a120-03ced05cdc1c"
                    },
                    "resourceType": "Encounter"
                  }
                }
              }
            ]
          },
          {
            "sequence": 1,
            "net": {
              "value": 255.0,
              "system": "urn:iso:std:iso:4217",
              "code": "USD"
            }
          }
        ],
        "total": {
          "value": 255.0,
          "system": "urn:iso:std:iso:4217",
          "code": "USD"
        },
        "resourceType": "Claim"
      }
    },
    {
      "fullUrl": "urn:uuid:b9726cbe-ee6c-4dad-ada0-a20641534921",
      "resource": {
        "id": "b9726cbe-ee6c-4dad-ada0-a20641534921",
        "meta": {
          "profile": [
            "http://standardhealthrecord.org/fhir/StructureDefinition/shr-medication-MedicationPrescription"
          ]
        },
        "extension": [
          {
            "url": "http://standardhealthrecord.org/fhir/StructureDefinition/shr-base-ActionCode-extension",
            "valueCodeableConcept": {
              "coding": [
                {
                  "system": "http://snomed.info/sct",
                  "code": "33633005",
                  "display": "Prescription of drug (procedure)"
                }
              ],
              "text": "Prescription of drug (procedure)"
            }
          }
        ],
        "status": "active",
        "intent": "order",
        "medicationCodeableConcept": {
          "coding": [
            {
              "system": "http://www.nlm.nih.gov/research/umls/rxnorm",
              "code": "1803932",
              "display": "Leucovorin 100 MG Injection"
            }
          ],
          "text": "Leucovorin 100 MG Injection"
        },
        "subject": {
          "reference": "urn:uuid:8a5e5ab5-9a17-42fa-ab14-f92e45619c0c"
        },
        "context": {
          "reference": "urn:uuid:f4092a1b-7c4d-433f-989d-b438c291c319"
        },
        "authoredOn": "2003-09-24",
        "reasonReference": [
          {
            "reference": "urn:uuid:5e513894-e2b1-406e-8f51-0d41b49bbe76"
          }
        ],
        "resourceType": "MedicationRequest"
      }
    },
    {
      "fullUrl": "urn:uuid:27e4b7f0-18f4-4908-aaf8-49ec2f0c53d5",
      "resource": {
        "id": "27e4b7f0-18f4-4908-aaf8-49ec2f0c53d5",
        "status": "active",
        "use": "complete",
        "patient": {
          "reference": "urn:uuid:8a5e5ab5-9a17-42fa-ab14-f92e45619c0c"
        },
        "billablePeriod": {
          "start": "2003-12-31T06:38:20-05:00",
          "end": "2003-12-31T06:53:20-05:00"
        },
        "organization": {
          "reference": {
            "reference": "urn:uuid:6af5db50-8f3e-4a9c-a120-03ced05cdc1c"
          }
        },
        "prescription": {
          "reference": "urn:uuid:b9726cbe-ee6c-4dad-ada0-a20641534921"
        },
        "item": [
          {
            "sequence": 1,
            "net": {
              "value": 125.0,
              "system": "urn:iso:std:iso:4217",
              "code": "USD"
            },
            "encounter": [
              {
                "reference": {
                  "fullUrl": "urn:uuid:f4092a1b-7c4d-433f-989d-b438c291c319",
                  "resource": {
                    "id": "f4092a1b-7c4d-433f-989d-b438c291c319",
                    "meta": {
                      "profile": [
                        "http://standardhealthrecord.org/fhir/StructureDefinition/shr-encounter-Encounter"
                      ]
                    },
                    "status": "finished",
                    "class": {
                      "code": "ambulatory"
                    },
                    "type": [
                      {
                        "coding": [
                          {
                            "system": "http://snomed.info/sct",
                            "code": "308646001"
                          }
                        ],
                        "text": "Death Certification"
                      }
                    ],
                    "subject": {
                      "reference": "urn:uuid:8a5e5ab5-9a17-42fa-ab14-f92e45619c0c"
                    },
                    "period": {
                      "start": "2003-12-31T06:38:20-05:00",
                      "end": "2003-12-31T06:53:20-05:00"
                    },
                    "serviceProvider": {
                      "reference": "urn:uuid:6af5db50-8f3e-4a9c-a120-03ced05cdc1c"
                    },
                    "resourceType": "Encounter"
                  }
                }
              }
            ]
          },
          {
            "sequence": 1,
            "net": {
              "value": 255.0,
              "system": "urn:iso:std:iso:4217",
              "code": "USD"
            }
          }
        ],
        "total": {
          "value": 255.0,
          "system": "urn:iso:std:iso:4217",
          "code": "USD"
        },
        "resourceType": "Claim"
      }
    },
    {
      "fullUrl": "urn:uuid:2f8c23fe-36a5-433c-b686-d2b50a764902",
      "resource": {
        "id": "2f8c23fe-36a5-433c-b686-d2b50a764902",
        "meta": {
          "profile": [
            "http://standardhealthrecord.org/fhir/StructureDefinition/shr-medication-MedicationPrescription"
          ]
        },
        "extension": [
          {
            "url": "http://standardhealthrecord.org/fhir/StructureDefinition/shr-base-ActionCode-extension",
            "valueCodeableConcept": {
              "coding": [
                {
                  "system": "http://snomed.info/sct",
                  "code": "33633005",
                  "display": "Prescription of drug (procedure)"
                }
              ],
              "text": "Prescription of drug (procedure)"
            }
          }
        ],
        "status": "active",
        "intent": "order",
        "medicationCodeableConcept": {
          "coding": [
            {
              "system": "http://www.nlm.nih.gov/research/umls/rxnorm",
              "code": "575971",
              "display": "oxaliplatin 5 MG/ML [Eloxatin]"
            }
          ],
          "text": "oxaliplatin 5 MG/ML [Eloxatin]"
        },
        "subject": {
          "reference": "urn:uuid:8a5e5ab5-9a17-42fa-ab14-f92e45619c0c"
        },
        "context": {
          "reference": "urn:uuid:f4092a1b-7c4d-433f-989d-b438c291c319"
        },
        "authoredOn": "2003-09-24",
        "reasonReference": [
          {
            "reference": "urn:uuid:5e513894-e2b1-406e-8f51-0d41b49bbe76"
          }
        ],
        "resourceType": "MedicationRequest"
      }
    },
    {
      "fullUrl": "urn:uuid:97f6ba5e-5451-4661-953a-5413c6201f4b",
      "resource": {
        "id": "97f6ba5e-5451-4661-953a-5413c6201f4b",
        "status": "active",
        "use": "complete",
        "patient": {
          "reference": "urn:uuid:8a5e5ab5-9a17-42fa-ab14-f92e45619c0c"
        },
        "billablePeriod": {
          "start": "2003-12-31T06:38:20-05:00",
          "end": "2003-12-31T06:53:20-05:00"
        },
        "organization": {
          "reference": {
            "reference": "urn:uuid:6af5db50-8f3e-4a9c-a120-03ced05cdc1c"
          }
        },
        "prescription": {
          "reference": "urn:uuid:2f8c23fe-36a5-433c-b686-d2b50a764902"
        },
        "item": [
          {
            "sequence": 1,
            "net": {
              "value": 125.0,
              "system": "urn:iso:std:iso:4217",
              "code": "USD"
            },
            "encounter": [
              {
                "reference": {
                  "fullUrl": "urn:uuid:f4092a1b-7c4d-433f-989d-b438c291c319",
                  "resource": {
                    "id": "f4092a1b-7c4d-433f-989d-b438c291c319",
                    "meta": {
                      "profile": [
                        "http://standardhealthrecord.org/fhir/StructureDefinition/shr-encounter-Encounter"
                      ]
                    },
                    "status": "finished",
                    "class": {
                      "code": "ambulatory"
                    },
                    "type": [
                      {
                        "coding": [
                          {
                            "system": "http://snomed.info/sct",
                            "code": "308646001"
                          }
                        ],
                        "text": "Death Certification"
                      }
                    ],
                    "subject": {
                      "reference": "urn:uuid:8a5e5ab5-9a17-42fa-ab14-f92e45619c0c"
                    },
                    "period": {
                      "start": "2003-12-31T06:38:20-05:00",
                      "end": "2003-12-31T06:53:20-05:00"
                    },
                    "serviceProvider": {
                      "reference": "urn:uuid:6af5db50-8f3e-4a9c-a120-03ced05cdc1c"
                    },
                    "resourceType": "Encounter"
                  }
                }
              }
            ]
          },
          {
            "sequence": 1,
            "net": {
              "value": 255.0,
              "system": "urn:iso:std:iso:4217",
              "code": "USD"
            }
          }
        ],
        "total": {
          "value": 255.0,
          "system": "urn:iso:std:iso:4217",
          "code": "USD"
        },
        "resourceType": "Claim"
      }
    },
    {
      "fullUrl": "urn:uuid:f69f4f99-6909-45b4-9214-2cf89f564338",
      "resource": {
        "id": "f69f4f99-6909-45b4-9214-2cf89f564338",
        "meta": {
          "profile": [
            "http://standardhealthrecord.org/fhir/StructureDefinition/shr-observation-Observation"
          ]
        },
        "status": "final",
        "category": [
          {
            "coding": [
              {
                "system": "http://hl7.org/fhir/observation-category",
                "code": "survey"
              }
            ]
          }
        ],
        "code": {
          "coding": [
            {
              "system": "http://snomed.info/sct",
              "code": "273724008",
              "display": "Quality adjusted life years"
            }
          ],
          "text": "Quality adjusted life years"
        },
        "subject": {
          "reference": "urn:uuid:8a5e5ab5-9a17-42fa-ab14-f92e45619c0c"
        },
        "effectiveDateTime": "2017-10-31T16:09:28-04:00",
        "issued": "2017-10-31T16:09:28-04:00",
        "valueQuantity": {
          "value": 47.87093533720313,
          "unit": "years",
          "system": "http://unitsofmeasure.org/",
          "code": "years"
        },
        "resourceType": "Observation"
      }
    },
    {
      "fullUrl": "urn:uuid:cd8aa742-9b10-42b6-8f29-0cb6a008d776",
      "resource": {
        "id": "cd8aa742-9b10-42b6-8f29-0cb6a008d776",
        "meta": {
          "profile": [
            "http://standardhealthrecord.org/fhir/StructureDefinition/shr-observation-Observation"
          ]
        },
        "status": "final",
        "category": [
          {
            "coding": [
              {
                "system": "http://hl7.org/fhir/observation-category",
                "code": "survey"
              }
            ]
          }
        ],
        "code": {
          "coding": [
            {
              "system": "http://snomed.info/sct",
              "code": "273421001",
              "display": "Disability rating scale"
            }
          ],
          "text": "Disability rating scale"
        },
        "subject": {
          "reference": "urn:uuid:8a5e5ab5-9a17-42fa-ab14-f92e45619c0c"
        },
        "effectiveDateTime": "2017-10-31T16:09:28-04:00",
        "issued": "2017-10-31T16:09:28-04:00",
        "valueQuantity": {
          "value": 39.913544662796866,
          "unit": "years",
          "system": "http://unitsofmeasure.org/",
          "code": "years"
        },
        "resourceType": "Observation"
      }
    }
  ],
  "resourceType": "Bundle"
}