{
  "type": "collection",
  "entry": [
    {
      "fullUrl": "urn:uuid:64addc2e-3a5b-4e28-a98f-f98c86d24aff",
      "resource": {
        "id": "64addc2e-3a5b-4e28-a98f-f98c86d24aff",
        "meta": {
          "profile": [
            "http://standardhealthrecord.org/fhir/StructureDefinition/shr-actor-Organization"
          ]
        },
        "type": [
          {
            "coding": [
              {
                "system": "http://hl7.org/fhir/organization-type",
                "code": "prov",
                "display": "Healthcare Provider"
              }
            ],
            "text": "Healthcare Provider"
          }
        ],
        "name": "LABORATORY FOR MOLECULAR MEDICINE",
        "resourceType": "Organization"
      }
    },
    {
      "fullUrl": "urn:uuid:07fd71e1-a788-413b-ba7a-8f0a4c18e9d4",
      "resource": {
        "id": "07fd71e1-a788-413b-ba7a-8f0a4c18e9d4",
        "meta": {
          "profile": [
            "http://standardhealthrecord.org/fhir/StructureDefinition/shr-demographics-PersonOfRecord"
          ]
        },
        "text": {
          "status": "generated",
          "div": "<div xmlns=\"http://www.w3.org/1999/xhtml\">Generated by <a href=\"https://github.com/synthetichealth/synthea\">Synthea</a>. Version identifier: 368ac389f34cd3ce3986aa3a0a08e467bf574db3</div>"
        },
        "extension": [
          {
            "url": "http://hl7.org/fhir/us/core/StructureDefinition/us-core-race",
            "valueCodeableConcept": {
              "coding": [
                {
                  "system": "http://hl7.org/fhir/v3/Race",
                  "code": "2106-3",
                  "display": "White"
                }
              ],
              "text": "race"
            }
          },
          {
            "url": "http://hl7.org/fhir/us/core/StructureDefinition/us-core-ethnicity",
            "valueCodeableConcept": {
              "coding": [
                {
                  "system": "http://hl7.org/fhir/v3/Ethnicity",
                  "code": "2186-5",
                  "display": "Nonhispanic"
                }
              ],
              "text": "ethnicity"
            }
          },
          {
            "url": "http://hl7.org/fhir/StructureDefinition/birthPlace",
            "valueAddress": {
              "city": "Yarmouth",
              "state": "MA",
              "country": "US"
            }
          },
          {
            "url": "http://hl7.org/fhir/StructureDefinition/patient-mothersMaidenName",
            "valueString": "September307 Volkman764"
          },
          {
            "url": "http://hl7.org/fhir/us/core/StructureDefinition/us-core-birthsex",
            "valueCode": "M"
          },
          {
            "url": "http://hl7.org/fhir/StructureDefinition/patient-interpreterRequired",
            "valueBoolean": false
          },
          {
            "url": "http://standardhealthrecord.org/fhir/StructureDefinition/shr-actor-FictionalPerson-extension",
            "valueBoolean": true
          },
          {
            "url": "http://standardhealthrecord.org/fhir/StructureDefinition/shr-demographics-FathersName-extension",
            "valueHumanName": {
              "text": "Horace159 Buckridge638"
            }
          },
          {
            "url": "http://standardhealthrecord.org/fhir/StructureDefinition/shr-demographics-SocialSecurityNumber-extension",
            "valueString": "999-62-6978"
          }
        ],
        "identifier": [
          {
            "system": "https://github.com/synthetichealth/synthea",
            "value": "e429d13b-facd-4e8a-99d2-73b6d5f936e8"
          },
          {
            "type": {
              "coding": [
                {
                  "system": "http://hl7.org/fhir/identifier-type",
                  "code": "SB"
                }
              ]
            },
            "system": "http://hl7.org/fhir/sid/us-ssn",
            "value": "999626978"
          },
          {
            "type": {
              "coding": [
                {
                  "system": "http://hl7.org/fhir/v2/0203",
                  "code": "MR"
                }
              ]
            },
            "system": "http://hospital.smarthealthit.org",
            "value": "e429d13b-facd-4e8a-99d2-73b6d5f936e8"
          }
        ],
        "name": [
          {
            "use": "official",
            "family": "Buckridge638",
            "given": [
              "Elroy193"
            ]
          }
        ],
        "telecom": [
          {
            "system": "phone",
            "value": "600.979.0537 x287",
            "use": "home"
          }
        ],
        "gender": "male",
        "birthDate": "2016-08-07",
        "address": [
          {
            "extension": [
              {
                "extension": [
                  {
                    "url": "latitude",
                    "valueDecimal": 42.362889134106574
                  },
                  {
                    "url": "longitude",
                    "valueDecimal": -71.10365229758695
                  }
                ],
                "url": "http://hl7.org/fhir/StructureDefinition/geolocation"
              }
            ],
            "line": [
              "562 Kutch Divide",
              "Apt. 746"
            ],
            "city": "Cambridge",
            "state": "MA",
            "postalCode": "02142",
            "country": "US"
          }
        ],
        "maritalStatus": {
          "coding": [
            {
              "system": "http://hl7.org/fhir/v3/MaritalStatus",
              "code": "S"
            }
          ],
          "text": "Never Married"
        },
        "multipleBirthBoolean": false,
        "communication": [
          {
            "language": {
              "coding": [
                {
                  "system": "http://hl7.org/fhir/ValueSet/languages",
                  "code": "en-US",
                  "display": "English (United States)"
                }
              ]
            }
          }
        ],
        "generalPractitioner": [
          {
            "reference": "urn:uuid:64addc2e-3a5b-4e28-a98f-f98c86d24aff"
          }
        ],
        "resourceType": "Patient"
      }
    },
    {
      "fullUrl": "urn:uuid:8e4fa981-55c5-4062-9e4e-f4f404253ada",
      "resource": {
        "id": "8e4fa981-55c5-4062-9e4e-f4f404253ada",
        "meta": {
          "profile": [
            "http://standardhealthrecord.org/fhir/StructureDefinition/shr-encounter-Encounter"
          ]
        },
        "status": "finished",
        "class": {
          "code": "outpatient"
        },
        "type": [
          {
            "coding": [
              {
                "system": "http://snomed.info/sct",
                "code": "170258001"
              }
            ],
            "text": "Outpatient Encounter"
          }
        ],
        "subject": {
          "reference": "urn:uuid:07fd71e1-a788-413b-ba7a-8f0a4c18e9d4"
        },
        "period": {
          "start": "2016-08-07T05:40:03-04:00",
          "end": "2016-08-07T06:40:03-04:00"
        },
        "serviceProvider": {
          "reference": "urn:uuid:64addc2e-3a5b-4e28-a98f-f98c86d24aff"
        },
        "resourceType": "Encounter"
      }
    },
    {
      "fullUrl": "urn:uuid:ef3dc48d-fc39-4235-a9d7-c722ec788d26",
      "resource": {
        "id": "ef3dc48d-fc39-4235-a9d7-c722ec788d26",
        "status": "active",
        "use": "complete",
        "patient": {
          "reference": "urn:uuid:07fd71e1-a788-413b-ba7a-8f0a4c18e9d4"
        },
        "billablePeriod": {
          "start": "2016-08-07T05:40:03-04:00",
          "end": "2016-08-07T06:40:03-04:00"
        },
        "organization": {
          "reference": {
            "reference": "urn:uuid:64addc2e-3a5b-4e28-a98f-f98c86d24aff"
          }
        },
        "item": [
          {
            "sequence": 1,
            "net": {
              "value": 125.0,
              "system": "urn:iso:std:iso:4217",
              "code": "USD"
            },
            "encounter": [
              {
                "reference": {
                  "fullUrl": "urn:uuid:8e4fa981-55c5-4062-9e4e-f4f404253ada",
                  "resource": {
                    "id": "8e4fa981-55c5-4062-9e4e-f4f404253ada",
                    "meta": {
                      "profile": [
                        "http://standardhealthrecord.org/fhir/StructureDefinition/shr-encounter-Encounter"
                      ]
                    },
                    "status": "finished",
                    "class": {
                      "code": "outpatient"
                    },
                    "type": [
                      {
                        "coding": [
                          {
                            "system": "http://snomed.info/sct",
                            "code": "170258001"
                          }
                        ],
                        "text": "Outpatient Encounter"
                      }
                    ],
                    "subject": {
                      "reference": "urn:uuid:07fd71e1-a788-413b-ba7a-8f0a4c18e9d4"
                    },
                    "period": {
                      "start": "2016-08-07T05:40:03-04:00",
                      "end": "2016-08-07T06:40:03-04:00"
                    },
                    "serviceProvider": {
                      "reference": "urn:uuid:64addc2e-3a5b-4e28-a98f-f98c86d24aff"
                    },
                    "resourceType": "Encounter"
                  }
                }
              }
            ]
          },
          {
            "sequence": 2,
            "category": {
              "coding": [
                {
                  "system": "http://hl7.org/fhir/sid/cvx",
                  "code": "08",
                  "display": "Hep B, adolescent or pediatric"
                }
              ],
              "text": "Hep B, adolescent or pediatric"
            },
            "net": {
              "value": 136.0,
              "system": "urn:iso:std:iso:4217",
              "code": "USD"
            }
          }
        ],
        "total": {
          "value": 261.0,
          "system": "urn:iso:std:iso:4217",
          "code": "USD"
        },
        "resourceType": "Claim"
      }
    },
    {
      "resource": {
        "meta": {
          "profile": [
            "http://standardhealthrecord.org/fhir/StructureDefinition/shr-immunization-Immunization"
          ]
        },
        "status": "completed",
        "notGiven": false,
        "vaccineCode": {
          "coding": [
            {
              "system": "http://hl7.org/fhir/sid/cvx",
              "code": "08",
              "display": "Hep B, adolescent or pediatric"
            }
          ],
          "text": "Hep B, adolescent or pediatric"
        },
        "patient": {
          "reference": "urn:uuid:07fd71e1-a788-413b-ba7a-8f0a4c18e9d4"
        },
        "encounter": {
          "reference": "urn:uuid:8e4fa981-55c5-4062-9e4e-f4f404253ada"
        },
        "date": "2016-08-07T05:40:03-04:00",
        "primarySource": true,
        "resourceType": "Immunization"
      }
    },
    {
      "fullUrl": "urn:uuid:9d22a04c-4284-483b-aac1-129a64d8953a",
      "resource": {
        "id": "9d22a04c-4284-483b-aac1-129a64d8953a",
        "meta": {
          "profile": [
            "http://standardhealthrecord.org/fhir/StructureDefinition/shr-encounter-Encounter"
          ]
        },
        "status": "finished",
        "class": {
          "code": "outpatient"
        },
        "type": [
          {
            "coding": [
              {
                "system": "http://snomed.info/sct",
                "code": "170258001"
              }
            ],
            "text": "Outpatient Encounter"
          }
        ],
        "subject": {
          "reference": "urn:uuid:07fd71e1-a788-413b-ba7a-8f0a4c18e9d4"
        },
        "period": {
          "start": "2016-09-14T19:11:38-04:00",
          "end": "2016-09-14T20:11:38-04:00"
        },
        "serviceProvider": {
          "reference": "urn:uuid:64addc2e-3a5b-4e28-a98f-f98c86d24aff"
        },
        "resourceType": "Encounter"
      }
    },
    {
      "fullUrl": "urn:uuid:69336825-81ba-48b1-9c48-d86128c0d125",
      "resource": {
        "id": "69336825-81ba-48b1-9c48-d86128c0d125",
        "status": "active",
        "use": "complete",
        "patient": {
          "reference": "urn:uuid:07fd71e1-a788-413b-ba7a-8f0a4c18e9d4"
        },
        "billablePeriod": {
          "start": "2016-09-14T19:11:38-04:00",
          "end": "2016-09-14T20:11:38-04:00"
        },
        "organization": {
          "reference": {
            "reference": "urn:uuid:64addc2e-3a5b-4e28-a98f-f98c86d24aff"
          }
        },
        "item": [
          {
            "sequence": 1,
            "net": {
              "value": 125.0,
              "system": "urn:iso:std:iso:4217",
              "code": "USD"
            },
            "encounter": [
              {
                "reference": {
                  "fullUrl": "urn:uuid:9d22a04c-4284-483b-aac1-129a64d8953a",
                  "resource": {
                    "id": "9d22a04c-4284-483b-aac1-129a64d8953a",
                    "meta": {
                      "profile": [
                        "http://standardhealthrecord.org/fhir/StructureDefinition/shr-encounter-Encounter"
                      ]
                    },
                    "status": "finished",
                    "class": {
                      "code": "outpatient"
                    },
                    "type": [
                      {
                        "coding": [
                          {
                            "system": "http://snomed.info/sct",
                            "code": "170258001"
                          }
                        ],
                        "text": "Outpatient Encounter"
                      }
                    ],
                    "subject": {
                      "reference": "urn:uuid:07fd71e1-a788-413b-ba7a-8f0a4c18e9d4"
                    },
                    "period": {
                      "start": "2016-09-14T19:11:38-04:00",
                      "end": "2016-09-14T20:11:38-04:00"
                    },
                    "serviceProvider": {
                      "reference": "urn:uuid:64addc2e-3a5b-4e28-a98f-f98c86d24aff"
                    },
                    "resourceType": "Encounter"
                  }
                }
              }
            ]
          },
          {
            "sequence": 2,
            "category": {
              "coding": [
                {
                  "system": "http://hl7.org/fhir/sid/cvx",
                  "code": "08",
                  "display": "Hep B, adolescent or pediatric"
                }
              ],
              "text": "Hep B, adolescent or pediatric"
            },
            "net": {
              "value": 136.0,
              "system": "urn:iso:std:iso:4217",
              "code": "USD"
            }
          }
        ],
        "total": {
          "value": 261.0,
          "system": "urn:iso:std:iso:4217",
          "code": "USD"
        },
        "resourceType": "Claim"
      }
    },
    {
      "fullUrl": "urn:uuid:9d467d9d-1b21-4cab-b6f8-a4b0622f3ada",
      "resource": {
        "id": "9d467d9d-1b21-4cab-b6f8-a4b0622f3ada",
        "meta": {
          "profile": [
            "http://standardhealthrecord.org/fhir/StructureDefinition/shr-observation-Observation",
            "http://standardhealthrecord.org/fhir/StructureDefinition/shr-vital-VitalSign",
            "http://standardhealthrecord.org/fhir/StructureDefinition/shr-vital-BodyHeight"
          ]
        },
        "status": "final",
        "category": [
          {
            "coding": [
              {
                "system": "http://hl7.org/fhir/observation-category",
                "code": "vital-signs"
              }
            ]
          }
        ],
        "code": {
          "coding": [
            {
              "system": "http://loinc.org",
              "code": "8302-2",
              "display": "Body Height"
            }
          ],
          "text": "Body Height"
        },
        "subject": {
          "reference": "urn:uuid:07fd71e1-a788-413b-ba7a-8f0a4c18e9d4"
        },
        "context": {
          "reference": "urn:uuid:9d22a04c-4284-483b-aac1-129a64d8953a"
        },
        "effectiveDateTime": "2016-09-14T19:11:38-04:00",
        "issued": "2016-09-14T19:11:38-04:00",
        "valueQuantity": {
          "value": 57.87458897849005,
          "unit": "cm",
          "system": "http://unitsofmeasure.org/",
          "code": "cm"
        },
        "resourceType": "Observation"
      }
    },
    {
      "fullUrl": "urn:uuid:f9c10c21-5e0b-4445-91ee-d096c229cc24",
      "resource": {
        "id": "f9c10c21-5e0b-4445-91ee-d096c229cc24",
        "meta": {
          "profile": [
            "http://standardhealthrecord.org/fhir/StructureDefinition/shr-observation-Observation",
            "http://standardhealthrecord.org/fhir/StructureDefinition/shr-vital-VitalSign",
            "http://standardhealthrecord.org/fhir/StructureDefinition/shr-vital-BodyWeight"
          ]
        },
        "status": "final",
        "category": [
          {
            "coding": [
              {
                "system": "http://hl7.org/fhir/observation-category",
                "code": "vital-signs"
              }
            ]
          }
        ],
        "code": {
          "coding": [
            {
              "system": "http://loinc.org",
              "code": "29463-7",
              "display": "Body Weight"
            }
          ],
          "text": "Body Weight"
        },
        "subject": {
          "reference": "urn:uuid:07fd71e1-a788-413b-ba7a-8f0a4c18e9d4"
        },
        "context": {
          "reference": "urn:uuid:9d22a04c-4284-483b-aac1-129a64d8953a"
        },
        "effectiveDateTime": "2016-09-14T19:11:38-04:00",
        "issued": "2016-09-14T19:11:38-04:00",
        "valueQuantity": {
          "value": 4.582776485539748,
          "unit": "kg",
          "system": "http://unitsofmeasure.org/",
          "code": "kg"
        },
        "resourceType": "Observation"
      }
    },
    {
      "fullUrl": "urn:uuid:38dc8d95-6456-4145-a1d3-a404e1dd5661",
      "resource": {
        "id": "38dc8d95-6456-4145-a1d3-a404e1dd5661",
        "meta": {
          "profile": [
            "http://standardhealthrecord.org/fhir/StructureDefinition/shr-observation-Observation",
            "http://standardhealthrecord.org/fhir/StructureDefinition/shr-vital-BloodPressure"
          ]
        },
        "status": "final",
        "category": [
          {
            "coding": [
              {
                "system": "http://hl7.org/fhir/observation-category",
                "code": "vital-signs"
              }
            ]
          }
        ],
        "code": {
          "coding": [
            {
              "system": "http://loinc.org",
              "code": "55284-4",
              "display": "Blood Pressure"
            }
          ]
        },
        "subject": {
          "reference": "urn:uuid:07fd71e1-a788-413b-ba7a-8f0a4c18e9d4"
        },
        "context": {
          "reference": "urn:uuid:9d22a04c-4284-483b-aac1-129a64d8953a"
        },
        "effectiveDateTime": "2016-09-14T19:11:38-04:00",
        "issued": "2016-09-14T19:11:38-04:00",
        "component": [
          {
            "code": {
              "coding": [
                {
                  "system": "http://loinc.org",
                  "code": "8480-6",
                  "display": "Systolic Blood Pressure"
                }
              ],
              "text": "Systolic Blood Pressure"
            },
            "valueQuantity": {
              "value": 104,
              "unit": "mmHg",
              "system": "http://unitsofmeasure.org/",
              "code": "mmHg"
            }
          },
          {
            "code": {
              "coding": [
                {
                  "system": "http://loinc.org",
                  "code": "8462-4",
                  "display": "Diastolic Blood Pressure"
                }
              ],
              "text": "Diastolic Blood Pressure"
            },
            "valueQuantity": {
              "value": 74,
              "unit": "mmHg",
              "system": "http://unitsofmeasure.org/",
              "code": "mmHg"
            }
          }
        ],
        "resourceType": "Observation"
      }
    },
    {
      "resource": {
        "meta": {
          "profile": [
            "http://standardhealthrecord.org/fhir/StructureDefinition/shr-immunization-Immunization"
          ]
        },
        "status": "completed",
        "notGiven": false,
        "vaccineCode": {
          "coding": [
            {
              "system": "http://hl7.org/fhir/sid/cvx",
              "code": "08",
              "display": "Hep B, adolescent or pediatric"
            }
          ],
          "text": "Hep B, adolescent or pediatric"
        },
        "patient": {
          "reference": "urn:uuid:07fd71e1-a788-413b-ba7a-8f0a4c18e9d4"
        },
        "encounter": {
          "reference": "urn:uuid:9d22a04c-4284-483b-aac1-129a64d8953a"
        },
        "date": "2016-09-14T19:11:38-04:00",
        "primarySource": true,
        "resourceType": "Immunization"
      }
    },
    {
      "fullUrl": "urn:uuid:0025c171-7d6d-4c96-a238-bd9227cec019",
      "resource": {
        "id": "0025c171-7d6d-4c96-a238-bd9227cec019",
        "meta": {
          "profile": [
            "http://standardhealthrecord.org/fhir/StructureDefinition/shr-encounter-Encounter"
          ]
        },
        "status": "finished",
        "class": {
          "code": "outpatient"
        },
        "type": [
          {
            "coding": [
              {
                "system": "http://snomed.info/sct",
                "code": "170258001"
              }
            ],
            "text": "Outpatient Encounter"
          }
        ],
        "subject": {
          "reference": "urn:uuid:07fd71e1-a788-413b-ba7a-8f0a4c18e9d4"
        },
        "period": {
          "start": "2016-10-26T11:25:32-04:00",
          "end": "2016-10-26T12:25:32-04:00"
        },
        "serviceProvider": {
          "reference": "urn:uuid:64addc2e-3a5b-4e28-a98f-f98c86d24aff"
        },
        "resourceType": "Encounter"
      }
    },
    {
      "fullUrl": "urn:uuid:971bb743-96f2-4adb-86bd-18760dcd7610",
      "resource": {
        "id": "971bb743-96f2-4adb-86bd-18760dcd7610",
        "status": "active",
        "use": "complete",
        "patient": {
          "reference": "urn:uuid:07fd71e1-a788-413b-ba7a-8f0a4c18e9d4"
        },
        "billablePeriod": {
          "start": "2016-10-26T11:25:32-04:00",
          "end": "2016-10-26T12:25:32-04:00"
        },
        "organization": {
          "reference": {
            "reference": "urn:uuid:64addc2e-3a5b-4e28-a98f-f98c86d24aff"
          }
        },
        "item": [
          {
            "sequence": 1,
            "net": {
              "value": 125.0,
              "system": "urn:iso:std:iso:4217",
              "code": "USD"
            },
            "encounter": [
              {
                "reference": {
                  "fullUrl": "urn:uuid:0025c171-7d6d-4c96-a238-bd9227cec019",
                  "resource": {
                    "id": "0025c171-7d6d-4c96-a238-bd9227cec019",
                    "meta": {
                      "profile": [
                        "http://standardhealthrecord.org/fhir/StructureDefinition/shr-encounter-Encounter"
                      ]
                    },
                    "status": "finished",
                    "class": {
                      "code": "outpatient"
                    },
                    "type": [
                      {
                        "coding": [
                          {
                            "system": "http://snomed.info/sct",
                            "code": "170258001"
                          }
                        ],
                        "text": "Outpatient Encounter"
                      }
                    ],
                    "subject": {
                      "reference": "urn:uuid:07fd71e1-a788-413b-ba7a-8f0a4c18e9d4"
                    },
                    "period": {
                      "start": "2016-10-26T11:25:32-04:00",
                      "end": "2016-10-26T12:25:32-04:00"
                    },
                    "serviceProvider": {
                      "reference": "urn:uuid:64addc2e-3a5b-4e28-a98f-f98c86d24aff"
                    },
                    "resourceType": "Encounter"
                  }
                }
              }
            ]
          },
          {
            "sequence": 2,
            "category": {
              "coding": [
                {
                  "system": "http://hl7.org/fhir/sid/cvx",
                  "code": "119",
                  "display": "rotavirus, monovalent"
                }
              ],
              "text": "rotavirus, monovalent"
            },
            "net": {
              "value": 136.0,
              "system": "urn:iso:std:iso:4217",
              "code": "USD"
            }
          },
          {
            "sequence": 3,
            "category": {
              "coding": [
                {
                  "system": "http://hl7.org/fhir/sid/cvx",
                  "code": "20",
                  "display": "DTaP"
                }
              ],
              "text": "DTaP"
            },
            "net": {
              "value": 136.0,
              "system": "urn:iso:std:iso:4217",
              "code": "USD"
            }
          },
          {
            "sequence": 4,
            "category": {
              "coding": [
                {
                  "system": "http://hl7.org/fhir/sid/cvx",
                  "code": "49",
                  "display": "Hib (PRP-OMP)"
                }
              ],
              "text": "Hib (PRP-OMP)"
            },
            "net": {
              "value": 136.0,
              "system": "urn:iso:std:iso:4217",
              "code": "USD"
            }
          },
          {
            "sequence": 5,
            "category": {
              "coding": [
                {
                  "system": "http://hl7.org/fhir/sid/cvx",
                  "code": "133",
                  "display": "Pneumococcal conjugate PCV 13"
                }
              ],
              "text": "Pneumococcal conjugate PCV 13"
            },
            "net": {
              "value": 136.0,
              "system": "urn:iso:std:iso:4217",
              "code": "USD"
            }
          },
          {
            "sequence": 6,
            "category": {
              "coding": [
                {
                  "system": "http://hl7.org/fhir/sid/cvx",
                  "code": "10",
                  "display": "IPV"
                }
              ],
              "text": "IPV"
            },
            "net": {
              "value": 136.0,
              "system": "urn:iso:std:iso:4217",
              "code": "USD"
            }
          }
        ],
        "total": {
          "value": 805.0,
          "system": "urn:iso:std:iso:4217",
          "code": "USD"
        },
        "resourceType": "Claim"
      }
    },
    {
      "fullUrl": "urn:uuid:a3bb890b-fb04-4479-8e71-fa52f0682534",
      "resource": {
        "id": "a3bb890b-fb04-4479-8e71-fa52f0682534",
        "meta": {
          "profile": [
            "http://standardhealthrecord.org/fhir/StructureDefinition/shr-observation-Observation",
            "http://standardhealthrecord.org/fhir/StructureDefinition/shr-vital-VitalSign",
            "http://standardhealthrecord.org/fhir/StructureDefinition/shr-vital-BodyHeight"
          ]
        },
        "status": "final",
        "category": [
          {
            "coding": [
              {
                "system": "http://hl7.org/fhir/observation-category",
                "code": "vital-signs"
              }
            ]
          }
        ],
        "code": {
          "coding": [
            {
              "system": "http://loinc.org",
              "code": "8302-2",
              "display": "Body Height"
            }
          ],
          "text": "Body Height"
        },
        "subject": {
          "reference": "urn:uuid:07fd71e1-a788-413b-ba7a-8f0a4c18e9d4"
        },
        "context": {
          "reference": "urn:uuid:0025c171-7d6d-4c96-a238-bd9227cec019"
        },
        "effectiveDateTime": "2016-10-26T11:25:32-04:00",
        "issued": "2016-10-26T11:25:32-04:00",
        "valueQuantity": {
          "value": 60.85768066435219,
          "unit": "cm",
          "system": "http://unitsofmeasure.org/",
          "code": "cm"
        },
        "resourceType": "Observation"
      }
    },
    {
      "fullUrl": "urn:uuid:1a302861-82c0-4fa3-8973-6c2f48a023a8",
      "resource": {
        "id": "1a302861-82c0-4fa3-8973-6c2f48a023a8",
        "meta": {
          "profile": [
            "http://standardhealthrecord.org/fhir/StructureDefinition/shr-observation-Observation",
            "http://standardhealthrecord.org/fhir/StructureDefinition/shr-vital-VitalSign",
            "http://standardhealthrecord.org/fhir/StructureDefinition/shr-vital-BodyWeight"
          ]
        },
        "status": "final",
        "category": [
          {
            "coding": [
              {
                "system": "http://hl7.org/fhir/observation-category",
                "code": "vital-signs"
              }
            ]
          }
        ],
        "code": {
          "coding": [
            {
              "system": "http://loinc.org",
              "code": "29463-7",
              "display": "Body Weight"
            }
          ],
          "text": "Body Weight"
        },
        "subject": {
          "reference": "urn:uuid:07fd71e1-a788-413b-ba7a-8f0a4c18e9d4"
        },
        "context": {
          "reference": "urn:uuid:0025c171-7d6d-4c96-a238-bd9227cec019"
        },
        "effectiveDateTime": "2016-10-26T11:25:32-04:00",
        "issued": "2016-10-26T11:25:32-04:00",
        "valueQuantity": {
          "value": 5.34867240999697,
          "unit": "kg",
          "system": "http://unitsofmeasure.org/",
          "code": "kg"
        },
        "resourceType": "Observation"
      }
    },
    {
      "fullUrl": "urn:uuid:bbfbe958-97bd-4ead-8494-5f6b336ee7d2",
      "resource": {
        "id": "bbfbe958-97bd-4ead-8494-5f6b336ee7d2",
        "meta": {
          "profile": [
            "http://standardhealthrecord.org/fhir/StructureDefinition/shr-observation-Observation",
            "http://standardhealthrecord.org/fhir/StructureDefinition/shr-vital-BloodPressure"
          ]
        },
        "status": "final",
        "category": [
          {
            "coding": [
              {
                "system": "http://hl7.org/fhir/observation-category",
                "code": "vital-signs"
              }
            ]
          }
        ],
        "code": {
          "coding": [
            {
              "system": "http://loinc.org",
              "code": "55284-4",
              "display": "Blood Pressure"
            }
          ]
        },
        "subject": {
          "reference": "urn:uuid:07fd71e1-a788-413b-ba7a-8f0a4c18e9d4"
        },
        "context": {
          "reference": "urn:uuid:0025c171-7d6d-4c96-a238-bd9227cec019"
        },
        "effectiveDateTime": "2016-10-26T11:25:32-04:00",
        "issued": "2016-10-26T11:25:32-04:00",
        "component": [
          {
            "code": {
              "coding": [
                {
                  "system": "http://loinc.org",
                  "code": "8480-6",
                  "display": "Systolic Blood Pressure"
                }
              ],
              "text": "Systolic Blood Pressure"
            },
            "valueQuantity": {
              "value": 121,
              "unit": "mmHg",
              "system": "http://unitsofmeasure.org/",
              "code": "mmHg"
            }
          },
          {
            "code": {
              "coding": [
                {
                  "system": "http://loinc.org",
                  "code": "8462-4",
                  "display": "Diastolic Blood Pressure"
                }
              ],
              "text": "Diastolic Blood Pressure"
            },
            "valueQuantity": {
              "value": 80,
              "unit": "mmHg",
              "system": "http://unitsofmeasure.org/",
              "code": "mmHg"
            }
          }
        ],
        "resourceType": "Observation"
      }
    },
    {
      "resource": {
        "meta": {
          "profile": [
            "http://standardhealthrecord.org/fhir/StructureDefinition/shr-immunization-Immunization"
          ]
        },
        "status": "completed",
        "notGiven": false,
        "vaccineCode": {
          "coding": [
            {
              "system": "http://hl7.org/fhir/sid/cvx",
              "code": "119",
              "display": "rotavirus, monovalent"
            }
          ],
          "text": "rotavirus, monovalent"
        },
        "patient": {
          "reference": "urn:uuid:07fd71e1-a788-413b-ba7a-8f0a4c18e9d4"
        },
        "encounter": {
          "reference": "urn:uuid:0025c171-7d6d-4c96-a238-bd9227cec019"
        },
        "date": "2016-10-26T11:25:32-04:00",
        "primarySource": true,
        "resourceType": "Immunization"
      }
    },
    {
      "resource": {
        "meta": {
          "profile": [
            "http://standardhealthrecord.org/fhir/StructureDefinition/shr-immunization-Immunization"
          ]
        },
        "status": "completed",
        "notGiven": false,
        "vaccineCode": {
          "coding": [
            {
              "system": "http://hl7.org/fhir/sid/cvx",
              "code": "20",
              "display": "DTaP"
            }
          ],
          "text": "DTaP"
        },
        "patient": {
          "reference": "urn:uuid:07fd71e1-a788-413b-ba7a-8f0a4c18e9d4"
        },
        "encounter": {
          "reference": "urn:uuid:0025c171-7d6d-4c96-a238-bd9227cec019"
        },
        "date": "2016-10-26T11:25:32-04:00",
        "primarySource": true,
        "resourceType": "Immunization"
      }
    },
    {
      "resource": {
        "meta": {
          "profile": [
            "http://standardhealthrecord.org/fhir/StructureDefinition/shr-immunization-Immunization"
          ]
        },
        "status": "completed",
        "notGiven": false,
        "vaccineCode": {
          "coding": [
            {
              "system": "http://hl7.org/fhir/sid/cvx",
              "code": "49",
              "display": "Hib (PRP-OMP)"
            }
          ],
          "text": "Hib (PRP-OMP)"
        },
        "patient": {
          "reference": "urn:uuid:07fd71e1-a788-413b-ba7a-8f0a4c18e9d4"
        },
        "encounter": {
          "reference": "urn:uuid:0025c171-7d6d-4c96-a238-bd9227cec019"
        },
        "date": "2016-10-26T11:25:32-04:00",
        "primarySource": true,
        "resourceType": "Immunization"
      }
    },
    {
      "resource": {
        "meta": {
          "profile": [
            "http://standardhealthrecord.org/fhir/StructureDefinition/shr-immunization-Immunization"
          ]
        },
        "status": "completed",
        "notGiven": false,
        "vaccineCode": {
          "coding": [
            {
              "system": "http://hl7.org/fhir/sid/cvx",
              "code": "133",
              "display": "Pneumococcal conjugate PCV 13"
            }
          ],
          "text": "Pneumococcal conjugate PCV 13"
        },
        "patient": {
          "reference": "urn:uuid:07fd71e1-a788-413b-ba7a-8f0a4c18e9d4"
        },
        "encounter": {
          "reference": "urn:uuid:0025c171-7d6d-4c96-a238-bd9227cec019"
        },
        "date": "2016-10-26T11:25:32-04:00",
        "primarySource": true,
        "resourceType": "Immunization"
      }
    },
    {
      "resource": {
        "meta": {
          "profile": [
            "http://standardhealthrecord.org/fhir/StructureDefinition/shr-immunization-Immunization"
          ]
        },
        "status": "completed",
        "notGiven": false,
        "vaccineCode": {
          "coding": [
            {
              "system": "http://hl7.org/fhir/sid/cvx",
              "code": "10",
              "display": "IPV"
            }
          ],
          "text": "IPV"
        },
        "patient": {
          "reference": "urn:uuid:07fd71e1-a788-413b-ba7a-8f0a4c18e9d4"
        },
        "encounter": {
          "reference": "urn:uuid:0025c171-7d6d-4c96-a238-bd9227cec019"
        },
        "date": "2016-10-26T11:25:32-04:00",
        "primarySource": true,
        "resourceType": "Immunization"
      }
    },
    {
      "fullUrl": "urn:uuid:61bd0bd1-250c-437e-b9ec-b62df3385c06",
      "resource": {
        "id": "61bd0bd1-250c-437e-b9ec-b62df3385c06",
        "meta": {
          "profile": [
            "http://standardhealthrecord.org/fhir/StructureDefinition/shr-encounter-Encounter"
          ]
        },
        "status": "finished",
        "class": {
          "code": "outpatient"
        },
        "type": [
          {
            "coding": [
              {
                "system": "http://snomed.info/sct",
                "code": "170258001"
              }
            ],
            "text": "Outpatient Encounter"
          }
        ],
        "subject": {
          "reference": "urn:uuid:07fd71e1-a788-413b-ba7a-8f0a4c18e9d4"
        },
        "period": {
          "start": "2017-01-03T16:08:16-05:00",
          "end": "2017-01-03T17:08:16-05:00"
        },
        "serviceProvider": {
          "reference": "urn:uuid:64addc2e-3a5b-4e28-a98f-f98c86d24aff"
        },
        "resourceType": "Encounter"
      }
    },
    {
      "fullUrl": "urn:uuid:4481ca1c-14e7-4286-b0f6-95c22689d2e5",
      "resource": {
        "id": "4481ca1c-14e7-4286-b0f6-95c22689d2e5",
        "status": "active",
        "use": "complete",
        "patient": {
          "reference": "urn:uuid:07fd71e1-a788-413b-ba7a-8f0a4c18e9d4"
        },
        "billablePeriod": {
          "start": "2017-01-03T16:08:16-05:00",
          "end": "2017-01-03T17:08:16-05:00"
        },
        "organization": {
          "reference": {
            "reference": "urn:uuid:64addc2e-3a5b-4e28-a98f-f98c86d24aff"
          }
        },
        "procedure": [
          {
            "sequence": 1,
            "procedureReference": {
              "reference": "urn:uuid:052069d7-e702-456f-b9ec-a6dfa5f7e60d"
            }
          }
        ],
        "item": [
          {
            "sequence": 1,
            "net": {
              "value": 125.0,
              "system": "urn:iso:std:iso:4217",
              "code": "USD"
            },
            "encounter": [
              {
                "reference": {
                  "fullUrl": "urn:uuid:61bd0bd1-250c-437e-b9ec-b62df3385c06",
                  "resource": {
                    "id": "61bd0bd1-250c-437e-b9ec-b62df3385c06",
                    "meta": {
                      "profile": [
                        "http://standardhealthrecord.org/fhir/StructureDefinition/shr-encounter-Encounter"
                      ]
                    },
                    "status": "finished",
                    "class": {
                      "code": "outpatient"
                    },
                    "type": [
                      {
                        "coding": [
                          {
                            "system": "http://snomed.info/sct",
                            "code": "170258001"
                          }
                        ],
                        "text": "Outpatient Encounter"
                      }
                    ],
                    "subject": {
                      "reference": "urn:uuid:07fd71e1-a788-413b-ba7a-8f0a4c18e9d4"
                    },
                    "period": {
                      "start": "2017-01-03T16:08:16-05:00",
                      "end": "2017-01-03T17:08:16-05:00"
                    },
                    "serviceProvider": {
                      "reference": "urn:uuid:64addc2e-3a5b-4e28-a98f-f98c86d24aff"
                    },
                    "resourceType": "Encounter"
                  }
                }
              }
            ]
          },
          {
            "sequence": 2,
            "procedureLinkId": [
              2
            ],
            "net": {
              "value": 1508.6649932999997,
              "system": "urn:iso:std:iso:4217",
              "code": "USD"
            }
          },
          {
            "sequence": 3,
            "category": {
              "coding": [
                {
                  "system": "http://hl7.org/fhir/sid/cvx",
                  "code": "119",
                  "display": "rotavirus, monovalent"
                }
              ],
              "text": "rotavirus, monovalent"
            },
            "net": {
              "value": 136.0,
              "system": "urn:iso:std:iso:4217",
              "code": "USD"
            }
          },
          {
            "sequence": 4,
            "category": {
              "coding": [
                {
                  "system": "http://hl7.org/fhir/sid/cvx",
                  "code": "20",
                  "display": "DTaP"
                }
              ],
              "text": "DTaP"
            },
            "net": {
              "value": 136.0,
              "system": "urn:iso:std:iso:4217",
              "code": "USD"
            }
          },
          {
            "sequence": 5,
            "category": {
              "coding": [
                {
                  "system": "http://hl7.org/fhir/sid/cvx",
                  "code": "49",
                  "display": "Hib (PRP-OMP)"
                }
              ],
              "text": "Hib (PRP-OMP)"
            },
            "net": {
              "value": 136.0,
              "system": "urn:iso:std:iso:4217",
              "code": "USD"
            }
          },
          {
            "sequence": 6,
            "category": {
              "coding": [
                {
                  "system": "http://hl7.org/fhir/sid/cvx",
                  "code": "133",
                  "display": "Pneumococcal conjugate PCV 13"
                }
              ],
              "text": "Pneumococcal conjugate PCV 13"
            },
            "net": {
              "value": 136.0,
              "system": "urn:iso:std:iso:4217",
              "code": "USD"
            }
          },
          {
            "sequence": 7,
            "category": {
              "coding": [
                {
                  "system": "http://hl7.org/fhir/sid/cvx",
                  "code": "10",
                  "display": "IPV"
                }
              ],
              "text": "IPV"
            },
            "net": {
              "value": 136.0,
              "system": "urn:iso:std:iso:4217",
              "code": "USD"
            }
          }
        ],
        "total": {
          "value": 2313.6649933,
          "system": "urn:iso:std:iso:4217",
          "code": "USD"
        },
        "resourceType": "Claim"
      }
    },
    {
      "fullUrl": "urn:uuid:1527dccf-57b2-48b6-9848-5f8b9a6e6ba1",
      "resource": {
        "id": "1527dccf-57b2-48b6-9848-5f8b9a6e6ba1",
        "meta": {
          "profile": [
            "http://standardhealthrecord.org/fhir/StructureDefinition/shr-observation-Observation",
            "http://standardhealthrecord.org/fhir/StructureDefinition/shr-vital-VitalSign",
            "http://standardhealthrecord.org/fhir/StructureDefinition/shr-vital-BodyHeight"
          ]
        },
        "status": "final",
        "category": [
          {
            "coding": [
              {
                "system": "http://hl7.org/fhir/observation-category",
                "code": "vital-signs"
              }
            ]
          }
        ],
        "code": {
          "coding": [
            {
              "system": "http://loinc.org",
              "code": "8302-2",
              "display": "Body Height"
            }
          ],
          "text": "Body Height"
        },
        "subject": {
          "reference": "urn:uuid:07fd71e1-a788-413b-ba7a-8f0a4c18e9d4"
        },
        "context": {
          "reference": "urn:uuid:61bd0bd1-250c-437e-b9ec-b62df3385c06"
        },
        "effectiveDateTime": "2017-01-03T16:08:16-05:00",
        "issued": "2017-01-03T16:08:16-05:00",
        "valueQuantity": {
          "value": 67.42651593743393,
          "unit": "cm",
          "system": "http://unitsofmeasure.org/",
          "code": "cm"
        },
        "resourceType": "Observation"
      }
    },
    {
      "fullUrl": "urn:uuid:a5b43628-8663-422c-b22a-3e219581ccf0",
      "resource": {
        "id": "a5b43628-8663-422c-b22a-3e219581ccf0",
        "meta": {
          "profile": [
            "http://standardhealthrecord.org/fhir/StructureDefinition/shr-observation-Observation",
            "http://standardhealthrecord.org/fhir/StructureDefinition/shr-vital-VitalSign",
            "http://standardhealthrecord.org/fhir/StructureDefinition/shr-vital-BodyWeight"
          ]
        },
        "status": "final",
        "category": [
          {
            "coding": [
              {
                "system": "http://hl7.org/fhir/observation-category",
                "code": "vital-signs"
              }
            ]
          }
        ],
        "code": {
          "coding": [
            {
              "system": "http://loinc.org",
              "code": "29463-7",
              "display": "Body Weight"
            }
          ],
          "text": "Body Weight"
        },
        "subject": {
          "reference": "urn:uuid:07fd71e1-a788-413b-ba7a-8f0a4c18e9d4"
        },
        "context": {
          "reference": "urn:uuid:61bd0bd1-250c-437e-b9ec-b62df3385c06"
        },
        "effectiveDateTime": "2017-01-03T16:08:16-05:00",
        "issued": "2017-01-03T16:08:16-05:00",
        "valueQuantity": {
          "value": 7.238736989276591,
          "unit": "kg",
          "system": "http://unitsofmeasure.org/",
          "code": "kg"
        },
        "resourceType": "Observation"
      }
    },
    {
      "fullUrl": "urn:uuid:7916a7ad-e182-4f3f-b959-c16ceb848d90",
      "resource": {
        "id": "7916a7ad-e182-4f3f-b959-c16ceb848d90",
        "meta": {
          "profile": [
            "http://standardhealthrecord.org/fhir/StructureDefinition/shr-observation-Observation",
            "http://standardhealthrecord.org/fhir/StructureDefinition/shr-vital-BloodPressure"
          ]
        },
        "status": "final",
        "category": [
          {
            "coding": [
              {
                "system": "http://hl7.org/fhir/observation-category",
                "code": "vital-signs"
              }
            ]
          }
        ],
        "code": {
          "coding": [
            {
              "system": "http://loinc.org",
              "code": "55284-4",
              "display": "Blood Pressure"
            }
          ]
        },
        "subject": {
          "reference": "urn:uuid:07fd71e1-a788-413b-ba7a-8f0a4c18e9d4"
        },
        "context": {
          "reference": "urn:uuid:61bd0bd1-250c-437e-b9ec-b62df3385c06"
        },
        "effectiveDateTime": "2017-01-03T16:08:16-05:00",
        "issued": "2017-01-03T16:08:16-05:00",
        "component": [
          {
            "code": {
              "coding": [
                {
                  "system": "http://loinc.org",
                  "code": "8480-6",
                  "display": "Systolic Blood Pressure"
                }
              ],
              "text": "Systolic Blood Pressure"
            },
            "valueQuantity": {
              "value": 103,
              "unit": "mmHg",
              "system": "http://unitsofmeasure.org/",
              "code": "mmHg"
            }
          },
          {
            "code": {
              "coding": [
                {
                  "system": "http://loinc.org",
                  "code": "8462-4",
                  "display": "Diastolic Blood Pressure"
                }
              ],
              "text": "Diastolic Blood Pressure"
            },
            "valueQuantity": {
              "value": 83,
              "unit": "mmHg",
              "system": "http://unitsofmeasure.org/",
              "code": "mmHg"
            }
          }
        ],
        "resourceType": "Observation"
      }
    },
    {
      "fullUrl": "urn:uuid:052069d7-e702-456f-b9ec-a6dfa5f7e60d",
      "resource": {
        "id": "052069d7-e702-456f-b9ec-a6dfa5f7e60d",
        "meta": {
          "profile": [
            "http://standardhealthrecord.org/fhir/StructureDefinition/shr-procedure-Procedure"
          ]
        },
        "extension": [
          {
            "url": "http://standardhealthrecord.org/fhir/StructureDefinition/shr-core-CodeableConcept-extension",
            "valueCodeableConcept": {
              "coding": [
                {
                  "system": "http://snomed.info/sct",
                  "code": "428191000124101",
                  "display": "Documentation of current medications"
                }
              ],
              "text": "Documentation of current medications"
            }
          }
        ],
        "status": "completed",
        "code": {
          "coding": [
            {
              "system": "http://snomed.info/sct",
              "code": "428191000124101",
              "display": "Documentation of current medications"
            }
          ],
          "text": "Documentation of current medications"
        },
        "subject": {
          "reference": "urn:uuid:07fd71e1-a788-413b-ba7a-8f0a4c18e9d4"
        },
        "context": {
          "reference": "urn:uuid:61bd0bd1-250c-437e-b9ec-b62df3385c06"
        },
        "performedDateTime": "2017-01-03T16:08:16-05:00",
        "resourceType": "Procedure"
      }
    },
    {
      "resource": {
        "meta": {
          "profile": [
            "http://standardhealthrecord.org/fhir/StructureDefinition/shr-immunization-Immunization"
          ]
        },
        "status": "completed",
        "notGiven": false,
        "vaccineCode": {
          "coding": [
            {
              "system": "http://hl7.org/fhir/sid/cvx",
              "code": "119",
              "display": "rotavirus, monovalent"
            }
          ],
          "text": "rotavirus, monovalent"
        },
        "patient": {
          "reference": "urn:uuid:07fd71e1-a788-413b-ba7a-8f0a4c18e9d4"
        },
        "encounter": {
          "reference": "urn:uuid:61bd0bd1-250c-437e-b9ec-b62df3385c06"
        },
        "date": "2017-01-03T16:08:16-05:00",
        "primarySource": true,
        "resourceType": "Immunization"
      }
    },
    {
      "resource": {
        "meta": {
          "profile": [
            "http://standardhealthrecord.org/fhir/StructureDefinition/shr-immunization-Immunization"
          ]
        },
        "status": "completed",
        "notGiven": false,
        "vaccineCode": {
          "coding": [
            {
              "system": "http://hl7.org/fhir/sid/cvx",
              "code": "20",
              "display": "DTaP"
            }
          ],
          "text": "DTaP"
        },
        "patient": {
          "reference": "urn:uuid:07fd71e1-a788-413b-ba7a-8f0a4c18e9d4"
        },
        "encounter": {
          "reference": "urn:uuid:61bd0bd1-250c-437e-b9ec-b62df3385c06"
        },
        "date": "2017-01-03T16:08:16-05:00",
        "primarySource": true,
        "resourceType": "Immunization"
      }
    },
    {
      "resource": {
        "meta": {
          "profile": [
            "http://standardhealthrecord.org/fhir/StructureDefinition/shr-immunization-Immunization"
          ]
        },
        "status": "completed",
        "notGiven": false,
        "vaccineCode": {
          "coding": [
            {
              "system": "http://hl7.org/fhir/sid/cvx",
              "code": "49",
              "display": "Hib (PRP-OMP)"
            }
          ],
          "text": "Hib (PRP-OMP)"
        },
        "patient": {
          "reference": "urn:uuid:07fd71e1-a788-413b-ba7a-8f0a4c18e9d4"
        },
        "encounter": {
          "reference": "urn:uuid:61bd0bd1-250c-437e-b9ec-b62df3385c06"
        },
        "date": "2017-01-03T16:08:16-05:00",
        "primarySource": true,
        "resourceType": "Immunization"
      }
    },
    {
      "resource": {
        "meta": {
          "profile": [
            "http://standardhealthrecord.org/fhir/StructureDefinition/shr-immunization-Immunization"
          ]
        },
        "status": "completed",
        "notGiven": false,
        "vaccineCode": {
          "coding": [
            {
              "system": "http://hl7.org/fhir/sid/cvx",
              "code": "133",
              "display": "Pneumococcal conjugate PCV 13"
            }
          ],
          "text": "Pneumococcal conjugate PCV 13"
        },
        "patient": {
          "reference": "urn:uuid:07fd71e1-a788-413b-ba7a-8f0a4c18e9d4"
        },
        "encounter": {
          "reference": "urn:uuid:61bd0bd1-250c-437e-b9ec-b62df3385c06"
        },
        "date": "2017-01-03T16:08:16-05:00",
        "primarySource": true,
        "resourceType": "Immunization"
      }
    },
    {
      "resource": {
        "meta": {
          "profile": [
            "http://standardhealthrecord.org/fhir/StructureDefinition/shr-immunization-Immunization"
          ]
        },
        "status": "completed",
        "notGiven": false,
        "vaccineCode": {
          "coding": [
            {
              "system": "http://hl7.org/fhir/sid/cvx",
              "code": "10",
              "display": "IPV"
            }
          ],
          "text": "IPV"
        },
        "patient": {
          "reference": "urn:uuid:07fd71e1-a788-413b-ba7a-8f0a4c18e9d4"
        },
        "encounter": {
          "reference": "urn:uuid:61bd0bd1-250c-437e-b9ec-b62df3385c06"
        },
        "date": "2017-01-03T16:08:16-05:00",
        "primarySource": true,
        "resourceType": "Immunization"
      }
    },
    {
      "fullUrl": "urn:uuid:8ff19f9e-3d31-4fe2-ba9e-6a68941326b9",
      "resource": {
        "id": "8ff19f9e-3d31-4fe2-ba9e-6a68941326b9",
        "meta": {
          "profile": [
            "http://standardhealthrecord.org/fhir/StructureDefinition/shr-encounter-Encounter"
          ]
        },
        "status": "finished",
        "class": {
          "code": "outpatient"
        },
        "type": [
          {
            "coding": [
              {
                "system": "http://snomed.info/sct",
                "code": "170258001"
              }
            ],
            "text": "Outpatient Encounter"
          }
        ],
        "subject": {
          "reference": "urn:uuid:07fd71e1-a788-413b-ba7a-8f0a4c18e9d4"
        },
        "period": {
          "start": "2017-03-24T23:51:34-04:00",
          "end": "2017-03-25T00:51:34-04:00"
        },
        "serviceProvider": {
          "reference": "urn:uuid:64addc2e-3a5b-4e28-a98f-f98c86d24aff"
        },
        "resourceType": "Encounter"
      }
    },
    {
      "fullUrl": "urn:uuid:6e1bbce6-8045-47e4-a5b4-74104525b117",
      "resource": {
        "id": "6e1bbce6-8045-47e4-a5b4-74104525b117",
        "status": "active",
        "use": "complete",
        "patient": {
          "reference": "urn:uuid:07fd71e1-a788-413b-ba7a-8f0a4c18e9d4"
        },
        "billablePeriod": {
          "start": "2017-03-24T23:51:34-04:00",
          "end": "2017-03-25T00:51:34-04:00"
        },
        "organization": {
          "reference": {
            "reference": "urn:uuid:64addc2e-3a5b-4e28-a98f-f98c86d24aff"
          }
        },
        "procedure": [
          {
            "sequence": 1,
            "procedureReference": {
              "reference": "urn:uuid:a04c3258-822c-4d6e-aaf9-caa7a9c03e25"
            }
          }
        ],
        "item": [
          {
            "sequence": 1,
            "net": {
              "value": 125.0,
              "system": "urn:iso:std:iso:4217",
              "code": "USD"
            },
            "encounter": [
              {
                "reference": {
                  "fullUrl": "urn:uuid:8ff19f9e-3d31-4fe2-ba9e-6a68941326b9",
                  "resource": {
                    "id": "8ff19f9e-3d31-4fe2-ba9e-6a68941326b9",
                    "meta": {
                      "profile": [
                        "http://standardhealthrecord.org/fhir/StructureDefinition/shr-encounter-Encounter"
                      ]
                    },
                    "status": "finished",
                    "class": {
                      "code": "outpatient"
                    },
                    "type": [
                      {
                        "coding": [
                          {
                            "system": "http://snomed.info/sct",
                            "code": "170258001"
                          }
                        ],
                        "text": "Outpatient Encounter"
                      }
                    ],
                    "subject": {
                      "reference": "urn:uuid:07fd71e1-a788-413b-ba7a-8f0a4c18e9d4"
                    },
                    "period": {
                      "start": "2017-03-24T23:51:34-04:00",
                      "end": "2017-03-25T00:51:34-04:00"
                    },
                    "serviceProvider": {
                      "reference": "urn:uuid:64addc2e-3a5b-4e28-a98f-f98c86d24aff"
                    },
                    "resourceType": "Encounter"
                  }
                }
              }
            ]
          },
          {
            "sequence": 2,
            "procedureLinkId": [
              2
            ],
            "net": {
              "value": 1508.6649932999997,
              "system": "urn:iso:std:iso:4217",
              "code": "USD"
            }
          },
          {
            "sequence": 3,
            "category": {
              "coding": [
                {
                  "system": "http://hl7.org/fhir/sid/cvx",
                  "code": "08",
                  "display": "Hep B, adolescent or pediatric"
                }
              ],
              "text": "Hep B, adolescent or pediatric"
            },
            "net": {
              "value": 136.0,
              "system": "urn:iso:std:iso:4217",
              "code": "USD"
            }
          },
          {
            "sequence": 4,
            "category": {
              "coding": [
                {
                  "system": "http://hl7.org/fhir/sid/cvx",
                  "code": "20",
                  "display": "DTaP"
                }
              ],
              "text": "DTaP"
            },
            "net": {
              "value": 136.0,
              "system": "urn:iso:std:iso:4217",
              "code": "USD"
            }
          },
          {
            "sequence": 5,
            "category": {
              "coding": [
                {
                  "system": "http://hl7.org/fhir/sid/cvx",
                  "code": "133",
                  "display": "Pneumococcal conjugate PCV 13"
                }
              ],
              "text": "Pneumococcal conjugate PCV 13"
            },
            "net": {
              "value": 136.0,
              "system": "urn:iso:std:iso:4217",
              "code": "USD"
            }
          },
          {
            "sequence": 6,
            "category": {
              "coding": [
                {
                  "system": "http://hl7.org/fhir/sid/cvx",
                  "code": "10",
                  "display": "IPV"
                }
              ],
              "text": "IPV"
            },
            "net": {
              "value": 136.0,
              "system": "urn:iso:std:iso:4217",
              "code": "USD"
            }
          },
          {
            "sequence": 7,
            "category": {
              "coding": [
                {
                  "system": "http://hl7.org/fhir/sid/cvx",
                  "code": "140",
                  "display": "Influenza, seasonal, injectable, preservative free"
                }
              ],
              "text": "Influenza, seasonal, injectable, preservative free"
            },
            "net": {
              "value": 136.0,
              "system": "urn:iso:std:iso:4217",
              "code": "USD"
            }
          }
        ],
        "total": {
          "value": 2313.6649933,
          "system": "urn:iso:std:iso:4217",
          "code": "USD"
        },
        "resourceType": "Claim"
      }
    },
    {
      "fullUrl": "urn:uuid:e02ec1f7-a1e2-4112-8372-2572aa531c6b",
      "resource": {
        "id": "e02ec1f7-a1e2-4112-8372-2572aa531c6b",
        "meta": {
          "profile": [
            "http://standardhealthrecord.org/fhir/StructureDefinition/shr-observation-Observation",
            "http://standardhealthrecord.org/fhir/StructureDefinition/shr-vital-VitalSign",
            "http://standardhealthrecord.org/fhir/StructureDefinition/shr-vital-BodyHeight"
          ]
        },
        "status": "final",
        "category": [
          {
            "coding": [
              {
                "system": "http://hl7.org/fhir/observation-category",
                "code": "vital-signs"
              }
            ]
          }
        ],
        "code": {
          "coding": [
            {
              "system": "http://loinc.org",
              "code": "8302-2",
              "display": "Body Height"
            }
          ],
          "text": "Body Height"
        },
        "subject": {
          "reference": "urn:uuid:07fd71e1-a788-413b-ba7a-8f0a4c18e9d4"
        },
        "context": {
          "reference": "urn:uuid:8ff19f9e-3d31-4fe2-ba9e-6a68941326b9"
        },
        "effectiveDateTime": "2017-03-24T23:51:34-04:00",
        "issued": "2017-03-24T23:51:34-04:00",
        "valueQuantity": {
          "value": 70.80721497244137,
          "unit": "cm",
          "system": "http://unitsofmeasure.org/",
          "code": "cm"
        },
        "resourceType": "Observation"
      }
    },
    {
      "fullUrl": "urn:uuid:8afd54dd-d31e-4260-9a5d-2b19130a81e8",
      "resource": {
        "id": "8afd54dd-d31e-4260-9a5d-2b19130a81e8",
        "meta": {
          "profile": [
            "http://standardhealthrecord.org/fhir/StructureDefinition/shr-observation-Observation",
            "http://standardhealthrecord.org/fhir/StructureDefinition/shr-vital-VitalSign",
            "http://standardhealthrecord.org/fhir/StructureDefinition/shr-vital-BodyWeight"
          ]
        },
        "status": "final",
        "category": [
          {
            "coding": [
              {
                "system": "http://hl7.org/fhir/observation-category",
                "code": "vital-signs"
              }
            ]
          }
        ],
        "code": {
          "coding": [
            {
              "system": "http://loinc.org",
              "code": "29463-7",
              "display": "Body Weight"
            }
          ],
          "text": "Body Weight"
        },
        "subject": {
          "reference": "urn:uuid:07fd71e1-a788-413b-ba7a-8f0a4c18e9d4"
        },
        "context": {
          "reference": "urn:uuid:8ff19f9e-3d31-4fe2-ba9e-6a68941326b9"
        },
        "effectiveDateTime": "2017-03-24T23:51:34-04:00",
        "issued": "2017-03-24T23:51:34-04:00",
        "valueQuantity": {
          "value": 8.216630718800197,
          "unit": "kg",
          "system": "http://unitsofmeasure.org/",
          "code": "kg"
        },
        "resourceType": "Observation"
      }
    },
    {
      "fullUrl": "urn:uuid:145209e2-3598-4268-ac53-70734fd0e994",
      "resource": {
        "id": "145209e2-3598-4268-ac53-70734fd0e994",
        "meta": {
          "profile": [
            "http://standardhealthrecord.org/fhir/StructureDefinition/shr-observation-Observation",
            "http://standardhealthrecord.org/fhir/StructureDefinition/shr-vital-BloodPressure"
          ]
        },
        "status": "final",
        "category": [
          {
            "coding": [
              {
                "system": "http://hl7.org/fhir/observation-category",
                "code": "vital-signs"
              }
            ]
          }
        ],
        "code": {
          "coding": [
            {
              "system": "http://loinc.org",
              "code": "55284-4",
              "display": "Blood Pressure"
            }
          ]
        },
        "subject": {
          "reference": "urn:uuid:07fd71e1-a788-413b-ba7a-8f0a4c18e9d4"
        },
        "context": {
          "reference": "urn:uuid:8ff19f9e-3d31-4fe2-ba9e-6a68941326b9"
        },
        "effectiveDateTime": "2017-03-24T23:51:34-04:00",
        "issued": "2017-03-24T23:51:34-04:00",
        "component": [
          {
            "code": {
              "coding": [
                {
                  "system": "http://loinc.org",
                  "code": "8480-6",
                  "display": "Systolic Blood Pressure"
                }
              ],
              "text": "Systolic Blood Pressure"
            },
            "valueQuantity": {
              "value": 122,
              "unit": "mmHg",
              "system": "http://unitsofmeasure.org/",
              "code": "mmHg"
            }
          },
          {
            "code": {
              "coding": [
                {
                  "system": "http://loinc.org",
                  "code": "8462-4",
                  "display": "Diastolic Blood Pressure"
                }
              ],
              "text": "Diastolic Blood Pressure"
            },
            "valueQuantity": {
              "value": 74,
              "unit": "mmHg",
              "system": "http://unitsofmeasure.org/",
              "code": "mmHg"
            }
          }
        ],
        "resourceType": "Observation"
      }
    },
    {
      "fullUrl": "urn:uuid:a04c3258-822c-4d6e-aaf9-caa7a9c03e25",
      "resource": {
        "id": "a04c3258-822c-4d6e-aaf9-caa7a9c03e25",
        "meta": {
          "profile": [
            "http://standardhealthrecord.org/fhir/StructureDefinition/shr-procedure-Procedure"
          ]
        },
        "extension": [
          {
            "url": "http://standardhealthrecord.org/fhir/StructureDefinition/shr-core-CodeableConcept-extension",
            "valueCodeableConcept": {
              "coding": [
                {
                  "system": "http://snomed.info/sct",
                  "code": "428191000124101",
                  "display": "Documentation of current medications"
                }
              ],
              "text": "Documentation of current medications"
            }
          }
        ],
        "status": "completed",
        "code": {
          "coding": [
            {
              "system": "http://snomed.info/sct",
              "code": "428191000124101",
              "display": "Documentation of current medications"
            }
          ],
          "text": "Documentation of current medications"
        },
        "subject": {
          "reference": "urn:uuid:07fd71e1-a788-413b-ba7a-8f0a4c18e9d4"
        },
        "context": {
          "reference": "urn:uuid:8ff19f9e-3d31-4fe2-ba9e-6a68941326b9"
        },
        "performedDateTime": "2017-03-24T23:51:34-04:00",
        "resourceType": "Procedure"
      }
    },
    {
      "resource": {
        "meta": {
          "profile": [
            "http://standardhealthrecord.org/fhir/StructureDefinition/shr-immunization-Immunization"
          ]
        },
        "status": "completed",
        "notGiven": false,
        "vaccineCode": {
          "coding": [
            {
              "system": "http://hl7.org/fhir/sid/cvx",
              "code": "08",
              "display": "Hep B, adolescent or pediatric"
            }
          ],
          "text": "Hep B, adolescent or pediatric"
        },
        "patient": {
          "reference": "urn:uuid:07fd71e1-a788-413b-ba7a-8f0a4c18e9d4"
        },
        "encounter": {
          "reference": "urn:uuid:8ff19f9e-3d31-4fe2-ba9e-6a68941326b9"
        },
        "date": "2017-03-24T23:51:34-04:00",
        "primarySource": true,
        "resourceType": "Immunization"
      }
    },
    {
      "resource": {
        "meta": {
          "profile": [
            "http://standardhealthrecord.org/fhir/StructureDefinition/shr-immunization-Immunization"
          ]
        },
        "status": "completed",
        "notGiven": false,
        "vaccineCode": {
          "coding": [
            {
              "system": "http://hl7.org/fhir/sid/cvx",
              "code": "20",
              "display": "DTaP"
            }
          ],
          "text": "DTaP"
        },
        "patient": {
          "reference": "urn:uuid:07fd71e1-a788-413b-ba7a-8f0a4c18e9d4"
        },
        "encounter": {
          "reference": "urn:uuid:8ff19f9e-3d31-4fe2-ba9e-6a68941326b9"
        },
        "date": "2017-03-24T23:51:34-04:00",
        "primarySource": true,
        "resourceType": "Immunization"
      }
    },
    {
      "resource": {
        "meta": {
          "profile": [
            "http://standardhealthrecord.org/fhir/StructureDefinition/shr-immunization-Immunization"
          ]
        },
        "status": "completed",
        "notGiven": false,
        "vaccineCode": {
          "coding": [
            {
              "system": "http://hl7.org/fhir/sid/cvx",
              "code": "133",
              "display": "Pneumococcal conjugate PCV 13"
            }
          ],
          "text": "Pneumococcal conjugate PCV 13"
        },
        "patient": {
          "reference": "urn:uuid:07fd71e1-a788-413b-ba7a-8f0a4c18e9d4"
        },
        "encounter": {
          "reference": "urn:uuid:8ff19f9e-3d31-4fe2-ba9e-6a68941326b9"
        },
        "date": "2017-03-24T23:51:34-04:00",
        "primarySource": true,
        "resourceType": "Immunization"
      }
    },
    {
      "resource": {
        "meta": {
          "profile": [
            "http://standardhealthrecord.org/fhir/StructureDefinition/shr-immunization-Immunization"
          ]
        },
        "status": "completed",
        "notGiven": false,
        "vaccineCode": {
          "coding": [
            {
              "system": "http://hl7.org/fhir/sid/cvx",
              "code": "10",
              "display": "IPV"
            }
          ],
          "text": "IPV"
        },
        "patient": {
          "reference": "urn:uuid:07fd71e1-a788-413b-ba7a-8f0a4c18e9d4"
        },
        "encounter": {
          "reference": "urn:uuid:8ff19f9e-3d31-4fe2-ba9e-6a68941326b9"
        },
        "date": "2017-03-24T23:51:34-04:00",
        "primarySource": true,
        "resourceType": "Immunization"
      }
    },
    {
      "resource": {
        "meta": {
          "profile": [
            "http://standardhealthrecord.org/fhir/StructureDefinition/shr-immunization-Immunization"
          ]
        },
        "status": "completed",
        "notGiven": false,
        "vaccineCode": {
          "coding": [
            {
              "system": "http://hl7.org/fhir/sid/cvx",
              "code": "140",
              "display": "Influenza, seasonal, injectable, preservative free"
            }
          ],
          "text": "Influenza, seasonal, injectable, preservative free"
        },
        "patient": {
          "reference": "urn:uuid:07fd71e1-a788-413b-ba7a-8f0a4c18e9d4"
        },
        "encounter": {
          "reference": "urn:uuid:8ff19f9e-3d31-4fe2-ba9e-6a68941326b9"
        },
        "date": "2017-03-24T23:51:34-04:00",
        "primarySource": true,
        "resourceType": "Immunization"
      }
    },
    {
      "fullUrl": "urn:uuid:8e59ba00-9de8-435d-a02a-26b8ce94e6f2",
      "resource": {
        "id": "8e59ba00-9de8-435d-a02a-26b8ce94e6f2",
        "meta": {
          "profile": [
            "http://standardhealthrecord.org/fhir/StructureDefinition/shr-encounter-Encounter"
          ]
        },
        "status": "finished",
        "class": {
          "code": "outpatient"
        },
        "type": [
          {
            "coding": [
              {
                "system": "http://snomed.info/sct",
                "code": "170258001"
              }
            ],
            "text": "Outpatient Encounter"
          }
        ],
        "subject": {
          "reference": "urn:uuid:07fd71e1-a788-413b-ba7a-8f0a4c18e9d4"
        },
        "period": {
          "start": "2017-07-09T01:14:22-04:00",
          "end": "2017-07-09T02:14:22-04:00"
        },
        "serviceProvider": {
          "reference": "urn:uuid:64addc2e-3a5b-4e28-a98f-f98c86d24aff"
        },
        "resourceType": "Encounter"
      }
    },
    {
      "fullUrl": "urn:uuid:9d8ab75d-3857-4f2a-866c-7797490ffb1d",
      "resource": {
        "id": "9d8ab75d-3857-4f2a-866c-7797490ffb1d",
        "status": "active",
        "use": "complete",
        "patient": {
          "reference": "urn:uuid:07fd71e1-a788-413b-ba7a-8f0a4c18e9d4"
        },
        "billablePeriod": {
          "start": "2017-07-09T01:14:22-04:00",
          "end": "2017-07-09T02:14:22-04:00"
        },
        "organization": {
          "reference": {
            "reference": "urn:uuid:64addc2e-3a5b-4e28-a98f-f98c86d24aff"
          }
        },
        "procedure": [
          {
            "sequence": 1,
            "procedureReference": {
              "reference": "urn:uuid:f939d52b-3ca5-48a6-8c88-a39ab5d49b78"
            }
          }
        ],
        "item": [
          {
            "sequence": 1,
            "net": {
              "value": 125.0,
              "system": "urn:iso:std:iso:4217",
              "code": "USD"
            },
            "encounter": [
              {
                "reference": {
                  "fullUrl": "urn:uuid:8e59ba00-9de8-435d-a02a-26b8ce94e6f2",
                  "resource": {
                    "id": "8e59ba00-9de8-435d-a02a-26b8ce94e6f2",
                    "meta": {
                      "profile": [
                        "http://standardhealthrecord.org/fhir/StructureDefinition/shr-encounter-Encounter"
                      ]
                    },
                    "status": "finished",
                    "class": {
                      "code": "outpatient"
                    },
                    "type": [
                      {
                        "coding": [
                          {
                            "system": "http://snomed.info/sct",
                            "code": "170258001"
                          }
                        ],
                        "text": "Outpatient Encounter"
                      }
                    ],
                    "subject": {
                      "reference": "urn:uuid:07fd71e1-a788-413b-ba7a-8f0a4c18e9d4"
                    },
                    "period": {
                      "start": "2017-07-09T01:14:22-04:00",
                      "end": "2017-07-09T02:14:22-04:00"
                    },
                    "serviceProvider": {
                      "reference": "urn:uuid:64addc2e-3a5b-4e28-a98f-f98c86d24aff"
                    },
                    "resourceType": "Encounter"
                  }
                }
              }
            ]
          },
          {
            "sequence": 2,
            "procedureLinkId": [
              2
            ],
            "net": {
              "value": 1508.6649932999997,
              "system": "urn:iso:std:iso:4217",
              "code": "USD"
            }
          }
        ],
        "total": {
          "value": 1633.6649932999997,
          "system": "urn:iso:std:iso:4217",
          "code": "USD"
        },
        "resourceType": "Claim"
      }
    },
    {
      "fullUrl": "urn:uuid:46f5b756-0b8b-45a9-897d-1d18bd7cd03f",
      "resource": {
        "id": "46f5b756-0b8b-45a9-897d-1d18bd7cd03f",
        "meta": {
          "profile": [
            "http://standardhealthrecord.org/fhir/StructureDefinition/shr-observation-Observation",
            "http://standardhealthrecord.org/fhir/StructureDefinition/shr-vital-VitalSign",
            "http://standardhealthrecord.org/fhir/StructureDefinition/shr-vital-BodyHeight"
          ]
        },
        "status": "final",
        "category": [
          {
            "coding": [
              {
                "system": "http://hl7.org/fhir/observation-category",
                "code": "vital-signs"
              }
            ]
          }
        ],
        "code": {
          "coding": [
            {
              "system": "http://loinc.org",
              "code": "8302-2",
              "display": "Body Height"
            }
          ],
          "text": "Body Height"
        },
        "subject": {
          "reference": "urn:uuid:07fd71e1-a788-413b-ba7a-8f0a4c18e9d4"
        },
        "context": {
          "reference": "urn:uuid:8e59ba00-9de8-435d-a02a-26b8ce94e6f2"
        },
        "effectiveDateTime": "2017-07-09T01:14:22-04:00",
        "issued": "2017-07-09T01:14:22-04:00",
        "valueQuantity": {
          "value": 76.36784839172599,
          "unit": "cm",
          "system": "http://unitsofmeasure.org/",
          "code": "cm"
        },
        "resourceType": "Observation"
      }
    },
    {
      "fullUrl": "urn:uuid:3206e263-a5e1-4d43-b7b7-fe88733e3a3a",
      "resource": {
        "id": "3206e263-a5e1-4d43-b7b7-fe88733e3a3a",
        "meta": {
          "profile": [
            "http://standardhealthrecord.org/fhir/StructureDefinition/shr-observation-Observation",
            "http://standardhealthrecord.org/fhir/StructureDefinition/shr-vital-VitalSign",
            "http://standardhealthrecord.org/fhir/StructureDefinition/shr-vital-BodyWeight"
          ]
        },
        "status": "final",
        "category": [
          {
            "coding": [
              {
                "system": "http://hl7.org/fhir/observation-category",
                "code": "vital-signs"
              }
            ]
          }
        ],
        "code": {
          "coding": [
            {
              "system": "http://loinc.org",
              "code": "29463-7",
              "display": "Body Weight"
            }
          ],
          "text": "Body Weight"
        },
        "subject": {
          "reference": "urn:uuid:07fd71e1-a788-413b-ba7a-8f0a4c18e9d4"
        },
        "context": {
          "reference": "urn:uuid:8e59ba00-9de8-435d-a02a-26b8ce94e6f2"
        },
        "effectiveDateTime": "2017-07-09T01:14:22-04:00",
        "issued": "2017-07-09T01:14:22-04:00",
        "valueQuantity": {
          "value": 9.675661410044416,
          "unit": "kg",
          "system": "http://unitsofmeasure.org/",
          "code": "kg"
        },
        "resourceType": "Observation"
      }
    },
    {
      "fullUrl": "urn:uuid:dfe45d03-512c-4e2a-a7b0-808b9830e12e",
      "resource": {
        "id": "dfe45d03-512c-4e2a-a7b0-808b9830e12e",
        "meta": {
          "profile": [
            "http://standardhealthrecord.org/fhir/StructureDefinition/shr-observation-Observation",
            "http://standardhealthrecord.org/fhir/StructureDefinition/shr-vital-BloodPressure"
          ]
        },
        "status": "final",
        "category": [
          {
            "coding": [
              {
                "system": "http://hl7.org/fhir/observation-category",
                "code": "vital-signs"
              }
            ]
          }
        ],
        "code": {
          "coding": [
            {
              "system": "http://loinc.org",
              "code": "55284-4",
              "display": "Blood Pressure"
            }
          ]
        },
        "subject": {
          "reference": "urn:uuid:07fd71e1-a788-413b-ba7a-8f0a4c18e9d4"
        },
        "context": {
          "reference": "urn:uuid:8e59ba00-9de8-435d-a02a-26b8ce94e6f2"
        },
        "effectiveDateTime": "2017-07-09T01:14:22-04:00",
        "issued": "2017-07-09T01:14:22-04:00",
        "component": [
          {
            "code": {
              "coding": [
                {
                  "system": "http://loinc.org",
                  "code": "8480-6",
                  "display": "Systolic Blood Pressure"
                }
              ],
              "text": "Systolic Blood Pressure"
            },
            "valueQuantity": {
              "value": 131,
              "unit": "mmHg",
              "system": "http://unitsofmeasure.org/",
              "code": "mmHg"
            }
          },
          {
            "code": {
              "coding": [
                {
                  "system": "http://loinc.org",
                  "code": "8462-4",
                  "display": "Diastolic Blood Pressure"
                }
              ],
              "text": "Diastolic Blood Pressure"
            },
            "valueQuantity": {
              "value": 72,
              "unit": "mmHg",
              "system": "http://unitsofmeasure.org/",
              "code": "mmHg"
            }
          }
        ],
        "resourceType": "Observation"
      }
    },
    {
      "fullUrl": "urn:uuid:f939d52b-3ca5-48a6-8c88-a39ab5d49b78",
      "resource": {
        "id": "f939d52b-3ca5-48a6-8c88-a39ab5d49b78",
        "meta": {
          "profile": [
            "http://standardhealthrecord.org/fhir/StructureDefinition/shr-procedure-Procedure"
          ]
        },
        "extension": [
          {
            "url": "http://standardhealthrecord.org/fhir/StructureDefinition/shr-core-CodeableConcept-extension",
            "valueCodeableConcept": {
              "coding": [
                {
                  "system": "http://snomed.info/sct",
                  "code": "428191000124101",
                  "display": "Documentation of current medications"
                }
              ],
              "text": "Documentation of current medications"
            }
          }
        ],
        "status": "completed",
        "code": {
          "coding": [
            {
              "system": "http://snomed.info/sct",
              "code": "428191000124101",
              "display": "Documentation of current medications"
            }
          ],
          "text": "Documentation of current medications"
        },
        "subject": {
          "reference": "urn:uuid:07fd71e1-a788-413b-ba7a-8f0a4c18e9d4"
        },
        "context": {
          "reference": "urn:uuid:8e59ba00-9de8-435d-a02a-26b8ce94e6f2"
        },
        "performedDateTime": "2017-07-09T01:14:22-04:00",
        "resourceType": "Procedure"
      }
    },
    {
      "fullUrl": "urn:uuid:f1494e37-c425-4f87-bf43-800f06d05f62",
      "resource": {
        "id": "f1494e37-c425-4f87-bf43-800f06d05f62",
        "meta": {
          "profile": [
            "http://standardhealthrecord.org/fhir/StructureDefinition/shr-observation-Observation"
          ]
        },
        "status": "final",
        "category": [
          {
            "coding": [
              {
                "system": "http://hl7.org/fhir/observation-category",
                "code": "survey"
              }
            ]
          }
        ],
        "code": {
          "coding": [
            {
              "system": "http://snomed.info/sct",
              "code": "273724008",
              "display": "Quality adjusted life years"
            }
          ],
          "text": "Quality adjusted life years"
        },
        "subject": {
          "reference": "urn:uuid:07fd71e1-a788-413b-ba7a-8f0a4c18e9d4"
        },
        "effectiveDateTime": "2017-10-31T16:09:28-04:00",
        "issued": "2017-10-31T16:09:28-04:00",
        "valueQuantity": {
          "value": 1,
          "unit": "years",
          "system": "http://unitsofmeasure.org/",
          "code": "years"
        },
        "resourceType": "Observation"
      }
    },
    {
      "fullUrl": "urn:uuid:3370c25f-f977-4a81-a99e-71f784cb1903",
      "resource": {
        "id": "3370c25f-f977-4a81-a99e-71f784cb1903",
        "meta": {
          "profile": [
            "http://standardhealthrecord.org/fhir/StructureDefinition/shr-observation-Observation"
          ]
        },
        "status": "final",
        "category": [
          {
            "coding": [
              {
                "system": "http://hl7.org/fhir/observation-category",
                "code": "survey"
              }
            ]
          }
        ],
        "code": {
          "coding": [
            {
              "system": "http://snomed.info/sct",
              "code": "273421001",
              "display": "Disability rating scale"
            }
          ],
          "text": "Disability rating scale"
        },
        "subject": {
          "reference": "urn:uuid:07fd71e1-a788-413b-ba7a-8f0a4c18e9d4"
        },
        "effectiveDateTime": "2017-10-31T16:09:28-04:00",
        "issued": "2017-10-31T16:09:28-04:00",
        "valueQuantity": {
          "value": 0,
          "unit": "years",
          "system": "http://unitsofmeasure.org/",
          "code": "years"
        },
        "resourceType": "Observation"
      }
    }
  ],
  "resourceType": "Bundle"
}