{
  "type": "collection",
  "entry": [
    {
      "fullUrl": "urn:uuid:2d24be7d-59d1-4b36-baf4-0abbf6c1e467",
      "resource": {
        "id": "2d24be7d-59d1-4b36-baf4-0abbf6c1e467",
        "meta": {
          "profile": [
            "http://standardhealthrecord.org/fhir/StructureDefinition/shr-actor-Organization"
          ]
        },
        "type": [
          {
            "coding": [
              {
                "system": "http://hl7.org/fhir/organization-type",
                "code": "prov",
                "display": "Healthcare Provider"
              }
            ],
            "text": "Healthcare Provider"
          }
        ],
        "name": "MGH HEALTH CTR CHELSEA",
        "resourceType": "Organization"
      }
    },
    {
      "fullUrl": "urn:uuid:c8f577f2-6142-4e98-b8a6-aa633929e997",
      "resource": {
        "id": "c8f577f2-6142-4e98-b8a6-aa633929e997",
        "meta": {
          "profile": [
            "http://standardhealthrecord.org/fhir/StructureDefinition/shr-demographics-PersonOfRecord"
          ]
        },
        "text": {
          "status": "generated",
          "div": "<div xmlns=\"http://www.w3.org/1999/xhtml\">Generated by <a href=\"https://github.com/synthetichealth/synthea\">Synthea</a>. Version identifier: 368ac389f34cd3ce3986aa3a0a08e467bf574db3</div>"
        },
        "extension": [
          {
            "url": "http://hl7.org/fhir/us/core/StructureDefinition/us-core-race",
            "valueCodeableConcept": {
              "coding": [
                {
                  "system": "http://hl7.org/fhir/v3/Race",
                  "code": "2106-3",
                  "display": "White"
                }
              ],
              "text": "race"
            }
          },
          {
            "url": "http://hl7.org/fhir/us/core/StructureDefinition/us-core-ethnicity",
            "valueCodeableConcept": {
              "coding": [
                {
                  "system": "http://hl7.org/fhir/v3/Ethnicity",
                  "code": "2186-5",
                  "display": "Nonhispanic"
                }
              ],
              "text": "ethnicity"
            }
          },
          {
            "url": "http://hl7.org/fhir/StructureDefinition/birthPlace",
            "valueAddress": {
              "city": "Watertown Town",
              "state": "MA",
              "country": "US"
            }
          },
          {
            "url": "http://hl7.org/fhir/StructureDefinition/patient-mothersMaidenName",
            "valueString": "Karin502 Hudson374"
          },
          {
            "url": "http://hl7.org/fhir/us/core/StructureDefinition/us-core-birthsex",
            "valueCode": "M"
          },
          {
            "url": "http://hl7.org/fhir/StructureDefinition/patient-interpreterRequired",
            "valueBoolean": false
          },
          {
            "url": "http://standardhealthrecord.org/fhir/StructureDefinition/shr-actor-FictionalPerson-extension",
            "valueBoolean": true
          },
          {
            "url": "http://standardhealthrecord.org/fhir/StructureDefinition/shr-demographics-FathersName-extension",
            "valueHumanName": {
              "text": "Hugo776 Buckridge638"
            }
          },
          {
            "url": "http://standardhealthrecord.org/fhir/StructureDefinition/shr-demographics-SocialSecurityNumber-extension",
            "valueString": "999-90-4163"
          }
        ],
        "identifier": [
          {
            "system": "https://github.com/synthetichealth/synthea",
            "value": "3855575d-6837-4dec-9cd6-adf0e8cd61b5"
          },
          {
            "type": {
              "coding": [
                {
                  "system": "http://hl7.org/fhir/identifier-type",
                  "code": "SB"
                }
              ]
            },
            "system": "http://hl7.org/fhir/sid/us-ssn",
            "value": "999904163"
          },
          {
            "type": {
              "coding": [
                {
                  "system": "http://hl7.org/fhir/v2/0203",
                  "code": "DL"
                }
              ]
            },
            "system": "urn:oid:2.16.840.1.113883.4.3.25",
            "value": "S99919922"
          },
          {
            "type": {
              "coding": [
                {
                  "system": "http://hl7.org/fhir/v2/0203",
                  "code": "PPN"
                }
              ]
            },
            "system": "http://standardhealthrecord.org/fhir/StructureDefinition/passportNumber",
            "value": "X59378973X"
          },
          {
            "type": {
              "coding": [
                {
                  "system": "http://hl7.org/fhir/v2/0203",
                  "code": "MR"
                }
              ]
            },
            "system": "http://hospital.smarthealthit.org",
            "value": "3855575d-6837-4dec-9cd6-adf0e8cd61b5"
          }
        ],
        "name": [
          {
            "use": "official",
            "family": "Buckridge638",
            "given": [
              "Michel278"
            ],
            "prefix": [
              "Mr."
            ]
          }
        ],
        "telecom": [
          {
            "system": "phone",
            "value": "621.976.5910 x85319",
            "use": "home"
          }
        ],
        "gender": "male",
        "birthDate": "1918-03-30",
        "deceasedDateTime": "1998-06-13T02:35:20-04:00",
        "address": [
          {
            "extension": [
              {
                "extension": [
                  {
                    "url": "latitude",
                    "valueDecimal": 42.39612211260193
                  },
                  {
                    "url": "longitude",
                    "valueDecimal": -71.05080062194305
                  }
                ],
                "url": "http://hl7.org/fhir/StructureDefinition/geolocation"
              }
            ],
            "line": [
              "908 Nikita Plaza",
              "Apt. 439"
            ],
            "city": "Chelsea",
            "state": "MA",
            "postalCode": "02150",
            "country": "US"
          }
        ],
        "maritalStatus": {
          "coding": [
            {
              "system": "http://hl7.org/fhir/v3/MaritalStatus",
              "code": "M"
            }
          ],
          "text": "M"
        },
        "multipleBirthBoolean": false,
        "communication": [
          {
            "language": {
              "coding": [
                {
                  "system": "http://hl7.org/fhir/ValueSet/languages",
                  "code": "en-US",
                  "display": "English (United States)"
                }
              ]
            }
          }
        ],
        "generalPractitioner": [
          {
            "reference": "urn:uuid:2d24be7d-59d1-4b36-baf4-0abbf6c1e467"
          }
        ],
        "resourceType": "Patient"
      }
    },
    {
      "fullUrl": "urn:uuid:09683680-b2f3-425d-9d55-3c9232f31dcb",
      "resource": {
        "id": "09683680-b2f3-425d-9d55-3c9232f31dcb",
        "meta": {
          "profile": [
            "http://standardhealthrecord.org/fhir/StructureDefinition/shr-encounter-Encounter"
          ]
        },
        "status": "finished",
        "class": {
          "code": "ambulatory"
        },
        "type": [
          {
            "coding": [
              {
                "system": "http://snomed.info/sct",
                "code": "308646001"
              }
            ],
            "text": "Death Certification"
          }
        ],
        "subject": {
          "reference": "urn:uuid:c8f577f2-6142-4e98-b8a6-aa633929e997"
        },
        "period": {
          "start": "1998-06-13T02:35:20-04:00",
          "end": "1998-06-13T02:50:20-04:00"
        },
        "serviceProvider": {
          "reference": "urn:uuid:2d24be7d-59d1-4b36-baf4-0abbf6c1e467"
        },
        "resourceType": "Encounter"
      }
    },
    {
      "fullUrl": "urn:uuid:7557f3e7-4baa-476b-95aa-4d78314a7bd7",
      "resource": {
        "id": "7557f3e7-4baa-476b-95aa-4d78314a7bd7",
        "status": "active",
        "use": "complete",
        "patient": {
          "reference": "urn:uuid:c8f577f2-6142-4e98-b8a6-aa633929e997"
        },
        "billablePeriod": {
          "start": "1998-06-13T02:35:20-04:00",
          "end": "1998-06-13T02:50:20-04:00"
        },
        "organization": {
          "reference": {
            "reference": "urn:uuid:2d24be7d-59d1-4b36-baf4-0abbf6c1e467"
          }
        },
        "diagnosis": [
          {
            "sequence": 1,
            "diagnosisReference": {
              "reference": "urn:uuid:79b3ba59-45c0-427b-99b6-39709ff06286"
            }
          },
          {
            "sequence": 2,
            "diagnosisReference": {
              "reference": "urn:uuid:59fc4c08-2f73-4fe9-a48a-91de05d25618"
            }
          },
          {
            "sequence": 3,
            "diagnosisReference": {
              "reference": "urn:uuid:79e0ebc1-7743-4e7a-b481-779d0b3d4880"
            }
          }
        ],
        "item": [
          {
            "sequence": 1,
            "net": {
              "value": 125.0,
              "system": "urn:iso:std:iso:4217",
              "code": "USD"
            },
            "encounter": [
              {
                "reference": {
                  "fullUrl": "urn:uuid:09683680-b2f3-425d-9d55-3c9232f31dcb",
                  "resource": {
                    "id": "09683680-b2f3-425d-9d55-3c9232f31dcb",
                    "meta": {
                      "profile": [
                        "http://standardhealthrecord.org/fhir/StructureDefinition/shr-encounter-Encounter"
                      ]
                    },
                    "status": "finished",
                    "class": {
                      "code": "ambulatory"
                    },
                    "type": [
                      {
                        "coding": [
                          {
                            "system": "http://snomed.info/sct",
                            "code": "308646001"
                          }
                        ],
                        "text": "Death Certification"
                      }
                    ],
                    "subject": {
                      "reference": "urn:uuid:c8f577f2-6142-4e98-b8a6-aa633929e997"
                    },
                    "period": {
                      "start": "1998-06-13T02:35:20-04:00",
                      "end": "1998-06-13T02:50:20-04:00"
                    },
                    "serviceProvider": {
                      "reference": "urn:uuid:2d24be7d-59d1-4b36-baf4-0abbf6c1e467"
                    },
                    "resourceType": "Encounter"
                  }
                }
              }
            ]
          },
          {
            "sequence": 2,
            "diagnosisLinkId": [
              1
            ],
            "net": {
              "value": 0.0,
              "system": "urn:iso:std:iso:4217",
              "code": "USD"
            }
          },
          {
            "sequence": 3,
            "diagnosisLinkId": [
              2
            ],
            "net": {
              "value": 0.0,
              "system": "urn:iso:std:iso:4217",
              "code": "USD"
            }
          },
          {
            "sequence": 4,
            "diagnosisLinkId": [
              3
            ],
            "net": {
              "value": 0.0,
              "system": "urn:iso:std:iso:4217",
              "code": "USD"
            }
          }
        ],
        "total": {
          "value": 125.0,
          "system": "urn:iso:std:iso:4217",
          "code": "USD"
        },
        "resourceType": "Claim"
      }
    },
    {
      "fullUrl": "urn:uuid:79b3ba59-45c0-427b-99b6-39709ff06286",
      "resource": {
        "id": "79b3ba59-45c0-427b-99b6-39709ff06286",
        "meta": {
          "profile": [
            "http://standardhealthrecord.org/fhir/StructureDefinition/shr-problem-Problem"
          ]
        },
        "clinicalStatus": "active",
        "verificationStatus": "confirmed",
        "code": {
          "coding": [
            {
              "system": "http://snomed.info/sct",
              "code": "15777000",
              "display": "Prediabetes"
            }
          ],
          "text": "Prediabetes"
        },
        "subject": {
          "reference": "urn:uuid:c8f577f2-6142-4e98-b8a6-aa633929e997"
        },
        "context": {
          "reference": "urn:uuid:09683680-b2f3-425d-9d55-3c9232f31dcb"
        },
        "onsetDateTime": "1968-04-16T10:52:19-05:00",
        "assertedDate": "1968-04-16",
        "resourceType": "Condition"
      }
    },
    {
      "fullUrl": "urn:uuid:59fc4c08-2f73-4fe9-a48a-91de05d25618",
      "resource": {
        "id": "59fc4c08-2f73-4fe9-a48a-91de05d25618",
        "meta": {
          "profile": [
            "http://standardhealthrecord.org/fhir/StructureDefinition/shr-problem-Problem"
          ]
        },
        "clinicalStatus": "active",
        "verificationStatus": "confirmed",
        "code": {
          "coding": [
            {
              "system": "http://snomed.info/sct",
              "code": "53741008",
              "display": "Coronary Heart Disease"
            }
          ],
          "text": "Coronary Heart Disease"
        },
        "subject": {
          "reference": "urn:uuid:c8f577f2-6142-4e98-b8a6-aa633929e997"
        },
        "context": {
          "reference": "urn:uuid:09683680-b2f3-425d-9d55-3c9232f31dcb"
        },
        "onsetDateTime": "1993-11-14T13:43:06-05:00",
        "assertedDate": "1993-11-14",
        "resourceType": "Condition"
      }
    },
    {
      "fullUrl": "urn:uuid:79e0ebc1-7743-4e7a-b481-779d0b3d4880",
      "resource": {
        "id": "79e0ebc1-7743-4e7a-b481-779d0b3d4880",
        "meta": {
          "profile": [
            "http://standardhealthrecord.org/fhir/StructureDefinition/shr-problem-Problem"
          ]
        },
        "clinicalStatus": "active",
        "verificationStatus": "confirmed",
        "code": {
          "coding": [
            {
              "system": "http://snomed.info/sct",
              "code": "230690007",
              "display": "Stroke"
            }
          ],
          "text": "Stroke"
        },
        "subject": {
          "reference": "urn:uuid:c8f577f2-6142-4e98-b8a6-aa633929e997"
        },
        "context": {
          "reference": "urn:uuid:09683680-b2f3-425d-9d55-3c9232f31dcb"
        },
        "onsetDateTime": "1996-11-16T02:35:20-05:00",
        "assertedDate": "1996-11-16",
        "resourceType": "Condition"
      }
    },
    {
      "fullUrl": "urn:uuid:fb432240-6b1c-4a33-a979-347f288b11ff",
      "resource": {
        "id": "fb432240-6b1c-4a33-a979-347f288b11ff",
        "meta": {
          "profile": [
            "http://standardhealthrecord.org/fhir/StructureDefinition/shr-observation-Observation"
          ]
        },
        "status": "final",
        "category": [
          {
            "coding": [
              {
                "system": "http://hl7.org/fhir/observation-category"
              }
            ]
          }
        ],
        "code": {
          "coding": [
            {
              "system": "http://loinc.org",
              "code": "69453-9",
              "display": "Cause of Death [US Standard Certificate of Death]"
            }
          ],
          "text": "Cause of Death [US Standard Certificate of Death]"
        },
        "subject": {
          "reference": "urn:uuid:c8f577f2-6142-4e98-b8a6-aa633929e997"
        },
        "context": {
          "reference": "urn:uuid:09683680-b2f3-425d-9d55-3c9232f31dcb"
        },
        "effectiveDateTime": "1998-06-13T02:35:20-04:00",
        "issued": "1998-06-13T02:35:20-04:00",
        "valueCodeableConcept": {
          "coding": [
            {
              "system": "http://snomed.info/sct",
              "code": "9855000",
              "display": "Natural death with unknown cause"
            }
          ],
          "text": "Natural death with unknown cause"
        },
        "resourceType": "Observation"
      }
    },
    {
      "fullUrl": "urn:uuid:86004e2d-eafe-4783-9a2f-2bc26ab66a7c",
      "resource": {
        "id": "86004e2d-eafe-4783-9a2f-2bc26ab66a7c",
        "meta": {
          "profile": [
            "http://standardhealthrecord.org/fhir/StructureDefinition/shr-observation-Panel"
          ]
        },
        "status": "final",
        "code": {
          "coding": [
            {
              "system": "http://loinc.org",
              "code": "69409-1",
              "display": "U.S. standard certificate of death - 2003 revision"
            }
          ]
        },
        "subject": {
          "reference": "urn:uuid:c8f577f2-6142-4e98-b8a6-aa633929e997"
        },
        "context": {
          "reference": "urn:uuid:09683680-b2f3-425d-9d55-3c9232f31dcb"
        },
        "effectiveDateTime": "1998-06-13T02:35:20-04:00",
        "issued": "1998-06-13T02:35:20-04:00",
        "result": [
          {
            "reference": "urn:uuid:fb432240-6b1c-4a33-a979-347f288b11ff",
            "display": "Cause of Death [US Standard Certificate of Death]"
          }
        ],
        "resourceType": "DiagnosticReport"
      }
    },
    {
      "fullUrl": "urn:uuid:a8b8fa42-ebab-43f3-a1e2-bacc93968153",
      "resource": {
        "id": "a8b8fa42-ebab-43f3-a1e2-bacc93968153",
        "status": "in-progress",
        "description": {
          "text": "Hemoglobin A1c total in Blood < 7.0"
        },
        "addresses": [
          {
            "reference": "urn:uuid:79b3ba59-45c0-427b-99b6-39709ff06286"
          }
        ],
        "resourceType": "Goal"
      }
    },
    {
      "fullUrl": "urn:uuid:5e7d2e45-2358-4a67-bf73-dd4cc64d805b",
      "resource": {
        "id": "5e7d2e45-2358-4a67-bf73-dd4cc64d805b",
        "status": "in-progress",
        "description": {
          "text": "Glucose [Mass/volume] in Blood < 108"
        },
        "addresses": [
          {
            "reference": "urn:uuid:79b3ba59-45c0-427b-99b6-39709ff06286"
          }
        ],
        "resourceType": "Goal"
      }
    },
    {
      "fullUrl": "urn:uuid:925f1d65-7cc7-430a-8e9c-6345d0953bdf",
      "resource": {
        "id": "925f1d65-7cc7-430a-8e9c-6345d0953bdf",
        "status": "in-progress",
        "description": {
          "text": "Maintain blood pressure below 140/90 mmHg"
        },
        "addresses": [
          {
            "reference": "urn:uuid:79b3ba59-45c0-427b-99b6-39709ff06286"
          }
        ],
        "resourceType": "Goal"
      }
    },
    {
      "fullUrl": "urn:uuid:d760a77f-8001-4a3e-a55a-740e3afba720",
      "resource": {
        "id": "d760a77f-8001-4a3e-a55a-740e3afba720",
        "status": "in-progress",
        "description": {
          "text": "Improve and maintenance of optimal foot health: aim at early detection of peripheral vascular problems and neuropathy presumed due to diabetes; and prevention of diabetic foot ulcer, gangrene"
        },
        "addresses": [
          {
            "reference": "urn:uuid:79b3ba59-45c0-427b-99b6-39709ff06286"
          }
        ],
        "resourceType": "Goal"
      }
    },
    {
      "fullUrl": "urn:uuid:f04a29c1-6b92-470b-a87b-191df7d1c310",
      "resource": {
        "id": "f04a29c1-6b92-470b-a87b-191df7d1c310",
        "status": "in-progress",
        "description": {
          "text": "Address patient knowledge deficit on diabetic self-care"
        },
        "addresses": [
          {
            "reference": "urn:uuid:79b3ba59-45c0-427b-99b6-39709ff06286"
          }
        ],
        "resourceType": "Goal"
      }
    },
    {
      "resource": {
        "status": "active",
        "intent": "order",
        "category": [
          {
            "coding": [
              {
                "system": "http://snomed.info/sct",
                "code": "698360004",
                "display": "Diabetes self management plan"
              }
            ]
          }
        ],
        "subject": {
          "reference": "urn:uuid:c8f577f2-6142-4e98-b8a6-aa633929e997"
        },
        "context": {
          "reference": "urn:uuid:09683680-b2f3-425d-9d55-3c9232f31dcb"
        },
        "period": {
          "start": "1968-04-16"
        },
        "addresses": [
          {
            "reference": "urn:uuid:79b3ba59-45c0-427b-99b6-39709ff06286"
          }
        ],
        "goal": [
          {
            "reference": "urn:uuid:a8b8fa42-ebab-43f3-a1e2-bacc93968153"
          },
          {
            "reference": "urn:uuid:5e7d2e45-2358-4a67-bf73-dd4cc64d805b"
          },
          {
            "reference": "urn:uuid:925f1d65-7cc7-430a-8e9c-6345d0953bdf"
          },
          {
            "reference": "urn:uuid:d760a77f-8001-4a3e-a55a-740e3afba720"
          },
          {
            "reference": "urn:uuid:f04a29c1-6b92-470b-a87b-191df7d1c310"
          }
        ],
        "activity": [
          {
            "detail": {
              "code": {
                "coding": [
                  {
                    "system": "http://snomed.info/sct",
                    "code": "160670007",
                    "display": "Diabetic diet"
                  }
                ]
              },
              "status": "in-progress"
            }
          },
          {
            "detail": {
              "code": {
                "coding": [
                  {
                    "system": "http://snomed.info/sct",
                    "code": "229065009",
                    "display": "Exercise therapy"
                  }
                ]
              },
              "status": "in-progress"
            }
          }
        ],
        "resourceType": "CarePlan"
      }
    },
    {
      "resource": {
        "status": "active",
        "intent": "order",
        "category": [
          {
            "coding": [
              {
                "system": "http://snomed.info/sct",
                "code": "698358001",
                "display": "Angina self management plan"
              }
            ]
          }
        ],
        "subject": {
          "reference": "urn:uuid:c8f577f2-6142-4e98-b8a6-aa633929e997"
        },
        "context": {
          "reference": "urn:uuid:09683680-b2f3-425d-9d55-3c9232f31dcb"
        },
        "period": {
          "start": "1993-11-14"
        },
        "addresses": [
          {
            "reference": "urn:uuid:59fc4c08-2f73-4fe9-a48a-91de05d25618"
          },
          {
            "reference": "urn:uuid:79e0ebc1-7743-4e7a-b481-779d0b3d4880"
          }
        ],
        "activity": [
          {
            "detail": {
              "code": {
                "coding": [
                  {
                    "system": "http://snomed.info/sct",
                    "code": "229065009",
                    "display": "Exercise therapy"
                  }
                ]
              },
              "status": "in-progress"
            }
          },
          {
            "detail": {
              "code": {
                "coding": [
                  {
                    "system": "http://snomed.info/sct",
                    "code": "226060000",
                    "display": "Stress management"
                  }
                ]
              },
              "status": "in-progress"
            }
          },
          {
            "detail": {
              "code": {
                "coding": [
                  {
                    "system": "http://snomed.info/sct",
                    "code": "710081004",
                    "display": "Smoking cessation therapy"
                  }
                ]
              },
              "status": "in-progress"
            }
          },
          {
            "detail": {
              "code": {
                "coding": [
                  {
                    "system": "http://snomed.info/sct",
                    "code": "226234005",
                    "display": "Healthy diet"
                  }
                ]
              },
              "status": "in-progress"
            }
          }
        ],
        "resourceType": "CarePlan"
      }
    },
    {
      "fullUrl": "urn:uuid:0e78f538-5950-4f22-a701-f9e3fe97272d",
      "resource": {
        "id": "0e78f538-5950-4f22-a701-f9e3fe97272d",
        "meta": {
          "profile": [
            "http://standardhealthrecord.org/fhir/StructureDefinition/shr-medication-MedicationPrescription"
          ]
        },
        "extension": [
          {
            "url": "http://standardhealthrecord.org/fhir/StructureDefinition/shr-base-ActionCode-extension",
            "valueCodeableConcept": {
              "coding": [
                {
                  "system": "http://snomed.info/sct",
                  "code": "33633005",
                  "display": "Prescription of drug (procedure)"
                }
              ],
              "text": "Prescription of drug (procedure)"
            }
          }
        ],
        "status": "active",
        "intent": "order",
        "medicationCodeableConcept": {
          "coding": [
            {
              "system": "http://www.nlm.nih.gov/research/umls/rxnorm",
              "code": "834060",
              "display": "Penicillin V Potassium 250 MG"
            }
          ],
          "text": "Penicillin V Potassium 250 MG"
        },
        "subject": {
          "reference": "urn:uuid:c8f577f2-6142-4e98-b8a6-aa633929e997"
        },
        "context": {
          "reference": "urn:uuid:09683680-b2f3-425d-9d55-3c9232f31dcb"
        },
        "authoredOn": "1930-05-21",
        "resourceType": "MedicationRequest"
      }
    },
    {
      "fullUrl": "urn:uuid:34ee49bd-add2-4be4-8e16-c9ea2e7efae9",
      "resource": {
        "id": "34ee49bd-add2-4be4-8e16-c9ea2e7efae9",
        "status": "active",
        "use": "complete",
        "patient": {
          "reference": "urn:uuid:c8f577f2-6142-4e98-b8a6-aa633929e997"
        },
        "billablePeriod": {
          "start": "1998-06-13T02:35:20-04:00",
          "end": "1998-06-13T02:50:20-04:00"
        },
        "organization": {
          "reference": {
            "reference": "urn:uuid:2d24be7d-59d1-4b36-baf4-0abbf6c1e467"
          }
        },
        "prescription": {
          "reference": "urn:uuid:0e78f538-5950-4f22-a701-f9e3fe97272d"
        },
        "item": [
          {
            "sequence": 1,
            "net": {
              "value": 125.0,
              "system": "urn:iso:std:iso:4217",
              "code": "USD"
            },
            "encounter": [
              {
                "reference": {
                  "fullUrl": "urn:uuid:09683680-b2f3-425d-9d55-3c9232f31dcb",
                  "resource": {
                    "id": "09683680-b2f3-425d-9d55-3c9232f31dcb",
                    "meta": {
                      "profile": [
                        "http://standardhealthrecord.org/fhir/StructureDefinition/shr-encounter-Encounter"
                      ]
                    },
                    "status": "finished",
                    "class": {
                      "code": "ambulatory"
                    },
                    "type": [
                      {
                        "coding": [
                          {
                            "system": "http://snomed.info/sct",
                            "code": "308646001"
                          }
                        ],
                        "text": "Death Certification"
                      }
                    ],
                    "subject": {
                      "reference": "urn:uuid:c8f577f2-6142-4e98-b8a6-aa633929e997"
                    },
                    "period": {
                      "start": "1998-06-13T02:35:20-04:00",
                      "end": "1998-06-13T02:50:20-04:00"
                    },
                    "serviceProvider": {
                      "reference": "urn:uuid:2d24be7d-59d1-4b36-baf4-0abbf6c1e467"
                    },
                    "resourceType": "Encounter"
                  }
                }
              }
            ]
          },
          {
            "sequence": 1,
            "net": {
              "value": 255.0,
              "system": "urn:iso:std:iso:4217",
              "code": "USD"
            }
          }
        ],
        "total": {
          "value": 255.0,
          "system": "urn:iso:std:iso:4217",
          "code": "USD"
        },
        "resourceType": "Claim"
      }
    },
    {
      "fullUrl": "urn:uuid:786223e4-c6c3-429f-aeb7-7ff657513705",
      "resource": {
        "id": "786223e4-c6c3-429f-aeb7-7ff657513705",
        "meta": {
          "profile": [
            "http://standardhealthrecord.org/fhir/StructureDefinition/shr-medication-MedicationPrescription"
          ]
        },
        "extension": [
          {
            "url": "http://standardhealthrecord.org/fhir/StructureDefinition/shr-base-ActionCode-extension",
            "valueCodeableConcept": {
              "coding": [
                {
                  "system": "http://snomed.info/sct",
                  "code": "33633005",
                  "display": "Prescription of drug (procedure)"
                }
              ],
              "text": "Prescription of drug (procedure)"
            }
          }
        ],
        "status": "active",
        "intent": "order",
        "medicationCodeableConcept": {
          "coding": [
            {
              "system": "http://www.nlm.nih.gov/research/umls/rxnorm",
              "code": "312961",
              "display": "Simvastatin 20 MG Oral Tablet"
            }
          ],
          "text": "Simvastatin 20 MG Oral Tablet"
        },
        "subject": {
          "reference": "urn:uuid:c8f577f2-6142-4e98-b8a6-aa633929e997"
        },
        "context": {
          "reference": "urn:uuid:09683680-b2f3-425d-9d55-3c9232f31dcb"
        },
        "authoredOn": "1993-11-14",
        "reasonReference": [
          {
            "reference": "urn:uuid:59fc4c08-2f73-4fe9-a48a-91de05d25618"
          }
        ],
        "resourceType": "MedicationRequest"
      }
    },
    {
      "fullUrl": "urn:uuid:c8c3a412-9c84-4d33-8c05-92ab629ff994",
      "resource": {
        "id": "c8c3a412-9c84-4d33-8c05-92ab629ff994",
        "status": "active",
        "use": "complete",
        "patient": {
          "reference": "urn:uuid:c8f577f2-6142-4e98-b8a6-aa633929e997"
        },
        "billablePeriod": {
          "start": "1998-06-13T02:35:20-04:00",
          "end": "1998-06-13T02:50:20-04:00"
        },
        "organization": {
          "reference": {
            "reference": "urn:uuid:2d24be7d-59d1-4b36-baf4-0abbf6c1e467"
          }
        },
        "prescription": {
          "reference": "urn:uuid:786223e4-c6c3-429f-aeb7-7ff657513705"
        },
        "item": [
          {
            "sequence": 1,
            "net": {
              "value": 125.0,
              "system": "urn:iso:std:iso:4217",
              "code": "USD"
            },
            "encounter": [
              {
                "reference": {
                  "fullUrl": "urn:uuid:09683680-b2f3-425d-9d55-3c9232f31dcb",
                  "resource": {
                    "id": "09683680-b2f3-425d-9d55-3c9232f31dcb",
                    "meta": {
                      "profile": [
                        "http://standardhealthrecord.org/fhir/StructureDefinition/shr-encounter-Encounter"
                      ]
                    },
                    "status": "finished",
                    "class": {
                      "code": "ambulatory"
                    },
                    "type": [
                      {
                        "coding": [
                          {
                            "system": "http://snomed.info/sct",
                            "code": "308646001"
                          }
                        ],
                        "text": "Death Certification"
                      }
                    ],
                    "subject": {
                      "reference": "urn:uuid:c8f577f2-6142-4e98-b8a6-aa633929e997"
                    },
                    "period": {
                      "start": "1998-06-13T02:35:20-04:00",
                      "end": "1998-06-13T02:50:20-04:00"
                    },
                    "serviceProvider": {
                      "reference": "urn:uuid:2d24be7d-59d1-4b36-baf4-0abbf6c1e467"
                    },
                    "resourceType": "Encounter"
                  }
                }
              }
            ]
          },
          {
            "sequence": 1,
            "net": {
              "value": 255.0,
              "system": "urn:iso:std:iso:4217",
              "code": "USD"
            }
          }
        ],
        "total": {
          "value": 255.0,
          "system": "urn:iso:std:iso:4217",
          "code": "USD"
        },
        "resourceType": "Claim"
      }
    },
    {
      "fullUrl": "urn:uuid:e6ddb825-a598-479c-a2ad-61ebdd53c5d5",
      "resource": {
        "id": "e6ddb825-a598-479c-a2ad-61ebdd53c5d5",
        "meta": {
          "profile": [
            "http://standardhealthrecord.org/fhir/StructureDefinition/shr-medication-MedicationPrescription"
          ]
        },
        "extension": [
          {
            "url": "http://standardhealthrecord.org/fhir/StructureDefinition/shr-base-ActionCode-extension",
            "valueCodeableConcept": {
              "coding": [
                {
                  "system": "http://snomed.info/sct",
                  "code": "33633005",
                  "display": "Prescription of drug (procedure)"
                }
              ],
              "text": "Prescription of drug (procedure)"
            }
          }
        ],
        "status": "active",
        "intent": "order",
        "medicationCodeableConcept": {
          "coding": [
            {
              "system": "http://www.nlm.nih.gov/research/umls/rxnorm",
              "code": "564666",
              "display": "Nitroglycerin 0.4 MG/ACTUAT [Nitrolingual]"
            }
          ],
          "text": "Nitroglycerin 0.4 MG/ACTUAT [Nitrolingual]"
        },
        "subject": {
          "reference": "urn:uuid:c8f577f2-6142-4e98-b8a6-aa633929e997"
        },
        "context": {
          "reference": "urn:uuid:09683680-b2f3-425d-9d55-3c9232f31dcb"
        },
        "authoredOn": "1993-11-14",
        "reasonReference": [
          {
            "reference": "urn:uuid:59fc4c08-2f73-4fe9-a48a-91de05d25618"
          }
        ],
        "resourceType": "MedicationRequest"
      }
    },
    {
      "fullUrl": "urn:uuid:a65d8254-5b89-46d8-b4f0-f7c49ac103f5",
      "resource": {
        "id": "a65d8254-5b89-46d8-b4f0-f7c49ac103f5",
        "status": "active",
        "use": "complete",
        "patient": {
          "reference": "urn:uuid:c8f577f2-6142-4e98-b8a6-aa633929e997"
        },
        "billablePeriod": {
          "start": "1998-06-13T02:35:20-04:00",
          "end": "1998-06-13T02:50:20-04:00"
        },
        "organization": {
          "reference": {
            "reference": "urn:uuid:2d24be7d-59d1-4b36-baf4-0abbf6c1e467"
          }
        },
        "prescription": {
          "reference": "urn:uuid:e6ddb825-a598-479c-a2ad-61ebdd53c5d5"
        },
        "item": [
          {
            "sequence": 1,
            "net": {
              "value": 125.0,
              "system": "urn:iso:std:iso:4217",
              "code": "USD"
            },
            "encounter": [
              {
                "reference": {
                  "fullUrl": "urn:uuid:09683680-b2f3-425d-9d55-3c9232f31dcb",
                  "resource": {
                    "id": "09683680-b2f3-425d-9d55-3c9232f31dcb",
                    "meta": {
                      "profile": [
                        "http://standardhealthrecord.org/fhir/StructureDefinition/shr-encounter-Encounter"
                      ]
                    },
                    "status": "finished",
                    "class": {
                      "code": "ambulatory"
                    },
                    "type": [
                      {
                        "coding": [
                          {
                            "system": "http://snomed.info/sct",
                            "code": "308646001"
                          }
                        ],
                        "text": "Death Certification"
                      }
                    ],
                    "subject": {
                      "reference": "urn:uuid:c8f577f2-6142-4e98-b8a6-aa633929e997"
                    },
                    "period": {
                      "start": "1998-06-13T02:35:20-04:00",
                      "end": "1998-06-13T02:50:20-04:00"
                    },
                    "serviceProvider": {
                      "reference": "urn:uuid:2d24be7d-59d1-4b36-baf4-0abbf6c1e467"
                    },
                    "resourceType": "Encounter"
                  }
                }
              }
            ]
          },
          {
            "sequence": 1,
            "net": {
              "value": 255.0,
              "system": "urn:iso:std:iso:4217",
              "code": "USD"
            }
          }
        ],
        "total": {
          "value": 255.0,
          "system": "urn:iso:std:iso:4217",
          "code": "USD"
        },
        "resourceType": "Claim"
      }
    },
    {
      "fullUrl": "urn:uuid:375327c3-b208-4386-861e-d41222f593c4",
      "resource": {
        "id": "375327c3-b208-4386-861e-d41222f593c4",
        "meta": {
          "profile": [
            "http://standardhealthrecord.org/fhir/StructureDefinition/shr-medication-MedicationPrescription"
          ]
        },
        "extension": [
          {
            "url": "http://standardhealthrecord.org/fhir/StructureDefinition/shr-base-ActionCode-extension",
            "valueCodeableConcept": {
              "coding": [
                {
                  "system": "http://snomed.info/sct",
                  "code": "33633005",
                  "display": "Prescription of drug (procedure)"
                }
              ],
              "text": "Prescription of drug (procedure)"
            }
          }
        ],
        "status": "active",
        "intent": "order",
        "medicationCodeableConcept": {
          "coding": [
            {
              "system": "http://www.nlm.nih.gov/research/umls/rxnorm",
              "code": "197361",
              "display": "Amlodipine 5 MG Oral Tablet"
            }
          ],
          "text": "Amlodipine 5 MG Oral Tablet"
        },
        "subject": {
          "reference": "urn:uuid:c8f577f2-6142-4e98-b8a6-aa633929e997"
        },
        "context": {
          "reference": "urn:uuid:09683680-b2f3-425d-9d55-3c9232f31dcb"
        },
        "authoredOn": "1994-12-25",
        "reasonReference": [
          {
            "reference": "urn:uuid:59fc4c08-2f73-4fe9-a48a-91de05d25618"
          }
        ],
        "resourceType": "MedicationRequest"
      }
    },
    {
      "fullUrl": "urn:uuid:119b3e03-1d14-4c25-a10a-68f6cd647325",
      "resource": {
        "id": "119b3e03-1d14-4c25-a10a-68f6cd647325",
        "status": "active",
        "use": "complete",
        "patient": {
          "reference": "urn:uuid:c8f577f2-6142-4e98-b8a6-aa633929e997"
        },
        "billablePeriod": {
          "start": "1998-06-13T02:35:20-04:00",
          "end": "1998-06-13T02:50:20-04:00"
        },
        "organization": {
          "reference": {
            "reference": "urn:uuid:2d24be7d-59d1-4b36-baf4-0abbf6c1e467"
          }
        },
        "prescription": {
          "reference": "urn:uuid:375327c3-b208-4386-861e-d41222f593c4"
        },
        "item": [
          {
            "sequence": 1,
            "net": {
              "value": 125.0,
              "system": "urn:iso:std:iso:4217",
              "code": "USD"
            },
            "encounter": [
              {
                "reference": {
                  "fullUrl": "urn:uuid:09683680-b2f3-425d-9d55-3c9232f31dcb",
                  "resource": {
                    "id": "09683680-b2f3-425d-9d55-3c9232f31dcb",
                    "meta": {
                      "profile": [
                        "http://standardhealthrecord.org/fhir/StructureDefinition/shr-encounter-Encounter"
                      ]
                    },
                    "status": "finished",
                    "class": {
                      "code": "ambulatory"
                    },
                    "type": [
                      {
                        "coding": [
                          {
                            "system": "http://snomed.info/sct",
                            "code": "308646001"
                          }
                        ],
                        "text": "Death Certification"
                      }
                    ],
                    "subject": {
                      "reference": "urn:uuid:c8f577f2-6142-4e98-b8a6-aa633929e997"
                    },
                    "period": {
                      "start": "1998-06-13T02:35:20-04:00",
                      "end": "1998-06-13T02:50:20-04:00"
                    },
                    "serviceProvider": {
                      "reference": "urn:uuid:2d24be7d-59d1-4b36-baf4-0abbf6c1e467"
                    },
                    "resourceType": "Encounter"
                  }
                }
              }
            ]
          },
          {
            "sequence": 1,
            "net": {
              "value": 255.0,
              "system": "urn:iso:std:iso:4217",
              "code": "USD"
            }
          }
        ],
        "total": {
          "value": 255.0,
          "system": "urn:iso:std:iso:4217",
          "code": "USD"
        },
        "resourceType": "Claim"
      }
    },
    {
      "fullUrl": "urn:uuid:57b1627c-795b-42e2-9c23-9fe664cb656c",
      "resource": {
        "id": "57b1627c-795b-42e2-9c23-9fe664cb656c",
        "meta": {
          "profile": [
            "http://standardhealthrecord.org/fhir/StructureDefinition/shr-medication-MedicationPrescription"
          ]
        },
        "extension": [
          {
            "url": "http://standardhealthrecord.org/fhir/StructureDefinition/shr-base-ActionCode-extension",
            "valueCodeableConcept": {
              "coding": [
                {
                  "system": "http://snomed.info/sct",
                  "code": "33633005",
                  "display": "Prescription of drug (procedure)"
                }
              ],
              "text": "Prescription of drug (procedure)"
            }
          }
        ],
        "status": "active",
        "intent": "order",
        "medicationCodeableConcept": {
          "coding": [
            {
              "system": "http://www.nlm.nih.gov/research/umls/rxnorm",
              "code": "309362",
              "display": "Clopidogrel 75 MG Oral Tablet"
            }
          ],
          "text": "Clopidogrel 75 MG Oral Tablet"
        },
        "subject": {
          "reference": "urn:uuid:c8f577f2-6142-4e98-b8a6-aa633929e997"
        },
        "context": {
          "reference": "urn:uuid:09683680-b2f3-425d-9d55-3c9232f31dcb"
        },
        "authoredOn": "1997-01-23",
        "reasonReference": [
          {
            "reference": "urn:uuid:59fc4c08-2f73-4fe9-a48a-91de05d25618"
          }
        ],
        "resourceType": "MedicationRequest"
      }
    },
    {
      "fullUrl": "urn:uuid:4001142b-66a1-4d51-96da-9bcb74ab2ef1",
      "resource": {
        "id": "4001142b-66a1-4d51-96da-9bcb74ab2ef1",
        "status": "active",
        "use": "complete",
        "patient": {
          "reference": "urn:uuid:c8f577f2-6142-4e98-b8a6-aa633929e997"
        },
        "billablePeriod": {
          "start": "1998-06-13T02:35:20-04:00",
          "end": "1998-06-13T02:50:20-04:00"
        },
        "organization": {
          "reference": {
            "reference": "urn:uuid:2d24be7d-59d1-4b36-baf4-0abbf6c1e467"
          }
        },
        "prescription": {
          "reference": "urn:uuid:57b1627c-795b-42e2-9c23-9fe664cb656c"
        },
        "item": [
          {
            "sequence": 1,
            "net": {
              "value": 125.0,
              "system": "urn:iso:std:iso:4217",
              "code": "USD"
            },
            "encounter": [
              {
                "reference": {
                  "fullUrl": "urn:uuid:09683680-b2f3-425d-9d55-3c9232f31dcb",
                  "resource": {
                    "id": "09683680-b2f3-425d-9d55-3c9232f31dcb",
                    "meta": {
                      "profile": [
                        "http://standardhealthrecord.org/fhir/StructureDefinition/shr-encounter-Encounter"
                      ]
                    },
                    "status": "finished",
                    "class": {
                      "code": "ambulatory"
                    },
                    "type": [
                      {
                        "coding": [
                          {
                            "system": "http://snomed.info/sct",
                            "code": "308646001"
                          }
                        ],
                        "text": "Death Certification"
                      }
                    ],
                    "subject": {
                      "reference": "urn:uuid:c8f577f2-6142-4e98-b8a6-aa633929e997"
                    },
                    "period": {
                      "start": "1998-06-13T02:35:20-04:00",
                      "end": "1998-06-13T02:50:20-04:00"
                    },
                    "serviceProvider": {
                      "reference": "urn:uuid:2d24be7d-59d1-4b36-baf4-0abbf6c1e467"
                    },
                    "resourceType": "Encounter"
                  }
                }
              }
            ]
          },
          {
            "sequence": 1,
            "net": {
              "value": 255.0,
              "system": "urn:iso:std:iso:4217",
              "code": "USD"
            }
          }
        ],
        "total": {
          "value": 255.0,
          "system": "urn:iso:std:iso:4217",
          "code": "USD"
        },
        "resourceType": "Claim"
      }
    },
    {
      "fullUrl": "urn:uuid:7a520d6f-0ef1-4abb-a268-a9f3e3ef8823",
      "resource": {
        "id": "7a520d6f-0ef1-4abb-a268-a9f3e3ef8823",
        "meta": {
          "profile": [
            "http://standardhealthrecord.org/fhir/StructureDefinition/shr-observation-Observation"
          ]
        },
        "status": "final",
        "category": [
          {
            "coding": [
              {
                "system": "http://hl7.org/fhir/observation-category",
                "code": "survey"
              }
            ]
          }
        ],
        "code": {
          "coding": [
            {
              "system": "http://snomed.info/sct",
              "code": "273724008",
              "display": "Quality adjusted life years"
            }
          ],
          "text": "Quality adjusted life years"
        },
        "subject": {
          "reference": "urn:uuid:c8f577f2-6142-4e98-b8a6-aa633929e997"
        },
        "effectiveDateTime": "2017-10-31T16:09:28-04:00",
        "issued": "2017-10-31T16:09:28-04:00",
        "valueQuantity": {
          "value": 78.67197702498848,
          "unit": "years",
          "system": "http://unitsofmeasure.org/",
          "code": "years"
        },
        "resourceType": "Observation"
      }
    },
    {
      "fullUrl": "urn:uuid:9d17cd4f-372e-4887-ab93-2e429ace804f",
      "resource": {
        "id": "9d17cd4f-372e-4887-ab93-2e429ace804f",
        "meta": {
          "profile": [
            "http://standardhealthrecord.org/fhir/StructureDefinition/shr-observation-Observation"
          ]
        },
        "status": "final",
        "category": [
          {
            "coding": [
              {
                "system": "http://hl7.org/fhir/observation-category",
                "code": "survey"
              }
            ]
          }
        ],
        "code": {
          "coding": [
            {
              "system": "http://snomed.info/sct",
              "code": "273421001",
              "display": "Disability rating scale"
            }
          ],
          "text": "Disability rating scale"
        },
        "subject": {
          "reference": "urn:uuid:c8f577f2-6142-4e98-b8a6-aa633929e997"
        },
        "effectiveDateTime": "2017-10-31T16:09:28-04:00",
        "issued": "2017-10-31T16:09:28-04:00",
        "valueQuantity": {
          "value": 15.632022975011528,
          "unit": "years",
          "system": "http://unitsofmeasure.org/",
          "code": "years"
        },
        "resourceType": "Observation"
      }
    }
  ],
  "resourceType": "Bundle"
}