{
  "type": "collection",
  "entry": [
    {
      "fullUrl": "urn:uuid:4bae8dcd-48a4-4370-b127-1fad5ec588f1",
      "resource": {
        "id": "4bae8dcd-48a4-4370-b127-1fad5ec588f1",
        "meta": {
          "profile": [
            "http://standardhealthrecord.org/fhir/StructureDefinition/shr-actor-Organization"
          ]
        },
        "type": [
          {
            "coding": [
              {
                "system": "http://hl7.org/fhir/organization-type",
                "code": "prov",
                "display": "Healthcare Provider"
              }
            ],
            "text": "Healthcare Provider"
          }
        ],
        "name": "METROWEST MED CTR OUTPT PRIMARY CAR",
        "resourceType": "Organization"
      }
    },
    {
      "fullUrl": "urn:uuid:b495cfb4-daa2-46a1-9d50-183240f8c903",
      "resource": {
        "id": "b495cfb4-daa2-46a1-9d50-183240f8c903",
        "meta": {
          "profile": [
            "http://standardhealthrecord.org/fhir/StructureDefinition/shr-demographics-PersonOfRecord"
          ]
        },
        "text": {
          "status": "generated",
          "div": "<div xmlns=\"http://www.w3.org/1999/xhtml\">Generated by <a href=\"https://github.com/synthetichealth/synthea\">Synthea</a>. Version identifier: 368ac389f34cd3ce3986aa3a0a08e467bf574db3</div>"
        },
        "extension": [
          {
            "url": "http://hl7.org/fhir/us/core/StructureDefinition/us-core-race",
            "valueCodeableConcept": {
              "coding": [
                {
                  "system": "http://hl7.org/fhir/v3/Race",
                  "code": "2106-3",
                  "display": "White"
                }
              ],
              "text": "race"
            }
          },
          {
            "url": "http://hl7.org/fhir/us/core/StructureDefinition/us-core-ethnicity",
            "valueCodeableConcept": {
              "coding": [
                {
                  "system": "http://hl7.org/fhir/v3/Ethnicity",
                  "code": "2186-5",
                  "display": "Nonhispanic"
                }
              ],
              "text": "ethnicity"
            }
          },
          {
            "url": "http://hl7.org/fhir/StructureDefinition/birthPlace",
            "valueAddress": {
              "city": "Springfield",
              "state": "MA",
              "country": "US"
            }
          },
          {
            "url": "http://hl7.org/fhir/StructureDefinition/patient-mothersMaidenName",
            "valueString": "Agnus860 Fahey497"
          },
          {
            "url": "http://hl7.org/fhir/us/core/StructureDefinition/us-core-birthsex",
            "valueCode": "M"
          },
          {
            "url": "http://hl7.org/fhir/StructureDefinition/patient-interpreterRequired",
            "valueBoolean": false
          },
          {
            "url": "http://standardhealthrecord.org/fhir/StructureDefinition/shr-actor-FictionalPerson-extension",
            "valueBoolean": true
          },
          {
            "url": "http://standardhealthrecord.org/fhir/StructureDefinition/shr-demographics-FathersName-extension",
            "valueHumanName": {
              "text": "Shirley360 Carter205"
            }
          },
          {
            "url": "http://standardhealthrecord.org/fhir/StructureDefinition/shr-demographics-SocialSecurityNumber-extension",
            "valueString": "999-79-5448"
          }
        ],
        "identifier": [
          {
            "system": "https://github.com/synthetichealth/synthea",
            "value": "afad1456-ef9d-4062-95a1-86cf24498227"
          },
          {
            "type": {
              "coding": [
                {
                  "system": "http://hl7.org/fhir/identifier-type",
                  "code": "SB"
                }
              ]
            },
            "system": "http://hl7.org/fhir/sid/us-ssn",
            "value": "999795448"
          },
          {
            "type": {
              "coding": [
                {
                  "system": "http://hl7.org/fhir/v2/0203",
                  "code": "DL"
                }
              ]
            },
            "system": "urn:oid:2.16.840.1.113883.4.3.25",
            "value": "S99918055"
          },
          {
            "type": {
              "coding": [
                {
                  "system": "http://hl7.org/fhir/v2/0203",
                  "code": "PPN"
                }
              ]
            },
            "system": "http://standardhealthrecord.org/fhir/StructureDefinition/passportNumber",
            "value": "X57795860X"
          },
          {
            "type": {
              "coding": [
                {
                  "system": "http://hl7.org/fhir/v2/0203",
                  "code": "MR"
                }
              ]
            },
            "system": "http://hospital.smarthealthit.org",
            "value": "afad1456-ef9d-4062-95a1-86cf24498227"
          }
        ],
        "name": [
          {
            "use": "official",
            "family": "Carter205",
            "given": [
              "Aldo352"
            ],
            "prefix": [
              "Mr."
            ]
          }
        ],
        "telecom": [
          {
            "system": "phone",
            "value": "1-124-985-9120 x668",
            "use": "home"
          }
        ],
        "gender": "male",
        "birthDate": "1935-11-27",
        "deceasedDateTime": "2004-06-16T10:46:47-04:00",
        "address": [
          {
            "extension": [
              {
                "extension": [
                  {
                    "url": "latitude",
                    "valueDecimal": 42.27095754856513
                  },
                  {
                    "url": "longitude",
                    "valueDecimal": -71.43917767256684
                  }
                ],
                "url": "http://hl7.org/fhir/StructureDefinition/geolocation"
              }
            ],
            "line": [
              "788 Schneider Fords"
            ],
            "city": "Framingham",
            "state": "MA",
            "postalCode": "01704",
            "country": "US"
          }
        ],
        "maritalStatus": {
          "coding": [
            {
              "system": "http://hl7.org/fhir/v3/MaritalStatus",
              "code": "M"
            }
          ],
          "text": "M"
        },
        "multipleBirthBoolean": false,
        "communication": [
          {
            "language": {
              "coding": [
                {
                  "system": "http://hl7.org/fhir/ValueSet/languages",
                  "code": "en-US",
                  "display": "English (United States)"
                }
              ]
            }
          }
        ],
        "generalPractitioner": [
          {
            "reference": "urn:uuid:4bae8dcd-48a4-4370-b127-1fad5ec588f1"
          }
        ],
        "resourceType": "Patient"
      }
    },
    {
      "fullUrl": "urn:uuid:f59f4161-d2c7-4ce3-a84c-88ca170d7fe1",
      "resource": {
        "id": "f59f4161-d2c7-4ce3-a84c-88ca170d7fe1",
        "meta": {
          "profile": [
            "http://standardhealthrecord.org/fhir/StructureDefinition/shr-encounter-Encounter"
          ]
        },
        "status": "finished",
        "class": {
          "code": "ambulatory"
        },
        "type": [
          {
            "coding": [
              {
                "system": "http://snomed.info/sct",
                "code": "308646001"
              }
            ],
            "text": "Death Certification"
          }
        ],
        "subject": {
          "reference": "urn:uuid:b495cfb4-daa2-46a1-9d50-183240f8c903"
        },
        "period": {
          "start": "2004-06-16T10:46:47-04:00",
          "end": "2004-06-16T11:01:47-04:00"
        },
        "serviceProvider": {
          "reference": "urn:uuid:4bae8dcd-48a4-4370-b127-1fad5ec588f1"
        },
        "resourceType": "Encounter"
      }
    },
    {
      "fullUrl": "urn:uuid:d6ae22a0-70f3-4920-a5eb-c205369796a0",
      "resource": {
        "id": "d6ae22a0-70f3-4920-a5eb-c205369796a0",
        "status": "active",
        "use": "complete",
        "patient": {
          "reference": "urn:uuid:b495cfb4-daa2-46a1-9d50-183240f8c903"
        },
        "billablePeriod": {
          "start": "2004-06-16T10:46:47-04:00",
          "end": "2004-06-16T11:01:47-04:00"
        },
        "organization": {
          "reference": {
            "reference": "urn:uuid:4bae8dcd-48a4-4370-b127-1fad5ec588f1"
          }
        },
        "diagnosis": [
          {
            "sequence": 1,
            "diagnosisReference": {
              "reference": "urn:uuid:9a6e6779-fe7b-4588-a1a8-70d4c8ceb7f8"
            }
          },
          {
            "sequence": 2,
            "diagnosisReference": {
              "reference": "urn:uuid:cee0f6ed-ea0d-43bc-bf4c-43db9412e12e"
            }
          },
          {
            "sequence": 3,
            "diagnosisReference": {
              "reference": "urn:uuid:9e1c169c-6c6c-4d70-bafe-f0039e5a8c4e"
            }
          }
        ],
        "item": [
          {
            "sequence": 1,
            "net": {
              "value": 125.0,
              "system": "urn:iso:std:iso:4217",
              "code": "USD"
            },
            "encounter": [
              {
                "reference": {
                  "fullUrl": "urn:uuid:f59f4161-d2c7-4ce3-a84c-88ca170d7fe1",
                  "resource": {
                    "id": "f59f4161-d2c7-4ce3-a84c-88ca170d7fe1",
                    "meta": {
                      "profile": [
                        "http://standardhealthrecord.org/fhir/StructureDefinition/shr-encounter-Encounter"
                      ]
                    },
                    "status": "finished",
                    "class": {
                      "code": "ambulatory"
                    },
                    "type": [
                      {
                        "coding": [
                          {
                            "system": "http://snomed.info/sct",
                            "code": "308646001"
                          }
                        ],
                        "text": "Death Certification"
                      }
                    ],
                    "subject": {
                      "reference": "urn:uuid:b495cfb4-daa2-46a1-9d50-183240f8c903"
                    },
                    "period": {
                      "start": "2004-06-16T10:46:47-04:00",
                      "end": "2004-06-16T11:01:47-04:00"
                    },
                    "serviceProvider": {
                      "reference": "urn:uuid:4bae8dcd-48a4-4370-b127-1fad5ec588f1"
                    },
                    "resourceType": "Encounter"
                  }
                }
              }
            ]
          },
          {
            "sequence": 2,
            "diagnosisLinkId": [
              1
            ],
            "net": {
              "value": 0.0,
              "system": "urn:iso:std:iso:4217",
              "code": "USD"
            }
          },
          {
            "sequence": 3,
            "diagnosisLinkId": [
              2
            ],
            "net": {
              "value": 0.0,
              "system": "urn:iso:std:iso:4217",
              "code": "USD"
            }
          },
          {
            "sequence": 4,
            "diagnosisLinkId": [
              3
            ],
            "net": {
              "value": 0.0,
              "system": "urn:iso:std:iso:4217",
              "code": "USD"
            }
          }
        ],
        "total": {
          "value": 125.0,
          "system": "urn:iso:std:iso:4217",
          "code": "USD"
        },
        "resourceType": "Claim"
      }
    },
    {
      "fullUrl": "urn:uuid:9a6e6779-fe7b-4588-a1a8-70d4c8ceb7f8",
      "resource": {
        "id": "9a6e6779-fe7b-4588-a1a8-70d4c8ceb7f8",
        "meta": {
          "profile": [
            "http://standardhealthrecord.org/fhir/StructureDefinition/shr-problem-Problem"
          ]
        },
        "clinicalStatus": "active",
        "verificationStatus": "confirmed",
        "code": {
          "coding": [
            {
              "system": "http://snomed.info/sct",
              "code": "74400008",
              "display": "Appendicitis"
            }
          ],
          "text": "Appendicitis"
        },
        "subject": {
          "reference": "urn:uuid:b495cfb4-daa2-46a1-9d50-183240f8c903"
        },
        "context": {
          "reference": "urn:uuid:f59f4161-d2c7-4ce3-a84c-88ca170d7fe1"
        },
        "onsetDateTime": "1945-04-23T02:15:08-04:00",
        "assertedDate": "1945-04-23",
        "resourceType": "Condition"
      }
    },
    {
      "fullUrl": "urn:uuid:cee0f6ed-ea0d-43bc-bf4c-43db9412e12e",
      "resource": {
        "id": "cee0f6ed-ea0d-43bc-bf4c-43db9412e12e",
        "meta": {
          "profile": [
            "http://standardhealthrecord.org/fhir/StructureDefinition/shr-problem-Problem"
          ]
        },
        "clinicalStatus": "active",
        "verificationStatus": "confirmed",
        "code": {
          "coding": [
            {
              "system": "http://snomed.info/sct",
              "code": "428251008",
              "display": "History of appendectomy"
            }
          ],
          "text": "History of appendectomy"
        },
        "subject": {
          "reference": "urn:uuid:b495cfb4-daa2-46a1-9d50-183240f8c903"
        },
        "context": {
          "reference": "urn:uuid:f59f4161-d2c7-4ce3-a84c-88ca170d7fe1"
        },
        "onsetDateTime": "1945-04-23T02:15:08-04:00",
        "assertedDate": "1945-04-23",
        "resourceType": "Condition"
      }
    },
    {
      "fullUrl": "urn:uuid:9e1c169c-6c6c-4d70-bafe-f0039e5a8c4e",
      "resource": {
        "id": "9e1c169c-6c6c-4d70-bafe-f0039e5a8c4e",
        "meta": {
          "profile": [
            "http://standardhealthrecord.org/fhir/StructureDefinition/shr-problem-Problem"
          ]
        },
        "clinicalStatus": "active",
        "verificationStatus": "confirmed",
        "code": {
          "coding": [
            {
              "system": "http://snomed.info/sct",
              "code": "40055000",
              "display": "Chronic sinusitis (disorder)"
            }
          ],
          "text": "Chronic sinusitis (disorder)"
        },
        "subject": {
          "reference": "urn:uuid:b495cfb4-daa2-46a1-9d50-183240f8c903"
        },
        "context": {
          "reference": "urn:uuid:f59f4161-d2c7-4ce3-a84c-88ca170d7fe1"
        },
        "onsetDateTime": "1968-01-18T19:17:13-05:00",
        "assertedDate": "1968-01-18",
        "resourceType": "Condition"
      }
    },
    {
      "fullUrl": "urn:uuid:1fddbc5a-af3f-40e9-9030-4283f239ffe0",
      "resource": {
        "id": "1fddbc5a-af3f-40e9-9030-4283f239ffe0",
        "meta": {
          "profile": [
            "http://standardhealthrecord.org/fhir/StructureDefinition/shr-observation-Observation"
          ]
        },
        "status": "final",
        "category": [
          {
            "coding": [
              {
                "system": "http://hl7.org/fhir/observation-category"
              }
            ]
          }
        ],
        "code": {
          "coding": [
            {
              "system": "http://loinc.org",
              "code": "69453-9",
              "display": "Cause of Death [US Standard Certificate of Death]"
            }
          ],
          "text": "Cause of Death [US Standard Certificate of Death]"
        },
        "subject": {
          "reference": "urn:uuid:b495cfb4-daa2-46a1-9d50-183240f8c903"
        },
        "context": {
          "reference": "urn:uuid:f59f4161-d2c7-4ce3-a84c-88ca170d7fe1"
        },
        "effectiveDateTime": "2004-06-16T10:46:47-04:00",
        "issued": "2004-06-16T10:46:47-04:00",
        "valueCodeableConcept": {
          "coding": [
            {
              "system": "http://snomed.info/sct",
              "code": "9855000",
              "display": "Natural death with unknown cause"
            }
          ],
          "text": "Natural death with unknown cause"
        },
        "resourceType": "Observation"
      }
    },
    {
      "fullUrl": "urn:uuid:ae526d55-f9ac-4564-9bce-871748c4b115",
      "resource": {
        "id": "ae526d55-f9ac-4564-9bce-871748c4b115",
        "meta": {
          "profile": [
            "http://standardhealthrecord.org/fhir/StructureDefinition/shr-observation-Panel"
          ]
        },
        "status": "final",
        "code": {
          "coding": [
            {
              "system": "http://loinc.org",
              "code": "69409-1",
              "display": "U.S. standard certificate of death - 2003 revision"
            }
          ]
        },
        "subject": {
          "reference": "urn:uuid:b495cfb4-daa2-46a1-9d50-183240f8c903"
        },
        "context": {
          "reference": "urn:uuid:f59f4161-d2c7-4ce3-a84c-88ca170d7fe1"
        },
        "effectiveDateTime": "2004-06-16T10:46:47-04:00",
        "issued": "2004-06-16T10:46:47-04:00",
        "result": [
          {
            "reference": "urn:uuid:1fddbc5a-af3f-40e9-9030-4283f239ffe0",
            "display": "Cause of Death [US Standard Certificate of Death]"
          }
        ],
        "resourceType": "DiagnosticReport"
      }
    },
    {
      "resource": {
        "status": "completed",
        "intent": "order",
        "category": [
          {
            "coding": [
              {
                "system": "http://snomed.info/sct",
                "code": "53950000",
                "display": "Respiratory therapy"
              }
            ]
          }
        ],
        "subject": {
          "reference": "urn:uuid:b495cfb4-daa2-46a1-9d50-183240f8c903"
        },
        "context": {
          "reference": "urn:uuid:f59f4161-d2c7-4ce3-a84c-88ca170d7fe1"
        },
        "period": {
          "start": "1950-06-05",
          "end": "1950-11-10"
        },
        "activity": [
          {
            "detail": {
              "code": {
                "coding": [
                  {
                    "system": "http://snomed.info/sct",
                    "code": "304510005",
                    "display": "Recommendation to avoid exercise"
                  }
                ]
              },
              "status": "completed"
            }
          },
          {
            "detail": {
              "code": {
                "coding": [
                  {
                    "system": "http://snomed.info/sct",
                    "code": "371605008",
                    "display": "Deep breathing and coughing exercises"
                  }
                ]
              },
              "status": "completed"
            }
          }
        ],
        "resourceType": "CarePlan"
      }
    },
    {
      "resource": {
        "status": "completed",
        "intent": "order",
        "category": [
          {
            "coding": [
              {
                "system": "http://snomed.info/sct",
                "code": "53950000",
                "display": "Respiratory therapy"
              }
            ]
          }
        ],
        "subject": {
          "reference": "urn:uuid:b495cfb4-daa2-46a1-9d50-183240f8c903"
        },
        "context": {
          "reference": "urn:uuid:f59f4161-d2c7-4ce3-a84c-88ca170d7fe1"
        },
        "period": {
          "start": "1969-10-11",
          "end": "1970-07-15"
        },
        "activity": [
          {
            "detail": {
              "code": {
                "coding": [
                  {
                    "system": "http://snomed.info/sct",
                    "code": "710081004",
                    "display": "Smoking cessation therapy"
                  }
                ]
              },
              "status": "completed"
            }
          },
          {
            "detail": {
              "code": {
                "coding": [
                  {
                    "system": "http://snomed.info/sct",
                    "code": "304510005",
                    "display": "Recommendation to avoid exercise"
                  }
                ]
              },
              "status": "completed"
            }
          },
          {
            "detail": {
              "code": {
                "coding": [
                  {
                    "system": "http://snomed.info/sct",
                    "code": "371605008",
                    "display": "Deep breathing and coughing exercises"
                  }
                ]
              },
              "status": "completed"
            }
          }
        ],
        "resourceType": "CarePlan"
      }
    },
    {
      "resource": {
        "status": "active",
        "intent": "order",
        "category": [
          {
            "coding": [
              {
                "system": "http://snomed.info/sct",
                "code": "53950000",
                "display": "Respiratory therapy"
              }
            ]
          }
        ],
        "subject": {
          "reference": "urn:uuid:b495cfb4-daa2-46a1-9d50-183240f8c903"
        },
        "context": {
          "reference": "urn:uuid:f59f4161-d2c7-4ce3-a84c-88ca170d7fe1"
        },
        "period": {
          "start": "2004-03-16"
        },
        "activity": [
          {
            "detail": {
              "code": {
                "coding": [
                  {
                    "system": "http://snomed.info/sct",
                    "code": "710081004",
                    "display": "Smoking cessation therapy"
                  }
                ]
              },
              "status": "in-progress"
            }
          },
          {
            "detail": {
              "code": {
                "coding": [
                  {
                    "system": "http://snomed.info/sct",
                    "code": "304510005",
                    "display": "Recommendation to avoid exercise"
                  }
                ]
              },
              "status": "in-progress"
            }
          },
          {
            "detail": {
              "code": {
                "coding": [
                  {
                    "system": "http://snomed.info/sct",
                    "code": "371605008",
                    "display": "Deep breathing and coughing exercises"
                  }
                ]
              },
              "status": "in-progress"
            }
          }
        ],
        "resourceType": "CarePlan"
      }
    },
    {
      "fullUrl": "urn:uuid:729e338f-5c37-4844-994a-deb4bd5fb9ac",
      "resource": {
        "id": "729e338f-5c37-4844-994a-deb4bd5fb9ac",
        "meta": {
          "profile": [
            "http://standardhealthrecord.org/fhir/StructureDefinition/shr-medication-MedicationPrescription"
          ]
        },
        "extension": [
          {
            "url": "http://standardhealthrecord.org/fhir/StructureDefinition/shr-base-ActionCode-extension",
            "valueCodeableConcept": {
              "coding": [
                {
                  "system": "http://snomed.info/sct",
                  "code": "33633005",
                  "display": "Prescription of drug (procedure)"
                }
              ],
              "text": "Prescription of drug (procedure)"
            }
          }
        ],
        "status": "active",
        "intent": "order",
        "medicationCodeableConcept": {
          "coding": [
            {
              "system": "http://www.nlm.nih.gov/research/umls/rxnorm",
              "code": "834060",
              "display": "Penicillin V Potassium 250 MG"
            }
          ],
          "text": "Penicillin V Potassium 250 MG"
        },
        "subject": {
          "reference": "urn:uuid:b495cfb4-daa2-46a1-9d50-183240f8c903"
        },
        "context": {
          "reference": "urn:uuid:f59f4161-d2c7-4ce3-a84c-88ca170d7fe1"
        },
        "authoredOn": "1941-11-09",
        "resourceType": "MedicationRequest"
      }
    },
    {
      "fullUrl": "urn:uuid:eda9568e-1853-4eb4-90e2-743638e6341f",
      "resource": {
        "id": "eda9568e-1853-4eb4-90e2-743638e6341f",
        "status": "active",
        "use": "complete",
        "patient": {
          "reference": "urn:uuid:b495cfb4-daa2-46a1-9d50-183240f8c903"
        },
        "billablePeriod": {
          "start": "2004-06-16T10:46:47-04:00",
          "end": "2004-06-16T11:01:47-04:00"
        },
        "organization": {
          "reference": {
            "reference": "urn:uuid:4bae8dcd-48a4-4370-b127-1fad5ec588f1"
          }
        },
        "prescription": {
          "reference": "urn:uuid:729e338f-5c37-4844-994a-deb4bd5fb9ac"
        },
        "item": [
          {
            "sequence": 1,
            "net": {
              "value": 125.0,
              "system": "urn:iso:std:iso:4217",
              "code": "USD"
            },
            "encounter": [
              {
                "reference": {
                  "fullUrl": "urn:uuid:f59f4161-d2c7-4ce3-a84c-88ca170d7fe1",
                  "resource": {
                    "id": "f59f4161-d2c7-4ce3-a84c-88ca170d7fe1",
                    "meta": {
                      "profile": [
                        "http://standardhealthrecord.org/fhir/StructureDefinition/shr-encounter-Encounter"
                      ]
                    },
                    "status": "finished",
                    "class": {
                      "code": "ambulatory"
                    },
                    "type": [
                      {
                        "coding": [
                          {
                            "system": "http://snomed.info/sct",
                            "code": "308646001"
                          }
                        ],
                        "text": "Death Certification"
                      }
                    ],
                    "subject": {
                      "reference": "urn:uuid:b495cfb4-daa2-46a1-9d50-183240f8c903"
                    },
                    "period": {
                      "start": "2004-06-16T10:46:47-04:00",
                      "end": "2004-06-16T11:01:47-04:00"
                    },
                    "serviceProvider": {
                      "reference": "urn:uuid:4bae8dcd-48a4-4370-b127-1fad5ec588f1"
                    },
                    "resourceType": "Encounter"
                  }
                }
              }
            ]
          },
          {
            "sequence": 1,
            "net": {
              "value": 255.0,
              "system": "urn:iso:std:iso:4217",
              "code": "USD"
            }
          }
        ],
        "total": {
          "value": 255.0,
          "system": "urn:iso:std:iso:4217",
          "code": "USD"
        },
        "resourceType": "Claim"
      }
    },
    {
      "fullUrl": "urn:uuid:830821a5-7588-4a5f-b0b8-59664f5ed44c",
      "resource": {
        "id": "830821a5-7588-4a5f-b0b8-59664f5ed44c",
        "meta": {
          "profile": [
            "http://standardhealthrecord.org/fhir/StructureDefinition/shr-medication-MedicationPrescription"
          ]
        },
        "extension": [
          {
            "url": "http://standardhealthrecord.org/fhir/StructureDefinition/shr-base-ActionCode-extension",
            "valueCodeableConcept": {
              "coding": [
                {
                  "system": "http://snomed.info/sct",
                  "code": "33633005",
                  "display": "Prescription of drug (procedure)"
                }
              ],
              "text": "Prescription of drug (procedure)"
            }
          }
        ],
        "status": "active",
        "intent": "order",
        "medicationCodeableConcept": {
          "coding": [
            {
              "system": "http://www.nlm.nih.gov/research/umls/rxnorm",
              "code": "834101",
              "display": "Penicillin V Potassium 500 MG"
            }
          ],
          "text": "Penicillin V Potassium 500 MG"
        },
        "subject": {
          "reference": "urn:uuid:b495cfb4-daa2-46a1-9d50-183240f8c903"
        },
        "context": {
          "reference": "urn:uuid:f59f4161-d2c7-4ce3-a84c-88ca170d7fe1"
        },
        "authoredOn": "1986-12-06",
        "resourceType": "MedicationRequest"
      }
    },
    {
      "fullUrl": "urn:uuid:03e4959b-e001-4e88-b43b-6c4c82a84440",
      "resource": {
        "id": "03e4959b-e001-4e88-b43b-6c4c82a84440",
        "status": "active",
        "use": "complete",
        "patient": {
          "reference": "urn:uuid:b495cfb4-daa2-46a1-9d50-183240f8c903"
        },
        "billablePeriod": {
          "start": "2004-06-16T10:46:47-04:00",
          "end": "2004-06-16T11:01:47-04:00"
        },
        "organization": {
          "reference": {
            "reference": "urn:uuid:4bae8dcd-48a4-4370-b127-1fad5ec588f1"
          }
        },
        "prescription": {
          "reference": "urn:uuid:830821a5-7588-4a5f-b0b8-59664f5ed44c"
        },
        "item": [
          {
            "sequence": 1,
            "net": {
              "value": 125.0,
              "system": "urn:iso:std:iso:4217",
              "code": "USD"
            },
            "encounter": [
              {
                "reference": {
                  "fullUrl": "urn:uuid:f59f4161-d2c7-4ce3-a84c-88ca170d7fe1",
                  "resource": {
                    "id": "f59f4161-d2c7-4ce3-a84c-88ca170d7fe1",
                    "meta": {
                      "profile": [
                        "http://standardhealthrecord.org/fhir/StructureDefinition/shr-encounter-Encounter"
                      ]
                    },
                    "status": "finished",
                    "class": {
                      "code": "ambulatory"
                    },
                    "type": [
                      {
                        "coding": [
                          {
                            "system": "http://snomed.info/sct",
                            "code": "308646001"
                          }
                        ],
                        "text": "Death Certification"
                      }
                    ],
                    "subject": {
                      "reference": "urn:uuid:b495cfb4-daa2-46a1-9d50-183240f8c903"
                    },
                    "period": {
                      "start": "2004-06-16T10:46:47-04:00",
                      "end": "2004-06-16T11:01:47-04:00"
                    },
                    "serviceProvider": {
                      "reference": "urn:uuid:4bae8dcd-48a4-4370-b127-1fad5ec588f1"
                    },
                    "resourceType": "Encounter"
                  }
                }
              }
            ]
          },
          {
            "sequence": 1,
            "net": {
              "value": 255.0,
              "system": "urn:iso:std:iso:4217",
              "code": "USD"
            }
          }
        ],
        "total": {
          "value": 255.0,
          "system": "urn:iso:std:iso:4217",
          "code": "USD"
        },
        "resourceType": "Claim"
      }
    },
    {
      "fullUrl": "urn:uuid:537f37d9-3794-408a-9f14-dd4d42f9f05d",
      "resource": {
        "id": "537f37d9-3794-408a-9f14-dd4d42f9f05d",
        "meta": {
          "profile": [
            "http://standardhealthrecord.org/fhir/StructureDefinition/shr-observation-Observation"
          ]
        },
        "status": "final",
        "category": [
          {
            "coding": [
              {
                "system": "http://hl7.org/fhir/observation-category",
                "code": "survey"
              }
            ]
          }
        ],
        "code": {
          "coding": [
            {
              "system": "http://snomed.info/sct",
              "code": "273724008",
              "display": "Quality adjusted life years"
            }
          ],
          "text": "Quality adjusted life years"
        },
        "subject": {
          "reference": "urn:uuid:b495cfb4-daa2-46a1-9d50-183240f8c903"
        },
        "effectiveDateTime": "2017-10-31T16:09:28-04:00",
        "issued": "2017-10-31T16:09:28-04:00",
        "valueQuantity": {
          "value": 44.774545063917806,
          "unit": "years",
          "system": "http://unitsofmeasure.org/",
          "code": "years"
        },
        "resourceType": "Observation"
      }
    },
    {
      "fullUrl": "urn:uuid:351cff2a-ed9b-418b-b3f3-cf75f62ef9cb",
      "resource": {
        "id": "351cff2a-ed9b-418b-b3f3-cf75f62ef9cb",
        "meta": {
          "profile": [
            "http://standardhealthrecord.org/fhir/StructureDefinition/shr-observation-Observation"
          ]
        },
        "status": "final",
        "category": [
          {
            "coding": [
              {
                "system": "http://hl7.org/fhir/observation-category",
                "code": "survey"
              }
            ]
          }
        ],
        "code": {
          "coding": [
            {
              "system": "http://snomed.info/sct",
              "code": "273421001",
              "display": "Disability rating scale"
            }
          ],
          "text": "Disability rating scale"
        },
        "subject": {
          "reference": "urn:uuid:b495cfb4-daa2-46a1-9d50-183240f8c903"
        },
        "effectiveDateTime": "2017-10-31T16:09:28-04:00",
        "issued": "2017-10-31T16:09:28-04:00",
        "valueQuantity": {
          "value": 45.4681749360822,
          "unit": "years",
          "system": "http://unitsofmeasure.org/",
          "code": "years"
        },
        "resourceType": "Observation"
      }
    }
  ],
  "resourceType": "Bundle"
}