{
  "type": "collection",
  "entry": [
    {
      "fullUrl": "urn:uuid:28665312-de6a-4add-8b9e-d60e8f043af4",
      "resource": {
        "id": "28665312-de6a-4add-8b9e-d60e8f043af4",
        "meta": {
          "profile": [
            "http://standardhealthrecord.org/fhir/StructureDefinition/shr-actor-Organization"
          ]
        },
        "type": [
          {
            "coding": [
              {
                "system": "http://hl7.org/fhir/organization-type",
                "code": "prov",
                "display": "Healthcare Provider"
              }
            ],
            "text": "Healthcare Provider"
          }
        ],
        "name": "SOUTHCOAST HOSPS GRP RADIOLOGY SRVS",
        "resourceType": "Organization"
      }
    },
    {
      "fullUrl": "urn:uuid:542d00c7-c41f-418b-853c-8ed61c6b08de",
      "resource": {
        "id": "542d00c7-c41f-418b-853c-8ed61c6b08de",
        "meta": {
          "profile": [
            "http://standardhealthrecord.org/fhir/StructureDefinition/shr-demographics-PersonOfRecord"
          ]
        },
        "text": {
          "status": "generated",
          "div": "<div xmlns=\"http://www.w3.org/1999/xhtml\">Generated by <a href=\"https://github.com/synthetichealth/synthea\">Synthea</a>. Version identifier: 368ac389f34cd3ce3986aa3a0a08e467bf574db3</div>"
        },
        "extension": [
          {
            "url": "http://hl7.org/fhir/us/core/StructureDefinition/us-core-race",
            "valueCodeableConcept": {
              "coding": [
                {
                  "system": "http://hl7.org/fhir/v3/Race",
                  "code": "2106-3",
                  "display": "White"
                }
              ],
              "text": "race"
            }
          },
          {
            "url": "http://hl7.org/fhir/us/core/StructureDefinition/us-core-ethnicity",
            "valueCodeableConcept": {
              "coding": [
                {
                  "system": "http://hl7.org/fhir/v3/Ethnicity",
                  "code": "2186-5",
                  "display": "Nonhispanic"
                }
              ],
              "text": "ethnicity"
            }
          },
          {
            "url": "http://hl7.org/fhir/StructureDefinition/birthPlace",
            "valueAddress": {
              "city": "Billerica",
              "state": "MA",
              "country": "US"
            }
          },
          {
            "url": "http://hl7.org/fhir/StructureDefinition/patient-mothersMaidenName",
            "valueString": "Monnie620 Roberts158"
          },
          {
            "url": "http://hl7.org/fhir/us/core/StructureDefinition/us-core-birthsex",
            "valueCode": "M"
          },
          {
            "url": "http://hl7.org/fhir/StructureDefinition/patient-interpreterRequired",
            "valueBoolean": false
          },
          {
            "url": "http://standardhealthrecord.org/fhir/StructureDefinition/shr-actor-FictionalPerson-extension",
            "valueBoolean": true
          },
          {
            "url": "http://standardhealthrecord.org/fhir/StructureDefinition/shr-demographics-FathersName-extension",
            "valueHumanName": {
              "text": "Asa492 Cassin621"
            }
          },
          {
            "url": "http://standardhealthrecord.org/fhir/StructureDefinition/shr-demographics-SocialSecurityNumber-extension",
            "valueString": "999-48-8364"
          }
        ],
        "identifier": [
          {
            "system": "https://github.com/synthetichealth/synthea",
            "value": "ea532d2b-f2db-4458-837f-ea437932271a"
          },
          {
            "type": {
              "coding": [
                {
                  "system": "http://hl7.org/fhir/identifier-type",
                  "code": "SB"
                }
              ]
            },
            "system": "http://hl7.org/fhir/sid/us-ssn",
            "value": "999488364"
          },
          {
            "type": {
              "coding": [
                {
                  "system": "http://hl7.org/fhir/v2/0203",
                  "code": "DL"
                }
              ]
            },
            "system": "urn:oid:2.16.840.1.113883.4.3.25",
            "value": "S99918226"
          },
          {
            "type": {
              "coding": [
                {
                  "system": "http://hl7.org/fhir/v2/0203",
                  "code": "PPN"
                }
              ]
            },
            "system": "http://standardhealthrecord.org/fhir/StructureDefinition/passportNumber",
            "value": "X80118162X"
          },
          {
            "type": {
              "coding": [
                {
                  "system": "http://hl7.org/fhir/v2/0203",
                  "code": "MR"
                }
              ]
            },
            "system": "http://hospital.smarthealthit.org",
            "value": "ea532d2b-f2db-4458-837f-ea437932271a"
          }
        ],
        "name": [
          {
            "use": "official",
            "family": "Cassin621",
            "given": [
              "Carmen357"
            ],
            "prefix": [
              "Mr."
            ]
          }
        ],
        "telecom": [
          {
            "system": "phone",
            "value": "386.698.1862",
            "use": "home"
          }
        ],
        "gender": "male",
        "birthDate": "1936-11-06",
        "deceasedDateTime": "1995-12-20T01:13:54-05:00",
        "address": [
          {
            "extension": [
              {
                "extension": [
                  {
                    "url": "latitude",
                    "valueDecimal": 41.75109566782965
                  },
                  {
                    "url": "longitude",
                    "valueDecimal": -71.08653445389275
                  }
                ],
                "url": "http://hl7.org/fhir/StructureDefinition/geolocation"
              }
            ],
            "line": [
              "321 Daniel Fork",
              "Suite 626"
            ],
            "city": "Fall River",
            "state": "MA",
            "postalCode": "02723",
            "country": "US"
          }
        ],
        "maritalStatus": {
          "coding": [
            {
              "system": "http://hl7.org/fhir/v3/MaritalStatus",
              "code": "S"
            }
          ],
          "text": "S"
        },
        "multipleBirthBoolean": false,
        "communication": [
          {
            "language": {
              "coding": [
                {
                  "system": "http://hl7.org/fhir/ValueSet/languages",
                  "code": "en-US",
                  "display": "English (United States)"
                }
              ]
            }
          }
        ],
        "generalPractitioner": [
          {
            "reference": "urn:uuid:28665312-de6a-4add-8b9e-d60e8f043af4"
          }
        ],
        "resourceType": "Patient"
      }
    },
    {
      "fullUrl": "urn:uuid:4a951f72-6abd-4cf2-9217-a38966b85e27",
      "resource": {
        "id": "4a951f72-6abd-4cf2-9217-a38966b85e27",
        "meta": {
          "profile": [
            "http://standardhealthrecord.org/fhir/StructureDefinition/shr-encounter-Encounter"
          ]
        },
        "status": "finished",
        "class": {
          "code": "ambulatory"
        },
        "type": [
          {
            "coding": [
              {
                "system": "http://snomed.info/sct",
                "code": "308646001"
              }
            ],
            "text": "Death Certification"
          }
        ],
        "subject": {
          "reference": "urn:uuid:542d00c7-c41f-418b-853c-8ed61c6b08de"
        },
        "period": {
          "start": "1995-12-20T01:13:54-05:00",
          "end": "1995-12-20T01:28:54-05:00"
        },
        "serviceProvider": {
          "reference": "urn:uuid:28665312-de6a-4add-8b9e-d60e8f043af4"
        },
        "resourceType": "Encounter"
      }
    },
    {
      "fullUrl": "urn:uuid:218defa8-1534-47db-8842-163c80e5842a",
      "resource": {
        "id": "218defa8-1534-47db-8842-163c80e5842a",
        "status": "active",
        "use": "complete",
        "patient": {
          "reference": "urn:uuid:542d00c7-c41f-418b-853c-8ed61c6b08de"
        },
        "billablePeriod": {
          "start": "1995-12-20T01:13:54-05:00",
          "end": "1995-12-20T01:28:54-05:00"
        },
        "organization": {
          "reference": {
            "reference": "urn:uuid:28665312-de6a-4add-8b9e-d60e8f043af4"
          }
        },
        "diagnosis": [
          {
            "sequence": 1,
            "diagnosisReference": {
              "reference": "urn:uuid:2f0fefc3-4d57-489a-982e-19c86ae6ab13"
            }
          },
          {
            "sequence": 2,
            "diagnosisReference": {
              "reference": "urn:uuid:5c7b3882-9142-4497-9ad9-662ddec2530c"
            }
          },
          {
            "sequence": 3,
            "diagnosisReference": {
              "reference": "urn:uuid:a7d21b54-f5af-4981-a020-6ac8a9560c5e"
            }
          },
          {
            "sequence": 4,
            "diagnosisReference": {
              "reference": "urn:uuid:4174be8f-da58-4a2c-a455-e9c712c62087"
            }
          }
        ],
        "item": [
          {
            "sequence": 1,
            "net": {
              "value": 125.0,
              "system": "urn:iso:std:iso:4217",
              "code": "USD"
            },
            "encounter": [
              {
                "reference": {
                  "fullUrl": "urn:uuid:4a951f72-6abd-4cf2-9217-a38966b85e27",
                  "resource": {
                    "id": "4a951f72-6abd-4cf2-9217-a38966b85e27",
                    "meta": {
                      "profile": [
                        "http://standardhealthrecord.org/fhir/StructureDefinition/shr-encounter-Encounter"
                      ]
                    },
                    "status": "finished",
                    "class": {
                      "code": "ambulatory"
                    },
                    "type": [
                      {
                        "coding": [
                          {
                            "system": "http://snomed.info/sct",
                            "code": "308646001"
                          }
                        ],
                        "text": "Death Certification"
                      }
                    ],
                    "subject": {
                      "reference": "urn:uuid:542d00c7-c41f-418b-853c-8ed61c6b08de"
                    },
                    "period": {
                      "start": "1995-12-20T01:13:54-05:00",
                      "end": "1995-12-20T01:28:54-05:00"
                    },
                    "serviceProvider": {
                      "reference": "urn:uuid:28665312-de6a-4add-8b9e-d60e8f043af4"
                    },
                    "resourceType": "Encounter"
                  }
                }
              }
            ]
          },
          {
            "sequence": 2,
            "diagnosisLinkId": [
              1
            ],
            "net": {
              "value": 0.0,
              "system": "urn:iso:std:iso:4217",
              "code": "USD"
            }
          },
          {
            "sequence": 3,
            "diagnosisLinkId": [
              2
            ],
            "net": {
              "value": 0.0,
              "system": "urn:iso:std:iso:4217",
              "code": "USD"
            }
          },
          {
            "sequence": 4,
            "diagnosisLinkId": [
              3
            ],
            "net": {
              "value": 0.0,
              "system": "urn:iso:std:iso:4217",
              "code": "USD"
            }
          },
          {
            "sequence": 5,
            "diagnosisLinkId": [
              4
            ],
            "net": {
              "value": 0.0,
              "system": "urn:iso:std:iso:4217",
              "code": "USD"
            }
          }
        ],
        "total": {
          "value": 125.0,
          "system": "urn:iso:std:iso:4217",
          "code": "USD"
        },
        "resourceType": "Claim"
      }
    },
    {
      "fullUrl": "urn:uuid:2f0fefc3-4d57-489a-982e-19c86ae6ab13",
      "resource": {
        "id": "2f0fefc3-4d57-489a-982e-19c86ae6ab13",
        "meta": {
          "profile": [
            "http://standardhealthrecord.org/fhir/StructureDefinition/shr-problem-Problem"
          ]
        },
        "clinicalStatus": "active",
        "verificationStatus": "confirmed",
        "code": {
          "coding": [
            {
              "system": "http://snomed.info/sct",
              "code": "15777000",
              "display": "Prediabetes"
            }
          ],
          "text": "Prediabetes"
        },
        "subject": {
          "reference": "urn:uuid:542d00c7-c41f-418b-853c-8ed61c6b08de"
        },
        "context": {
          "reference": "urn:uuid:4a951f72-6abd-4cf2-9217-a38966b85e27"
        },
        "onsetDateTime": "1984-10-13T04:38:11-04:00",
        "assertedDate": "1984-10-13",
        "resourceType": "Condition"
      }
    },
    {
      "fullUrl": "urn:uuid:5c7b3882-9142-4497-9ad9-662ddec2530c",
      "resource": {
        "id": "5c7b3882-9142-4497-9ad9-662ddec2530c",
        "meta": {
          "profile": [
            "http://standardhealthrecord.org/fhir/StructureDefinition/shr-problem-Problem"
          ]
        },
        "clinicalStatus": "active",
        "verificationStatus": "confirmed",
        "code": {
          "coding": [
            {
              "system": "http://snomed.info/sct",
              "code": "162573006",
              "display": "Suspected lung cancer (situation)"
            }
          ],
          "text": "Suspected lung cancer (situation)"
        },
        "subject": {
          "reference": "urn:uuid:542d00c7-c41f-418b-853c-8ed61c6b08de"
        },
        "context": {
          "reference": "urn:uuid:4a951f72-6abd-4cf2-9217-a38966b85e27"
        },
        "onsetDateTime": "1994-07-06T20:43:38-04:00",
        "assertedDate": "1994-07-06",
        "resourceType": "Condition"
      }
    },
    {
      "fullUrl": "urn:uuid:a7d21b54-f5af-4981-a020-6ac8a9560c5e",
      "resource": {
        "id": "a7d21b54-f5af-4981-a020-6ac8a9560c5e",
        "meta": {
          "profile": [
            "http://standardhealthrecord.org/fhir/StructureDefinition/shr-problem-Problem"
          ]
        },
        "clinicalStatus": "active",
        "verificationStatus": "confirmed",
        "code": {
          "coding": [
            {
              "system": "http://snomed.info/sct",
              "code": "254637007",
              "display": "Non-small cell lung cancer (disorder)"
            }
          ],
          "text": "Non-small cell lung cancer (disorder)"
        },
        "subject": {
          "reference": "urn:uuid:542d00c7-c41f-418b-853c-8ed61c6b08de"
        },
        "context": {
          "reference": "urn:uuid:4a951f72-6abd-4cf2-9217-a38966b85e27"
        },
        "onsetDateTime": "1994-07-23T04:47:38-04:00",
        "assertedDate": "1994-07-23",
        "resourceType": "Condition"
      }
    },
    {
      "fullUrl": "urn:uuid:4174be8f-da58-4a2c-a455-e9c712c62087",
      "resource": {
        "id": "4174be8f-da58-4a2c-a455-e9c712c62087",
        "meta": {
          "profile": [
            "http://standardhealthrecord.org/fhir/StructureDefinition/shr-problem-Problem"
          ]
        },
        "clinicalStatus": "active",
        "verificationStatus": "confirmed",
        "code": {
          "coding": [
            {
              "system": "http://snomed.info/sct",
              "code": "425048006",
              "display": "Non-small cell carcinoma of lung, TNM stage 2 (disorder)"
            }
          ],
          "text": "Non-small cell carcinoma of lung, TNM stage 2 (disorder)"
        },
        "subject": {
          "reference": "urn:uuid:542d00c7-c41f-418b-853c-8ed61c6b08de"
        },
        "context": {
          "reference": "urn:uuid:4a951f72-6abd-4cf2-9217-a38966b85e27"
        },
        "onsetDateTime": "1994-07-24T14:33:36-04:00",
        "assertedDate": "1994-07-24",
        "resourceType": "Condition"
      }
    },
    {
      "fullUrl": "urn:uuid:100e9cdb-6b9f-4cbe-b95a-d009d5c5dcf3",
      "resource": {
        "id": "100e9cdb-6b9f-4cbe-b95a-d009d5c5dcf3",
        "meta": {
          "profile": [
            "http://standardhealthrecord.org/fhir/StructureDefinition/shr-observation-Observation"
          ]
        },
        "status": "final",
        "category": [
          {
            "coding": [
              {
                "system": "http://hl7.org/fhir/observation-category"
              }
            ]
          }
        ],
        "code": {
          "coding": [
            {
              "system": "http://loinc.org",
              "code": "69453-9",
              "display": "Cause of Death [US Standard Certificate of Death]"
            }
          ],
          "text": "Cause of Death [US Standard Certificate of Death]"
        },
        "subject": {
          "reference": "urn:uuid:542d00c7-c41f-418b-853c-8ed61c6b08de"
        },
        "context": {
          "reference": "urn:uuid:4a951f72-6abd-4cf2-9217-a38966b85e27"
        },
        "effectiveDateTime": "1995-12-20T01:13:54-05:00",
        "issued": "1995-12-20T01:13:54-05:00",
        "valueCodeableConcept": {
          "coding": [
            {
              "system": "http://snomed.info/sct",
              "code": "254637007",
              "display": "Non-small cell lung cancer (disorder)"
            }
          ],
          "text": "Non-small cell lung cancer (disorder)"
        },
        "resourceType": "Observation"
      }
    },
    {
      "fullUrl": "urn:uuid:634a4847-ec43-4a59-9f36-b51df7d75779",
      "resource": {
        "id": "634a4847-ec43-4a59-9f36-b51df7d75779",
        "meta": {
          "profile": [
            "http://standardhealthrecord.org/fhir/StructureDefinition/shr-observation-Panel"
          ]
        },
        "status": "final",
        "code": {
          "coding": [
            {
              "system": "http://loinc.org",
              "code": "69409-1",
              "display": "U.S. standard certificate of death - 2003 revision"
            }
          ]
        },
        "subject": {
          "reference": "urn:uuid:542d00c7-c41f-418b-853c-8ed61c6b08de"
        },
        "context": {
          "reference": "urn:uuid:4a951f72-6abd-4cf2-9217-a38966b85e27"
        },
        "effectiveDateTime": "1995-12-20T01:13:54-05:00",
        "issued": "1995-12-20T01:13:54-05:00",
        "result": [
          {
            "reference": "urn:uuid:100e9cdb-6b9f-4cbe-b95a-d009d5c5dcf3",
            "display": "Cause of Death [US Standard Certificate of Death]"
          }
        ],
        "resourceType": "DiagnosticReport"
      }
    },
    {
      "fullUrl": "urn:uuid:e024b1e2-e2a3-4745-9feb-42a4aa4875f6",
      "resource": {
        "id": "e024b1e2-e2a3-4745-9feb-42a4aa4875f6",
        "status": "in-progress",
        "description": {
          "text": "Hemoglobin A1c total in Blood < 7.0"
        },
        "addresses": [
          {
            "reference": "urn:uuid:2f0fefc3-4d57-489a-982e-19c86ae6ab13"
          }
        ],
        "resourceType": "Goal"
      }
    },
    {
      "fullUrl": "urn:uuid:ac477848-7c03-4b80-a721-9fa1ca9d3ed1",
      "resource": {
        "id": "ac477848-7c03-4b80-a721-9fa1ca9d3ed1",
        "status": "in-progress",
        "description": {
          "text": "Glucose [Mass/volume] in Blood < 108"
        },
        "addresses": [
          {
            "reference": "urn:uuid:2f0fefc3-4d57-489a-982e-19c86ae6ab13"
          }
        ],
        "resourceType": "Goal"
      }
    },
    {
      "fullUrl": "urn:uuid:b31efc54-0a96-479c-bcce-4674282d3925",
      "resource": {
        "id": "b31efc54-0a96-479c-bcce-4674282d3925",
        "status": "in-progress",
        "description": {
          "text": "Maintain blood pressure below 140/90 mmHg"
        },
        "addresses": [
          {
            "reference": "urn:uuid:2f0fefc3-4d57-489a-982e-19c86ae6ab13"
          }
        ],
        "resourceType": "Goal"
      }
    },
    {
      "fullUrl": "urn:uuid:abf5a568-ff71-4643-8da0-e4588b777798",
      "resource": {
        "id": "abf5a568-ff71-4643-8da0-e4588b777798",
        "status": "in-progress",
        "description": {
          "text": "Improve and maintenance of optimal foot health: aim at early detection of peripheral vascular problems and neuropathy presumed due to diabetes; and prevention of diabetic foot ulcer, gangrene"
        },
        "addresses": [
          {
            "reference": "urn:uuid:2f0fefc3-4d57-489a-982e-19c86ae6ab13"
          }
        ],
        "resourceType": "Goal"
      }
    },
    {
      "fullUrl": "urn:uuid:764983e8-0c98-4b5a-95ea-dfbd73df43bb",
      "resource": {
        "id": "764983e8-0c98-4b5a-95ea-dfbd73df43bb",
        "status": "in-progress",
        "description": {
          "text": "Address patient knowledge deficit on diabetic self-care"
        },
        "addresses": [
          {
            "reference": "urn:uuid:2f0fefc3-4d57-489a-982e-19c86ae6ab13"
          }
        ],
        "resourceType": "Goal"
      }
    },
    {
      "resource": {
        "status": "active",
        "intent": "order",
        "category": [
          {
            "coding": [
              {
                "system": "http://snomed.info/sct",
                "code": "698360004",
                "display": "Diabetes self management plan"
              }
            ]
          }
        ],
        "subject": {
          "reference": "urn:uuid:542d00c7-c41f-418b-853c-8ed61c6b08de"
        },
        "context": {
          "reference": "urn:uuid:4a951f72-6abd-4cf2-9217-a38966b85e27"
        },
        "period": {
          "start": "1984-10-13"
        },
        "addresses": [
          {
            "reference": "urn:uuid:2f0fefc3-4d57-489a-982e-19c86ae6ab13"
          }
        ],
        "goal": [
          {
            "reference": "urn:uuid:e024b1e2-e2a3-4745-9feb-42a4aa4875f6"
          },
          {
            "reference": "urn:uuid:ac477848-7c03-4b80-a721-9fa1ca9d3ed1"
          },
          {
            "reference": "urn:uuid:b31efc54-0a96-479c-bcce-4674282d3925"
          },
          {
            "reference": "urn:uuid:abf5a568-ff71-4643-8da0-e4588b777798"
          },
          {
            "reference": "urn:uuid:764983e8-0c98-4b5a-95ea-dfbd73df43bb"
          }
        ],
        "activity": [
          {
            "detail": {
              "code": {
                "coding": [
                  {
                    "system": "http://snomed.info/sct",
                    "code": "160670007",
                    "display": "Diabetic diet"
                  }
                ]
              },
              "status": "in-progress"
            }
          },
          {
            "detail": {
              "code": {
                "coding": [
                  {
                    "system": "http://snomed.info/sct",
                    "code": "229065009",
                    "display": "Exercise therapy"
                  }
                ]
              },
              "status": "in-progress"
            }
          }
        ],
        "resourceType": "CarePlan"
      }
    },
    {
      "resource": {
        "status": "active",
        "intent": "order",
        "category": [
          {
            "coding": [
              {
                "system": "http://snomed.info/sct",
                "code": "182964004",
                "display": "Terminal care"
              }
            ]
          }
        ],
        "subject": {
          "reference": "urn:uuid:542d00c7-c41f-418b-853c-8ed61c6b08de"
        },
        "context": {
          "reference": "urn:uuid:4a951f72-6abd-4cf2-9217-a38966b85e27"
        },
        "period": {
          "start": "1994-07-24"
        },
        "addresses": [
          {
            "reference": "urn:uuid:4174be8f-da58-4a2c-a455-e9c712c62087"
          }
        ],
        "activity": [
          {
            "detail": {
              "code": {
                "coding": [
                  {
                    "system": "http://snomed.info/sct",
                    "code": "133918004",
                    "display": "Comfort measures"
                  }
                ]
              },
              "status": "in-progress"
            }
          },
          {
            "detail": {
              "code": {
                "coding": [
                  {
                    "system": "http://snomed.info/sct",
                    "code": "408957008",
                    "display": "Chronic pain control management"
                  }
                ]
              },
              "status": "in-progress"
            }
          },
          {
            "detail": {
              "code": {
                "coding": [
                  {
                    "system": "http://snomed.info/sct",
                    "code": "243072006",
                    "display": "Cancer education"
                  }
                ]
              },
              "status": "in-progress"
            }
          }
        ],
        "resourceType": "CarePlan"
      }
    },
    {
      "fullUrl": "urn:uuid:34766a8f-8204-48f8-af7c-248ec6232f19",
      "resource": {
        "id": "34766a8f-8204-48f8-af7c-248ec6232f19",
        "meta": {
          "profile": [
            "http://standardhealthrecord.org/fhir/StructureDefinition/shr-medication-MedicationPrescription"
          ]
        },
        "extension": [
          {
            "url": "http://standardhealthrecord.org/fhir/StructureDefinition/shr-base-ActionCode-extension",
            "valueCodeableConcept": {
              "coding": [
                {
                  "system": "http://snomed.info/sct",
                  "code": "33633005",
                  "display": "Prescription of drug (procedure)"
                }
              ],
              "text": "Prescription of drug (procedure)"
            }
          }
        ],
        "status": "active",
        "intent": "order",
        "medicationCodeableConcept": {
          "coding": [
            {
              "system": "http://www.nlm.nih.gov/research/umls/rxnorm",
              "code": "834060",
              "display": "Penicillin V Potassium 250 MG"
            }
          ],
          "text": "Penicillin V Potassium 250 MG"
        },
        "subject": {
          "reference": "urn:uuid:542d00c7-c41f-418b-853c-8ed61c6b08de"
        },
        "context": {
          "reference": "urn:uuid:4a951f72-6abd-4cf2-9217-a38966b85e27"
        },
        "authoredOn": "1942-05-18",
        "resourceType": "MedicationRequest"
      }
    },
    {
      "fullUrl": "urn:uuid:36fe7515-c36e-4ced-ad8c-969c404827d8",
      "resource": {
        "id": "36fe7515-c36e-4ced-ad8c-969c404827d8",
        "status": "active",
        "use": "complete",
        "patient": {
          "reference": "urn:uuid:542d00c7-c41f-418b-853c-8ed61c6b08de"
        },
        "billablePeriod": {
          "start": "1995-12-20T01:13:54-05:00",
          "end": "1995-12-20T01:28:54-05:00"
        },
        "organization": {
          "reference": {
            "reference": "urn:uuid:28665312-de6a-4add-8b9e-d60e8f043af4"
          }
        },
        "prescription": {
          "reference": "urn:uuid:34766a8f-8204-48f8-af7c-248ec6232f19"
        },
        "item": [
          {
            "sequence": 1,
            "net": {
              "value": 125.0,
              "system": "urn:iso:std:iso:4217",
              "code": "USD"
            },
            "encounter": [
              {
                "reference": {
                  "fullUrl": "urn:uuid:4a951f72-6abd-4cf2-9217-a38966b85e27",
                  "resource": {
                    "id": "4a951f72-6abd-4cf2-9217-a38966b85e27",
                    "meta": {
                      "profile": [
                        "http://standardhealthrecord.org/fhir/StructureDefinition/shr-encounter-Encounter"
                      ]
                    },
                    "status": "finished",
                    "class": {
                      "code": "ambulatory"
                    },
                    "type": [
                      {
                        "coding": [
                          {
                            "system": "http://snomed.info/sct",
                            "code": "308646001"
                          }
                        ],
                        "text": "Death Certification"
                      }
                    ],
                    "subject": {
                      "reference": "urn:uuid:542d00c7-c41f-418b-853c-8ed61c6b08de"
                    },
                    "period": {
                      "start": "1995-12-20T01:13:54-05:00",
                      "end": "1995-12-20T01:28:54-05:00"
                    },
                    "serviceProvider": {
                      "reference": "urn:uuid:28665312-de6a-4add-8b9e-d60e8f043af4"
                    },
                    "resourceType": "Encounter"
                  }
                }
              }
            ]
          },
          {
            "sequence": 1,
            "net": {
              "value": 255.0,
              "system": "urn:iso:std:iso:4217",
              "code": "USD"
            }
          }
        ],
        "total": {
          "value": 255.0,
          "system": "urn:iso:std:iso:4217",
          "code": "USD"
        },
        "resourceType": "Claim"
      }
    },
    {
      "fullUrl": "urn:uuid:9a047856-60ef-4fad-b13e-8df88355920e",
      "resource": {
        "id": "9a047856-60ef-4fad-b13e-8df88355920e",
        "meta": {
          "profile": [
            "http://standardhealthrecord.org/fhir/StructureDefinition/shr-observation-Observation"
          ]
        },
        "status": "final",
        "category": [
          {
            "coding": [
              {
                "system": "http://hl7.org/fhir/observation-category",
                "code": "survey"
              }
            ]
          }
        ],
        "code": {
          "coding": [
            {
              "system": "http://snomed.info/sct",
              "code": "273724008",
              "display": "Quality adjusted life years"
            }
          ],
          "text": "Quality adjusted life years"
        },
        "subject": {
          "reference": "urn:uuid:542d00c7-c41f-418b-853c-8ed61c6b08de"
        },
        "effectiveDateTime": "2017-10-31T16:09:28-04:00",
        "issued": "2017-10-31T16:09:28-04:00",
        "valueQuantity": {
          "value": 58.17713855988453,
          "unit": "years",
          "system": "http://unitsofmeasure.org/",
          "code": "years"
        },
        "resourceType": "Observation"
      }
    },
    {
      "fullUrl": "urn:uuid:7323b2e9-561e-46dc-969a-de359e60bfd3",
      "resource": {
        "id": "7323b2e9-561e-46dc-969a-de359e60bfd3",
        "meta": {
          "profile": [
            "http://standardhealthrecord.org/fhir/StructureDefinition/shr-observation-Observation"
          ]
        },
        "status": "final",
        "category": [
          {
            "coding": [
              {
                "system": "http://hl7.org/fhir/observation-category",
                "code": "survey"
              }
            ]
          }
        ],
        "code": {
          "coding": [
            {
              "system": "http://snomed.info/sct",
              "code": "273421001",
              "display": "Disability rating scale"
            }
          ],
          "text": "Disability rating scale"
        },
        "subject": {
          "reference": "urn:uuid:542d00c7-c41f-418b-853c-8ed61c6b08de"
        },
        "effectiveDateTime": "2017-10-31T16:09:28-04:00",
        "issued": "2017-10-31T16:09:28-04:00",
        "valueQuantity": {
          "value": 30.346401440115464,
          "unit": "years",
          "system": "http://unitsofmeasure.org/",
          "code": "years"
        },
        "resourceType": "Observation"
      }
    }
  ],
  "resourceType": "Bundle"
}