{
  "type": "collection",
  "entry": [
    {
      "fullUrl": "urn:uuid:6a4ac355-ad75-4b84-8420-382ddfeb06a0",
      "resource": {
        "id": "6a4ac355-ad75-4b84-8420-382ddfeb06a0",
        "meta": {
          "profile": [
            "http://standardhealthrecord.org/fhir/StructureDefinition/shr-actor-Organization"
          ]
        },
        "type": [
          {
            "coding": [
              {
                "system": "http://hl7.org/fhir/organization-type",
                "code": "prov",
                "display": "Healthcare Provider"
              }
            ],
            "text": "Healthcare Provider"
          }
        ],
        "name": "ANNA JAQUES CANCER CENTER",
        "resourceType": "Organization"
      }
    },
    {
      "fullUrl": "urn:uuid:05707541-1356-4383-8ad6-03c5abdb798b",
      "resource": {
        "id": "05707541-1356-4383-8ad6-03c5abdb798b",
        "meta": {
          "profile": [
            "http://standardhealthrecord.org/fhir/StructureDefinition/shr-demographics-PersonOfRecord"
          ]
        },
        "text": {
          "status": "generated",
          "div": "<div xmlns=\"http://www.w3.org/1999/xhtml\">Generated by <a href=\"https://github.com/synthetichealth/synthea\">Synthea</a>. Version identifier: 368ac389f34cd3ce3986aa3a0a08e467bf574db3</div>"
        },
        "extension": [
          {
            "url": "http://hl7.org/fhir/us/core/StructureDefinition/us-core-race",
            "valueCodeableConcept": {
              "coding": [
                {
                  "system": "http://hl7.org/fhir/v3/Race",
                  "code": "2131-1",
                  "display": "Other"
                }
              ],
              "text": "race"
            }
          },
          {
            "url": "http://hl7.org/fhir/us/core/StructureDefinition/us-core-ethnicity",
            "valueCodeableConcept": {
              "coding": [
                {
                  "system": "http://hl7.org/fhir/v3/Ethnicity",
                  "code": "2180-8",
                  "display": "Puerto_rican"
                }
              ],
              "text": "ethnicity"
            }
          },
          {
            "url": "http://hl7.org/fhir/StructureDefinition/birthPlace",
            "valueAddress": {
              "city": "Revere",
              "state": "MA",
              "country": "US"
            }
          },
          {
            "url": "http://hl7.org/fhir/StructureDefinition/patient-mothersMaidenName",
            "valueString": "Shizuko112 D'Amore839"
          },
          {
            "url": "http://hl7.org/fhir/us/core/StructureDefinition/us-core-birthsex",
            "valueCode": "M"
          },
          {
            "url": "http://hl7.org/fhir/StructureDefinition/patient-interpreterRequired",
            "valueBoolean": false
          },
          {
            "url": "http://standardhealthrecord.org/fhir/StructureDefinition/shr-actor-FictionalPerson-extension",
            "valueBoolean": true
          },
          {
            "url": "http://standardhealthrecord.org/fhir/StructureDefinition/shr-demographics-FathersName-extension",
            "valueHumanName": {
              "text": "Bruce843 Cassin621"
            }
          },
          {
            "url": "http://standardhealthrecord.org/fhir/StructureDefinition/shr-demographics-SocialSecurityNumber-extension",
            "valueString": "999-57-4738"
          }
        ],
        "identifier": [
          {
            "system": "https://github.com/synthetichealth/synthea",
            "value": "e6a45d37-f337-4740-84de-f7d7fd1101e0"
          },
          {
            "type": {
              "coding": [
                {
                  "system": "http://hl7.org/fhir/identifier-type",
                  "code": "SB"
                }
              ]
            },
            "system": "http://hl7.org/fhir/sid/us-ssn",
            "value": "999574738"
          },
          {
            "type": {
              "coding": [
                {
                  "system": "http://hl7.org/fhir/v2/0203",
                  "code": "DL"
                }
              ]
            },
            "system": "urn:oid:2.16.840.1.113883.4.3.25",
            "value": "S99922389"
          },
          {
            "type": {
              "coding": [
                {
                  "system": "http://hl7.org/fhir/v2/0203",
                  "code": "MR"
                }
              ]
            },
            "system": "http://hospital.smarthealthit.org",
            "value": "e6a45d37-f337-4740-84de-f7d7fd1101e0"
          }
        ],
        "name": [
          {
            "use": "official",
            "family": "Cassin621",
            "given": [
              "Ashley4"
            ],
            "prefix": [
              "Mr."
            ]
          }
        ],
        "telecom": [
          {
            "system": "phone",
            "value": "919-318-4197",
            "use": "home"
          }
        ],
        "gender": "male",
        "birthDate": "1922-01-09",
        "deceasedDateTime": "1999-01-18T10:57:13-05:00",
        "address": [
          {
            "extension": [
              {
                "extension": [
                  {
                    "url": "latitude",
                    "valueDecimal": 42.79990055273112
                  },
                  {
                    "url": "longitude",
                    "valueDecimal": -70.91097417248174
                  }
                ],
                "url": "http://hl7.org/fhir/StructureDefinition/geolocation"
              }
            ],
            "line": [
              "924 Jaycee Square",
              "Apt. 683"
            ],
            "city": "Newburyport",
            "state": "MA",
            "postalCode": "01950",
            "country": "US"
          }
        ],
        "maritalStatus": {
          "coding": [
            {
              "system": "http://hl7.org/fhir/v3/MaritalStatus",
              "code": "S"
            }
          ],
          "text": "S"
        },
        "multipleBirthBoolean": false,
        "communication": [
          {
            "language": {
              "coding": [
                {
                  "system": "http://hl7.org/fhir/ValueSet/languages",
                  "code": "en-US",
                  "display": "English (United States)"
                }
              ]
            }
          }
        ],
        "generalPractitioner": [
          {
            "reference": "urn:uuid:6a4ac355-ad75-4b84-8420-382ddfeb06a0"
          }
        ],
        "resourceType": "Patient"
      }
    },
    {
      "fullUrl": "urn:uuid:e1f9f3bd-b564-4939-b9a7-e3b532666086",
      "resource": {
        "id": "e1f9f3bd-b564-4939-b9a7-e3b532666086",
        "meta": {
          "profile": [
            "http://standardhealthrecord.org/fhir/StructureDefinition/shr-encounter-Encounter"
          ]
        },
        "status": "finished",
        "class": {
          "code": "ambulatory"
        },
        "type": [
          {
            "coding": [
              {
                "system": "http://snomed.info/sct",
                "code": "308646001"
              }
            ],
            "text": "Death Certification"
          }
        ],
        "subject": {
          "reference": "urn:uuid:05707541-1356-4383-8ad6-03c5abdb798b"
        },
        "period": {
          "start": "1999-01-18T10:57:13-05:00",
          "end": "1999-01-18T11:12:13-05:00"
        },
        "serviceProvider": {
          "reference": "urn:uuid:6a4ac355-ad75-4b84-8420-382ddfeb06a0"
        },
        "resourceType": "Encounter"
      }
    },
    {
      "fullUrl": "urn:uuid:4080165f-84da-47d6-939a-e93b155118f8",
      "resource": {
        "id": "4080165f-84da-47d6-939a-e93b155118f8",
        "status": "active",
        "use": "complete",
        "patient": {
          "reference": "urn:uuid:05707541-1356-4383-8ad6-03c5abdb798b"
        },
        "billablePeriod": {
          "start": "1999-01-18T10:57:13-05:00",
          "end": "1999-01-18T11:12:13-05:00"
        },
        "organization": {
          "reference": {
            "reference": "urn:uuid:6a4ac355-ad75-4b84-8420-382ddfeb06a0"
          }
        },
        "diagnosis": [
          {
            "sequence": 1,
            "diagnosisReference": {
              "reference": "urn:uuid:55fc0240-6156-4e22-acf3-571c6356cfbb"
            }
          },
          {
            "sequence": 2,
            "diagnosisReference": {
              "reference": "urn:uuid:ed516149-085d-4c98-bec6-48317c2d89c1"
            }
          },
          {
            "sequence": 3,
            "diagnosisReference": {
              "reference": "urn:uuid:a9ff0a2f-b2e3-4d23-be1e-96bf4afb42a2"
            }
          },
          {
            "sequence": 4,
            "diagnosisReference": {
              "reference": "urn:uuid:ed927541-e081-412c-8134-a87b796ef17f"
            }
          },
          {
            "sequence": 5,
            "diagnosisReference": {
              "reference": "urn:uuid:41bd838b-c689-4acf-857f-a9d8778cd210"
            }
          },
          {
            "sequence": 6,
            "diagnosisReference": {
              "reference": "urn:uuid:c2b385b9-a2ba-4584-ba84-4c6f3e7a86a4"
            }
          },
          {
            "sequence": 7,
            "diagnosisReference": {
              "reference": "urn:uuid:c5105c91-137a-46c5-b05b-3ea2cfb173f2"
            }
          },
          {
            "sequence": 8,
            "diagnosisReference": {
              "reference": "urn:uuid:5eec91f5-adf7-40a6-aa2e-e3c2ca0fe584"
            }
          },
          {
            "sequence": 9,
            "diagnosisReference": {
              "reference": "urn:uuid:96fd7d0d-3866-4fe5-b0e2-d78d35e06f65"
            }
          },
          {
            "sequence": 10,
            "diagnosisReference": {
              "reference": "urn:uuid:9a5bbc33-a9ba-4657-8989-42990a373066"
            }
          }
        ],
        "item": [
          {
            "sequence": 1,
            "net": {
              "value": 125.0,
              "system": "urn:iso:std:iso:4217",
              "code": "USD"
            },
            "encounter": [
              {
                "reference": {
                  "fullUrl": "urn:uuid:e1f9f3bd-b564-4939-b9a7-e3b532666086",
                  "resource": {
                    "id": "e1f9f3bd-b564-4939-b9a7-e3b532666086",
                    "meta": {
                      "profile": [
                        "http://standardhealthrecord.org/fhir/StructureDefinition/shr-encounter-Encounter"
                      ]
                    },
                    "status": "finished",
                    "class": {
                      "code": "ambulatory"
                    },
                    "type": [
                      {
                        "coding": [
                          {
                            "system": "http://snomed.info/sct",
                            "code": "308646001"
                          }
                        ],
                        "text": "Death Certification"
                      }
                    ],
                    "subject": {
                      "reference": "urn:uuid:05707541-1356-4383-8ad6-03c5abdb798b"
                    },
                    "period": {
                      "start": "1999-01-18T10:57:13-05:00",
                      "end": "1999-01-18T11:12:13-05:00"
                    },
                    "serviceProvider": {
                      "reference": "urn:uuid:6a4ac355-ad75-4b84-8420-382ddfeb06a0"
                    },
                    "resourceType": "Encounter"
                  }
                }
              }
            ]
          },
          {
            "sequence": 2,
            "diagnosisLinkId": [
              1
            ],
            "net": {
              "value": 0.0,
              "system": "urn:iso:std:iso:4217",
              "code": "USD"
            }
          },
          {
            "sequence": 3,
            "diagnosisLinkId": [
              2
            ],
            "net": {
              "value": 0.0,
              "system": "urn:iso:std:iso:4217",
              "code": "USD"
            }
          },
          {
            "sequence": 4,
            "diagnosisLinkId": [
              3
            ],
            "net": {
              "value": 0.0,
              "system": "urn:iso:std:iso:4217",
              "code": "USD"
            }
          },
          {
            "sequence": 5,
            "diagnosisLinkId": [
              4
            ],
            "net": {
              "value": 0.0,
              "system": "urn:iso:std:iso:4217",
              "code": "USD"
            }
          },
          {
            "sequence": 6,
            "diagnosisLinkId": [
              5
            ],
            "net": {
              "value": 0.0,
              "system": "urn:iso:std:iso:4217",
              "code": "USD"
            }
          },
          {
            "sequence": 7,
            "diagnosisLinkId": [
              6
            ],
            "net": {
              "value": 0.0,
              "system": "urn:iso:std:iso:4217",
              "code": "USD"
            }
          },
          {
            "sequence": 8,
            "diagnosisLinkId": [
              7
            ],
            "net": {
              "value": 0.0,
              "system": "urn:iso:std:iso:4217",
              "code": "USD"
            }
          },
          {
            "sequence": 9,
            "diagnosisLinkId": [
              8
            ],
            "net": {
              "value": 0.0,
              "system": "urn:iso:std:iso:4217",
              "code": "USD"
            }
          },
          {
            "sequence": 10,
            "diagnosisLinkId": [
              9
            ],
            "net": {
              "value": 0.0,
              "system": "urn:iso:std:iso:4217",
              "code": "USD"
            }
          },
          {
            "sequence": 11,
            "diagnosisLinkId": [
              10
            ],
            "net": {
              "value": 0.0,
              "system": "urn:iso:std:iso:4217",
              "code": "USD"
            }
          }
        ],
        "total": {
          "value": 125.0,
          "system": "urn:iso:std:iso:4217",
          "code": "USD"
        },
        "resourceType": "Claim"
      }
    },
    {
      "fullUrl": "urn:uuid:55fc0240-6156-4e22-acf3-571c6356cfbb",
      "resource": {
        "id": "55fc0240-6156-4e22-acf3-571c6356cfbb",
        "meta": {
          "profile": [
            "http://standardhealthrecord.org/fhir/StructureDefinition/shr-problem-Problem"
          ]
        },
        "clinicalStatus": "active",
        "verificationStatus": "confirmed",
        "code": {
          "coding": [
            {
              "system": "http://snomed.info/sct",
              "code": "38341003",
              "display": "Hypertension"
            }
          ],
          "text": "Hypertension"
        },
        "subject": {
          "reference": "urn:uuid:05707541-1356-4383-8ad6-03c5abdb798b"
        },
        "context": {
          "reference": "urn:uuid:e1f9f3bd-b564-4939-b9a7-e3b532666086"
        },
        "onsetDateTime": "1951-05-14T20:42:28-04:00",
        "assertedDate": "1951-05-14",
        "resourceType": "Condition"
      }
    },
    {
      "fullUrl": "urn:uuid:ed516149-085d-4c98-bec6-48317c2d89c1",
      "resource": {
        "id": "ed516149-085d-4c98-bec6-48317c2d89c1",
        "meta": {
          "profile": [
            "http://standardhealthrecord.org/fhir/StructureDefinition/shr-problem-Problem"
          ]
        },
        "clinicalStatus": "active",
        "verificationStatus": "confirmed",
        "code": {
          "coding": [
            {
              "system": "http://snomed.info/sct",
              "code": "44054006",
              "display": "Diabetes"
            }
          ],
          "text": "Diabetes"
        },
        "subject": {
          "reference": "urn:uuid:05707541-1356-4383-8ad6-03c5abdb798b"
        },
        "context": {
          "reference": "urn:uuid:e1f9f3bd-b564-4939-b9a7-e3b532666086"
        },
        "onsetDateTime": "1951-05-14T20:42:28-04:00",
        "assertedDate": "1951-05-14",
        "resourceType": "Condition"
      }
    },
    {
      "fullUrl": "urn:uuid:a9ff0a2f-b2e3-4d23-be1e-96bf4afb42a2",
      "resource": {
        "id": "a9ff0a2f-b2e3-4d23-be1e-96bf4afb42a2",
        "meta": {
          "profile": [
            "http://standardhealthrecord.org/fhir/StructureDefinition/shr-problem-Problem"
          ]
        },
        "clinicalStatus": "active",
        "verificationStatus": "confirmed",
        "code": {
          "coding": [
            {
              "system": "http://snomed.info/sct",
              "code": "127013003",
              "display": "Diabetic renal disease (disorder)"
            }
          ],
          "text": "Diabetic renal disease (disorder)"
        },
        "subject": {
          "reference": "urn:uuid:05707541-1356-4383-8ad6-03c5abdb798b"
        },
        "context": {
          "reference": "urn:uuid:e1f9f3bd-b564-4939-b9a7-e3b532666086"
        },
        "onsetDateTime": "1955-05-02T10:57:13-04:00",
        "assertedDate": "1955-05-02",
        "resourceType": "Condition"
      }
    },
    {
      "fullUrl": "urn:uuid:ed927541-e081-412c-8134-a87b796ef17f",
      "resource": {
        "id": "ed927541-e081-412c-8134-a87b796ef17f",
        "meta": {
          "profile": [
            "http://standardhealthrecord.org/fhir/StructureDefinition/shr-problem-Problem"
          ]
        },
        "clinicalStatus": "active",
        "verificationStatus": "confirmed",
        "code": {
          "coding": [
            {
              "system": "http://snomed.info/sct",
              "code": "15777000",
              "display": "Prediabetes"
            }
          ],
          "text": "Prediabetes"
        },
        "subject": {
          "reference": "urn:uuid:05707541-1356-4383-8ad6-03c5abdb798b"
        },
        "context": {
          "reference": "urn:uuid:e1f9f3bd-b564-4939-b9a7-e3b532666086"
        },
        "onsetDateTime": "1971-05-18T23:43:09-04:00",
        "assertedDate": "1971-05-18",
        "resourceType": "Condition"
      }
    },
    {
      "fullUrl": "urn:uuid:41bd838b-c689-4acf-857f-a9d8778cd210",
      "resource": {
        "id": "41bd838b-c689-4acf-857f-a9d8778cd210",
        "meta": {
          "profile": [
            "http://standardhealthrecord.org/fhir/StructureDefinition/shr-problem-Problem"
          ]
        },
        "clinicalStatus": "active",
        "verificationStatus": "confirmed",
        "code": {
          "coding": [
            {
              "system": "http://snomed.info/sct",
              "code": "90781000119102",
              "display": "Microalbuminuria due to type 2 diabetes mellitus (disorder)"
            }
          ],
          "text": "Microalbuminuria due to type 2 diabetes mellitus (disorder)"
        },
        "subject": {
          "reference": "urn:uuid:05707541-1356-4383-8ad6-03c5abdb798b"
        },
        "context": {
          "reference": "urn:uuid:e1f9f3bd-b564-4939-b9a7-e3b532666086"
        },
        "onsetDateTime": "1971-05-18T23:43:09-04:00",
        "assertedDate": "1971-05-18",
        "resourceType": "Condition"
      }
    },
    {
      "fullUrl": "urn:uuid:c2b385b9-a2ba-4584-ba84-4c6f3e7a86a4",
      "resource": {
        "id": "c2b385b9-a2ba-4584-ba84-4c6f3e7a86a4",
        "meta": {
          "profile": [
            "http://standardhealthrecord.org/fhir/StructureDefinition/shr-problem-Problem"
          ]
        },
        "clinicalStatus": "active",
        "verificationStatus": "confirmed",
        "code": {
          "coding": [
            {
              "system": "http://snomed.info/sct",
              "code": "157141000119108",
              "display": "Proteinuria due to type 2 diabetes mellitus (disorder)"
            }
          ],
          "text": "Proteinuria due to type 2 diabetes mellitus (disorder)"
        },
        "subject": {
          "reference": "urn:uuid:05707541-1356-4383-8ad6-03c5abdb798b"
        },
        "context": {
          "reference": "urn:uuid:e1f9f3bd-b564-4939-b9a7-e3b532666086"
        },
        "onsetDateTime": "1971-05-18T23:43:09-04:00",
        "assertedDate": "1971-05-18",
        "resourceType": "Condition"
      }
    },
    {
      "fullUrl": "urn:uuid:c5105c91-137a-46c5-b05b-3ea2cfb173f2",
      "resource": {
        "id": "c5105c91-137a-46c5-b05b-3ea2cfb173f2",
        "meta": {
          "profile": [
            "http://standardhealthrecord.org/fhir/StructureDefinition/shr-problem-Problem"
          ]
        },
        "clinicalStatus": "resolved",
        "verificationStatus": "confirmed",
        "code": {
          "coding": [
            {
              "system": "http://snomed.info/sct",
              "code": "68496003",
              "display": "Polyp of colon"
            }
          ],
          "text": "Polyp of colon"
        },
        "subject": {
          "reference": "urn:uuid:05707541-1356-4383-8ad6-03c5abdb798b"
        },
        "context": {
          "reference": "urn:uuid:e1f9f3bd-b564-4939-b9a7-e3b532666086"
        },
        "onsetDateTime": "1982-01-10T12:40:30-05:00",
        "abatementDateTime": "1983-02-18T06:39:12-05:00",
        "assertedDate": "1982-01-10",
        "resourceType": "Condition"
      }
    },
    {
      "fullUrl": "urn:uuid:5eec91f5-adf7-40a6-aa2e-e3c2ca0fe584",
      "resource": {
        "id": "5eec91f5-adf7-40a6-aa2e-e3c2ca0fe584",
        "meta": {
          "profile": [
            "http://standardhealthrecord.org/fhir/StructureDefinition/shr-problem-Problem"
          ]
        },
        "clinicalStatus": "active",
        "verificationStatus": "confirmed",
        "code": {
          "coding": [
            {
              "system": "http://snomed.info/sct",
              "code": "40055000",
              "display": "Chronic sinusitis (disorder)"
            }
          ],
          "text": "Chronic sinusitis (disorder)"
        },
        "subject": {
          "reference": "urn:uuid:05707541-1356-4383-8ad6-03c5abdb798b"
        },
        "context": {
          "reference": "urn:uuid:e1f9f3bd-b564-4939-b9a7-e3b532666086"
        },
        "onsetDateTime": "1983-02-17T01:25:08-05:00",
        "assertedDate": "1983-02-17",
        "resourceType": "Condition"
      }
    },
    {
      "fullUrl": "urn:uuid:96fd7d0d-3866-4fe5-b0e2-d78d35e06f65",
      "resource": {
        "id": "96fd7d0d-3866-4fe5-b0e2-d78d35e06f65",
        "meta": {
          "profile": [
            "http://standardhealthrecord.org/fhir/StructureDefinition/shr-problem-Problem"
          ]
        },
        "clinicalStatus": "active",
        "verificationStatus": "confirmed",
        "code": {
          "coding": [
            {
              "system": "http://snomed.info/sct",
              "code": "68496003",
              "display": "Polyp of colon"
            }
          ],
          "text": "Polyp of colon"
        },
        "subject": {
          "reference": "urn:uuid:05707541-1356-4383-8ad6-03c5abdb798b"
        },
        "context": {
          "reference": "urn:uuid:e1f9f3bd-b564-4939-b9a7-e3b532666086"
        },
        "onsetDateTime": "1993-02-18T07:52:07-05:00",
        "assertedDate": "1993-02-18",
        "resourceType": "Condition"
      }
    },
    {
      "fullUrl": "urn:uuid:9a5bbc33-a9ba-4657-8989-42990a373066",
      "resource": {
        "id": "9a5bbc33-a9ba-4657-8989-42990a373066",
        "meta": {
          "profile": [
            "http://standardhealthrecord.org/fhir/StructureDefinition/shr-problem-Problem"
          ]
        },
        "clinicalStatus": "active",
        "verificationStatus": "confirmed",
        "code": {
          "coding": [
            {
              "system": "http://snomed.info/sct",
              "code": "82423001",
              "display": "Chronic pain"
            }
          ],
          "text": "Chronic pain"
        },
        "subject": {
          "reference": "urn:uuid:05707541-1356-4383-8ad6-03c5abdb798b"
        },
        "context": {
          "reference": "urn:uuid:e1f9f3bd-b564-4939-b9a7-e3b532666086"
        },
        "onsetDateTime": "1998-09-16T10:57:13-04:00",
        "assertedDate": "1998-09-16",
        "resourceType": "Condition"
      }
    },
    {
      "fullUrl": "urn:uuid:6586b0bf-46de-4314-ac82-fe3bfccd9da2",
      "resource": {
        "id": "6586b0bf-46de-4314-ac82-fe3bfccd9da2",
        "meta": {
          "profile": [
            "http://standardhealthrecord.org/fhir/StructureDefinition/shr-observation-Observation"
          ]
        },
        "status": "final",
        "category": [
          {
            "coding": [
              {
                "system": "http://hl7.org/fhir/observation-category"
              }
            ]
          }
        ],
        "code": {
          "coding": [
            {
              "system": "http://loinc.org",
              "code": "69453-9",
              "display": "Cause of Death [US Standard Certificate of Death]"
            }
          ],
          "text": "Cause of Death [US Standard Certificate of Death]"
        },
        "subject": {
          "reference": "urn:uuid:05707541-1356-4383-8ad6-03c5abdb798b"
        },
        "context": {
          "reference": "urn:uuid:e1f9f3bd-b564-4939-b9a7-e3b532666086"
        },
        "effectiveDateTime": "1999-01-18T10:57:13-05:00",
        "issued": "1999-01-18T10:57:13-05:00",
        "valueCodeableConcept": {
          "coding": [
            {
              "system": "http://snomed.info/sct",
              "code": "9855000",
              "display": "Natural death with unknown cause"
            }
          ],
          "text": "Natural death with unknown cause"
        },
        "resourceType": "Observation"
      }
    },
    {
      "fullUrl": "urn:uuid:5867162f-7c3a-449e-8552-f2987ab8c41c",
      "resource": {
        "id": "5867162f-7c3a-449e-8552-f2987ab8c41c",
        "meta": {
          "profile": [
            "http://standardhealthrecord.org/fhir/StructureDefinition/shr-observation-Panel"
          ]
        },
        "status": "final",
        "code": {
          "coding": [
            {
              "system": "http://loinc.org",
              "code": "69409-1",
              "display": "U.S. standard certificate of death - 2003 revision"
            }
          ]
        },
        "subject": {
          "reference": "urn:uuid:05707541-1356-4383-8ad6-03c5abdb798b"
        },
        "context": {
          "reference": "urn:uuid:e1f9f3bd-b564-4939-b9a7-e3b532666086"
        },
        "effectiveDateTime": "1999-01-18T10:57:13-05:00",
        "issued": "1999-01-18T10:57:13-05:00",
        "result": [
          {
            "reference": "urn:uuid:6586b0bf-46de-4314-ac82-fe3bfccd9da2",
            "display": "Cause of Death [US Standard Certificate of Death]"
          }
        ],
        "resourceType": "DiagnosticReport"
      }
    },
    {
      "fullUrl": "urn:uuid:51ac7582-6c3e-4394-9e08-7b4e77be81bf",
      "resource": {
        "id": "51ac7582-6c3e-4394-9e08-7b4e77be81bf",
        "status": "in-progress",
        "description": {
          "text": "Hemoglobin A1c total in Blood < 7.0"
        },
        "addresses": [
          {
            "reference": "urn:uuid:ed516149-085d-4c98-bec6-48317c2d89c1"
          }
        ],
        "resourceType": "Goal"
      }
    },
    {
      "fullUrl": "urn:uuid:632f9ada-3622-47c0-bc6b-9de52e7e851e",
      "resource": {
        "id": "632f9ada-3622-47c0-bc6b-9de52e7e851e",
        "status": "in-progress",
        "description": {
          "text": "Glucose [Mass/volume] in Blood < 108"
        },
        "addresses": [
          {
            "reference": "urn:uuid:ed516149-085d-4c98-bec6-48317c2d89c1"
          }
        ],
        "resourceType": "Goal"
      }
    },
    {
      "fullUrl": "urn:uuid:ff8454c4-fa72-4aa2-b5d2-664fafeae368",
      "resource": {
        "id": "ff8454c4-fa72-4aa2-b5d2-664fafeae368",
        "status": "in-progress",
        "description": {
          "text": "Maintain blood pressure below 140/90 mmHg"
        },
        "addresses": [
          {
            "reference": "urn:uuid:ed516149-085d-4c98-bec6-48317c2d89c1"
          }
        ],
        "resourceType": "Goal"
      }
    },
    {
      "fullUrl": "urn:uuid:82189fda-c555-43a8-8dc0-8293c6f84d1a",
      "resource": {
        "id": "82189fda-c555-43a8-8dc0-8293c6f84d1a",
        "status": "in-progress",
        "description": {
          "text": "Improve and maintenance of optimal foot health: aim at early detection of peripheral vascular problems and neuropathy presumed due to diabetes; and prevention of diabetic foot ulcer, gangrene"
        },
        "addresses": [
          {
            "reference": "urn:uuid:ed516149-085d-4c98-bec6-48317c2d89c1"
          }
        ],
        "resourceType": "Goal"
      }
    },
    {
      "fullUrl": "urn:uuid:d3781f9c-0dbb-41c7-989e-07aaee2f8802",
      "resource": {
        "id": "d3781f9c-0dbb-41c7-989e-07aaee2f8802",
        "status": "in-progress",
        "description": {
          "text": "Address patient knowledge deficit on diabetic self-care"
        },
        "addresses": [
          {
            "reference": "urn:uuid:ed516149-085d-4c98-bec6-48317c2d89c1"
          }
        ],
        "resourceType": "Goal"
      }
    },
    {
      "resource": {
        "status": "active",
        "intent": "order",
        "category": [
          {
            "coding": [
              {
                "system": "http://snomed.info/sct",
                "code": "698360004",
                "display": "Diabetes self management plan"
              }
            ]
          }
        ],
        "subject": {
          "reference": "urn:uuid:05707541-1356-4383-8ad6-03c5abdb798b"
        },
        "context": {
          "reference": "urn:uuid:e1f9f3bd-b564-4939-b9a7-e3b532666086"
        },
        "period": {
          "start": "1951-05-14"
        },
        "addresses": [
          {
            "reference": "urn:uuid:ed516149-085d-4c98-bec6-48317c2d89c1"
          }
        ],
        "goal": [
          {
            "reference": "urn:uuid:51ac7582-6c3e-4394-9e08-7b4e77be81bf"
          },
          {
            "reference": "urn:uuid:632f9ada-3622-47c0-bc6b-9de52e7e851e"
          },
          {
            "reference": "urn:uuid:ff8454c4-fa72-4aa2-b5d2-664fafeae368"
          },
          {
            "reference": "urn:uuid:82189fda-c555-43a8-8dc0-8293c6f84d1a"
          },
          {
            "reference": "urn:uuid:d3781f9c-0dbb-41c7-989e-07aaee2f8802"
          }
        ],
        "activity": [
          {
            "detail": {
              "code": {
                "coding": [
                  {
                    "system": "http://snomed.info/sct",
                    "code": "160670007",
                    "display": "Diabetic diet"
                  }
                ]
              },
              "status": "in-progress"
            }
          },
          {
            "detail": {
              "code": {
                "coding": [
                  {
                    "system": "http://snomed.info/sct",
                    "code": "229065009",
                    "display": "Exercise therapy"
                  }
                ]
              },
              "status": "in-progress"
            }
          }
        ],
        "resourceType": "CarePlan"
      }
    },
    {
      "fullUrl": "urn:uuid:56022b65-0e44-420c-adaf-ccb834041820",
      "resource": {
        "id": "56022b65-0e44-420c-adaf-ccb834041820",
        "meta": {
          "profile": [
            "http://standardhealthrecord.org/fhir/StructureDefinition/shr-medication-MedicationPrescription"
          ]
        },
        "extension": [
          {
            "url": "http://standardhealthrecord.org/fhir/StructureDefinition/shr-base-ActionCode-extension",
            "valueCodeableConcept": {
              "coding": [
                {
                  "system": "http://snomed.info/sct",
                  "code": "33633005",
                  "display": "Prescription of drug (procedure)"
                }
              ],
              "text": "Prescription of drug (procedure)"
            }
          }
        ],
        "status": "active",
        "intent": "order",
        "medicationCodeableConcept": {
          "coding": [
            {
              "system": "http://www.nlm.nih.gov/research/umls/rxnorm",
              "code": "834060",
              "display": "Penicillin V Potassium 250 MG"
            }
          ],
          "text": "Penicillin V Potassium 250 MG"
        },
        "subject": {
          "reference": "urn:uuid:05707541-1356-4383-8ad6-03c5abdb798b"
        },
        "context": {
          "reference": "urn:uuid:e1f9f3bd-b564-4939-b9a7-e3b532666086"
        },
        "authoredOn": "1925-01-20",
        "resourceType": "MedicationRequest"
      }
    },
    {
      "fullUrl": "urn:uuid:ae6f3a6d-963b-4495-afa4-b994ab66c43a",
      "resource": {
        "id": "ae6f3a6d-963b-4495-afa4-b994ab66c43a",
        "status": "active",
        "use": "complete",
        "patient": {
          "reference": "urn:uuid:05707541-1356-4383-8ad6-03c5abdb798b"
        },
        "billablePeriod": {
          "start": "1999-01-18T10:57:13-05:00",
          "end": "1999-01-18T11:12:13-05:00"
        },
        "organization": {
          "reference": {
            "reference": "urn:uuid:6a4ac355-ad75-4b84-8420-382ddfeb06a0"
          }
        },
        "prescription": {
          "reference": "urn:uuid:56022b65-0e44-420c-adaf-ccb834041820"
        },
        "item": [
          {
            "sequence": 1,
            "net": {
              "value": 125.0,
              "system": "urn:iso:std:iso:4217",
              "code": "USD"
            },
            "encounter": [
              {
                "reference": {
                  "fullUrl": "urn:uuid:e1f9f3bd-b564-4939-b9a7-e3b532666086",
                  "resource": {
                    "id": "e1f9f3bd-b564-4939-b9a7-e3b532666086",
                    "meta": {
                      "profile": [
                        "http://standardhealthrecord.org/fhir/StructureDefinition/shr-encounter-Encounter"
                      ]
                    },
                    "status": "finished",
                    "class": {
                      "code": "ambulatory"
                    },
                    "type": [
                      {
                        "coding": [
                          {
                            "system": "http://snomed.info/sct",
                            "code": "308646001"
                          }
                        ],
                        "text": "Death Certification"
                      }
                    ],
                    "subject": {
                      "reference": "urn:uuid:05707541-1356-4383-8ad6-03c5abdb798b"
                    },
                    "period": {
                      "start": "1999-01-18T10:57:13-05:00",
                      "end": "1999-01-18T11:12:13-05:00"
                    },
                    "serviceProvider": {
                      "reference": "urn:uuid:6a4ac355-ad75-4b84-8420-382ddfeb06a0"
                    },
                    "resourceType": "Encounter"
                  }
                }
              }
            ]
          },
          {
            "sequence": 1,
            "net": {
              "value": 255.0,
              "system": "urn:iso:std:iso:4217",
              "code": "USD"
            }
          }
        ],
        "total": {
          "value": 255.0,
          "system": "urn:iso:std:iso:4217",
          "code": "USD"
        },
        "resourceType": "Claim"
      }
    },
    {
      "fullUrl": "urn:uuid:38800d6c-67a9-4100-84b7-e7ea179955cf",
      "resource": {
        "id": "38800d6c-67a9-4100-84b7-e7ea179955cf",
        "meta": {
          "profile": [
            "http://standardhealthrecord.org/fhir/StructureDefinition/shr-medication-MedicationPrescription"
          ]
        },
        "extension": [
          {
            "url": "http://standardhealthrecord.org/fhir/StructureDefinition/shr-base-ActionCode-extension",
            "valueCodeableConcept": {
              "coding": [
                {
                  "system": "http://snomed.info/sct",
                  "code": "33633005",
                  "display": "Prescription of drug (procedure)"
                }
              ],
              "text": "Prescription of drug (procedure)"
            }
          }
        ],
        "status": "active",
        "intent": "order",
        "medicationCodeableConcept": {
          "coding": [
            {
              "system": "http://www.nlm.nih.gov/research/umls/rxnorm",
              "code": "834101",
              "display": "Penicillin V Potassium 500 MG"
            }
          ],
          "text": "Penicillin V Potassium 500 MG"
        },
        "subject": {
          "reference": "urn:uuid:05707541-1356-4383-8ad6-03c5abdb798b"
        },
        "context": {
          "reference": "urn:uuid:e1f9f3bd-b564-4939-b9a7-e3b532666086"
        },
        "authoredOn": "1948-07-05",
        "resourceType": "MedicationRequest"
      }
    },
    {
      "fullUrl": "urn:uuid:91ca044c-0363-4ad6-b657-481aacab9ec6",
      "resource": {
        "id": "91ca044c-0363-4ad6-b657-481aacab9ec6",
        "status": "active",
        "use": "complete",
        "patient": {
          "reference": "urn:uuid:05707541-1356-4383-8ad6-03c5abdb798b"
        },
        "billablePeriod": {
          "start": "1999-01-18T10:57:13-05:00",
          "end": "1999-01-18T11:12:13-05:00"
        },
        "organization": {
          "reference": {
            "reference": "urn:uuid:6a4ac355-ad75-4b84-8420-382ddfeb06a0"
          }
        },
        "prescription": {
          "reference": "urn:uuid:38800d6c-67a9-4100-84b7-e7ea179955cf"
        },
        "item": [
          {
            "sequence": 1,
            "net": {
              "value": 125.0,
              "system": "urn:iso:std:iso:4217",
              "code": "USD"
            },
            "encounter": [
              {
                "reference": {
                  "fullUrl": "urn:uuid:e1f9f3bd-b564-4939-b9a7-e3b532666086",
                  "resource": {
                    "id": "e1f9f3bd-b564-4939-b9a7-e3b532666086",
                    "meta": {
                      "profile": [
                        "http://standardhealthrecord.org/fhir/StructureDefinition/shr-encounter-Encounter"
                      ]
                    },
                    "status": "finished",
                    "class": {
                      "code": "ambulatory"
                    },
                    "type": [
                      {
                        "coding": [
                          {
                            "system": "http://snomed.info/sct",
                            "code": "308646001"
                          }
                        ],
                        "text": "Death Certification"
                      }
                    ],
                    "subject": {
                      "reference": "urn:uuid:05707541-1356-4383-8ad6-03c5abdb798b"
                    },
                    "period": {
                      "start": "1999-01-18T10:57:13-05:00",
                      "end": "1999-01-18T11:12:13-05:00"
                    },
                    "serviceProvider": {
                      "reference": "urn:uuid:6a4ac355-ad75-4b84-8420-382ddfeb06a0"
                    },
                    "resourceType": "Encounter"
                  }
                }
              }
            ]
          },
          {
            "sequence": 1,
            "net": {
              "value": 255.0,
              "system": "urn:iso:std:iso:4217",
              "code": "USD"
            }
          }
        ],
        "total": {
          "value": 255.0,
          "system": "urn:iso:std:iso:4217",
          "code": "USD"
        },
        "resourceType": "Claim"
      }
    },
    {
      "fullUrl": "urn:uuid:a0154060-25e5-4dff-9007-ebc5a637a3cf",
      "resource": {
        "id": "a0154060-25e5-4dff-9007-ebc5a637a3cf",
        "meta": {
          "profile": [
            "http://standardhealthrecord.org/fhir/StructureDefinition/shr-medication-MedicationPrescription"
          ]
        },
        "extension": [
          {
            "url": "http://standardhealthrecord.org/fhir/StructureDefinition/shr-base-ActionCode-extension",
            "valueCodeableConcept": {
              "coding": [
                {
                  "system": "http://snomed.info/sct",
                  "code": "33633005",
                  "display": "Prescription of drug (procedure)"
                }
              ],
              "text": "Prescription of drug (procedure)"
            }
          }
        ],
        "status": "active",
        "intent": "order",
        "medicationCodeableConcept": {
          "coding": [
            {
              "system": "http://www.nlm.nih.gov/research/umls/rxnorm",
              "code": "106892",
              "display": "Insulin Lispro 100 UNT/ML Injectable Solution [Humalog]"
            }
          ],
          "text": "Insulin Lispro 100 UNT/ML Injectable Solution [Humalog]"
        },
        "subject": {
          "reference": "urn:uuid:05707541-1356-4383-8ad6-03c5abdb798b"
        },
        "context": {
          "reference": "urn:uuid:e1f9f3bd-b564-4939-b9a7-e3b532666086"
        },
        "authoredOn": "1971-05-18",
        "reasonReference": [
          {
            "reference": "urn:uuid:ed516149-085d-4c98-bec6-48317c2d89c1"
          }
        ],
        "resourceType": "MedicationRequest"
      }
    },
    {
      "fullUrl": "urn:uuid:ec8b0bfc-808b-4501-ba88-b3bc937158e5",
      "resource": {
        "id": "ec8b0bfc-808b-4501-ba88-b3bc937158e5",
        "status": "active",
        "use": "complete",
        "patient": {
          "reference": "urn:uuid:05707541-1356-4383-8ad6-03c5abdb798b"
        },
        "billablePeriod": {
          "start": "1999-01-18T10:57:13-05:00",
          "end": "1999-01-18T11:12:13-05:00"
        },
        "organization": {
          "reference": {
            "reference": "urn:uuid:6a4ac355-ad75-4b84-8420-382ddfeb06a0"
          }
        },
        "prescription": {
          "reference": "urn:uuid:a0154060-25e5-4dff-9007-ebc5a637a3cf"
        },
        "item": [
          {
            "sequence": 1,
            "net": {
              "value": 125.0,
              "system": "urn:iso:std:iso:4217",
              "code": "USD"
            },
            "encounter": [
              {
                "reference": {
                  "fullUrl": "urn:uuid:e1f9f3bd-b564-4939-b9a7-e3b532666086",
                  "resource": {
                    "id": "e1f9f3bd-b564-4939-b9a7-e3b532666086",
                    "meta": {
                      "profile": [
                        "http://standardhealthrecord.org/fhir/StructureDefinition/shr-encounter-Encounter"
                      ]
                    },
                    "status": "finished",
                    "class": {
                      "code": "ambulatory"
                    },
                    "type": [
                      {
                        "coding": [
                          {
                            "system": "http://snomed.info/sct",
                            "code": "308646001"
                          }
                        ],
                        "text": "Death Certification"
                      }
                    ],
                    "subject": {
                      "reference": "urn:uuid:05707541-1356-4383-8ad6-03c5abdb798b"
                    },
                    "period": {
                      "start": "1999-01-18T10:57:13-05:00",
                      "end": "1999-01-18T11:12:13-05:00"
                    },
                    "serviceProvider": {
                      "reference": "urn:uuid:6a4ac355-ad75-4b84-8420-382ddfeb06a0"
                    },
                    "resourceType": "Encounter"
                  }
                }
              }
            ]
          },
          {
            "sequence": 1,
            "net": {
              "value": 255.0,
              "system": "urn:iso:std:iso:4217",
              "code": "USD"
            }
          }
        ],
        "total": {
          "value": 255.0,
          "system": "urn:iso:std:iso:4217",
          "code": "USD"
        },
        "resourceType": "Claim"
      }
    },
    {
      "fullUrl": "urn:uuid:430e0f91-25bf-4147-a9d0-c054c68e17a7",
      "resource": {
        "id": "430e0f91-25bf-4147-a9d0-c054c68e17a7",
        "meta": {
          "profile": [
            "http://standardhealthrecord.org/fhir/StructureDefinition/shr-observation-Observation"
          ]
        },
        "status": "final",
        "category": [
          {
            "coding": [
              {
                "system": "http://hl7.org/fhir/observation-category",
                "code": "survey"
              }
            ]
          }
        ],
        "code": {
          "coding": [
            {
              "system": "http://snomed.info/sct",
              "code": "273724008",
              "display": "Quality adjusted life years"
            }
          ],
          "text": "Quality adjusted life years"
        },
        "subject": {
          "reference": "urn:uuid:05707541-1356-4383-8ad6-03c5abdb798b"
        },
        "effectiveDateTime": "2017-10-31T16:09:28-04:00",
        "issued": "2017-10-31T16:09:28-04:00",
        "valueQuantity": {
          "value": 70.23132854500938,
          "unit": "years",
          "system": "http://unitsofmeasure.org/",
          "code": "years"
        },
        "resourceType": "Observation"
      }
    },
    {
      "fullUrl": "urn:uuid:5eb17000-e0e7-467e-8305-fb618d562c91",
      "resource": {
        "id": "5eb17000-e0e7-467e-8305-fb618d562c91",
        "meta": {
          "profile": [
            "http://standardhealthrecord.org/fhir/StructureDefinition/shr-observation-Observation"
          ]
        },
        "status": "final",
        "category": [
          {
            "coding": [
              {
                "system": "http://hl7.org/fhir/observation-category",
                "code": "survey"
              }
            ]
          }
        ],
        "code": {
          "coding": [
            {
              "system": "http://snomed.info/sct",
              "code": "273421001",
              "display": "Disability rating scale"
            }
          ],
          "text": "Disability rating scale"
        },
        "subject": {
          "reference": "urn:uuid:05707541-1356-4383-8ad6-03c5abdb798b"
        },
        "effectiveDateTime": "2017-10-31T16:09:28-04:00",
        "issued": "2017-10-31T16:09:28-04:00",
        "valueQuantity": {
          "value": 22.838651454990615,
          "unit": "years",
          "system": "http://unitsofmeasure.org/",
          "code": "years"
        },
        "resourceType": "Observation"
      }
    }
  ],
  "resourceType": "Bundle"
}