{
  "type": "collection",
  "entry": [
    {
      "fullUrl": "urn:uuid:94bec074-5c4b-440c-ba5e-409cd9a896a6",
      "resource": {
        "id": "94bec074-5c4b-440c-ba5e-409cd9a896a6",
        "meta": {
          "profile": [
            "http://standardhealthrecord.org/fhir/StructureDefinition/shr-actor-Organization"
          ]
        },
        "type": [
          {
            "coding": [
              {
                "system": "http://hl7.org/fhir/organization-type",
                "code": "prov",
                "display": "Healthcare Provider"
              }
            ],
            "text": "Healthcare Provider"
          }
        ],
        "name": "WINTHROP COMM HEALTH CENTER",
        "resourceType": "Organization"
      }
    },
    {
      "fullUrl": "urn:uuid:997ab4ff-cfb1-4501-9db7-71e0c2bc0c18",
      "resource": {
        "id": "997ab4ff-cfb1-4501-9db7-71e0c2bc0c18",
        "meta": {
          "profile": [
            "http://standardhealthrecord.org/fhir/StructureDefinition/shr-demographics-PersonOfRecord"
          ]
        },
        "text": {
          "status": "generated",
          "div": "<div xmlns=\"http://www.w3.org/1999/xhtml\">Generated by <a href=\"https://github.com/synthetichealth/synthea\">Synthea</a>. Version identifier: 368ac389f34cd3ce3986aa3a0a08e467bf574db3</div>"
        },
        "extension": [
          {
            "url": "http://hl7.org/fhir/us/core/StructureDefinition/us-core-race",
            "valueCodeableConcept": {
              "coding": [
                {
                  "system": "http://hl7.org/fhir/v3/Race",
                  "code": "2106-3",
                  "display": "White"
                }
              ],
              "text": "race"
            }
          },
          {
            "url": "http://hl7.org/fhir/us/core/StructureDefinition/us-core-ethnicity",
            "valueCodeableConcept": {
              "coding": [
                {
                  "system": "http://hl7.org/fhir/v3/Ethnicity",
                  "code": "2186-5",
                  "display": "Nonhispanic"
                }
              ],
              "text": "ethnicity"
            }
          },
          {
            "url": "http://hl7.org/fhir/StructureDefinition/birthPlace",
            "valueAddress": {
              "city": "Waltham",
              "state": "MA",
              "country": "US"
            }
          },
          {
            "url": "http://hl7.org/fhir/StructureDefinition/patient-mothersMaidenName",
            "valueString": "Mammie991 Bergstrom901"
          },
          {
            "url": "http://hl7.org/fhir/us/core/StructureDefinition/us-core-birthsex",
            "valueCode": "M"
          },
          {
            "url": "http://hl7.org/fhir/StructureDefinition/patient-interpreterRequired",
            "valueBoolean": false
          },
          {
            "url": "http://standardhealthrecord.org/fhir/StructureDefinition/shr-actor-FictionalPerson-extension",
            "valueBoolean": true
          },
          {
            "url": "http://standardhealthrecord.org/fhir/StructureDefinition/shr-demographics-FathersName-extension",
            "valueHumanName": {
              "text": "Russel260 Cassin621"
            }
          },
          {
            "url": "http://standardhealthrecord.org/fhir/StructureDefinition/shr-demographics-SocialSecurityNumber-extension",
            "valueString": "999-78-3418"
          }
        ],
        "identifier": [
          {
            "system": "https://github.com/synthetichealth/synthea",
            "value": "960b3034-00c6-4aa3-9c8c-9e79287dfa59"
          },
          {
            "type": {
              "coding": [
                {
                  "system": "http://hl7.org/fhir/identifier-type",
                  "code": "SB"
                }
              ]
            },
            "system": "http://hl7.org/fhir/sid/us-ssn",
            "value": "999783418"
          },
          {
            "type": {
              "coding": [
                {
                  "system": "http://hl7.org/fhir/v2/0203",
                  "code": "DL"
                }
              ]
            },
            "system": "urn:oid:2.16.840.1.113883.4.3.25",
            "value": "S99966632"
          },
          {
            "type": {
              "coding": [
                {
                  "system": "http://hl7.org/fhir/v2/0203",
                  "code": "PPN"
                }
              ]
            },
            "system": "http://standardhealthrecord.org/fhir/StructureDefinition/passportNumber",
            "value": "X75917251X"
          },
          {
            "type": {
              "coding": [
                {
                  "system": "http://hl7.org/fhir/v2/0203",
                  "code": "MR"
                }
              ]
            },
            "system": "http://hospital.smarthealthit.org",
            "value": "960b3034-00c6-4aa3-9c8c-9e79287dfa59"
          }
        ],
        "name": [
          {
            "use": "official",
            "family": "Cassin621",
            "given": [
              "Virgil510"
            ],
            "prefix": [
              "Mr."
            ]
          }
        ],
        "telecom": [
          {
            "system": "phone",
            "value": "616.053.7356 x327",
            "use": "home"
          }
        ],
        "gender": "male",
        "birthDate": "1936-12-22",
        "deceasedDateTime": "1997-04-21T09:36:24-04:00",
        "address": [
          {
            "extension": [
              {
                "extension": [
                  {
                    "url": "latitude",
                    "valueDecimal": 42.32590631347457
                  },
                  {
                    "url": "longitude",
                    "valueDecimal": -70.92459216638674
                  }
                ],
                "url": "http://hl7.org/fhir/StructureDefinition/geolocation"
              }
            ],
            "line": [
              "111 Vandervort Roads"
            ],
            "city": "Boston",
            "state": "MA",
            "postalCode": "02129",
            "country": "US"
          }
        ],
        "maritalStatus": {
          "coding": [
            {
              "system": "http://hl7.org/fhir/v3/MaritalStatus",
              "code": "S"
            }
          ],
          "text": "S"
        },
        "multipleBirthBoolean": false,
        "communication": [
          {
            "language": {
              "coding": [
                {
                  "system": "http://hl7.org/fhir/ValueSet/languages",
                  "code": "pt",
                  "display": "Portuguese"
                }
              ]
            }
          }
        ],
        "generalPractitioner": [
          {
            "reference": "urn:uuid:94bec074-5c4b-440c-ba5e-409cd9a896a6"
          }
        ],
        "resourceType": "Patient"
      }
    },
    {
      "fullUrl": "urn:uuid:1237a893-da69-4028-a7d8-03f2d4f77412",
      "resource": {
        "id": "1237a893-da69-4028-a7d8-03f2d4f77412",
        "meta": {
          "profile": [
            "http://standardhealthrecord.org/fhir/StructureDefinition/shr-encounter-Encounter"
          ]
        },
        "status": "finished",
        "class": {
          "code": "ambulatory"
        },
        "type": [
          {
            "coding": [
              {
                "system": "http://snomed.info/sct",
                "code": "308646001"
              }
            ],
            "text": "Death Certification"
          }
        ],
        "subject": {
          "reference": "urn:uuid:997ab4ff-cfb1-4501-9db7-71e0c2bc0c18"
        },
        "period": {
          "start": "1997-04-21T09:36:24-04:00",
          "end": "1997-04-21T09:51:24-04:00"
        },
        "serviceProvider": {
          "reference": "urn:uuid:94bec074-5c4b-440c-ba5e-409cd9a896a6"
        },
        "resourceType": "Encounter"
      }
    },
    {
      "fullUrl": "urn:uuid:574cfdb4-2ea4-416c-affc-2dbdf77339ef",
      "resource": {
        "id": "574cfdb4-2ea4-416c-affc-2dbdf77339ef",
        "status": "active",
        "use": "complete",
        "patient": {
          "reference": "urn:uuid:997ab4ff-cfb1-4501-9db7-71e0c2bc0c18"
        },
        "billablePeriod": {
          "start": "1997-04-21T09:36:24-04:00",
          "end": "1997-04-21T09:51:24-04:00"
        },
        "organization": {
          "reference": {
            "reference": "urn:uuid:94bec074-5c4b-440c-ba5e-409cd9a896a6"
          }
        },
        "diagnosis": [
          {
            "sequence": 1,
            "diagnosisReference": {
              "reference": "urn:uuid:be29b82b-7575-4f35-8f09-ae74c49121a4"
            }
          },
          {
            "sequence": 2,
            "diagnosisReference": {
              "reference": "urn:uuid:42dac52c-6220-4ed0-b4cb-bd499c509a0e"
            }
          },
          {
            "sequence": 3,
            "diagnosisReference": {
              "reference": "urn:uuid:a703884d-d3eb-46cc-b818-38181d17af9b"
            }
          }
        ],
        "item": [
          {
            "sequence": 1,
            "net": {
              "value": 125.0,
              "system": "urn:iso:std:iso:4217",
              "code": "USD"
            },
            "encounter": [
              {
                "reference": {
                  "fullUrl": "urn:uuid:1237a893-da69-4028-a7d8-03f2d4f77412",
                  "resource": {
                    "id": "1237a893-da69-4028-a7d8-03f2d4f77412",
                    "meta": {
                      "profile": [
                        "http://standardhealthrecord.org/fhir/StructureDefinition/shr-encounter-Encounter"
                      ]
                    },
                    "status": "finished",
                    "class": {
                      "code": "ambulatory"
                    },
                    "type": [
                      {
                        "coding": [
                          {
                            "system": "http://snomed.info/sct",
                            "code": "308646001"
                          }
                        ],
                        "text": "Death Certification"
                      }
                    ],
                    "subject": {
                      "reference": "urn:uuid:997ab4ff-cfb1-4501-9db7-71e0c2bc0c18"
                    },
                    "period": {
                      "start": "1997-04-21T09:36:24-04:00",
                      "end": "1997-04-21T09:51:24-04:00"
                    },
                    "serviceProvider": {
                      "reference": "urn:uuid:94bec074-5c4b-440c-ba5e-409cd9a896a6"
                    },
                    "resourceType": "Encounter"
                  }
                }
              }
            ]
          },
          {
            "sequence": 2,
            "diagnosisLinkId": [
              1
            ],
            "net": {
              "value": 0.0,
              "system": "urn:iso:std:iso:4217",
              "code": "USD"
            }
          },
          {
            "sequence": 3,
            "diagnosisLinkId": [
              2
            ],
            "net": {
              "value": 0.0,
              "system": "urn:iso:std:iso:4217",
              "code": "USD"
            }
          },
          {
            "sequence": 4,
            "diagnosisLinkId": [
              3
            ],
            "net": {
              "value": 0.0,
              "system": "urn:iso:std:iso:4217",
              "code": "USD"
            }
          }
        ],
        "total": {
          "value": 125.0,
          "system": "urn:iso:std:iso:4217",
          "code": "USD"
        },
        "resourceType": "Claim"
      }
    },
    {
      "fullUrl": "urn:uuid:be29b82b-7575-4f35-8f09-ae74c49121a4",
      "resource": {
        "id": "be29b82b-7575-4f35-8f09-ae74c49121a4",
        "meta": {
          "profile": [
            "http://standardhealthrecord.org/fhir/StructureDefinition/shr-problem-Problem"
          ]
        },
        "clinicalStatus": "active",
        "verificationStatus": "confirmed",
        "code": {
          "coding": [
            {
              "system": "http://snomed.info/sct",
              "code": "162573006",
              "display": "Suspected lung cancer (situation)"
            }
          ],
          "text": "Suspected lung cancer (situation)"
        },
        "subject": {
          "reference": "urn:uuid:997ab4ff-cfb1-4501-9db7-71e0c2bc0c18"
        },
        "context": {
          "reference": "urn:uuid:1237a893-da69-4028-a7d8-03f2d4f77412"
        },
        "onsetDateTime": "1996-06-13T16:46:40-04:00",
        "assertedDate": "1996-06-13",
        "resourceType": "Condition"
      }
    },
    {
      "fullUrl": "urn:uuid:42dac52c-6220-4ed0-b4cb-bd499c509a0e",
      "resource": {
        "id": "42dac52c-6220-4ed0-b4cb-bd499c509a0e",
        "meta": {
          "profile": [
            "http://standardhealthrecord.org/fhir/StructureDefinition/shr-problem-Problem"
          ]
        },
        "clinicalStatus": "active",
        "verificationStatus": "confirmed",
        "code": {
          "coding": [
            {
              "system": "http://snomed.info/sct",
              "code": "254632001",
              "display": "Small cell carcinoma of lung (disorder)"
            }
          ],
          "text": "Small cell carcinoma of lung (disorder)"
        },
        "subject": {
          "reference": "urn:uuid:997ab4ff-cfb1-4501-9db7-71e0c2bc0c18"
        },
        "context": {
          "reference": "urn:uuid:1237a893-da69-4028-a7d8-03f2d4f77412"
        },
        "onsetDateTime": "1996-06-23T02:01:53-04:00",
        "assertedDate": "1996-06-23",
        "resourceType": "Condition"
      }
    },
    {
      "fullUrl": "urn:uuid:a703884d-d3eb-46cc-b818-38181d17af9b",
      "resource": {
        "id": "a703884d-d3eb-46cc-b818-38181d17af9b",
        "meta": {
          "profile": [
            "http://standardhealthrecord.org/fhir/StructureDefinition/shr-problem-Problem"
          ]
        },
        "clinicalStatus": "active",
        "verificationStatus": "confirmed",
        "code": {
          "coding": [
            {
              "system": "http://snomed.info/sct",
              "code": "67841000119103",
              "display": "Primary small cell malignant neoplasm of lung, TNM stage 4 (disorder)"
            }
          ],
          "text": "Primary small cell malignant neoplasm of lung, TNM stage 4 (disorder)"
        },
        "subject": {
          "reference": "urn:uuid:997ab4ff-cfb1-4501-9db7-71e0c2bc0c18"
        },
        "context": {
          "reference": "urn:uuid:1237a893-da69-4028-a7d8-03f2d4f77412"
        },
        "onsetDateTime": "1996-06-24T23:56:24-04:00",
        "assertedDate": "1996-06-24",
        "resourceType": "Condition"
      }
    },
    {
      "fullUrl": "urn:uuid:a559dacf-c461-4635-bd6c-eb899c319ca3",
      "resource": {
        "id": "a559dacf-c461-4635-bd6c-eb899c319ca3",
        "meta": {
          "profile": [
            "http://standardhealthrecord.org/fhir/StructureDefinition/shr-observation-Observation"
          ]
        },
        "status": "final",
        "category": [
          {
            "coding": [
              {
                "system": "http://hl7.org/fhir/observation-category"
              }
            ]
          }
        ],
        "code": {
          "coding": [
            {
              "system": "http://loinc.org",
              "code": "69453-9",
              "display": "Cause of Death [US Standard Certificate of Death]"
            }
          ],
          "text": "Cause of Death [US Standard Certificate of Death]"
        },
        "subject": {
          "reference": "urn:uuid:997ab4ff-cfb1-4501-9db7-71e0c2bc0c18"
        },
        "context": {
          "reference": "urn:uuid:1237a893-da69-4028-a7d8-03f2d4f77412"
        },
        "effectiveDateTime": "1997-04-21T09:36:24-04:00",
        "issued": "1997-04-21T09:36:24-04:00",
        "valueCodeableConcept": {
          "coding": [
            {
              "system": "http://snomed.info/sct",
              "code": "254632001",
              "display": "Small cell carcinoma of lung (disorder)"
            }
          ],
          "text": "Small cell carcinoma of lung (disorder)"
        },
        "resourceType": "Observation"
      }
    },
    {
      "fullUrl": "urn:uuid:9fa919c2-f578-40af-84be-d51c444cf339",
      "resource": {
        "id": "9fa919c2-f578-40af-84be-d51c444cf339",
        "meta": {
          "profile": [
            "http://standardhealthrecord.org/fhir/StructureDefinition/shr-observation-Panel"
          ]
        },
        "status": "final",
        "code": {
          "coding": [
            {
              "system": "http://loinc.org",
              "code": "69409-1",
              "display": "U.S. standard certificate of death - 2003 revision"
            }
          ]
        },
        "subject": {
          "reference": "urn:uuid:997ab4ff-cfb1-4501-9db7-71e0c2bc0c18"
        },
        "context": {
          "reference": "urn:uuid:1237a893-da69-4028-a7d8-03f2d4f77412"
        },
        "effectiveDateTime": "1997-04-21T09:36:24-04:00",
        "issued": "1997-04-21T09:36:24-04:00",
        "result": [
          {
            "reference": "urn:uuid:a559dacf-c461-4635-bd6c-eb899c319ca3",
            "display": "Cause of Death [US Standard Certificate of Death]"
          }
        ],
        "resourceType": "DiagnosticReport"
      }
    },
    {
      "resource": {
        "status": "active",
        "intent": "order",
        "category": [
          {
            "coding": [
              {
                "system": "http://snomed.info/sct",
                "code": "182964004",
                "display": "Terminal care"
              }
            ]
          }
        ],
        "subject": {
          "reference": "urn:uuid:997ab4ff-cfb1-4501-9db7-71e0c2bc0c18"
        },
        "context": {
          "reference": "urn:uuid:1237a893-da69-4028-a7d8-03f2d4f77412"
        },
        "period": {
          "start": "1996-06-24"
        },
        "addresses": [
          {
            "reference": "urn:uuid:a703884d-d3eb-46cc-b818-38181d17af9b"
          }
        ],
        "activity": [
          {
            "detail": {
              "code": {
                "coding": [
                  {
                    "system": "http://snomed.info/sct",
                    "code": "133918004",
                    "display": "Comfort measures"
                  }
                ]
              },
              "status": "in-progress"
            }
          },
          {
            "detail": {
              "code": {
                "coding": [
                  {
                    "system": "http://snomed.info/sct",
                    "code": "408957008",
                    "display": "Chronic pain control management"
                  }
                ]
              },
              "status": "in-progress"
            }
          },
          {
            "detail": {
              "code": {
                "coding": [
                  {
                    "system": "http://snomed.info/sct",
                    "code": "243072006",
                    "display": "Cancer education"
                  }
                ]
              },
              "status": "in-progress"
            }
          }
        ],
        "resourceType": "CarePlan"
      }
    },
    {
      "fullUrl": "urn:uuid:48f3bc32-a3db-4294-b4e2-a5b836786e39",
      "resource": {
        "id": "48f3bc32-a3db-4294-b4e2-a5b836786e39",
        "meta": {
          "profile": [
            "http://standardhealthrecord.org/fhir/StructureDefinition/shr-medication-MedicationPrescription"
          ]
        },
        "extension": [
          {
            "url": "http://standardhealthrecord.org/fhir/StructureDefinition/shr-base-ActionCode-extension",
            "valueCodeableConcept": {
              "coding": [
                {
                  "system": "http://snomed.info/sct",
                  "code": "33633005",
                  "display": "Prescription of drug (procedure)"
                }
              ],
              "text": "Prescription of drug (procedure)"
            }
          }
        ],
        "status": "active",
        "intent": "order",
        "medicationCodeableConcept": {
          "coding": [
            {
              "system": "http://www.nlm.nih.gov/research/umls/rxnorm",
              "code": "834060",
              "display": "Penicillin V Potassium 250 MG"
            }
          ],
          "text": "Penicillin V Potassium 250 MG"
        },
        "subject": {
          "reference": "urn:uuid:997ab4ff-cfb1-4501-9db7-71e0c2bc0c18"
        },
        "context": {
          "reference": "urn:uuid:1237a893-da69-4028-a7d8-03f2d4f77412"
        },
        "authoredOn": "1940-06-15",
        "resourceType": "MedicationRequest"
      }
    },
    {
      "fullUrl": "urn:uuid:d39cb434-8b1b-4259-84ee-b7a41091bdba",
      "resource": {
        "id": "d39cb434-8b1b-4259-84ee-b7a41091bdba",
        "status": "active",
        "use": "complete",
        "patient": {
          "reference": "urn:uuid:997ab4ff-cfb1-4501-9db7-71e0c2bc0c18"
        },
        "billablePeriod": {
          "start": "1997-04-21T09:36:24-04:00",
          "end": "1997-04-21T09:51:24-04:00"
        },
        "organization": {
          "reference": {
            "reference": "urn:uuid:94bec074-5c4b-440c-ba5e-409cd9a896a6"
          }
        },
        "prescription": {
          "reference": "urn:uuid:48f3bc32-a3db-4294-b4e2-a5b836786e39"
        },
        "item": [
          {
            "sequence": 1,
            "net": {
              "value": 125.0,
              "system": "urn:iso:std:iso:4217",
              "code": "USD"
            },
            "encounter": [
              {
                "reference": {
                  "fullUrl": "urn:uuid:1237a893-da69-4028-a7d8-03f2d4f77412",
                  "resource": {
                    "id": "1237a893-da69-4028-a7d8-03f2d4f77412",
                    "meta": {
                      "profile": [
                        "http://standardhealthrecord.org/fhir/StructureDefinition/shr-encounter-Encounter"
                      ]
                    },
                    "status": "finished",
                    "class": {
                      "code": "ambulatory"
                    },
                    "type": [
                      {
                        "coding": [
                          {
                            "system": "http://snomed.info/sct",
                            "code": "308646001"
                          }
                        ],
                        "text": "Death Certification"
                      }
                    ],
                    "subject": {
                      "reference": "urn:uuid:997ab4ff-cfb1-4501-9db7-71e0c2bc0c18"
                    },
                    "period": {
                      "start": "1997-04-21T09:36:24-04:00",
                      "end": "1997-04-21T09:51:24-04:00"
                    },
                    "serviceProvider": {
                      "reference": "urn:uuid:94bec074-5c4b-440c-ba5e-409cd9a896a6"
                    },
                    "resourceType": "Encounter"
                  }
                }
              }
            ]
          },
          {
            "sequence": 1,
            "net": {
              "value": 255.0,
              "system": "urn:iso:std:iso:4217",
              "code": "USD"
            }
          }
        ],
        "total": {
          "value": 255.0,
          "system": "urn:iso:std:iso:4217",
          "code": "USD"
        },
        "resourceType": "Claim"
      }
    },
    {
      "fullUrl": "urn:uuid:32922a31-64bc-4547-86b9-04ac018fea70",
      "resource": {
        "id": "32922a31-64bc-4547-86b9-04ac018fea70",
        "meta": {
          "profile": [
            "http://standardhealthrecord.org/fhir/StructureDefinition/shr-observation-Observation"
          ]
        },
        "status": "final",
        "category": [
          {
            "coding": [
              {
                "system": "http://hl7.org/fhir/observation-category",
                "code": "survey"
              }
            ]
          }
        ],
        "code": {
          "coding": [
            {
              "system": "http://snomed.info/sct",
              "code": "273724008",
              "display": "Quality adjusted life years"
            }
          ],
          "text": "Quality adjusted life years"
        },
        "subject": {
          "reference": "urn:uuid:997ab4ff-cfb1-4501-9db7-71e0c2bc0c18"
        },
        "effectiveDateTime": "2017-10-31T16:09:28-04:00",
        "issued": "2017-10-31T16:09:28-04:00",
        "valueQuantity": {
          "value": 59.953151732380654,
          "unit": "years",
          "system": "http://unitsofmeasure.org/",
          "code": "years"
        },
        "resourceType": "Observation"
      }
    },
    {
      "fullUrl": "urn:uuid:ad08a7bb-91cf-4d2c-9139-bc145616799b",
      "resource": {
        "id": "ad08a7bb-91cf-4d2c-9139-bc145616799b",
        "meta": {
          "profile": [
            "http://standardhealthrecord.org/fhir/StructureDefinition/shr-observation-Observation"
          ]
        },
        "status": "final",
        "category": [
          {
            "coding": [
              {
                "system": "http://hl7.org/fhir/observation-category",
                "code": "survey"
              }
            ]
          }
        ],
        "code": {
          "coding": [
            {
              "system": "http://snomed.info/sct",
              "code": "273421001",
              "display": "Disability rating scale"
            }
          ],
          "text": "Disability rating scale"
        },
        "subject": {
          "reference": "urn:uuid:997ab4ff-cfb1-4501-9db7-71e0c2bc0c18"
        },
        "effectiveDateTime": "2017-10-31T16:09:28-04:00",
        "issued": "2017-10-31T16:09:28-04:00",
        "valueQuantity": {
          "value": 28.714848267619335,
          "unit": "years",
          "system": "http://unitsofmeasure.org/",
          "code": "years"
        },
        "resourceType": "Observation"
      }
    }
  ],
  "resourceType": "Bundle"
}