{
  "type": "collection",
  "entry": [
    {
      "fullUrl": "urn:uuid:4150b2bb-5599-4e3f-8387-e10c57c739c5",
      "resource": {
        "id": "4150b2bb-5599-4e3f-8387-e10c57c739c5",
        "meta": {
          "profile": [
            "http://standardhealthrecord.org/fhir/StructureDefinition/shr-actor-Organization"
          ]
        },
        "type": [
          {
            "coding": [
              {
                "system": "http://hl7.org/fhir/organization-type",
                "code": "prov",
                "display": "Healthcare Provider"
              }
            ],
            "text": "Healthcare Provider"
          }
        ],
        "name": "MEDICAL ARTS BUILDING",
        "resourceType": "Organization"
      }
    },
    {
      "fullUrl": "urn:uuid:9de8a880-b2ed-4803-9f0b-3813c764c9e7",
      "resource": {
        "id": "9de8a880-b2ed-4803-9f0b-3813c764c9e7",
        "meta": {
          "profile": [
            "http://standardhealthrecord.org/fhir/StructureDefinition/shr-demographics-PersonOfRecord"
          ]
        },
        "text": {
          "status": "generated",
          "div": "<div xmlns=\"http://www.w3.org/1999/xhtml\">Generated by <a href=\"https://github.com/synthetichealth/synthea\">Synthea</a>. Version identifier: 368ac389f34cd3ce3986aa3a0a08e467bf574db3</div>"
        },
        "extension": [
          {
            "url": "http://hl7.org/fhir/us/core/StructureDefinition/us-core-race",
            "valueCodeableConcept": {
              "coding": [
                {
                  "system": "http://hl7.org/fhir/v3/Race",
                  "code": "2106-3",
                  "display": "White"
                }
              ],
              "text": "race"
            }
          },
          {
            "url": "http://hl7.org/fhir/us/core/StructureDefinition/us-core-ethnicity",
            "valueCodeableConcept": {
              "coding": [
                {
                  "system": "http://hl7.org/fhir/v3/Ethnicity",
                  "code": "2186-5",
                  "display": "Nonhispanic"
                }
              ],
              "text": "ethnicity"
            }
          },
          {
            "url": "http://hl7.org/fhir/StructureDefinition/birthPlace",
            "valueAddress": {
              "city": "Lincoln",
              "state": "MA",
              "country": "US"
            }
          },
          {
            "url": "http://hl7.org/fhir/StructureDefinition/patient-mothersMaidenName",
            "valueString": "Tequila943 Kihn262"
          },
          {
            "url": "http://hl7.org/fhir/us/core/StructureDefinition/us-core-birthsex",
            "valueCode": "M"
          },
          {
            "url": "http://hl7.org/fhir/StructureDefinition/patient-interpreterRequired",
            "valueBoolean": false
          },
          {
            "url": "http://standardhealthrecord.org/fhir/StructureDefinition/shr-actor-FictionalPerson-extension",
            "valueBoolean": true
          },
          {
            "url": "http://standardhealthrecord.org/fhir/StructureDefinition/shr-demographics-FathersName-extension",
            "valueHumanName": {
              "text": "Dewayne95 Champlin23"
            }
          },
          {
            "url": "http://standardhealthrecord.org/fhir/StructureDefinition/shr-demographics-SocialSecurityNumber-extension",
            "valueString": "999-43-1864"
          }
        ],
        "identifier": [
          {
            "system": "https://github.com/synthetichealth/synthea",
            "value": "f8a37624-5fa5-49a4-808b-063737fc5fb0"
          },
          {
            "type": {
              "coding": [
                {
                  "system": "http://hl7.org/fhir/identifier-type",
                  "code": "SB"
                }
              ]
            },
            "system": "http://hl7.org/fhir/sid/us-ssn",
            "value": "999431864"
          },
          {
            "type": {
              "coding": [
                {
                  "system": "http://hl7.org/fhir/v2/0203",
                  "code": "DL"
                }
              ]
            },
            "system": "urn:oid:2.16.840.1.113883.4.3.25",
            "value": "S99915561"
          },
          {
            "type": {
              "coding": [
                {
                  "system": "http://hl7.org/fhir/v2/0203",
                  "code": "PPN"
                }
              ]
            },
            "system": "http://standardhealthrecord.org/fhir/StructureDefinition/passportNumber",
            "value": "X39764693X"
          },
          {
            "type": {
              "coding": [
                {
                  "system": "http://hl7.org/fhir/v2/0203",
                  "code": "MR"
                }
              ]
            },
            "system": "http://hospital.smarthealthit.org",
            "value": "f8a37624-5fa5-49a4-808b-063737fc5fb0"
          }
        ],
        "name": [
          {
            "use": "official",
            "family": "Champlin23",
            "given": [
              "Dante701"
            ],
            "prefix": [
              "Mr."
            ]
          }
        ],
        "telecom": [
          {
            "system": "phone",
            "value": "(742) 541-9528",
            "use": "home"
          }
        ],
        "gender": "male",
        "birthDate": "1930-04-22",
        "deceasedDateTime": "1959-09-01T18:59:58-04:00",
        "address": [
          {
            "extension": [
              {
                "extension": [
                  {
                    "url": "latitude",
                    "valueDecimal": 42.48001318966293
                  },
                  {
                    "url": "longitude",
                    "valueDecimal": -73.15978545165312
                  }
                ],
                "url": "http://hl7.org/fhir/StructureDefinition/geolocation"
              }
            ],
            "line": [
              "118 Antwan Street",
              "Apt. 419"
            ],
            "city": "Dalton",
            "state": "MA",
            "postalCode": "01226",
            "country": "US"
          }
        ],
        "maritalStatus": {
          "coding": [
            {
              "system": "http://hl7.org/fhir/v3/MaritalStatus",
              "code": "M"
            }
          ],
          "text": "M"
        },
        "multipleBirthBoolean": false,
        "communication": [
          {
            "language": {
              "coding": [
                {
                  "system": "http://hl7.org/fhir/ValueSet/languages",
                  "code": "en-US",
                  "display": "English (United States)"
                }
              ]
            }
          }
        ],
        "generalPractitioner": [
          {
            "reference": "urn:uuid:4150b2bb-5599-4e3f-8387-e10c57c739c5"
          }
        ],
        "resourceType": "Patient"
      }
    },
    {
      "fullUrl": "urn:uuid:41c91b58-ad9e-4dc8-b18e-798bec78496b",
      "resource": {
        "id": "41c91b58-ad9e-4dc8-b18e-798bec78496b",
        "meta": {
          "profile": [
            "http://standardhealthrecord.org/fhir/StructureDefinition/shr-encounter-Encounter"
          ]
        },
        "status": "finished",
        "class": {
          "code": "ambulatory"
        },
        "type": [
          {
            "coding": [
              {
                "system": "http://snomed.info/sct",
                "code": "308646001"
              }
            ],
            "text": "Death Certification"
          }
        ],
        "subject": {
          "reference": "urn:uuid:9de8a880-b2ed-4803-9f0b-3813c764c9e7"
        },
        "period": {
          "start": "1959-09-01T18:59:58-04:00",
          "end": "1959-09-01T19:14:58-04:00"
        },
        "serviceProvider": {
          "reference": "urn:uuid:4150b2bb-5599-4e3f-8387-e10c57c739c5"
        },
        "resourceType": "Encounter"
      }
    },
    {
      "fullUrl": "urn:uuid:fd4eb5f3-c098-4998-af0f-c017ece9bf75",
      "resource": {
        "id": "fd4eb5f3-c098-4998-af0f-c017ece9bf75",
        "status": "active",
        "use": "complete",
        "patient": {
          "reference": "urn:uuid:9de8a880-b2ed-4803-9f0b-3813c764c9e7"
        },
        "billablePeriod": {
          "start": "1959-09-01T18:59:58-04:00",
          "end": "1959-09-01T19:14:58-04:00"
        },
        "organization": {
          "reference": {
            "reference": "urn:uuid:4150b2bb-5599-4e3f-8387-e10c57c739c5"
          }
        },
        "diagnosis": [
          {
            "sequence": 1,
            "diagnosisReference": {
              "reference": "urn:uuid:fd234869-6fd7-43b3-b4d3-d01e38304347"
            }
          },
          {
            "sequence": 2,
            "diagnosisReference": {
              "reference": "urn:uuid:1bac5d5d-5778-4dc0-8bfe-7491e47eb581"
            }
          },
          {
            "sequence": 3,
            "diagnosisReference": {
              "reference": "urn:uuid:9aaf5ab2-6f57-4740-a63c-9e7bab846965"
            }
          }
        ],
        "item": [
          {
            "sequence": 1,
            "net": {
              "value": 125.0,
              "system": "urn:iso:std:iso:4217",
              "code": "USD"
            },
            "encounter": [
              {
                "reference": {
                  "fullUrl": "urn:uuid:41c91b58-ad9e-4dc8-b18e-798bec78496b",
                  "resource": {
                    "id": "41c91b58-ad9e-4dc8-b18e-798bec78496b",
                    "meta": {
                      "profile": [
                        "http://standardhealthrecord.org/fhir/StructureDefinition/shr-encounter-Encounter"
                      ]
                    },
                    "status": "finished",
                    "class": {
                      "code": "ambulatory"
                    },
                    "type": [
                      {
                        "coding": [
                          {
                            "system": "http://snomed.info/sct",
                            "code": "308646001"
                          }
                        ],
                        "text": "Death Certification"
                      }
                    ],
                    "subject": {
                      "reference": "urn:uuid:9de8a880-b2ed-4803-9f0b-3813c764c9e7"
                    },
                    "period": {
                      "start": "1959-09-01T18:59:58-04:00",
                      "end": "1959-09-01T19:14:58-04:00"
                    },
                    "serviceProvider": {
                      "reference": "urn:uuid:4150b2bb-5599-4e3f-8387-e10c57c739c5"
                    },
                    "resourceType": "Encounter"
                  }
                }
              }
            ]
          },
          {
            "sequence": 2,
            "diagnosisLinkId": [
              1
            ],
            "net": {
              "value": 0.0,
              "system": "urn:iso:std:iso:4217",
              "code": "USD"
            }
          },
          {
            "sequence": 3,
            "diagnosisLinkId": [
              2
            ],
            "net": {
              "value": 0.0,
              "system": "urn:iso:std:iso:4217",
              "code": "USD"
            }
          },
          {
            "sequence": 4,
            "diagnosisLinkId": [
              3
            ],
            "net": {
              "value": 0.0,
              "system": "urn:iso:std:iso:4217",
              "code": "USD"
            }
          }
        ],
        "total": {
          "value": 125.0,
          "system": "urn:iso:std:iso:4217",
          "code": "USD"
        },
        "resourceType": "Claim"
      }
    },
    {
      "fullUrl": "urn:uuid:fd234869-6fd7-43b3-b4d3-d01e38304347",
      "resource": {
        "id": "fd234869-6fd7-43b3-b4d3-d01e38304347",
        "meta": {
          "profile": [
            "http://standardhealthrecord.org/fhir/StructureDefinition/shr-problem-Problem"
          ]
        },
        "clinicalStatus": "active",
        "verificationStatus": "confirmed",
        "code": {
          "coding": [
            {
              "system": "http://snomed.info/sct",
              "code": "53741008",
              "display": "Coronary Heart Disease"
            }
          ],
          "text": "Coronary Heart Disease"
        },
        "subject": {
          "reference": "urn:uuid:9de8a880-b2ed-4803-9f0b-3813c764c9e7"
        },
        "context": {
          "reference": "urn:uuid:41c91b58-ad9e-4dc8-b18e-798bec78496b"
        },
        "onsetDateTime": "1959-07-19T04:28:09-04:00",
        "assertedDate": "1959-07-19",
        "resourceType": "Condition"
      }
    },
    {
      "fullUrl": "urn:uuid:1bac5d5d-5778-4dc0-8bfe-7491e47eb581",
      "resource": {
        "id": "1bac5d5d-5778-4dc0-8bfe-7491e47eb581",
        "meta": {
          "profile": [
            "http://standardhealthrecord.org/fhir/StructureDefinition/shr-problem-Problem"
          ]
        },
        "clinicalStatus": "active",
        "verificationStatus": "confirmed",
        "code": {
          "coding": [
            {
              "system": "http://snomed.info/sct",
              "code": "22298006",
              "display": "Myocardial Infarction"
            }
          ],
          "text": "Myocardial Infarction"
        },
        "subject": {
          "reference": "urn:uuid:9de8a880-b2ed-4803-9f0b-3813c764c9e7"
        },
        "context": {
          "reference": "urn:uuid:41c91b58-ad9e-4dc8-b18e-798bec78496b"
        },
        "onsetDateTime": "1959-09-01T18:59:58-04:00",
        "assertedDate": "1959-09-01",
        "resourceType": "Condition"
      }
    },
    {
      "fullUrl": "urn:uuid:9aaf5ab2-6f57-4740-a63c-9e7bab846965",
      "resource": {
        "id": "9aaf5ab2-6f57-4740-a63c-9e7bab846965",
        "meta": {
          "profile": [
            "http://standardhealthrecord.org/fhir/StructureDefinition/shr-problem-Problem"
          ]
        },
        "clinicalStatus": "active",
        "verificationStatus": "confirmed",
        "code": {
          "coding": [
            {
              "system": "http://snomed.info/sct",
              "code": "399211009",
              "display": "History of myocardial infarction (situation)"
            }
          ],
          "text": "History of myocardial infarction (situation)"
        },
        "subject": {
          "reference": "urn:uuid:9de8a880-b2ed-4803-9f0b-3813c764c9e7"
        },
        "context": {
          "reference": "urn:uuid:41c91b58-ad9e-4dc8-b18e-798bec78496b"
        },
        "onsetDateTime": "1959-09-01T18:59:58-04:00",
        "assertedDate": "1959-09-01",
        "resourceType": "Condition"
      }
    },
    {
      "fullUrl": "urn:uuid:fe7877cf-0fab-4865-9d11-8c50946f9ba3",
      "resource": {
        "id": "fe7877cf-0fab-4865-9d11-8c50946f9ba3",
        "meta": {
          "profile": [
            "http://standardhealthrecord.org/fhir/StructureDefinition/shr-observation-Observation"
          ]
        },
        "status": "final",
        "category": [
          {
            "coding": [
              {
                "system": "http://hl7.org/fhir/observation-category"
              }
            ]
          }
        ],
        "code": {
          "coding": [
            {
              "system": "http://loinc.org",
              "code": "69453-9",
              "display": "Cause of Death [US Standard Certificate of Death]"
            }
          ],
          "text": "Cause of Death [US Standard Certificate of Death]"
        },
        "subject": {
          "reference": "urn:uuid:9de8a880-b2ed-4803-9f0b-3813c764c9e7"
        },
        "context": {
          "reference": "urn:uuid:41c91b58-ad9e-4dc8-b18e-798bec78496b"
        },
        "effectiveDateTime": "1959-09-01T18:59:58-04:00",
        "issued": "1959-09-01T18:59:58-04:00",
        "valueCodeableConcept": {
          "coding": [
            {
              "system": "http://snomed.info/sct",
              "code": "22298006",
              "display": "Myocardial Infarction"
            }
          ],
          "text": "Myocardial Infarction"
        },
        "resourceType": "Observation"
      }
    },
    {
      "fullUrl": "urn:uuid:1ed2f372-ff39-4113-9cfa-3407a6a6b204",
      "resource": {
        "id": "1ed2f372-ff39-4113-9cfa-3407a6a6b204",
        "meta": {
          "profile": [
            "http://standardhealthrecord.org/fhir/StructureDefinition/shr-observation-Panel"
          ]
        },
        "status": "final",
        "code": {
          "coding": [
            {
              "system": "http://loinc.org",
              "code": "69409-1",
              "display": "U.S. standard certificate of death - 2003 revision"
            }
          ]
        },
        "subject": {
          "reference": "urn:uuid:9de8a880-b2ed-4803-9f0b-3813c764c9e7"
        },
        "context": {
          "reference": "urn:uuid:41c91b58-ad9e-4dc8-b18e-798bec78496b"
        },
        "effectiveDateTime": "1959-09-01T18:59:58-04:00",
        "issued": "1959-09-01T18:59:58-04:00",
        "result": [
          {
            "reference": "urn:uuid:fe7877cf-0fab-4865-9d11-8c50946f9ba3",
            "display": "Cause of Death [US Standard Certificate of Death]"
          }
        ],
        "resourceType": "DiagnosticReport"
      }
    },
    {
      "resource": {
        "status": "active",
        "intent": "order",
        "category": [
          {
            "coding": [
              {
                "system": "http://snomed.info/sct",
                "code": "698358001",
                "display": "Angina self management plan"
              }
            ]
          }
        ],
        "subject": {
          "reference": "urn:uuid:9de8a880-b2ed-4803-9f0b-3813c764c9e7"
        },
        "context": {
          "reference": "urn:uuid:41c91b58-ad9e-4dc8-b18e-798bec78496b"
        },
        "period": {
          "start": "1959-07-19"
        },
        "addresses": [
          {
            "reference": "urn:uuid:fd234869-6fd7-43b3-b4d3-d01e38304347"
          }
        ],
        "activity": [
          {
            "detail": {
              "code": {
                "coding": [
                  {
                    "system": "http://snomed.info/sct",
                    "code": "229065009",
                    "display": "Exercise therapy"
                  }
                ]
              },
              "status": "in-progress"
            }
          },
          {
            "detail": {
              "code": {
                "coding": [
                  {
                    "system": "http://snomed.info/sct",
                    "code": "226060000",
                    "display": "Stress management"
                  }
                ]
              },
              "status": "in-progress"
            }
          },
          {
            "detail": {
              "code": {
                "coding": [
                  {
                    "system": "http://snomed.info/sct",
                    "code": "710081004",
                    "display": "Smoking cessation therapy"
                  }
                ]
              },
              "status": "in-progress"
            }
          },
          {
            "detail": {
              "code": {
                "coding": [
                  {
                    "system": "http://snomed.info/sct",
                    "code": "226234005",
                    "display": "Healthy diet"
                  }
                ]
              },
              "status": "in-progress"
            }
          }
        ],
        "resourceType": "CarePlan"
      }
    },
    {
      "fullUrl": "urn:uuid:782d032a-6cec-4ace-bebf-f83227ed0154",
      "resource": {
        "id": "782d032a-6cec-4ace-bebf-f83227ed0154",
        "meta": {
          "profile": [
            "http://standardhealthrecord.org/fhir/StructureDefinition/shr-medication-MedicationPrescription"
          ]
        },
        "extension": [
          {
            "url": "http://standardhealthrecord.org/fhir/StructureDefinition/shr-base-ActionCode-extension",
            "valueCodeableConcept": {
              "coding": [
                {
                  "system": "http://snomed.info/sct",
                  "code": "33633005",
                  "display": "Prescription of drug (procedure)"
                }
              ],
              "text": "Prescription of drug (procedure)"
            }
          }
        ],
        "status": "active",
        "intent": "order",
        "medicationCodeableConcept": {
          "coding": [
            {
              "system": "http://www.nlm.nih.gov/research/umls/rxnorm",
              "code": "1049221",
              "display": "Acetaminophen 325 MG / oxyCODONE Hydrochloride 5 MG Oral Tablet"
            }
          ],
          "text": "Acetaminophen 325 MG / oxyCODONE Hydrochloride 5 MG Oral Tablet"
        },
        "subject": {
          "reference": "urn:uuid:9de8a880-b2ed-4803-9f0b-3813c764c9e7"
        },
        "context": {
          "reference": "urn:uuid:41c91b58-ad9e-4dc8-b18e-798bec78496b"
        },
        "authoredOn": "1943-04-11",
        "dosageInstruction": [
          {
            "sequence": 1,
            "timing": {
              "repeat": {
                "frequency": 1,
                "period": 6,
                "periodUnit": "h"
              }
            },
            "asNeededBoolean": false,
            "doseQuantity": {
              "value": 1
            }
          }
        ],
        "dispenseRequest": {
          "quantity": {
            "value": 56,
            "unit": "doses"
          },
          "expectedSupplyDuration": {
            "value": 2,
            "unit": "weeks",
            "system": "http://unitsofmeasure.org",
            "code": "wk"
          }
        },
        "resourceType": "MedicationRequest"
      }
    },
    {
      "fullUrl": "urn:uuid:821aa960-37ab-41fc-a431-a8a5df4340b8",
      "resource": {
        "id": "821aa960-37ab-41fc-a431-a8a5df4340b8",
        "status": "active",
        "use": "complete",
        "patient": {
          "reference": "urn:uuid:9de8a880-b2ed-4803-9f0b-3813c764c9e7"
        },
        "billablePeriod": {
          "start": "1959-09-01T18:59:58-04:00",
          "end": "1959-09-01T19:14:58-04:00"
        },
        "organization": {
          "reference": {
            "reference": "urn:uuid:4150b2bb-5599-4e3f-8387-e10c57c739c5"
          }
        },
        "prescription": {
          "reference": "urn:uuid:782d032a-6cec-4ace-bebf-f83227ed0154"
        },
        "item": [
          {
            "sequence": 1,
            "net": {
              "value": 125.0,
              "system": "urn:iso:std:iso:4217",
              "code": "USD"
            },
            "encounter": [
              {
                "reference": {
                  "fullUrl": "urn:uuid:41c91b58-ad9e-4dc8-b18e-798bec78496b",
                  "resource": {
                    "id": "41c91b58-ad9e-4dc8-b18e-798bec78496b",
                    "meta": {
                      "profile": [
                        "http://standardhealthrecord.org/fhir/StructureDefinition/shr-encounter-Encounter"
                      ]
                    },
                    "status": "finished",
                    "class": {
                      "code": "ambulatory"
                    },
                    "type": [
                      {
                        "coding": [
                          {
                            "system": "http://snomed.info/sct",
                            "code": "308646001"
                          }
                        ],
                        "text": "Death Certification"
                      }
                    ],
                    "subject": {
                      "reference": "urn:uuid:9de8a880-b2ed-4803-9f0b-3813c764c9e7"
                    },
                    "period": {
                      "start": "1959-09-01T18:59:58-04:00",
                      "end": "1959-09-01T19:14:58-04:00"
                    },
                    "serviceProvider": {
                      "reference": "urn:uuid:4150b2bb-5599-4e3f-8387-e10c57c739c5"
                    },
                    "resourceType": "Encounter"
                  }
                }
              }
            ]
          },
          {
            "sequence": 1,
            "net": {
              "value": 255.0,
              "system": "urn:iso:std:iso:4217",
              "code": "USD"
            }
          }
        ],
        "total": {
          "value": 255.0,
          "system": "urn:iso:std:iso:4217",
          "code": "USD"
        },
        "resourceType": "Claim"
      }
    },
    {
      "fullUrl": "urn:uuid:255dbc11-d191-4746-868f-e01bd661198e",
      "resource": {
        "id": "255dbc11-d191-4746-868f-e01bd661198e",
        "meta": {
          "profile": [
            "http://standardhealthrecord.org/fhir/StructureDefinition/shr-medication-MedicationPrescription"
          ]
        },
        "extension": [
          {
            "url": "http://standardhealthrecord.org/fhir/StructureDefinition/shr-base-ActionCode-extension",
            "valueCodeableConcept": {
              "coding": [
                {
                  "system": "http://snomed.info/sct",
                  "code": "33633005",
                  "display": "Prescription of drug (procedure)"
                }
              ],
              "text": "Prescription of drug (procedure)"
            }
          }
        ],
        "status": "stopped",
        "intent": "order",
        "medicationCodeableConcept": {
          "coding": [
            {
              "system": "http://www.nlm.nih.gov/research/umls/rxnorm",
              "code": "564666",
              "display": "Nitroglycerin 0.4 MG/ACTUAT [Nitrolingual]"
            }
          ],
          "text": "Nitroglycerin 0.4 MG/ACTUAT [Nitrolingual]"
        },
        "subject": {
          "reference": "urn:uuid:9de8a880-b2ed-4803-9f0b-3813c764c9e7"
        },
        "context": {
          "reference": "urn:uuid:41c91b58-ad9e-4dc8-b18e-798bec78496b"
        },
        "authoredOn": "1959-07-19",
        "reasonReference": [
          {
            "reference": "urn:uuid:fd234869-6fd7-43b3-b4d3-d01e38304347"
          }
        ],
        "resourceType": "MedicationRequest"
      }
    },
    {
      "fullUrl": "urn:uuid:81a266d4-2328-4cf3-8ecd-00b86d24b0b9",
      "resource": {
        "id": "81a266d4-2328-4cf3-8ecd-00b86d24b0b9",
        "status": "active",
        "use": "complete",
        "patient": {
          "reference": "urn:uuid:9de8a880-b2ed-4803-9f0b-3813c764c9e7"
        },
        "billablePeriod": {
          "start": "1959-09-01T18:59:58-04:00",
          "end": "1959-09-01T19:14:58-04:00"
        },
        "organization": {
          "reference": {
            "reference": "urn:uuid:4150b2bb-5599-4e3f-8387-e10c57c739c5"
          }
        },
        "prescription": {
          "reference": "urn:uuid:255dbc11-d191-4746-868f-e01bd661198e"
        },
        "item": [
          {
            "sequence": 1,
            "net": {
              "value": 125.0,
              "system": "urn:iso:std:iso:4217",
              "code": "USD"
            },
            "encounter": [
              {
                "reference": {
                  "fullUrl": "urn:uuid:41c91b58-ad9e-4dc8-b18e-798bec78496b",
                  "resource": {
                    "id": "41c91b58-ad9e-4dc8-b18e-798bec78496b",
                    "meta": {
                      "profile": [
                        "http://standardhealthrecord.org/fhir/StructureDefinition/shr-encounter-Encounter"
                      ]
                    },
                    "status": "finished",
                    "class": {
                      "code": "ambulatory"
                    },
                    "type": [
                      {
                        "coding": [
                          {
                            "system": "http://snomed.info/sct",
                            "code": "308646001"
                          }
                        ],
                        "text": "Death Certification"
                      }
                    ],
                    "subject": {
                      "reference": "urn:uuid:9de8a880-b2ed-4803-9f0b-3813c764c9e7"
                    },
                    "period": {
                      "start": "1959-09-01T18:59:58-04:00",
                      "end": "1959-09-01T19:14:58-04:00"
                    },
                    "serviceProvider": {
                      "reference": "urn:uuid:4150b2bb-5599-4e3f-8387-e10c57c739c5"
                    },
                    "resourceType": "Encounter"
                  }
                }
              }
            ]
          },
          {
            "sequence": 1,
            "net": {
              "value": 255.0,
              "system": "urn:iso:std:iso:4217",
              "code": "USD"
            }
          }
        ],
        "total": {
          "value": 255.0,
          "system": "urn:iso:std:iso:4217",
          "code": "USD"
        },
        "resourceType": "Claim"
      }
    },
    {
      "fullUrl": "urn:uuid:14ec08ba-fe98-4fa5-80c1-50287a9caefa",
      "resource": {
        "id": "14ec08ba-fe98-4fa5-80c1-50287a9caefa",
        "meta": {
          "profile": [
            "http://standardhealthrecord.org/fhir/StructureDefinition/shr-medication-MedicationPrescription"
          ]
        },
        "extension": [
          {
            "url": "http://standardhealthrecord.org/fhir/StructureDefinition/shr-base-ActionCode-extension",
            "valueCodeableConcept": {
              "coding": [
                {
                  "system": "http://snomed.info/sct",
                  "code": "33633005",
                  "display": "Prescription of drug (procedure)"
                }
              ],
              "text": "Prescription of drug (procedure)"
            }
          }
        ],
        "status": "active",
        "intent": "order",
        "medicationCodeableConcept": {
          "coding": [
            {
              "system": "http://www.nlm.nih.gov/research/umls/rxnorm",
              "code": "564666",
              "display": "Nitroglycerin 0.4 MG/ACTUAT [Nitrolingual]"
            }
          ],
          "text": "Nitroglycerin 0.4 MG/ACTUAT [Nitrolingual]"
        },
        "subject": {
          "reference": "urn:uuid:9de8a880-b2ed-4803-9f0b-3813c764c9e7"
        },
        "context": {
          "reference": "urn:uuid:41c91b58-ad9e-4dc8-b18e-798bec78496b"
        },
        "authoredOn": "1959-09-01",
        "reasonReference": [
          {
            "reference": "urn:uuid:1bac5d5d-5778-4dc0-8bfe-7491e47eb581"
          }
        ],
        "resourceType": "MedicationRequest"
      }
    },
    {
      "fullUrl": "urn:uuid:7ddb12c4-c05d-4810-a648-c08c55dc89d1",
      "resource": {
        "id": "7ddb12c4-c05d-4810-a648-c08c55dc89d1",
        "status": "active",
        "use": "complete",
        "patient": {
          "reference": "urn:uuid:9de8a880-b2ed-4803-9f0b-3813c764c9e7"
        },
        "billablePeriod": {
          "start": "1959-09-01T18:59:58-04:00",
          "end": "1959-09-01T19:14:58-04:00"
        },
        "organization": {
          "reference": {
            "reference": "urn:uuid:4150b2bb-5599-4e3f-8387-e10c57c739c5"
          }
        },
        "prescription": {
          "reference": "urn:uuid:14ec08ba-fe98-4fa5-80c1-50287a9caefa"
        },
        "item": [
          {
            "sequence": 1,
            "net": {
              "value": 125.0,
              "system": "urn:iso:std:iso:4217",
              "code": "USD"
            },
            "encounter": [
              {
                "reference": {
                  "fullUrl": "urn:uuid:41c91b58-ad9e-4dc8-b18e-798bec78496b",
                  "resource": {
                    "id": "41c91b58-ad9e-4dc8-b18e-798bec78496b",
                    "meta": {
                      "profile": [
                        "http://standardhealthrecord.org/fhir/StructureDefinition/shr-encounter-Encounter"
                      ]
                    },
                    "status": "finished",
                    "class": {
                      "code": "ambulatory"
                    },
                    "type": [
                      {
                        "coding": [
                          {
                            "system": "http://snomed.info/sct",
                            "code": "308646001"
                          }
                        ],
                        "text": "Death Certification"
                      }
                    ],
                    "subject": {
                      "reference": "urn:uuid:9de8a880-b2ed-4803-9f0b-3813c764c9e7"
                    },
                    "period": {
                      "start": "1959-09-01T18:59:58-04:00",
                      "end": "1959-09-01T19:14:58-04:00"
                    },
                    "serviceProvider": {
                      "reference": "urn:uuid:4150b2bb-5599-4e3f-8387-e10c57c739c5"
                    },
                    "resourceType": "Encounter"
                  }
                }
              }
            ]
          },
          {
            "sequence": 1,
            "net": {
              "value": 255.0,
              "system": "urn:iso:std:iso:4217",
              "code": "USD"
            }
          }
        ],
        "total": {
          "value": 255.0,
          "system": "urn:iso:std:iso:4217",
          "code": "USD"
        },
        "resourceType": "Claim"
      }
    },
    {
      "fullUrl": "urn:uuid:8d1258fb-538e-40aa-bfbc-d47e03b9954c",
      "resource": {
        "id": "8d1258fb-538e-40aa-bfbc-d47e03b9954c",
        "meta": {
          "profile": [
            "http://standardhealthrecord.org/fhir/StructureDefinition/shr-observation-Observation"
          ]
        },
        "status": "final",
        "category": [
          {
            "coding": [
              {
                "system": "http://hl7.org/fhir/observation-category",
                "code": "survey"
              }
            ]
          }
        ],
        "code": {
          "coding": [
            {
              "system": "http://snomed.info/sct",
              "code": "273724008",
              "display": "Quality adjusted life years"
            }
          ],
          "text": "Quality adjusted life years"
        },
        "subject": {
          "reference": "urn:uuid:9de8a880-b2ed-4803-9f0b-3813c764c9e7"
        },
        "effectiveDateTime": "2017-10-31T16:09:28-04:00",
        "issued": "2017-10-31T16:09:28-04:00",
        "valueQuantity": {
          "value": 28.953593833234795,
          "unit": "years",
          "system": "http://unitsofmeasure.org/",
          "code": "years"
        },
        "resourceType": "Observation"
      }
    },
    {
      "fullUrl": "urn:uuid:cd50a736-60ad-4aa9-96df-eaf43088cfd4",
      "resource": {
        "id": "cd50a736-60ad-4aa9-96df-eaf43088cfd4",
        "meta": {
          "profile": [
            "http://standardhealthrecord.org/fhir/StructureDefinition/shr-observation-Observation"
          ]
        },
        "status": "final",
        "category": [
          {
            "coding": [
              {
                "system": "http://hl7.org/fhir/observation-category",
                "code": "survey"
              }
            ]
          }
        ],
        "code": {
          "coding": [
            {
              "system": "http://snomed.info/sct",
              "code": "273421001",
              "display": "Disability rating scale"
            }
          ],
          "text": "Disability rating scale"
        },
        "subject": {
          "reference": "urn:uuid:9de8a880-b2ed-4803-9f0b-3813c764c9e7"
        },
        "effectiveDateTime": "2017-10-31T16:09:28-04:00",
        "issued": "2017-10-31T16:09:28-04:00",
        "valueQuantity": {
          "value": 58.472546166765206,
          "unit": "years",
          "system": "http://unitsofmeasure.org/",
          "code": "years"
        },
        "resourceType": "Observation"
      }
    }
  ],
  "resourceType": "Bundle"
}