{
  "type": "collection",
  "entry": [
    {
      "fullUrl": "urn:uuid:65f82718-78c3-4654-8b5b-8b1c754d2b91",
      "resource": {
        "id": "65f82718-78c3-4654-8b5b-8b1c754d2b91",
        "meta": {
          "profile": [
            "http://standardhealthrecord.org/fhir/StructureDefinition/shr-actor-Organization"
          ]
        },
        "type": [
          {
            "coding": [
              {
                "system": "http://hl7.org/fhir/organization-type",
                "code": "prov",
                "display": "Healthcare Provider"
              }
            ],
            "text": "Healthcare Provider"
          }
        ],
        "name": "BAYSTATE REHAB @ EAST LONGMEADOW",
        "resourceType": "Organization"
      }
    },
    {
      "fullUrl": "urn:uuid:b4a8074e-2961-4599-9a60-cc9e45857e2a",
      "resource": {
        "id": "b4a8074e-2961-4599-9a60-cc9e45857e2a",
        "meta": {
          "profile": [
            "http://standardhealthrecord.org/fhir/StructureDefinition/shr-demographics-PersonOfRecord"
          ]
        },
        "text": {
          "status": "generated",
          "div": "<div xmlns=\"http://www.w3.org/1999/xhtml\">Generated by <a href=\"https://github.com/synthetichealth/synthea\">Synthea</a>. Version identifier: 368ac389f34cd3ce3986aa3a0a08e467bf574db3</div>"
        },
        "extension": [
          {
            "url": "http://hl7.org/fhir/us/core/StructureDefinition/us-core-race",
            "valueCodeableConcept": {
              "coding": [
                {
                  "system": "http://hl7.org/fhir/v3/Race",
                  "code": "2106-3",
                  "display": "White"
                }
              ],
              "text": "race"
            }
          },
          {
            "url": "http://hl7.org/fhir/us/core/StructureDefinition/us-core-ethnicity",
            "valueCodeableConcept": {
              "coding": [
                {
                  "system": "http://hl7.org/fhir/v3/Ethnicity",
                  "code": "2186-5",
                  "display": "Nonhispanic"
                }
              ],
              "text": "ethnicity"
            }
          },
          {
            "url": "http://hl7.org/fhir/StructureDefinition/birthPlace",
            "valueAddress": {
              "city": "Greenfield Town",
              "state": "MA",
              "country": "US"
            }
          },
          {
            "url": "http://hl7.org/fhir/StructureDefinition/patient-mothersMaidenName",
            "valueString": "Cuc143 Moore54"
          },
          {
            "url": "http://hl7.org/fhir/us/core/StructureDefinition/us-core-birthsex",
            "valueCode": "M"
          },
          {
            "url": "http://hl7.org/fhir/StructureDefinition/patient-interpreterRequired",
            "valueBoolean": false
          },
          {
            "url": "http://standardhealthrecord.org/fhir/StructureDefinition/shr-actor-FictionalPerson-extension",
            "valueBoolean": true
          },
          {
            "url": "http://standardhealthrecord.org/fhir/StructureDefinition/shr-demographics-FathersName-extension",
            "valueHumanName": {
              "text": "Scottie507 Christiansen441"
            }
          },
          {
            "url": "http://standardhealthrecord.org/fhir/StructureDefinition/shr-demographics-SocialSecurityNumber-extension",
            "valueString": "999-53-4312"
          }
        ],
        "identifier": [
          {
            "system": "https://github.com/synthetichealth/synthea",
            "value": "345b546e-370a-41bc-bf18-17f484d340b6"
          },
          {
            "type": {
              "coding": [
                {
                  "system": "http://hl7.org/fhir/identifier-type",
                  "code": "SB"
                }
              ]
            },
            "system": "http://hl7.org/fhir/sid/us-ssn",
            "value": "999534312"
          },
          {
            "type": {
              "coding": [
                {
                  "system": "http://hl7.org/fhir/v2/0203",
                  "code": "MR"
                }
              ]
            },
            "system": "http://hospital.smarthealthit.org",
            "value": "345b546e-370a-41bc-bf18-17f484d340b6"
          }
        ],
        "name": [
          {
            "use": "official",
            "family": "Christiansen441",
            "given": [
              "Henry980"
            ]
          }
        ],
        "telecom": [
          {
            "system": "phone",
            "value": "192.206.4052 x972",
            "use": "home"
          }
        ],
        "gender": "male",
        "birthDate": "1981-09-20",
        "deceasedDateTime": "1994-01-02T22:54:33-05:00",
        "address": [
          {
            "extension": [
              {
                "extension": [
                  {
                    "url": "latitude",
                    "valueDecimal": 42.09392278639493
                  },
                  {
                    "url": "longitude",
                    "valueDecimal": -72.52878969428765
                  }
                ],
                "url": "http://hl7.org/fhir/StructureDefinition/geolocation"
              }
            ],
            "line": [
              "49651 Nat Port"
            ],
            "city": "Springfield",
            "state": "MA",
            "postalCode": "01104",
            "country": "US"
          }
        ],
        "maritalStatus": {
          "coding": [
            {
              "system": "http://hl7.org/fhir/v3/MaritalStatus",
              "code": "S"
            }
          ],
          "text": "Never Married"
        },
        "multipleBirthBoolean": false,
        "communication": [
          {
            "language": {
              "coding": [
                {
                  "system": "http://hl7.org/fhir/ValueSet/languages",
                  "code": "en-US",
                  "display": "English (United States)"
                }
              ]
            }
          }
        ],
        "generalPractitioner": [
          {
            "reference": "urn:uuid:65f82718-78c3-4654-8b5b-8b1c754d2b91"
          }
        ],
        "resourceType": "Patient"
      }
    },
    {
      "fullUrl": "urn:uuid:d894c6da-2464-4c45-9ebe-48612767505d",
      "resource": {
        "id": "d894c6da-2464-4c45-9ebe-48612767505d",
        "meta": {
          "profile": [
            "http://standardhealthrecord.org/fhir/StructureDefinition/shr-encounter-Encounter"
          ]
        },
        "status": "finished",
        "class": {
          "code": "ambulatory"
        },
        "type": [
          {
            "coding": [
              {
                "system": "http://snomed.info/sct",
                "code": "308646001"
              }
            ],
            "text": "Death Certification"
          }
        ],
        "subject": {
          "reference": "urn:uuid:b4a8074e-2961-4599-9a60-cc9e45857e2a"
        },
        "period": {
          "start": "1994-01-02T22:54:33-05:00",
          "end": "1994-01-02T23:09:33-05:00"
        },
        "serviceProvider": {
          "reference": "urn:uuid:65f82718-78c3-4654-8b5b-8b1c754d2b91"
        },
        "resourceType": "Encounter"
      }
    },
    {
      "fullUrl": "urn:uuid:8f30130c-41e0-4c5a-8003-a30e86e6f5e6",
      "resource": {
        "id": "8f30130c-41e0-4c5a-8003-a30e86e6f5e6",
        "status": "active",
        "use": "complete",
        "patient": {
          "reference": "urn:uuid:b4a8074e-2961-4599-9a60-cc9e45857e2a"
        },
        "billablePeriod": {
          "start": "1994-01-02T22:54:33-05:00",
          "end": "1994-01-02T23:09:33-05:00"
        },
        "organization": {
          "reference": {
            "reference": "urn:uuid:65f82718-78c3-4654-8b5b-8b1c754d2b91"
          }
        },
        "item": [
          {
            "sequence": 1,
            "net": {
              "value": 125.0,
              "system": "urn:iso:std:iso:4217",
              "code": "USD"
            },
            "encounter": [
              {
                "reference": {
                  "fullUrl": "urn:uuid:d894c6da-2464-4c45-9ebe-48612767505d",
                  "resource": {
                    "id": "d894c6da-2464-4c45-9ebe-48612767505d",
                    "meta": {
                      "profile": [
                        "http://standardhealthrecord.org/fhir/StructureDefinition/shr-encounter-Encounter"
                      ]
                    },
                    "status": "finished",
                    "class": {
                      "code": "ambulatory"
                    },
                    "type": [
                      {
                        "coding": [
                          {
                            "system": "http://snomed.info/sct",
                            "code": "308646001"
                          }
                        ],
                        "text": "Death Certification"
                      }
                    ],
                    "subject": {
                      "reference": "urn:uuid:b4a8074e-2961-4599-9a60-cc9e45857e2a"
                    },
                    "period": {
                      "start": "1994-01-02T22:54:33-05:00",
                      "end": "1994-01-02T23:09:33-05:00"
                    },
                    "serviceProvider": {
                      "reference": "urn:uuid:65f82718-78c3-4654-8b5b-8b1c754d2b91"
                    },
                    "resourceType": "Encounter"
                  }
                }
              }
            ]
          }
        ],
        "total": {
          "value": 125.0,
          "system": "urn:iso:std:iso:4217",
          "code": "USD"
        },
        "resourceType": "Claim"
      }
    },
    {
      "fullUrl": "urn:uuid:89a548da-f601-4cbb-9666-789b9854abe0",
      "resource": {
        "id": "89a548da-f601-4cbb-9666-789b9854abe0",
        "meta": {
          "profile": [
            "http://standardhealthrecord.org/fhir/StructureDefinition/shr-observation-Observation"
          ]
        },
        "status": "final",
        "category": [
          {
            "coding": [
              {
                "system": "http://hl7.org/fhir/observation-category"
              }
            ]
          }
        ],
        "code": {
          "coding": [
            {
              "system": "http://loinc.org",
              "code": "69453-9",
              "display": "Cause of Death [US Standard Certificate of Death]"
            }
          ],
          "text": "Cause of Death [US Standard Certificate of Death]"
        },
        "subject": {
          "reference": "urn:uuid:b4a8074e-2961-4599-9a60-cc9e45857e2a"
        },
        "context": {
          "reference": "urn:uuid:d894c6da-2464-4c45-9ebe-48612767505d"
        },
        "effectiveDateTime": "1994-01-02T22:54:33-05:00",
        "issued": "1994-01-02T22:54:33-05:00",
        "valueCodeableConcept": {
          "coding": [
            {
              "system": "http://snomed.info/sct",
              "code": "9855000",
              "display": "Natural death with unknown cause"
            }
          ],
          "text": "Natural death with unknown cause"
        },
        "resourceType": "Observation"
      }
    },
    {
      "fullUrl": "urn:uuid:b2dae86b-688f-4e9c-95ab-ab8a389e44fa",
      "resource": {
        "id": "b2dae86b-688f-4e9c-95ab-ab8a389e44fa",
        "meta": {
          "profile": [
            "http://standardhealthrecord.org/fhir/StructureDefinition/shr-observation-Panel"
          ]
        },
        "status": "final",
        "code": {
          "coding": [
            {
              "system": "http://loinc.org",
              "code": "69409-1",
              "display": "U.S. standard certificate of death - 2003 revision"
            }
          ]
        },
        "subject": {
          "reference": "urn:uuid:b4a8074e-2961-4599-9a60-cc9e45857e2a"
        },
        "context": {
          "reference": "urn:uuid:d894c6da-2464-4c45-9ebe-48612767505d"
        },
        "effectiveDateTime": "1994-01-02T22:54:33-05:00",
        "issued": "1994-01-02T22:54:33-05:00",
        "result": [
          {
            "reference": "urn:uuid:89a548da-f601-4cbb-9666-789b9854abe0",
            "display": "Cause of Death [US Standard Certificate of Death]"
          }
        ],
        "resourceType": "DiagnosticReport"
      }
    },
    {
      "fullUrl": "urn:uuid:ac726b9b-f800-4887-9e98-17373cdddcf5",
      "resource": {
        "id": "ac726b9b-f800-4887-9e98-17373cdddcf5",
        "meta": {
          "profile": [
            "http://standardhealthrecord.org/fhir/StructureDefinition/shr-medication-MedicationPrescription"
          ]
        },
        "extension": [
          {
            "url": "http://standardhealthrecord.org/fhir/StructureDefinition/shr-base-ActionCode-extension",
            "valueCodeableConcept": {
              "coding": [
                {
                  "system": "http://snomed.info/sct",
                  "code": "33633005",
                  "display": "Prescription of drug (procedure)"
                }
              ],
              "text": "Prescription of drug (procedure)"
            }
          }
        ],
        "status": "active",
        "intent": "order",
        "medicationCodeableConcept": {
          "coding": [
            {
              "system": "http://www.nlm.nih.gov/research/umls/rxnorm",
              "code": "834060",
              "display": "Penicillin V Potassium 250 MG"
            }
          ],
          "text": "Penicillin V Potassium 250 MG"
        },
        "subject": {
          "reference": "urn:uuid:b4a8074e-2961-4599-9a60-cc9e45857e2a"
        },
        "context": {
          "reference": "urn:uuid:d894c6da-2464-4c45-9ebe-48612767505d"
        },
        "authoredOn": "1983-10-29",
        "resourceType": "MedicationRequest"
      }
    },
    {
      "fullUrl": "urn:uuid:ca6da3a5-df6e-446e-9a22-87f2be8cf6c8",
      "resource": {
        "id": "ca6da3a5-df6e-446e-9a22-87f2be8cf6c8",
        "status": "active",
        "use": "complete",
        "patient": {
          "reference": "urn:uuid:b4a8074e-2961-4599-9a60-cc9e45857e2a"
        },
        "billablePeriod": {
          "start": "1994-01-02T22:54:33-05:00",
          "end": "1994-01-02T23:09:33-05:00"
        },
        "organization": {
          "reference": {
            "reference": "urn:uuid:65f82718-78c3-4654-8b5b-8b1c754d2b91"
          }
        },
        "prescription": {
          "reference": "urn:uuid:ac726b9b-f800-4887-9e98-17373cdddcf5"
        },
        "item": [
          {
            "sequence": 1,
            "net": {
              "value": 125.0,
              "system": "urn:iso:std:iso:4217",
              "code": "USD"
            },
            "encounter": [
              {
                "reference": {
                  "fullUrl": "urn:uuid:d894c6da-2464-4c45-9ebe-48612767505d",
                  "resource": {
                    "id": "d894c6da-2464-4c45-9ebe-48612767505d",
                    "meta": {
                      "profile": [
                        "http://standardhealthrecord.org/fhir/StructureDefinition/shr-encounter-Encounter"
                      ]
                    },
                    "status": "finished",
                    "class": {
                      "code": "ambulatory"
                    },
                    "type": [
                      {
                        "coding": [
                          {
                            "system": "http://snomed.info/sct",
                            "code": "308646001"
                          }
                        ],
                        "text": "Death Certification"
                      }
                    ],
                    "subject": {
                      "reference": "urn:uuid:b4a8074e-2961-4599-9a60-cc9e45857e2a"
                    },
                    "period": {
                      "start": "1994-01-02T22:54:33-05:00",
                      "end": "1994-01-02T23:09:33-05:00"
                    },
                    "serviceProvider": {
                      "reference": "urn:uuid:65f82718-78c3-4654-8b5b-8b1c754d2b91"
                    },
                    "resourceType": "Encounter"
                  }
                }
              }
            ]
          },
          {
            "sequence": 1,
            "net": {
              "value": 255.0,
              "system": "urn:iso:std:iso:4217",
              "code": "USD"
            }
          }
        ],
        "total": {
          "value": 255.0,
          "system": "urn:iso:std:iso:4217",
          "code": "USD"
        },
        "resourceType": "Claim"
      }
    },
    {
      "fullUrl": "urn:uuid:272b52fb-fb8c-4605-bb77-12497adeb85d",
      "resource": {
        "id": "272b52fb-fb8c-4605-bb77-12497adeb85d",
        "meta": {
          "profile": [
            "http://standardhealthrecord.org/fhir/StructureDefinition/shr-medication-MedicationPrescription"
          ]
        },
        "extension": [
          {
            "url": "http://standardhealthrecord.org/fhir/StructureDefinition/shr-base-ActionCode-extension",
            "valueCodeableConcept": {
              "coding": [
                {
                  "system": "http://snomed.info/sct",
                  "code": "33633005",
                  "display": "Prescription of drug (procedure)"
                }
              ],
              "text": "Prescription of drug (procedure)"
            }
          }
        ],
        "status": "active",
        "intent": "order",
        "medicationCodeableConcept": {
          "coding": [
            {
              "system": "http://www.nlm.nih.gov/research/umls/rxnorm",
              "code": "834060",
              "display": "Penicillin V Potassium 250 MG"
            }
          ],
          "text": "Penicillin V Potassium 250 MG"
        },
        "subject": {
          "reference": "urn:uuid:b4a8074e-2961-4599-9a60-cc9e45857e2a"
        },
        "context": {
          "reference": "urn:uuid:d894c6da-2464-4c45-9ebe-48612767505d"
        },
        "authoredOn": "1992-03-10",
        "resourceType": "MedicationRequest"
      }
    },
    {
      "fullUrl": "urn:uuid:0d6eecb3-902e-4672-8116-54e073489454",
      "resource": {
        "id": "0d6eecb3-902e-4672-8116-54e073489454",
        "status": "active",
        "use": "complete",
        "patient": {
          "reference": "urn:uuid:b4a8074e-2961-4599-9a60-cc9e45857e2a"
        },
        "billablePeriod": {
          "start": "1994-01-02T22:54:33-05:00",
          "end": "1994-01-02T23:09:33-05:00"
        },
        "organization": {
          "reference": {
            "reference": "urn:uuid:65f82718-78c3-4654-8b5b-8b1c754d2b91"
          }
        },
        "prescription": {
          "reference": "urn:uuid:272b52fb-fb8c-4605-bb77-12497adeb85d"
        },
        "item": [
          {
            "sequence": 1,
            "net": {
              "value": 125.0,
              "system": "urn:iso:std:iso:4217",
              "code": "USD"
            },
            "encounter": [
              {
                "reference": {
                  "fullUrl": "urn:uuid:d894c6da-2464-4c45-9ebe-48612767505d",
                  "resource": {
                    "id": "d894c6da-2464-4c45-9ebe-48612767505d",
                    "meta": {
                      "profile": [
                        "http://standardhealthrecord.org/fhir/StructureDefinition/shr-encounter-Encounter"
                      ]
                    },
                    "status": "finished",
                    "class": {
                      "code": "ambulatory"
                    },
                    "type": [
                      {
                        "coding": [
                          {
                            "system": "http://snomed.info/sct",
                            "code": "308646001"
                          }
                        ],
                        "text": "Death Certification"
                      }
                    ],
                    "subject": {
                      "reference": "urn:uuid:b4a8074e-2961-4599-9a60-cc9e45857e2a"
                    },
                    "period": {
                      "start": "1994-01-02T22:54:33-05:00",
                      "end": "1994-01-02T23:09:33-05:00"
                    },
                    "serviceProvider": {
                      "reference": "urn:uuid:65f82718-78c3-4654-8b5b-8b1c754d2b91"
                    },
                    "resourceType": "Encounter"
                  }
                }
              }
            ]
          },
          {
            "sequence": 1,
            "net": {
              "value": 255.0,
              "system": "urn:iso:std:iso:4217",
              "code": "USD"
            }
          }
        ],
        "total": {
          "value": 255.0,
          "system": "urn:iso:std:iso:4217",
          "code": "USD"
        },
        "resourceType": "Claim"
      }
    },
    {
      "fullUrl": "urn:uuid:536d5760-88c6-47e1-a370-f5852504108f",
      "resource": {
        "id": "536d5760-88c6-47e1-a370-f5852504108f",
        "meta": {
          "profile": [
            "http://standardhealthrecord.org/fhir/StructureDefinition/shr-observation-Observation"
          ]
        },
        "status": "final",
        "category": [
          {
            "coding": [
              {
                "system": "http://hl7.org/fhir/observation-category",
                "code": "survey"
              }
            ]
          }
        ],
        "code": {
          "coding": [
            {
              "system": "http://snomed.info/sct",
              "code": "273724008",
              "display": "Quality adjusted life years"
            }
          ],
          "text": "Quality adjusted life years"
        },
        "subject": {
          "reference": "urn:uuid:b4a8074e-2961-4599-9a60-cc9e45857e2a"
        },
        "effectiveDateTime": "2017-10-31T16:09:28-04:00",
        "issued": "2017-10-31T16:09:28-04:00",
        "valueQuantity": {
          "value": 11.991176538674079,
          "unit": "years",
          "system": "http://unitsofmeasure.org/",
          "code": "years"
        },
        "resourceType": "Observation"
      }
    },
    {
      "fullUrl": "urn:uuid:ab12bfb2-4994-4bec-97eb-f729d54b5885",
      "resource": {
        "id": "ab12bfb2-4994-4bec-97eb-f729d54b5885",
        "meta": {
          "profile": [
            "http://standardhealthrecord.org/fhir/StructureDefinition/shr-observation-Observation"
          ]
        },
        "status": "final",
        "category": [
          {
            "coding": [
              {
                "system": "http://hl7.org/fhir/observation-category",
                "code": "survey"
              }
            ]
          }
        ],
        "code": {
          "coding": [
            {
              "system": "http://snomed.info/sct",
              "code": "273421001",
              "display": "Disability rating scale"
            }
          ],
          "text": "Disability rating scale"
        },
        "subject": {
          "reference": "urn:uuid:b4a8074e-2961-4599-9a60-cc9e45857e2a"
        },
        "effectiveDateTime": "2017-10-31T16:09:28-04:00",
        "issued": "2017-10-31T16:09:28-04:00",
        "valueQuantity": {
          "value": 75.29250346132592,
          "unit": "years",
          "system": "http://unitsofmeasure.org/",
          "code": "years"
        },
        "resourceType": "Observation"
      }
    }
  ],
  "resourceType": "Bundle"
}