{
  "type": "collection",
  "entry": [
    {
      "fullUrl": "urn:uuid:56be714d-02b3-440c-8c58-7c9c0849e13d",
      "resource": {
        "id": "56be714d-02b3-440c-8c58-7c9c0849e13d",
        "meta": {
          "profile": [
            "http://standardhealthrecord.org/fhir/StructureDefinition/shr-actor-Organization"
          ]
        },
        "type": [
          {
            "coding": [
              {
                "system": "http://hl7.org/fhir/organization-type",
                "code": "prov",
                "display": "Healthcare Provider"
              }
            ],
            "text": "Healthcare Provider"
          }
        ],
        "name": "CHA CAMBRIDGE FAMILY HEALTH NORTH",
        "resourceType": "Organization"
      }
    },
    {
      "fullUrl": "urn:uuid:ebdfd396-427c-48e8-a849-c005d48317fa",
      "resource": {
        "id": "ebdfd396-427c-48e8-a849-c005d48317fa",
        "meta": {
          "profile": [
            "http://standardhealthrecord.org/fhir/StructureDefinition/shr-demographics-PersonOfRecord"
          ]
        },
        "text": {
          "status": "generated",
          "div": "<div xmlns=\"http://www.w3.org/1999/xhtml\">Generated by <a href=\"https://github.com/synthetichealth/synthea\">Synthea</a>. Version identifier: 368ac389f34cd3ce3986aa3a0a08e467bf574db3</div>"
        },
        "extension": [
          {
            "url": "http://hl7.org/fhir/us/core/StructureDefinition/us-core-race",
            "valueCodeableConcept": {
              "coding": [
                {
                  "system": "http://hl7.org/fhir/v3/Race",
                  "code": "2106-3",
                  "display": "White"
                }
              ],
              "text": "race"
            }
          },
          {
            "url": "http://hl7.org/fhir/us/core/StructureDefinition/us-core-ethnicity",
            "valueCodeableConcept": {
              "coding": [
                {
                  "system": "http://hl7.org/fhir/v3/Ethnicity",
                  "code": "2186-5",
                  "display": "Nonhispanic"
                }
              ],
              "text": "ethnicity"
            }
          },
          {
            "url": "http://hl7.org/fhir/StructureDefinition/birthPlace",
            "valueAddress": {
              "city": "Gardner",
              "state": "MA",
              "country": "US"
            }
          },
          {
            "url": "http://hl7.org/fhir/StructureDefinition/patient-mothersMaidenName",
            "valueString": "Audra664 Christiansen441"
          },
          {
            "url": "http://hl7.org/fhir/us/core/StructureDefinition/us-core-birthsex",
            "valueCode": "M"
          },
          {
            "url": "http://hl7.org/fhir/StructureDefinition/patient-interpreterRequired",
            "valueBoolean": false
          },
          {
            "url": "http://standardhealthrecord.org/fhir/StructureDefinition/shr-actor-FictionalPerson-extension",
            "valueBoolean": true
          },
          {
            "url": "http://standardhealthrecord.org/fhir/StructureDefinition/shr-demographics-FathersName-extension",
            "valueHumanName": {
              "text": "Javier285 Christiansen441"
            }
          },
          {
            "url": "http://standardhealthrecord.org/fhir/StructureDefinition/shr-demographics-SocialSecurityNumber-extension",
            "valueString": "999-27-3453"
          }
        ],
        "identifier": [
          {
            "system": "https://github.com/synthetichealth/synthea",
            "value": "83bd8d29-70d8-44fe-9158-0cd701ca34f9"
          },
          {
            "type": {
              "coding": [
                {
                  "system": "http://hl7.org/fhir/identifier-type",
                  "code": "SB"
                }
              ]
            },
            "system": "http://hl7.org/fhir/sid/us-ssn",
            "value": "999273453"
          },
          {
            "type": {
              "coding": [
                {
                  "system": "http://hl7.org/fhir/v2/0203",
                  "code": "DL"
                }
              ]
            },
            "system": "urn:oid:2.16.840.1.113883.4.3.25",
            "value": "S99947690"
          },
          {
            "type": {
              "coding": [
                {
                  "system": "http://hl7.org/fhir/v2/0203",
                  "code": "MR"
                }
              ]
            },
            "system": "http://hospital.smarthealthit.org",
            "value": "83bd8d29-70d8-44fe-9158-0cd701ca34f9"
          }
        ],
        "name": [
          {
            "use": "official",
            "family": "Christiansen441",
            "given": [
              "Pat102"
            ],
            "prefix": [
              "Mr."
            ]
          }
        ],
        "telecom": [
          {
            "system": "phone",
            "value": "249-304-0014",
            "use": "home"
          }
        ],
        "gender": "male",
        "birthDate": "1926-03-09",
        "deceasedDateTime": "1985-02-11T00:01:23-05:00",
        "address": [
          {
            "extension": [
              {
                "extension": [
                  {
                    "url": "latitude",
                    "valueDecimal": 42.40077038943777
                  },
                  {
                    "url": "longitude",
                    "valueDecimal": -71.11607931380362
                  }
                ],
                "url": "http://hl7.org/fhir/StructureDefinition/geolocation"
              }
            ],
            "line": [
              "736 Tony Pine"
            ],
            "city": "Somerville",
            "state": "MA",
            "postalCode": "02143",
            "country": "US"
          }
        ],
        "maritalStatus": {
          "coding": [
            {
              "system": "http://hl7.org/fhir/v3/MaritalStatus",
              "code": "M"
            }
          ],
          "text": "M"
        },
        "multipleBirthBoolean": false,
        "communication": [
          {
            "language": {
              "coding": [
                {
                  "system": "http://hl7.org/fhir/ValueSet/languages",
                  "code": "en-US",
                  "display": "English (United States)"
                }
              ]
            }
          }
        ],
        "generalPractitioner": [
          {
            "reference": "urn:uuid:56be714d-02b3-440c-8c58-7c9c0849e13d"
          }
        ],
        "resourceType": "Patient"
      }
    },
    {
      "fullUrl": "urn:uuid:0bbf1f49-dd44-4b95-9b56-b55a65719275",
      "resource": {
        "id": "0bbf1f49-dd44-4b95-9b56-b55a65719275",
        "meta": {
          "profile": [
            "http://standardhealthrecord.org/fhir/StructureDefinition/shr-encounter-Encounter"
          ]
        },
        "status": "finished",
        "class": {
          "code": "ambulatory"
        },
        "type": [
          {
            "coding": [
              {
                "system": "http://snomed.info/sct",
                "code": "308646001"
              }
            ],
            "text": "Death Certification"
          }
        ],
        "subject": {
          "reference": "urn:uuid:ebdfd396-427c-48e8-a849-c005d48317fa"
        },
        "period": {
          "start": "1985-02-11T00:01:23-05:00",
          "end": "1985-02-11T00:16:23-05:00"
        },
        "serviceProvider": {
          "reference": "urn:uuid:56be714d-02b3-440c-8c58-7c9c0849e13d"
        },
        "resourceType": "Encounter"
      }
    },
    {
      "fullUrl": "urn:uuid:29aa5ec4-58b6-4591-8153-8c4363d03c69",
      "resource": {
        "id": "29aa5ec4-58b6-4591-8153-8c4363d03c69",
        "status": "active",
        "use": "complete",
        "patient": {
          "reference": "urn:uuid:ebdfd396-427c-48e8-a849-c005d48317fa"
        },
        "billablePeriod": {
          "start": "1985-02-11T00:01:23-05:00",
          "end": "1985-02-11T00:16:23-05:00"
        },
        "organization": {
          "reference": {
            "reference": "urn:uuid:56be714d-02b3-440c-8c58-7c9c0849e13d"
          }
        },
        "diagnosis": [
          {
            "sequence": 1,
            "diagnosisReference": {
              "reference": "urn:uuid:1d3d469f-1fa9-41ef-94f6-f4f7d8c62de0"
            }
          },
          {
            "sequence": 2,
            "diagnosisReference": {
              "reference": "urn:uuid:d75d7858-ccae-4837-bd56-648ca416bd27"
            }
          },
          {
            "sequence": 3,
            "diagnosisReference": {
              "reference": "urn:uuid:9f0f84e9-e24c-443f-9a9e-3fa710c8ba99"
            }
          },
          {
            "sequence": 4,
            "diagnosisReference": {
              "reference": "urn:uuid:f3956c45-5ff0-46ef-b087-55d67d236090"
            }
          },
          {
            "sequence": 5,
            "diagnosisReference": {
              "reference": "urn:uuid:715f6f80-b157-4fc0-9f29-26009b209990"
            }
          }
        ],
        "item": [
          {
            "sequence": 1,
            "net": {
              "value": 125.0,
              "system": "urn:iso:std:iso:4217",
              "code": "USD"
            },
            "encounter": [
              {
                "reference": {
                  "fullUrl": "urn:uuid:0bbf1f49-dd44-4b95-9b56-b55a65719275",
                  "resource": {
                    "id": "0bbf1f49-dd44-4b95-9b56-b55a65719275",
                    "meta": {
                      "profile": [
                        "http://standardhealthrecord.org/fhir/StructureDefinition/shr-encounter-Encounter"
                      ]
                    },
                    "status": "finished",
                    "class": {
                      "code": "ambulatory"
                    },
                    "type": [
                      {
                        "coding": [
                          {
                            "system": "http://snomed.info/sct",
                            "code": "308646001"
                          }
                        ],
                        "text": "Death Certification"
                      }
                    ],
                    "subject": {
                      "reference": "urn:uuid:ebdfd396-427c-48e8-a849-c005d48317fa"
                    },
                    "period": {
                      "start": "1985-02-11T00:01:23-05:00",
                      "end": "1985-02-11T00:16:23-05:00"
                    },
                    "serviceProvider": {
                      "reference": "urn:uuid:56be714d-02b3-440c-8c58-7c9c0849e13d"
                    },
                    "resourceType": "Encounter"
                  }
                }
              }
            ]
          },
          {
            "sequence": 2,
            "diagnosisLinkId": [
              1
            ],
            "net": {
              "value": 0.0,
              "system": "urn:iso:std:iso:4217",
              "code": "USD"
            }
          },
          {
            "sequence": 3,
            "diagnosisLinkId": [
              2
            ],
            "net": {
              "value": 0.0,
              "system": "urn:iso:std:iso:4217",
              "code": "USD"
            }
          },
          {
            "sequence": 4,
            "diagnosisLinkId": [
              3
            ],
            "net": {
              "value": 0.0,
              "system": "urn:iso:std:iso:4217",
              "code": "USD"
            }
          },
          {
            "sequence": 5,
            "diagnosisLinkId": [
              4
            ],
            "net": {
              "value": 0.0,
              "system": "urn:iso:std:iso:4217",
              "code": "USD"
            }
          },
          {
            "sequence": 6,
            "diagnosisLinkId": [
              5
            ],
            "net": {
              "value": 0.0,
              "system": "urn:iso:std:iso:4217",
              "code": "USD"
            }
          }
        ],
        "total": {
          "value": 125.0,
          "system": "urn:iso:std:iso:4217",
          "code": "USD"
        },
        "resourceType": "Claim"
      }
    },
    {
      "fullUrl": "urn:uuid:1d3d469f-1fa9-41ef-94f6-f4f7d8c62de0",
      "resource": {
        "id": "1d3d469f-1fa9-41ef-94f6-f4f7d8c62de0",
        "meta": {
          "profile": [
            "http://standardhealthrecord.org/fhir/StructureDefinition/shr-problem-Problem"
          ]
        },
        "clinicalStatus": "active",
        "verificationStatus": "confirmed",
        "code": {
          "coding": [
            {
              "system": "http://snomed.info/sct",
              "code": "40055000",
              "display": "Chronic sinusitis (disorder)"
            }
          ],
          "text": "Chronic sinusitis (disorder)"
        },
        "subject": {
          "reference": "urn:uuid:ebdfd396-427c-48e8-a849-c005d48317fa"
        },
        "context": {
          "reference": "urn:uuid:0bbf1f49-dd44-4b95-9b56-b55a65719275"
        },
        "onsetDateTime": "1932-12-21T01:19:12-05:00",
        "assertedDate": "1932-12-21",
        "resourceType": "Condition"
      }
    },
    {
      "fullUrl": "urn:uuid:d75d7858-ccae-4837-bd56-648ca416bd27",
      "resource": {
        "id": "d75d7858-ccae-4837-bd56-648ca416bd27",
        "meta": {
          "profile": [
            "http://standardhealthrecord.org/fhir/StructureDefinition/shr-problem-Problem"
          ]
        },
        "clinicalStatus": "active",
        "verificationStatus": "confirmed",
        "code": {
          "coding": [
            {
              "system": "http://snomed.info/sct",
              "code": "38341003",
              "display": "Hypertension"
            }
          ],
          "text": "Hypertension"
        },
        "subject": {
          "reference": "urn:uuid:ebdfd396-427c-48e8-a849-c005d48317fa"
        },
        "context": {
          "reference": "urn:uuid:0bbf1f49-dd44-4b95-9b56-b55a65719275"
        },
        "onsetDateTime": "1944-12-10T19:45:41-04:00",
        "assertedDate": "1944-12-10",
        "resourceType": "Condition"
      }
    },
    {
      "fullUrl": "urn:uuid:9f0f84e9-e24c-443f-9a9e-3fa710c8ba99",
      "resource": {
        "id": "9f0f84e9-e24c-443f-9a9e-3fa710c8ba99",
        "meta": {
          "profile": [
            "http://standardhealthrecord.org/fhir/StructureDefinition/shr-problem-Problem"
          ]
        },
        "clinicalStatus": "active",
        "verificationStatus": "confirmed",
        "code": {
          "coding": [
            {
              "system": "http://snomed.info/sct",
              "code": "162573006",
              "display": "Suspected lung cancer (situation)"
            }
          ],
          "text": "Suspected lung cancer (situation)"
        },
        "subject": {
          "reference": "urn:uuid:ebdfd396-427c-48e8-a849-c005d48317fa"
        },
        "context": {
          "reference": "urn:uuid:0bbf1f49-dd44-4b95-9b56-b55a65719275"
        },
        "onsetDateTime": "1984-06-14T09:26:34-04:00",
        "assertedDate": "1984-06-14",
        "resourceType": "Condition"
      }
    },
    {
      "fullUrl": "urn:uuid:f3956c45-5ff0-46ef-b087-55d67d236090",
      "resource": {
        "id": "f3956c45-5ff0-46ef-b087-55d67d236090",
        "meta": {
          "profile": [
            "http://standardhealthrecord.org/fhir/StructureDefinition/shr-problem-Problem"
          ]
        },
        "clinicalStatus": "active",
        "verificationStatus": "confirmed",
        "code": {
          "coding": [
            {
              "system": "http://snomed.info/sct",
              "code": "254637007",
              "display": "Non-small cell lung cancer (disorder)"
            }
          ],
          "text": "Non-small cell lung cancer (disorder)"
        },
        "subject": {
          "reference": "urn:uuid:ebdfd396-427c-48e8-a849-c005d48317fa"
        },
        "context": {
          "reference": "urn:uuid:0bbf1f49-dd44-4b95-9b56-b55a65719275"
        },
        "onsetDateTime": "1984-06-30T02:31:00-04:00",
        "assertedDate": "1984-06-30",
        "resourceType": "Condition"
      }
    },
    {
      "fullUrl": "urn:uuid:715f6f80-b157-4fc0-9f29-26009b209990",
      "resource": {
        "id": "715f6f80-b157-4fc0-9f29-26009b209990",
        "meta": {
          "profile": [
            "http://standardhealthrecord.org/fhir/StructureDefinition/shr-problem-Problem"
          ]
        },
        "clinicalStatus": "active",
        "verificationStatus": "confirmed",
        "code": {
          "coding": [
            {
              "system": "http://snomed.info/sct",
              "code": "423121009",
              "display": "Non-small cell carcinoma of lung, TNM stage 4 (disorder)"
            }
          ],
          "text": "Non-small cell carcinoma of lung, TNM stage 4 (disorder)"
        },
        "subject": {
          "reference": "urn:uuid:ebdfd396-427c-48e8-a849-c005d48317fa"
        },
        "context": {
          "reference": "urn:uuid:0bbf1f49-dd44-4b95-9b56-b55a65719275"
        },
        "onsetDateTime": "1984-07-01T15:09:46-04:00",
        "assertedDate": "1984-07-01",
        "resourceType": "Condition"
      }
    },
    {
      "fullUrl": "urn:uuid:10644273-e5d3-4d95-8b6b-dad62d9033f6",
      "resource": {
        "id": "10644273-e5d3-4d95-8b6b-dad62d9033f6",
        "meta": {
          "profile": [
            "http://standardhealthrecord.org/fhir/StructureDefinition/shr-observation-Observation"
          ]
        },
        "status": "final",
        "category": [
          {
            "coding": [
              {
                "system": "http://hl7.org/fhir/observation-category"
              }
            ]
          }
        ],
        "code": {
          "coding": [
            {
              "system": "http://loinc.org",
              "code": "69453-9",
              "display": "Cause of Death [US Standard Certificate of Death]"
            }
          ],
          "text": "Cause of Death [US Standard Certificate of Death]"
        },
        "subject": {
          "reference": "urn:uuid:ebdfd396-427c-48e8-a849-c005d48317fa"
        },
        "context": {
          "reference": "urn:uuid:0bbf1f49-dd44-4b95-9b56-b55a65719275"
        },
        "effectiveDateTime": "1985-02-11T00:01:23-05:00",
        "issued": "1985-02-11T00:01:23-05:00",
        "valueCodeableConcept": {
          "coding": [
            {
              "system": "http://snomed.info/sct",
              "code": "254637007",
              "display": "Non-small cell lung cancer (disorder)"
            }
          ],
          "text": "Non-small cell lung cancer (disorder)"
        },
        "resourceType": "Observation"
      }
    },
    {
      "fullUrl": "urn:uuid:a3091dce-720a-43bc-90eb-bfd9586843ab",
      "resource": {
        "id": "a3091dce-720a-43bc-90eb-bfd9586843ab",
        "meta": {
          "profile": [
            "http://standardhealthrecord.org/fhir/StructureDefinition/shr-observation-Panel"
          ]
        },
        "status": "final",
        "code": {
          "coding": [
            {
              "system": "http://loinc.org",
              "code": "69409-1",
              "display": "U.S. standard certificate of death - 2003 revision"
            }
          ]
        },
        "subject": {
          "reference": "urn:uuid:ebdfd396-427c-48e8-a849-c005d48317fa"
        },
        "context": {
          "reference": "urn:uuid:0bbf1f49-dd44-4b95-9b56-b55a65719275"
        },
        "effectiveDateTime": "1985-02-11T00:01:23-05:00",
        "issued": "1985-02-11T00:01:23-05:00",
        "result": [
          {
            "reference": "urn:uuid:10644273-e5d3-4d95-8b6b-dad62d9033f6",
            "display": "Cause of Death [US Standard Certificate of Death]"
          }
        ],
        "resourceType": "DiagnosticReport"
      }
    },
    {
      "resource": {
        "status": "active",
        "intent": "order",
        "category": [
          {
            "coding": [
              {
                "system": "http://snomed.info/sct",
                "code": "182964004",
                "display": "Terminal care"
              }
            ]
          }
        ],
        "subject": {
          "reference": "urn:uuid:ebdfd396-427c-48e8-a849-c005d48317fa"
        },
        "context": {
          "reference": "urn:uuid:0bbf1f49-dd44-4b95-9b56-b55a65719275"
        },
        "period": {
          "start": "1984-07-01"
        },
        "addresses": [
          {
            "reference": "urn:uuid:715f6f80-b157-4fc0-9f29-26009b209990"
          }
        ],
        "activity": [
          {
            "detail": {
              "code": {
                "coding": [
                  {
                    "system": "http://snomed.info/sct",
                    "code": "133918004",
                    "display": "Comfort measures"
                  }
                ]
              },
              "status": "in-progress"
            }
          },
          {
            "detail": {
              "code": {
                "coding": [
                  {
                    "system": "http://snomed.info/sct",
                    "code": "408957008",
                    "display": "Chronic pain control management"
                  }
                ]
              },
              "status": "in-progress"
            }
          },
          {
            "detail": {
              "code": {
                "coding": [
                  {
                    "system": "http://snomed.info/sct",
                    "code": "243072006",
                    "display": "Cancer education"
                  }
                ]
              },
              "status": "in-progress"
            }
          }
        ],
        "resourceType": "CarePlan"
      }
    },
    {
      "fullUrl": "urn:uuid:7ccaaf5d-e407-4dc6-9b3e-c3f32783920b",
      "resource": {
        "id": "7ccaaf5d-e407-4dc6-9b3e-c3f32783920b",
        "meta": {
          "profile": [
            "http://standardhealthrecord.org/fhir/StructureDefinition/shr-medication-MedicationPrescription"
          ]
        },
        "extension": [
          {
            "url": "http://standardhealthrecord.org/fhir/StructureDefinition/shr-base-ActionCode-extension",
            "valueCodeableConcept": {
              "coding": [
                {
                  "system": "http://snomed.info/sct",
                  "code": "33633005",
                  "display": "Prescription of drug (procedure)"
                }
              ],
              "text": "Prescription of drug (procedure)"
            }
          }
        ],
        "status": "active",
        "intent": "order",
        "medicationCodeableConcept": {
          "coding": [
            {
              "system": "http://www.nlm.nih.gov/research/umls/rxnorm",
              "code": "834101",
              "display": "Penicillin V Potassium 500 MG"
            }
          ],
          "text": "Penicillin V Potassium 500 MG"
        },
        "subject": {
          "reference": "urn:uuid:ebdfd396-427c-48e8-a849-c005d48317fa"
        },
        "context": {
          "reference": "urn:uuid:0bbf1f49-dd44-4b95-9b56-b55a65719275"
        },
        "authoredOn": "1947-02-19",
        "resourceType": "MedicationRequest"
      }
    },
    {
      "fullUrl": "urn:uuid:411705f7-8bf6-4aa8-b4a3-e31de8b8dc7a",
      "resource": {
        "id": "411705f7-8bf6-4aa8-b4a3-e31de8b8dc7a",
        "status": "active",
        "use": "complete",
        "patient": {
          "reference": "urn:uuid:ebdfd396-427c-48e8-a849-c005d48317fa"
        },
        "billablePeriod": {
          "start": "1985-02-11T00:01:23-05:00",
          "end": "1985-02-11T00:16:23-05:00"
        },
        "organization": {
          "reference": {
            "reference": "urn:uuid:56be714d-02b3-440c-8c58-7c9c0849e13d"
          }
        },
        "prescription": {
          "reference": "urn:uuid:7ccaaf5d-e407-4dc6-9b3e-c3f32783920b"
        },
        "item": [
          {
            "sequence": 1,
            "net": {
              "value": 125.0,
              "system": "urn:iso:std:iso:4217",
              "code": "USD"
            },
            "encounter": [
              {
                "reference": {
                  "fullUrl": "urn:uuid:0bbf1f49-dd44-4b95-9b56-b55a65719275",
                  "resource": {
                    "id": "0bbf1f49-dd44-4b95-9b56-b55a65719275",
                    "meta": {
                      "profile": [
                        "http://standardhealthrecord.org/fhir/StructureDefinition/shr-encounter-Encounter"
                      ]
                    },
                    "status": "finished",
                    "class": {
                      "code": "ambulatory"
                    },
                    "type": [
                      {
                        "coding": [
                          {
                            "system": "http://snomed.info/sct",
                            "code": "308646001"
                          }
                        ],
                        "text": "Death Certification"
                      }
                    ],
                    "subject": {
                      "reference": "urn:uuid:ebdfd396-427c-48e8-a849-c005d48317fa"
                    },
                    "period": {
                      "start": "1985-02-11T00:01:23-05:00",
                      "end": "1985-02-11T00:16:23-05:00"
                    },
                    "serviceProvider": {
                      "reference": "urn:uuid:56be714d-02b3-440c-8c58-7c9c0849e13d"
                    },
                    "resourceType": "Encounter"
                  }
                }
              }
            ]
          },
          {
            "sequence": 1,
            "net": {
              "value": 255.0,
              "system": "urn:iso:std:iso:4217",
              "code": "USD"
            }
          }
        ],
        "total": {
          "value": 255.0,
          "system": "urn:iso:std:iso:4217",
          "code": "USD"
        },
        "resourceType": "Claim"
      }
    },
    {
      "fullUrl": "urn:uuid:03725a00-fc20-48ca-8c5e-0d3c39581822",
      "resource": {
        "id": "03725a00-fc20-48ca-8c5e-0d3c39581822",
        "meta": {
          "profile": [
            "http://standardhealthrecord.org/fhir/StructureDefinition/shr-observation-Observation"
          ]
        },
        "status": "final",
        "category": [
          {
            "coding": [
              {
                "system": "http://hl7.org/fhir/observation-category",
                "code": "survey"
              }
            ]
          }
        ],
        "code": {
          "coding": [
            {
              "system": "http://snomed.info/sct",
              "code": "273724008",
              "display": "Quality adjusted life years"
            }
          ],
          "text": "Quality adjusted life years"
        },
        "subject": {
          "reference": "urn:uuid:ebdfd396-427c-48e8-a849-c005d48317fa"
        },
        "effectiveDateTime": "2017-10-31T16:09:28-04:00",
        "issued": "2017-10-31T16:09:28-04:00",
        "valueQuantity": {
          "value": 58,
          "unit": "years",
          "system": "http://unitsofmeasure.org/",
          "code": "years"
        },
        "resourceType": "Observation"
      }
    },
    {
      "fullUrl": "urn:uuid:20cfac14-ea4c-4b66-be20-ab56a25a0b40",
      "resource": {
        "id": "20cfac14-ea4c-4b66-be20-ab56a25a0b40",
        "meta": {
          "profile": [
            "http://standardhealthrecord.org/fhir/StructureDefinition/shr-observation-Observation"
          ]
        },
        "status": "final",
        "category": [
          {
            "coding": [
              {
                "system": "http://hl7.org/fhir/observation-category",
                "code": "survey"
              }
            ]
          }
        ],
        "code": {
          "coding": [
            {
              "system": "http://snomed.info/sct",
              "code": "273421001",
              "display": "Disability rating scale"
            }
          ],
          "text": "Disability rating scale"
        },
        "subject": {
          "reference": "urn:uuid:ebdfd396-427c-48e8-a849-c005d48317fa"
        },
        "effectiveDateTime": "2017-10-31T16:09:28-04:00",
        "issued": "2017-10-31T16:09:28-04:00",
        "valueQuantity": {
          "value": 30.389519999999997,
          "unit": "years",
          "system": "http://unitsofmeasure.org/",
          "code": "years"
        },
        "resourceType": "Observation"
      }
    }
  ],
  "resourceType": "Bundle"
}