{
  "type": "collection",
  "entry": [
    {
      "fullUrl": "urn:uuid:94bec074-5c4b-440c-ba5e-409cd9a896a6",
      "resource": {
        "id": "94bec074-5c4b-440c-ba5e-409cd9a896a6",
        "meta": {
          "profile": [
            "http://standardhealthrecord.org/fhir/StructureDefinition/shr-actor-Organization"
          ]
        },
        "type": [
          {
            "coding": [
              {
                "system": "http://hl7.org/fhir/organization-type",
                "code": "prov",
                "display": "Healthcare Provider"
              }
            ],
            "text": "Healthcare Provider"
          }
        ],
        "name": "WINTHROP COMM HEALTH CENTER",
        "resourceType": "Organization"
      }
    },
    {
      "fullUrl": "urn:uuid:b9e07932-15d1-4254-b97b-6be7b4ced7c4",
      "resource": {
        "id": "b9e07932-15d1-4254-b97b-6be7b4ced7c4",
        "meta": {
          "profile": [
            "http://standardhealthrecord.org/fhir/StructureDefinition/shr-demographics-PersonOfRecord"
          ]
        },
        "text": {
          "status": "generated",
          "div": "<div xmlns=\"http://www.w3.org/1999/xhtml\">Generated by <a href=\"https://github.com/synthetichealth/synthea\">Synthea</a>. Version identifier: 368ac389f34cd3ce3986aa3a0a08e467bf574db3</div>"
        },
        "extension": [
          {
            "url": "http://hl7.org/fhir/us/core/StructureDefinition/us-core-race",
            "valueCodeableConcept": {
              "coding": [
                {
                  "system": "http://hl7.org/fhir/v3/Race",
                  "code": "2131-1",
                  "display": "Other"
                }
              ],
              "text": "race"
            }
          },
          {
            "url": "http://hl7.org/fhir/us/core/StructureDefinition/us-core-ethnicity",
            "valueCodeableConcept": {
              "coding": [
                {
                  "system": "http://hl7.org/fhir/v3/Ethnicity",
                  "code": "2180-8",
                  "display": "Puerto_rican"
                }
              ],
              "text": "ethnicity"
            }
          },
          {
            "url": "http://hl7.org/fhir/StructureDefinition/birthPlace",
            "valueAddress": {
              "city": "Winchester",
              "state": "MA",
              "country": "US"
            }
          },
          {
            "url": "http://hl7.org/fhir/StructureDefinition/patient-mothersMaidenName",
            "valueString": "Dianne836 Conn519"
          },
          {
            "url": "http://hl7.org/fhir/us/core/StructureDefinition/us-core-birthsex",
            "valueCode": "M"
          },
          {
            "url": "http://hl7.org/fhir/StructureDefinition/patient-interpreterRequired",
            "valueBoolean": false
          },
          {
            "url": "http://standardhealthrecord.org/fhir/StructureDefinition/shr-actor-FictionalPerson-extension",
            "valueBoolean": true
          },
          {
            "url": "http://standardhealthrecord.org/fhir/StructureDefinition/shr-demographics-FathersName-extension",
            "valueHumanName": {
              "text": "Ralph625 Cole124"
            }
          },
          {
            "url": "http://standardhealthrecord.org/fhir/StructureDefinition/shr-demographics-SocialSecurityNumber-extension",
            "valueString": "999-58-1529"
          }
        ],
        "identifier": [
          {
            "system": "https://github.com/synthetichealth/synthea",
            "value": "148d39f6-4cb2-4422-8c2e-c9815afd6251"
          },
          {
            "type": {
              "coding": [
                {
                  "system": "http://hl7.org/fhir/identifier-type",
                  "code": "SB"
                }
              ]
            },
            "system": "http://hl7.org/fhir/sid/us-ssn",
            "value": "999581529"
          },
          {
            "type": {
              "coding": [
                {
                  "system": "http://hl7.org/fhir/v2/0203",
                  "code": "DL"
                }
              ]
            },
            "system": "urn:oid:2.16.840.1.113883.4.3.25",
            "value": "S99976507"
          },
          {
            "type": {
              "coding": [
                {
                  "system": "http://hl7.org/fhir/v2/0203",
                  "code": "PPN"
                }
              ]
            },
            "system": "http://standardhealthrecord.org/fhir/StructureDefinition/passportNumber",
            "value": "X19325198X"
          },
          {
            "type": {
              "coding": [
                {
                  "system": "http://hl7.org/fhir/v2/0203",
                  "code": "MR"
                }
              ]
            },
            "system": "http://hospital.smarthealthit.org",
            "value": "148d39f6-4cb2-4422-8c2e-c9815afd6251"
          }
        ],
        "name": [
          {
            "use": "official",
            "family": "Cole124",
            "given": [
              "Brad874"
            ],
            "prefix": [
              "Mr."
            ]
          }
        ],
        "telecom": [
          {
            "system": "phone",
            "value": "(963) 838-6037",
            "use": "home"
          }
        ],
        "gender": "male",
        "birthDate": "1979-04-24",
        "address": [
          {
            "extension": [
              {
                "extension": [
                  {
                    "url": "latitude",
                    "valueDecimal": 42.330948817627714
                  },
                  {
                    "url": "longitude",
                    "valueDecimal": -70.92932736210693
                  }
                ],
                "url": "http://hl7.org/fhir/StructureDefinition/geolocation"
              }
            ],
            "line": [
              "9260 Wendell Dam"
            ],
            "city": "Boston",
            "state": "MA",
            "postalCode": "02126",
            "country": "US"
          }
        ],
        "maritalStatus": {
          "coding": [
            {
              "system": "http://hl7.org/fhir/v3/MaritalStatus",
              "code": "M"
            }
          ],
          "text": "M"
        },
        "multipleBirthBoolean": false,
        "communication": [
          {
            "language": {
              "coding": [
                {
                  "system": "http://hl7.org/fhir/ValueSet/languages",
                  "code": "en-US",
                  "display": "English (United States)"
                }
              ]
            }
          }
        ],
        "generalPractitioner": [
          {
            "reference": "urn:uuid:94bec074-5c4b-440c-ba5e-409cd9a896a6"
          }
        ],
        "resourceType": "Patient"
      }
    },
    {
      "fullUrl": "urn:uuid:360465d4-6adb-42df-aca9-c2a4d35426ca",
      "resource": {
        "id": "360465d4-6adb-42df-aca9-c2a4d35426ca",
        "meta": {
          "profile": [
            "http://standardhealthrecord.org/fhir/StructureDefinition/shr-encounter-Encounter"
          ]
        },
        "status": "finished",
        "class": {
          "code": "ambulatory"
        },
        "type": [
          {
            "coding": [
              {
                "system": "http://snomed.info/sct",
                "code": "185345009"
              }
            ],
            "text": "Encounter for symptom"
          }
        ],
        "subject": {
          "reference": "urn:uuid:b9e07932-15d1-4254-b97b-6be7b4ced7c4"
        },
        "period": {
          "start": "2008-01-25T20:47:05-05:00",
          "end": "2008-01-25T20:47:05-05:00"
        },
        "reason": [
          {
            "coding": [
              {
                "system": "http://snomed.info/sct",
                "code": "444814009",
                "display": "Viral sinusitis (disorder)"
              }
            ]
          }
        ],
        "serviceProvider": {
          "reference": "urn:uuid:94bec074-5c4b-440c-ba5e-409cd9a896a6"
        },
        "resourceType": "Encounter"
      }
    },
    {
      "fullUrl": "urn:uuid:662c67c9-4760-448e-9c4b-bf0415c18655",
      "resource": {
        "id": "662c67c9-4760-448e-9c4b-bf0415c18655",
        "status": "active",
        "use": "complete",
        "patient": {
          "reference": "urn:uuid:b9e07932-15d1-4254-b97b-6be7b4ced7c4"
        },
        "billablePeriod": {
          "start": "2008-01-25T20:47:05-05:00",
          "end": "2008-01-25T20:47:05-05:00"
        },
        "organization": {
          "reference": {
            "reference": "urn:uuid:94bec074-5c4b-440c-ba5e-409cd9a896a6"
          }
        },
        "diagnosis": [
          {
            "sequence": 1,
            "diagnosisReference": {
              "reference": "urn:uuid:7a9a8064-0875-43ab-99d9-f212f82f0027"
            }
          }
        ],
        "item": [
          {
            "sequence": 1,
            "net": {
              "value": 125.0,
              "system": "urn:iso:std:iso:4217",
              "code": "USD"
            },
            "encounter": [
              {
                "reference": {
                  "fullUrl": "urn:uuid:360465d4-6adb-42df-aca9-c2a4d35426ca",
                  "resource": {
                    "id": "360465d4-6adb-42df-aca9-c2a4d35426ca",
                    "meta": {
                      "profile": [
                        "http://standardhealthrecord.org/fhir/StructureDefinition/shr-encounter-Encounter"
                      ]
                    },
                    "status": "finished",
                    "class": {
                      "code": "ambulatory"
                    },
                    "type": [
                      {
                        "coding": [
                          {
                            "system": "http://snomed.info/sct",
                            "code": "185345009"
                          }
                        ],
                        "text": "Encounter for symptom"
                      }
                    ],
                    "subject": {
                      "reference": "urn:uuid:b9e07932-15d1-4254-b97b-6be7b4ced7c4"
                    },
                    "period": {
                      "start": "2008-01-25T20:47:05-05:00",
                      "end": "2008-01-25T20:47:05-05:00"
                    },
                    "reason": [
                      {
                        "coding": [
                          {
                            "system": "http://snomed.info/sct",
                            "code": "444814009",
                            "display": "Viral sinusitis (disorder)"
                          }
                        ]
                      }
                    ],
                    "serviceProvider": {
                      "reference": "urn:uuid:94bec074-5c4b-440c-ba5e-409cd9a896a6"
                    },
                    "resourceType": "Encounter"
                  }
                }
              }
            ]
          },
          {
            "sequence": 2,
            "diagnosisLinkId": [
              1
            ],
            "net": {
              "value": 0.0,
              "system": "urn:iso:std:iso:4217",
              "code": "USD"
            }
          }
        ],
        "total": {
          "value": 125.0,
          "system": "urn:iso:std:iso:4217",
          "code": "USD"
        },
        "resourceType": "Claim"
      }
    },
    {
      "fullUrl": "urn:uuid:7a9a8064-0875-43ab-99d9-f212f82f0027",
      "resource": {
        "id": "7a9a8064-0875-43ab-99d9-f212f82f0027",
        "meta": {
          "profile": [
            "http://standardhealthrecord.org/fhir/StructureDefinition/shr-problem-Problem"
          ]
        },
        "clinicalStatus": "resolved",
        "verificationStatus": "confirmed",
        "code": {
          "coding": [
            {
              "system": "http://snomed.info/sct",
              "code": "444814009",
              "display": "Viral sinusitis (disorder)"
            }
          ],
          "text": "Viral sinusitis (disorder)"
        },
        "subject": {
          "reference": "urn:uuid:b9e07932-15d1-4254-b97b-6be7b4ced7c4"
        },
        "context": {
          "reference": "urn:uuid:360465d4-6adb-42df-aca9-c2a4d35426ca"
        },
        "onsetDateTime": "2008-01-17T03:28:40-05:00",
        "abatementDateTime": "2008-02-21T05:11:44-05:00",
        "assertedDate": "2008-01-17",
        "resourceType": "Condition"
      }
    },
    {
      "fullUrl": "urn:uuid:fc4ceaa2-9577-451b-9ba7-4d812658a079",
      "resource": {
        "id": "fc4ceaa2-9577-451b-9ba7-4d812658a079",
        "meta": {
          "profile": [
            "http://standardhealthrecord.org/fhir/StructureDefinition/shr-medication-MedicationPrescription"
          ]
        },
        "extension": [
          {
            "url": "http://standardhealthrecord.org/fhir/StructureDefinition/shr-base-ActionCode-extension",
            "valueCodeableConcept": {
              "coding": [
                {
                  "system": "http://snomed.info/sct",
                  "code": "33633005",
                  "display": "Prescription of drug (procedure)"
                }
              ],
              "text": "Prescription of drug (procedure)"
            }
          }
        ],
        "status": "stopped",
        "intent": "order",
        "medicationCodeableConcept": {
          "coding": [
            {
              "system": "http://www.nlm.nih.gov/research/umls/rxnorm",
              "code": "824184",
              "display": " Amoxicillin 250 MG / Clavulanate 125 MG [Augmentin]"
            }
          ],
          "text": " Amoxicillin 250 MG / Clavulanate 125 MG [Augmentin]"
        },
        "subject": {
          "reference": "urn:uuid:b9e07932-15d1-4254-b97b-6be7b4ced7c4"
        },
        "context": {
          "reference": "urn:uuid:360465d4-6adb-42df-aca9-c2a4d35426ca"
        },
        "authoredOn": "2008-01-25",
        "reasonReference": [
          {
            "reference": "urn:uuid:7a9a8064-0875-43ab-99d9-f212f82f0027"
          }
        ],
        "resourceType": "MedicationRequest"
      }
    },
    {
      "fullUrl": "urn:uuid:e2cb0d75-c4fd-4a02-ac31-477e10880d1d",
      "resource": {
        "id": "e2cb0d75-c4fd-4a02-ac31-477e10880d1d",
        "status": "active",
        "use": "complete",
        "patient": {
          "reference": "urn:uuid:b9e07932-15d1-4254-b97b-6be7b4ced7c4"
        },
        "billablePeriod": {
          "start": "2008-01-25T20:47:05-05:00",
          "end": "2008-01-25T20:47:05-05:00"
        },
        "organization": {
          "reference": {
            "reference": "urn:uuid:94bec074-5c4b-440c-ba5e-409cd9a896a6"
          }
        },
        "prescription": {
          "reference": "urn:uuid:fc4ceaa2-9577-451b-9ba7-4d812658a079"
        },
        "item": [
          {
            "sequence": 1,
            "net": {
              "value": 125.0,
              "system": "urn:iso:std:iso:4217",
              "code": "USD"
            },
            "encounter": [
              {
                "reference": {
                  "fullUrl": "urn:uuid:360465d4-6adb-42df-aca9-c2a4d35426ca",
                  "resource": {
                    "id": "360465d4-6adb-42df-aca9-c2a4d35426ca",
                    "meta": {
                      "profile": [
                        "http://standardhealthrecord.org/fhir/StructureDefinition/shr-encounter-Encounter"
                      ]
                    },
                    "status": "finished",
                    "class": {
                      "code": "ambulatory"
                    },
                    "type": [
                      {
                        "coding": [
                          {
                            "system": "http://snomed.info/sct",
                            "code": "185345009"
                          }
                        ],
                        "text": "Encounter for symptom"
                      }
                    ],
                    "subject": {
                      "reference": "urn:uuid:b9e07932-15d1-4254-b97b-6be7b4ced7c4"
                    },
                    "period": {
                      "start": "2008-01-25T20:47:05-05:00",
                      "end": "2008-01-25T20:47:05-05:00"
                    },
                    "reason": [
                      {
                        "coding": [
                          {
                            "system": "http://snomed.info/sct",
                            "code": "444814009",
                            "display": "Viral sinusitis (disorder)"
                          }
                        ]
                      }
                    ],
                    "serviceProvider": {
                      "reference": "urn:uuid:94bec074-5c4b-440c-ba5e-409cd9a896a6"
                    },
                    "resourceType": "Encounter"
                  }
                }
              }
            ]
          },
          {
            "sequence": 1,
            "net": {
              "value": 255.0,
              "system": "urn:iso:std:iso:4217",
              "code": "USD"
            }
          }
        ],
        "total": {
          "value": 255.0,
          "system": "urn:iso:std:iso:4217",
          "code": "USD"
        },
        "resourceType": "Claim"
      }
    },
    {
      "fullUrl": "urn:uuid:2e9cb854-e0c1-47ce-95f8-edc1f6bb229c",
      "resource": {
        "id": "2e9cb854-e0c1-47ce-95f8-edc1f6bb229c",
        "meta": {
          "profile": [
            "http://standardhealthrecord.org/fhir/StructureDefinition/shr-encounter-Encounter"
          ]
        },
        "status": "finished",
        "class": {
          "code": "outpatient"
        },
        "type": [
          {
            "coding": [
              {
                "system": "http://snomed.info/sct",
                "code": "185349003"
              }
            ],
            "text": "Outpatient Encounter"
          }
        ],
        "subject": {
          "reference": "urn:uuid:b9e07932-15d1-4254-b97b-6be7b4ced7c4"
        },
        "period": {
          "start": "2008-06-27T13:37:12-04:00",
          "end": "2008-06-27T14:37:12-04:00"
        },
        "serviceProvider": {
          "reference": "urn:uuid:94bec074-5c4b-440c-ba5e-409cd9a896a6"
        },
        "resourceType": "Encounter"
      }
    },
    {
      "fullUrl": "urn:uuid:525df836-337b-4b3b-8aec-245544b732fa",
      "resource": {
        "id": "525df836-337b-4b3b-8aec-245544b732fa",
        "status": "active",
        "use": "complete",
        "patient": {
          "reference": "urn:uuid:b9e07932-15d1-4254-b97b-6be7b4ced7c4"
        },
        "billablePeriod": {
          "start": "2008-06-27T13:37:12-04:00",
          "end": "2008-06-27T14:37:12-04:00"
        },
        "organization": {
          "reference": {
            "reference": "urn:uuid:94bec074-5c4b-440c-ba5e-409cd9a896a6"
          }
        },
        "procedure": [
          {
            "sequence": 1,
            "procedureReference": {
              "reference": "urn:uuid:6fed5a9d-9ff1-4873-8191-fc5862faf910"
            }
          }
        ],
        "item": [
          {
            "sequence": 1,
            "net": {
              "value": 125.0,
              "system": "urn:iso:std:iso:4217",
              "code": "USD"
            },
            "encounter": [
              {
                "reference": {
                  "fullUrl": "urn:uuid:2e9cb854-e0c1-47ce-95f8-edc1f6bb229c",
                  "resource": {
                    "id": "2e9cb854-e0c1-47ce-95f8-edc1f6bb229c",
                    "meta": {
                      "profile": [
                        "http://standardhealthrecord.org/fhir/StructureDefinition/shr-encounter-Encounter"
                      ]
                    },
                    "status": "finished",
                    "class": {
                      "code": "outpatient"
                    },
                    "type": [
                      {
                        "coding": [
                          {
                            "system": "http://snomed.info/sct",
                            "code": "185349003"
                          }
                        ],
                        "text": "Outpatient Encounter"
                      }
                    ],
                    "subject": {
                      "reference": "urn:uuid:b9e07932-15d1-4254-b97b-6be7b4ced7c4"
                    },
                    "period": {
                      "start": "2008-06-27T13:37:12-04:00",
                      "end": "2008-06-27T14:37:12-04:00"
                    },
                    "serviceProvider": {
                      "reference": "urn:uuid:94bec074-5c4b-440c-ba5e-409cd9a896a6"
                    },
                    "resourceType": "Encounter"
                  }
                }
              }
            ]
          },
          {
            "sequence": 2,
            "procedureLinkId": [
              2
            ],
            "net": {
              "value": 1508.6649932999997,
              "system": "urn:iso:std:iso:4217",
              "code": "USD"
            }
          },
          {
            "sequence": 3,
            "category": {
              "coding": [
                {
                  "system": "http://hl7.org/fhir/sid/cvx",
                  "code": "140",
                  "display": "Influenza, seasonal, injectable, preservative free"
                }
              ],
              "text": "Influenza, seasonal, injectable, preservative free"
            },
            "net": {
              "value": 136.0,
              "system": "urn:iso:std:iso:4217",
              "code": "USD"
            }
          }
        ],
        "total": {
          "value": 1769.6649932999997,
          "system": "urn:iso:std:iso:4217",
          "code": "USD"
        },
        "resourceType": "Claim"
      }
    },
    {
      "fullUrl": "urn:uuid:9f08cdda-9b94-40e5-af6e-f8235f712713",
      "resource": {
        "id": "9f08cdda-9b94-40e5-af6e-f8235f712713",
        "meta": {
          "profile": [
            "http://standardhealthrecord.org/fhir/StructureDefinition/shr-observation-Observation",
            "http://standardhealthrecord.org/fhir/StructureDefinition/shr-vital-VitalSign",
            "http://standardhealthrecord.org/fhir/StructureDefinition/shr-vital-BodyHeight"
          ]
        },
        "status": "final",
        "category": [
          {
            "coding": [
              {
                "system": "http://hl7.org/fhir/observation-category",
                "code": "vital-signs"
              }
            ]
          }
        ],
        "code": {
          "coding": [
            {
              "system": "http://loinc.org",
              "code": "8302-2",
              "display": "Body Height"
            }
          ],
          "text": "Body Height"
        },
        "subject": {
          "reference": "urn:uuid:b9e07932-15d1-4254-b97b-6be7b4ced7c4"
        },
        "context": {
          "reference": "urn:uuid:2e9cb854-e0c1-47ce-95f8-edc1f6bb229c"
        },
        "effectiveDateTime": "2008-06-27T13:37:12-04:00",
        "issued": "2008-06-27T13:37:12-04:00",
        "valueQuantity": {
          "value": 179.32431893668016,
          "unit": "cm",
          "system": "http://unitsofmeasure.org/",
          "code": "cm"
        },
        "resourceType": "Observation"
      }
    },
    {
      "fullUrl": "urn:uuid:c73d61fe-1f36-4f56-b09b-e86cb4c94c9a",
      "resource": {
        "id": "c73d61fe-1f36-4f56-b09b-e86cb4c94c9a",
        "meta": {
          "profile": [
            "http://standardhealthrecord.org/fhir/StructureDefinition/shr-observation-Observation",
            "http://standardhealthrecord.org/fhir/StructureDefinition/shr-vital-VitalSign",
            "http://standardhealthrecord.org/fhir/StructureDefinition/shr-vital-BodyWeight"
          ]
        },
        "status": "final",
        "category": [
          {
            "coding": [
              {
                "system": "http://hl7.org/fhir/observation-category",
                "code": "vital-signs"
              }
            ]
          }
        ],
        "code": {
          "coding": [
            {
              "system": "http://loinc.org",
              "code": "29463-7",
              "display": "Body Weight"
            }
          ],
          "text": "Body Weight"
        },
        "subject": {
          "reference": "urn:uuid:b9e07932-15d1-4254-b97b-6be7b4ced7c4"
        },
        "context": {
          "reference": "urn:uuid:2e9cb854-e0c1-47ce-95f8-edc1f6bb229c"
        },
        "effectiveDateTime": "2008-06-27T13:37:12-04:00",
        "issued": "2008-06-27T13:37:12-04:00",
        "valueQuantity": {
          "value": 83.36371073277634,
          "unit": "kg",
          "system": "http://unitsofmeasure.org/",
          "code": "kg"
        },
        "resourceType": "Observation"
      }
    },
    {
      "fullUrl": "urn:uuid:7e3a1ecc-9221-4854-858b-7058f1d3a735",
      "resource": {
        "id": "7e3a1ecc-9221-4854-858b-7058f1d3a735",
        "meta": {
          "profile": [
            "http://standardhealthrecord.org/fhir/StructureDefinition/shr-observation-Observation",
            "http://standardhealthrecord.org/fhir/StructureDefinition/shr-vital-VitalSign",
            "http://standardhealthrecord.org/fhir/StructureDefinition/shr-vital-BodyMassIndex"
          ]
        },
        "status": "final",
        "category": [
          {
            "coding": [
              {
                "system": "http://hl7.org/fhir/observation-category",
                "code": "vital-signs"
              }
            ]
          }
        ],
        "code": {
          "coding": [
            {
              "system": "http://loinc.org",
              "code": "39156-5",
              "display": "Body Mass Index"
            }
          ],
          "text": "Body Mass Index"
        },
        "subject": {
          "reference": "urn:uuid:b9e07932-15d1-4254-b97b-6be7b4ced7c4"
        },
        "context": {
          "reference": "urn:uuid:2e9cb854-e0c1-47ce-95f8-edc1f6bb229c"
        },
        "effectiveDateTime": "2008-06-27T13:37:12-04:00",
        "issued": "2008-06-27T13:37:12-04:00",
        "valueQuantity": {
          "value": 25.923799733149963,
          "unit": "kg/m2",
          "system": "http://unitsofmeasure.org/",
          "code": "kg/m2"
        },
        "resourceType": "Observation"
      }
    },
    {
      "fullUrl": "urn:uuid:5139a3fb-f6d8-438f-881f-c301108a9b07",
      "resource": {
        "id": "5139a3fb-f6d8-438f-881f-c301108a9b07",
        "meta": {
          "profile": [
            "http://standardhealthrecord.org/fhir/StructureDefinition/shr-observation-Observation",
            "http://standardhealthrecord.org/fhir/StructureDefinition/shr-vital-BloodPressure"
          ]
        },
        "status": "final",
        "category": [
          {
            "coding": [
              {
                "system": "http://hl7.org/fhir/observation-category",
                "code": "vital-signs"
              }
            ]
          }
        ],
        "code": {
          "coding": [
            {
              "system": "http://loinc.org",
              "code": "55284-4",
              "display": "Blood Pressure"
            }
          ]
        },
        "subject": {
          "reference": "urn:uuid:b9e07932-15d1-4254-b97b-6be7b4ced7c4"
        },
        "context": {
          "reference": "urn:uuid:2e9cb854-e0c1-47ce-95f8-edc1f6bb229c"
        },
        "effectiveDateTime": "2008-06-27T13:37:12-04:00",
        "issued": "2008-06-27T13:37:12-04:00",
        "component": [
          {
            "code": {
              "coding": [
                {
                  "system": "http://loinc.org",
                  "code": "8480-6",
                  "display": "Systolic Blood Pressure"
                }
              ],
              "text": "Systolic Blood Pressure"
            },
            "valueQuantity": {
              "value": 123,
              "unit": "mmHg",
              "system": "http://unitsofmeasure.org/",
              "code": "mmHg"
            }
          },
          {
            "code": {
              "coding": [
                {
                  "system": "http://loinc.org",
                  "code": "8462-4",
                  "display": "Diastolic Blood Pressure"
                }
              ],
              "text": "Diastolic Blood Pressure"
            },
            "valueQuantity": {
              "value": 72,
              "unit": "mmHg",
              "system": "http://unitsofmeasure.org/",
              "code": "mmHg"
            }
          }
        ],
        "resourceType": "Observation"
      }
    },
    {
      "fullUrl": "urn:uuid:6fed5a9d-9ff1-4873-8191-fc5862faf910",
      "resource": {
        "id": "6fed5a9d-9ff1-4873-8191-fc5862faf910",
        "meta": {
          "profile": [
            "http://standardhealthrecord.org/fhir/StructureDefinition/shr-procedure-Procedure"
          ]
        },
        "extension": [
          {
            "url": "http://standardhealthrecord.org/fhir/StructureDefinition/shr-core-CodeableConcept-extension",
            "valueCodeableConcept": {
              "coding": [
                {
                  "system": "http://snomed.info/sct",
                  "code": "428191000124101",
                  "display": "Documentation of current medications"
                }
              ],
              "text": "Documentation of current medications"
            }
          }
        ],
        "status": "completed",
        "code": {
          "coding": [
            {
              "system": "http://snomed.info/sct",
              "code": "428191000124101",
              "display": "Documentation of current medications"
            }
          ],
          "text": "Documentation of current medications"
        },
        "subject": {
          "reference": "urn:uuid:b9e07932-15d1-4254-b97b-6be7b4ced7c4"
        },
        "context": {
          "reference": "urn:uuid:2e9cb854-e0c1-47ce-95f8-edc1f6bb229c"
        },
        "performedDateTime": "2008-06-27T13:37:12-04:00",
        "resourceType": "Procedure"
      }
    },
    {
      "resource": {
        "meta": {
          "profile": [
            "http://standardhealthrecord.org/fhir/StructureDefinition/shr-immunization-Immunization"
          ]
        },
        "status": "completed",
        "notGiven": false,
        "vaccineCode": {
          "coding": [
            {
              "system": "http://hl7.org/fhir/sid/cvx",
              "code": "140",
              "display": "Influenza, seasonal, injectable, preservative free"
            }
          ],
          "text": "Influenza, seasonal, injectable, preservative free"
        },
        "patient": {
          "reference": "urn:uuid:b9e07932-15d1-4254-b97b-6be7b4ced7c4"
        },
        "encounter": {
          "reference": "urn:uuid:2e9cb854-e0c1-47ce-95f8-edc1f6bb229c"
        },
        "date": "2008-06-27T13:37:12-04:00",
        "primarySource": true,
        "resourceType": "Immunization"
      }
    },
    {
      "fullUrl": "urn:uuid:b43d4396-2096-40db-9476-6091b44574d9",
      "resource": {
        "id": "b43d4396-2096-40db-9476-6091b44574d9",
        "meta": {
          "profile": [
            "http://standardhealthrecord.org/fhir/StructureDefinition/shr-encounter-Encounter"
          ]
        },
        "status": "finished",
        "class": {
          "code": "ambulatory"
        },
        "type": [
          {
            "coding": [
              {
                "system": "http://snomed.info/sct",
                "code": "185345009"
              }
            ],
            "text": "Encounter for symptom"
          }
        ],
        "subject": {
          "reference": "urn:uuid:b9e07932-15d1-4254-b97b-6be7b4ced7c4"
        },
        "period": {
          "start": "2008-09-30T20:21:08-04:00",
          "end": "2008-09-30T20:21:08-04:00"
        },
        "reason": [
          {
            "coding": [
              {
                "system": "http://snomed.info/sct",
                "code": "444814009",
                "display": "Viral sinusitis (disorder)"
              }
            ]
          }
        ],
        "serviceProvider": {
          "reference": "urn:uuid:94bec074-5c4b-440c-ba5e-409cd9a896a6"
        },
        "resourceType": "Encounter"
      }
    },
    {
      "fullUrl": "urn:uuid:24fbdc58-c014-4c93-8f85-8ab7225fb38f",
      "resource": {
        "id": "24fbdc58-c014-4c93-8f85-8ab7225fb38f",
        "status": "active",
        "use": "complete",
        "patient": {
          "reference": "urn:uuid:b9e07932-15d1-4254-b97b-6be7b4ced7c4"
        },
        "billablePeriod": {
          "start": "2008-09-30T20:21:08-04:00",
          "end": "2008-09-30T20:21:08-04:00"
        },
        "organization": {
          "reference": {
            "reference": "urn:uuid:94bec074-5c4b-440c-ba5e-409cd9a896a6"
          }
        },
        "diagnosis": [
          {
            "sequence": 1,
            "diagnosisReference": {
              "reference": "urn:uuid:52ba31be-d5d2-4991-9348-e44ef03bfae7"
            }
          }
        ],
        "item": [
          {
            "sequence": 1,
            "net": {
              "value": 125.0,
              "system": "urn:iso:std:iso:4217",
              "code": "USD"
            },
            "encounter": [
              {
                "reference": {
                  "fullUrl": "urn:uuid:b43d4396-2096-40db-9476-6091b44574d9",
                  "resource": {
                    "id": "b43d4396-2096-40db-9476-6091b44574d9",
                    "meta": {
                      "profile": [
                        "http://standardhealthrecord.org/fhir/StructureDefinition/shr-encounter-Encounter"
                      ]
                    },
                    "status": "finished",
                    "class": {
                      "code": "ambulatory"
                    },
                    "type": [
                      {
                        "coding": [
                          {
                            "system": "http://snomed.info/sct",
                            "code": "185345009"
                          }
                        ],
                        "text": "Encounter for symptom"
                      }
                    ],
                    "subject": {
                      "reference": "urn:uuid:b9e07932-15d1-4254-b97b-6be7b4ced7c4"
                    },
                    "period": {
                      "start": "2008-09-30T20:21:08-04:00",
                      "end": "2008-09-30T20:21:08-04:00"
                    },
                    "reason": [
                      {
                        "coding": [
                          {
                            "system": "http://snomed.info/sct",
                            "code": "444814009",
                            "display": "Viral sinusitis (disorder)"
                          }
                        ]
                      }
                    ],
                    "serviceProvider": {
                      "reference": "urn:uuid:94bec074-5c4b-440c-ba5e-409cd9a896a6"
                    },
                    "resourceType": "Encounter"
                  }
                }
              }
            ]
          },
          {
            "sequence": 2,
            "diagnosisLinkId": [
              1
            ],
            "net": {
              "value": 0.0,
              "system": "urn:iso:std:iso:4217",
              "code": "USD"
            }
          }
        ],
        "total": {
          "value": 125.0,
          "system": "urn:iso:std:iso:4217",
          "code": "USD"
        },
        "resourceType": "Claim"
      }
    },
    {
      "fullUrl": "urn:uuid:52ba31be-d5d2-4991-9348-e44ef03bfae7",
      "resource": {
        "id": "52ba31be-d5d2-4991-9348-e44ef03bfae7",
        "meta": {
          "profile": [
            "http://standardhealthrecord.org/fhir/StructureDefinition/shr-problem-Problem"
          ]
        },
        "clinicalStatus": "resolved",
        "verificationStatus": "confirmed",
        "code": {
          "coding": [
            {
              "system": "http://snomed.info/sct",
              "code": "444814009",
              "display": "Viral sinusitis (disorder)"
            }
          ],
          "text": "Viral sinusitis (disorder)"
        },
        "subject": {
          "reference": "urn:uuid:b9e07932-15d1-4254-b97b-6be7b4ced7c4"
        },
        "context": {
          "reference": "urn:uuid:b43d4396-2096-40db-9476-6091b44574d9"
        },
        "onsetDateTime": "2008-09-21T05:11:44-04:00",
        "abatementDateTime": "2008-10-10T17:45:47-04:00",
        "assertedDate": "2008-09-21",
        "resourceType": "Condition"
      }
    },
    {
      "fullUrl": "urn:uuid:f873c426-c28c-4dfb-a5db-b98a3cc4ea33",
      "resource": {
        "id": "f873c426-c28c-4dfb-a5db-b98a3cc4ea33",
        "meta": {
          "profile": [
            "http://standardhealthrecord.org/fhir/StructureDefinition/shr-encounter-Encounter"
          ]
        },
        "status": "finished",
        "class": {
          "code": "outpatient"
        },
        "type": [
          {
            "coding": [
              {
                "system": "http://snomed.info/sct",
                "code": "185349003"
              }
            ],
            "text": "Outpatient Encounter"
          }
        ],
        "subject": {
          "reference": "urn:uuid:b9e07932-15d1-4254-b97b-6be7b4ced7c4"
        },
        "period": {
          "start": "2011-04-03T14:10:22-04:00",
          "end": "2011-04-03T15:10:22-04:00"
        },
        "serviceProvider": {
          "reference": "urn:uuid:94bec074-5c4b-440c-ba5e-409cd9a896a6"
        },
        "resourceType": "Encounter"
      }
    },
    {
      "fullUrl": "urn:uuid:3320bc9b-33ff-417b-b65e-c1939bd22f27",
      "resource": {
        "id": "3320bc9b-33ff-417b-b65e-c1939bd22f27",
        "status": "active",
        "use": "complete",
        "patient": {
          "reference": "urn:uuid:b9e07932-15d1-4254-b97b-6be7b4ced7c4"
        },
        "billablePeriod": {
          "start": "2011-04-03T14:10:22-04:00",
          "end": "2011-04-03T15:10:22-04:00"
        },
        "organization": {
          "reference": {
            "reference": "urn:uuid:94bec074-5c4b-440c-ba5e-409cd9a896a6"
          }
        },
        "procedure": [
          {
            "sequence": 1,
            "procedureReference": {
              "reference": "urn:uuid:41ac5081-8ce5-402f-a674-437466f0818f"
            }
          }
        ],
        "item": [
          {
            "sequence": 1,
            "net": {
              "value": 125.0,
              "system": "urn:iso:std:iso:4217",
              "code": "USD"
            },
            "encounter": [
              {
                "reference": {
                  "fullUrl": "urn:uuid:f873c426-c28c-4dfb-a5db-b98a3cc4ea33",
                  "resource": {
                    "id": "f873c426-c28c-4dfb-a5db-b98a3cc4ea33",
                    "meta": {
                      "profile": [
                        "http://standardhealthrecord.org/fhir/StructureDefinition/shr-encounter-Encounter"
                      ]
                    },
                    "status": "finished",
                    "class": {
                      "code": "outpatient"
                    },
                    "type": [
                      {
                        "coding": [
                          {
                            "system": "http://snomed.info/sct",
                            "code": "185349003"
                          }
                        ],
                        "text": "Outpatient Encounter"
                      }
                    ],
                    "subject": {
                      "reference": "urn:uuid:b9e07932-15d1-4254-b97b-6be7b4ced7c4"
                    },
                    "period": {
                      "start": "2011-04-03T14:10:22-04:00",
                      "end": "2011-04-03T15:10:22-04:00"
                    },
                    "serviceProvider": {
                      "reference": "urn:uuid:94bec074-5c4b-440c-ba5e-409cd9a896a6"
                    },
                    "resourceType": "Encounter"
                  }
                }
              }
            ]
          },
          {
            "sequence": 2,
            "procedureLinkId": [
              2
            ],
            "net": {
              "value": 1508.6649932999997,
              "system": "urn:iso:std:iso:4217",
              "code": "USD"
            }
          },
          {
            "sequence": 3,
            "category": {
              "coding": [
                {
                  "system": "http://hl7.org/fhir/sid/cvx",
                  "code": "140",
                  "display": "Influenza, seasonal, injectable, preservative free"
                }
              ],
              "text": "Influenza, seasonal, injectable, preservative free"
            },
            "net": {
              "value": 136.0,
              "system": "urn:iso:std:iso:4217",
              "code": "USD"
            }
          },
          {
            "sequence": 4,
            "category": {
              "coding": [
                {
                  "system": "http://hl7.org/fhir/sid/cvx",
                  "code": "113",
                  "display": "Td (adult) preservative free"
                }
              ],
              "text": "Td (adult) preservative free"
            },
            "net": {
              "value": 136.0,
              "system": "urn:iso:std:iso:4217",
              "code": "USD"
            }
          }
        ],
        "total": {
          "value": 1905.6649932999997,
          "system": "urn:iso:std:iso:4217",
          "code": "USD"
        },
        "resourceType": "Claim"
      }
    },
    {
      "fullUrl": "urn:uuid:6960c7e7-4d36-4100-9f0c-06d73a75c135",
      "resource": {
        "id": "6960c7e7-4d36-4100-9f0c-06d73a75c135",
        "meta": {
          "profile": [
            "http://standardhealthrecord.org/fhir/StructureDefinition/shr-observation-Observation",
            "http://standardhealthrecord.org/fhir/StructureDefinition/shr-vital-VitalSign",
            "http://standardhealthrecord.org/fhir/StructureDefinition/shr-vital-BodyHeight"
          ]
        },
        "status": "final",
        "category": [
          {
            "coding": [
              {
                "system": "http://hl7.org/fhir/observation-category",
                "code": "vital-signs"
              }
            ]
          }
        ],
        "code": {
          "coding": [
            {
              "system": "http://loinc.org",
              "code": "8302-2",
              "display": "Body Height"
            }
          ],
          "text": "Body Height"
        },
        "subject": {
          "reference": "urn:uuid:b9e07932-15d1-4254-b97b-6be7b4ced7c4"
        },
        "context": {
          "reference": "urn:uuid:f873c426-c28c-4dfb-a5db-b98a3cc4ea33"
        },
        "effectiveDateTime": "2011-04-03T14:10:22-04:00",
        "issued": "2011-04-03T14:10:22-04:00",
        "valueQuantity": {
          "value": 179.32431893668016,
          "unit": "cm",
          "system": "http://unitsofmeasure.org/",
          "code": "cm"
        },
        "resourceType": "Observation"
      }
    },
    {
      "fullUrl": "urn:uuid:c95505fe-b568-4dee-871c-63db9e617a91",
      "resource": {
        "id": "c95505fe-b568-4dee-871c-63db9e617a91",
        "meta": {
          "profile": [
            "http://standardhealthrecord.org/fhir/StructureDefinition/shr-observation-Observation",
            "http://standardhealthrecord.org/fhir/StructureDefinition/shr-vital-VitalSign",
            "http://standardhealthrecord.org/fhir/StructureDefinition/shr-vital-BodyWeight"
          ]
        },
        "status": "final",
        "category": [
          {
            "coding": [
              {
                "system": "http://hl7.org/fhir/observation-category",
                "code": "vital-signs"
              }
            ]
          }
        ],
        "code": {
          "coding": [
            {
              "system": "http://loinc.org",
              "code": "29463-7",
              "display": "Body Weight"
            }
          ],
          "text": "Body Weight"
        },
        "subject": {
          "reference": "urn:uuid:b9e07932-15d1-4254-b97b-6be7b4ced7c4"
        },
        "context": {
          "reference": "urn:uuid:f873c426-c28c-4dfb-a5db-b98a3cc4ea33"
        },
        "effectiveDateTime": "2011-04-03T14:10:22-04:00",
        "issued": "2011-04-03T14:10:22-04:00",
        "valueQuantity": {
          "value": 86.69586137483289,
          "unit": "kg",
          "system": "http://unitsofmeasure.org/",
          "code": "kg"
        },
        "resourceType": "Observation"
      }
    },
    {
      "fullUrl": "urn:uuid:d7b7e95a-753c-4f4e-90e4-2f81fe8b8946",
      "resource": {
        "id": "d7b7e95a-753c-4f4e-90e4-2f81fe8b8946",
        "meta": {
          "profile": [
            "http://standardhealthrecord.org/fhir/StructureDefinition/shr-observation-Observation",
            "http://standardhealthrecord.org/fhir/StructureDefinition/shr-vital-VitalSign",
            "http://standardhealthrecord.org/fhir/StructureDefinition/shr-vital-BodyMassIndex"
          ]
        },
        "status": "final",
        "category": [
          {
            "coding": [
              {
                "system": "http://hl7.org/fhir/observation-category",
                "code": "vital-signs"
              }
            ]
          }
        ],
        "code": {
          "coding": [
            {
              "system": "http://loinc.org",
              "code": "39156-5",
              "display": "Body Mass Index"
            }
          ],
          "text": "Body Mass Index"
        },
        "subject": {
          "reference": "urn:uuid:b9e07932-15d1-4254-b97b-6be7b4ced7c4"
        },
        "context": {
          "reference": "urn:uuid:f873c426-c28c-4dfb-a5db-b98a3cc4ea33"
        },
        "effectiveDateTime": "2011-04-03T14:10:22-04:00",
        "issued": "2011-04-03T14:10:22-04:00",
        "valueQuantity": {
          "value": 26.96000607720607,
          "unit": "kg/m2",
          "system": "http://unitsofmeasure.org/",
          "code": "kg/m2"
        },
        "resourceType": "Observation"
      }
    },
    {
      "fullUrl": "urn:uuid:7ac36472-9e3b-4755-913f-6085c8d23450",
      "resource": {
        "id": "7ac36472-9e3b-4755-913f-6085c8d23450",
        "meta": {
          "profile": [
            "http://standardhealthrecord.org/fhir/StructureDefinition/shr-observation-Observation",
            "http://standardhealthrecord.org/fhir/StructureDefinition/shr-vital-BloodPressure"
          ]
        },
        "status": "final",
        "category": [
          {
            "coding": [
              {
                "system": "http://hl7.org/fhir/observation-category",
                "code": "vital-signs"
              }
            ]
          }
        ],
        "code": {
          "coding": [
            {
              "system": "http://loinc.org",
              "code": "55284-4",
              "display": "Blood Pressure"
            }
          ]
        },
        "subject": {
          "reference": "urn:uuid:b9e07932-15d1-4254-b97b-6be7b4ced7c4"
        },
        "context": {
          "reference": "urn:uuid:f873c426-c28c-4dfb-a5db-b98a3cc4ea33"
        },
        "effectiveDateTime": "2011-04-03T14:10:22-04:00",
        "issued": "2011-04-03T14:10:22-04:00",
        "component": [
          {
            "code": {
              "coding": [
                {
                  "system": "http://loinc.org",
                  "code": "8480-6",
                  "display": "Systolic Blood Pressure"
                }
              ],
              "text": "Systolic Blood Pressure"
            },
            "valueQuantity": {
              "value": 120,
              "unit": "mmHg",
              "system": "http://unitsofmeasure.org/",
              "code": "mmHg"
            }
          },
          {
            "code": {
              "coding": [
                {
                  "system": "http://loinc.org",
                  "code": "8462-4",
                  "display": "Diastolic Blood Pressure"
                }
              ],
              "text": "Diastolic Blood Pressure"
            },
            "valueQuantity": {
              "value": 71,
              "unit": "mmHg",
              "system": "http://unitsofmeasure.org/",
              "code": "mmHg"
            }
          }
        ],
        "resourceType": "Observation"
      }
    },
    {
      "fullUrl": "urn:uuid:366374dd-621e-4d14-9a88-422388cdefa3",
      "resource": {
        "id": "366374dd-621e-4d14-9a88-422388cdefa3",
        "meta": {
          "profile": [
            "http://standardhealthrecord.org/fhir/StructureDefinition/shr-observation-Observation"
          ]
        },
        "status": "final",
        "category": [
          {
            "coding": [
              {
                "system": "http://hl7.org/fhir/observation-category",
                "code": "laboratory"
              }
            ]
          }
        ],
        "code": {
          "coding": [
            {
              "system": "http://loinc.org",
              "code": "2093-3",
              "display": "Total Cholesterol"
            }
          ],
          "text": "Total Cholesterol"
        },
        "subject": {
          "reference": "urn:uuid:b9e07932-15d1-4254-b97b-6be7b4ced7c4"
        },
        "context": {
          "reference": "urn:uuid:f873c426-c28c-4dfb-a5db-b98a3cc4ea33"
        },
        "effectiveDateTime": "2011-04-03T14:10:22-04:00",
        "issued": "2011-04-03T14:10:22-04:00",
        "valueQuantity": {
          "value": 174,
          "unit": "mg/dL",
          "system": "http://unitsofmeasure.org/",
          "code": "mg/dL"
        },
        "resourceType": "Observation"
      }
    },
    {
      "fullUrl": "urn:uuid:1920697f-b15c-40b1-963f-0ff4467cef01",
      "resource": {
        "id": "1920697f-b15c-40b1-963f-0ff4467cef01",
        "meta": {
          "profile": [
            "http://standardhealthrecord.org/fhir/StructureDefinition/shr-observation-Observation"
          ]
        },
        "status": "final",
        "category": [
          {
            "coding": [
              {
                "system": "http://hl7.org/fhir/observation-category",
                "code": "laboratory"
              }
            ]
          }
        ],
        "code": {
          "coding": [
            {
              "system": "http://loinc.org",
              "code": "2571-8",
              "display": "Triglycerides"
            }
          ],
          "text": "Triglycerides"
        },
        "subject": {
          "reference": "urn:uuid:b9e07932-15d1-4254-b97b-6be7b4ced7c4"
        },
        "context": {
          "reference": "urn:uuid:f873c426-c28c-4dfb-a5db-b98a3cc4ea33"
        },
        "effectiveDateTime": "2011-04-03T14:10:22-04:00",
        "issued": "2011-04-03T14:10:22-04:00",
        "valueQuantity": {
          "value": 112,
          "unit": "mg/dL",
          "system": "http://unitsofmeasure.org/",
          "code": "mg/dL"
        },
        "resourceType": "Observation"
      }
    },
    {
      "fullUrl": "urn:uuid:4a9c994c-bc74-4a99-bae8-5d8f53746fa7",
      "resource": {
        "id": "4a9c994c-bc74-4a99-bae8-5d8f53746fa7",
        "meta": {
          "profile": [
            "http://standardhealthrecord.org/fhir/StructureDefinition/shr-observation-Observation"
          ]
        },
        "status": "final",
        "category": [
          {
            "coding": [
              {
                "system": "http://hl7.org/fhir/observation-category",
                "code": "laboratory"
              }
            ]
          }
        ],
        "code": {
          "coding": [
            {
              "system": "http://loinc.org",
              "code": "18262-6",
              "display": "Low Density Lipoprotein Cholesterol"
            }
          ],
          "text": "Low Density Lipoprotein Cholesterol"
        },
        "subject": {
          "reference": "urn:uuid:b9e07932-15d1-4254-b97b-6be7b4ced7c4"
        },
        "context": {
          "reference": "urn:uuid:f873c426-c28c-4dfb-a5db-b98a3cc4ea33"
        },
        "effectiveDateTime": "2011-04-03T14:10:22-04:00",
        "issued": "2011-04-03T14:10:22-04:00",
        "valueQuantity": {
          "value": 78,
          "unit": "mg/dL",
          "system": "http://unitsofmeasure.org/",
          "code": "mg/dL"
        },
        "resourceType": "Observation"
      }
    },
    {
      "fullUrl": "urn:uuid:8a84da20-4289-4eb0-a04f-6868581b75ea",
      "resource": {
        "id": "8a84da20-4289-4eb0-a04f-6868581b75ea",
        "meta": {
          "profile": [
            "http://standardhealthrecord.org/fhir/StructureDefinition/shr-observation-Observation"
          ]
        },
        "status": "final",
        "category": [
          {
            "coding": [
              {
                "system": "http://hl7.org/fhir/observation-category",
                "code": "laboratory"
              }
            ]
          }
        ],
        "code": {
          "coding": [
            {
              "system": "http://loinc.org",
              "code": "2085-9",
              "display": "High Density Lipoprotein Cholesterol"
            }
          ],
          "text": "High Density Lipoprotein Cholesterol"
        },
        "subject": {
          "reference": "urn:uuid:b9e07932-15d1-4254-b97b-6be7b4ced7c4"
        },
        "context": {
          "reference": "urn:uuid:f873c426-c28c-4dfb-a5db-b98a3cc4ea33"
        },
        "effectiveDateTime": "2011-04-03T14:10:22-04:00",
        "issued": "2011-04-03T14:10:22-04:00",
        "valueQuantity": {
          "value": 73,
          "unit": "mg/dL",
          "system": "http://unitsofmeasure.org/",
          "code": "mg/dL"
        },
        "resourceType": "Observation"
      }
    },
    {
      "fullUrl": "urn:uuid:f28ca4a0-ca7a-4ad8-bad5-7776685e47ca",
      "resource": {
        "id": "f28ca4a0-ca7a-4ad8-bad5-7776685e47ca",
        "meta": {
          "profile": [
            "http://standardhealthrecord.org/fhir/StructureDefinition/shr-observation-Panel"
          ]
        },
        "status": "final",
        "code": {
          "coding": [
            {
              "system": "http://loinc.org",
              "code": "57698-3",
              "display": "Lipid Panel"
            }
          ]
        },
        "subject": {
          "reference": "urn:uuid:b9e07932-15d1-4254-b97b-6be7b4ced7c4"
        },
        "context": {
          "reference": "urn:uuid:f873c426-c28c-4dfb-a5db-b98a3cc4ea33"
        },
        "effectiveDateTime": "2011-04-03T14:10:22-04:00",
        "issued": "2011-04-03T14:10:22-04:00",
        "result": [
          {
            "reference": "urn:uuid:366374dd-621e-4d14-9a88-422388cdefa3",
            "display": "Total Cholesterol"
          },
          {
            "reference": "urn:uuid:1920697f-b15c-40b1-963f-0ff4467cef01",
            "display": "Triglycerides"
          },
          {
            "reference": "urn:uuid:4a9c994c-bc74-4a99-bae8-5d8f53746fa7",
            "display": "Low Density Lipoprotein Cholesterol"
          },
          {
            "reference": "urn:uuid:8a84da20-4289-4eb0-a04f-6868581b75ea",
            "display": "High Density Lipoprotein Cholesterol"
          }
        ],
        "resourceType": "DiagnosticReport"
      }
    },
    {
      "fullUrl": "urn:uuid:41ac5081-8ce5-402f-a674-437466f0818f",
      "resource": {
        "id": "41ac5081-8ce5-402f-a674-437466f0818f",
        "meta": {
          "profile": [
            "http://standardhealthrecord.org/fhir/StructureDefinition/shr-procedure-Procedure"
          ]
        },
        "extension": [
          {
            "url": "http://standardhealthrecord.org/fhir/StructureDefinition/shr-core-CodeableConcept-extension",
            "valueCodeableConcept": {
              "coding": [
                {
                  "system": "http://snomed.info/sct",
                  "code": "428191000124101",
                  "display": "Documentation of current medications"
                }
              ],
              "text": "Documentation of current medications"
            }
          }
        ],
        "status": "completed",
        "code": {
          "coding": [
            {
              "system": "http://snomed.info/sct",
              "code": "428191000124101",
              "display": "Documentation of current medications"
            }
          ],
          "text": "Documentation of current medications"
        },
        "subject": {
          "reference": "urn:uuid:b9e07932-15d1-4254-b97b-6be7b4ced7c4"
        },
        "context": {
          "reference": "urn:uuid:f873c426-c28c-4dfb-a5db-b98a3cc4ea33"
        },
        "performedDateTime": "2011-04-03T14:10:22-04:00",
        "resourceType": "Procedure"
      }
    },
    {
      "resource": {
        "meta": {
          "profile": [
            "http://standardhealthrecord.org/fhir/StructureDefinition/shr-immunization-Immunization"
          ]
        },
        "status": "completed",
        "notGiven": false,
        "vaccineCode": {
          "coding": [
            {
              "system": "http://hl7.org/fhir/sid/cvx",
              "code": "140",
              "display": "Influenza, seasonal, injectable, preservative free"
            }
          ],
          "text": "Influenza, seasonal, injectable, preservative free"
        },
        "patient": {
          "reference": "urn:uuid:b9e07932-15d1-4254-b97b-6be7b4ced7c4"
        },
        "encounter": {
          "reference": "urn:uuid:f873c426-c28c-4dfb-a5db-b98a3cc4ea33"
        },
        "date": "2011-04-03T14:10:22-04:00",
        "primarySource": true,
        "resourceType": "Immunization"
      }
    },
    {
      "resource": {
        "meta": {
          "profile": [
            "http://standardhealthrecord.org/fhir/StructureDefinition/shr-immunization-Immunization"
          ]
        },
        "status": "completed",
        "notGiven": false,
        "vaccineCode": {
          "coding": [
            {
              "system": "http://hl7.org/fhir/sid/cvx",
              "code": "113",
              "display": "Td (adult) preservative free"
            }
          ],
          "text": "Td (adult) preservative free"
        },
        "patient": {
          "reference": "urn:uuid:b9e07932-15d1-4254-b97b-6be7b4ced7c4"
        },
        "encounter": {
          "reference": "urn:uuid:f873c426-c28c-4dfb-a5db-b98a3cc4ea33"
        },
        "date": "2011-04-03T14:10:22-04:00",
        "primarySource": true,
        "resourceType": "Immunization"
      }
    },
    {
      "fullUrl": "urn:uuid:058ca768-7d16-4e60-ac7b-9cce5e3c6332",
      "resource": {
        "id": "058ca768-7d16-4e60-ac7b-9cce5e3c6332",
        "meta": {
          "profile": [
            "http://standardhealthrecord.org/fhir/StructureDefinition/shr-encounter-Encounter"
          ]
        },
        "status": "finished",
        "class": {
          "code": "ambulatory"
        },
        "type": [
          {
            "coding": [
              {
                "system": "http://snomed.info/sct",
                "code": "185345009"
              }
            ],
            "text": "Encounter for symptom"
          }
        ],
        "subject": {
          "reference": "urn:uuid:b9e07932-15d1-4254-b97b-6be7b4ced7c4"
        },
        "period": {
          "start": "2012-09-16T05:35:18-04:00",
          "end": "2012-09-16T05:35:18-04:00"
        },
        "reason": [
          {
            "coding": [
              {
                "system": "http://snomed.info/sct",
                "code": "444814009",
                "display": "Viral sinusitis (disorder)"
              }
            ]
          }
        ],
        "serviceProvider": {
          "reference": "urn:uuid:94bec074-5c4b-440c-ba5e-409cd9a896a6"
        },
        "resourceType": "Encounter"
      }
    },
    {
      "fullUrl": "urn:uuid:a3467e66-70cd-47b7-9046-520164375e4e",
      "resource": {
        "id": "a3467e66-70cd-47b7-9046-520164375e4e",
        "status": "active",
        "use": "complete",
        "patient": {
          "reference": "urn:uuid:b9e07932-15d1-4254-b97b-6be7b4ced7c4"
        },
        "billablePeriod": {
          "start": "2012-09-16T05:35:18-04:00",
          "end": "2012-09-16T05:35:18-04:00"
        },
        "organization": {
          "reference": {
            "reference": "urn:uuid:94bec074-5c4b-440c-ba5e-409cd9a896a6"
          }
        },
        "diagnosis": [
          {
            "sequence": 1,
            "diagnosisReference": {
              "reference": "urn:uuid:18d3225e-f9c2-4ad2-8a8c-fc4d0ea08ba6"
            }
          }
        ],
        "item": [
          {
            "sequence": 1,
            "net": {
              "value": 125.0,
              "system": "urn:iso:std:iso:4217",
              "code": "USD"
            },
            "encounter": [
              {
                "reference": {
                  "fullUrl": "urn:uuid:058ca768-7d16-4e60-ac7b-9cce5e3c6332",
                  "resource": {
                    "id": "058ca768-7d16-4e60-ac7b-9cce5e3c6332",
                    "meta": {
                      "profile": [
                        "http://standardhealthrecord.org/fhir/StructureDefinition/shr-encounter-Encounter"
                      ]
                    },
                    "status": "finished",
                    "class": {
                      "code": "ambulatory"
                    },
                    "type": [
                      {
                        "coding": [
                          {
                            "system": "http://snomed.info/sct",
                            "code": "185345009"
                          }
                        ],
                        "text": "Encounter for symptom"
                      }
                    ],
                    "subject": {
                      "reference": "urn:uuid:b9e07932-15d1-4254-b97b-6be7b4ced7c4"
                    },
                    "period": {
                      "start": "2012-09-16T05:35:18-04:00",
                      "end": "2012-09-16T05:35:18-04:00"
                    },
                    "reason": [
                      {
                        "coding": [
                          {
                            "system": "http://snomed.info/sct",
                            "code": "444814009",
                            "display": "Viral sinusitis (disorder)"
                          }
                        ]
                      }
                    ],
                    "serviceProvider": {
                      "reference": "urn:uuid:94bec074-5c4b-440c-ba5e-409cd9a896a6"
                    },
                    "resourceType": "Encounter"
                  }
                }
              }
            ]
          },
          {
            "sequence": 2,
            "diagnosisLinkId": [
              1
            ],
            "net": {
              "value": 0.0,
              "system": "urn:iso:std:iso:4217",
              "code": "USD"
            }
          }
        ],
        "total": {
          "value": 125.0,
          "system": "urn:iso:std:iso:4217",
          "code": "USD"
        },
        "resourceType": "Claim"
      }
    },
    {
      "fullUrl": "urn:uuid:18d3225e-f9c2-4ad2-8a8c-fc4d0ea08ba6",
      "resource": {
        "id": "18d3225e-f9c2-4ad2-8a8c-fc4d0ea08ba6",
        "meta": {
          "profile": [
            "http://standardhealthrecord.org/fhir/StructureDefinition/shr-problem-Problem"
          ]
        },
        "clinicalStatus": "resolved",
        "verificationStatus": "confirmed",
        "code": {
          "coding": [
            {
              "system": "http://snomed.info/sct",
              "code": "444814009",
              "display": "Viral sinusitis (disorder)"
            }
          ],
          "text": "Viral sinusitis (disorder)"
        },
        "subject": {
          "reference": "urn:uuid:b9e07932-15d1-4254-b97b-6be7b4ced7c4"
        },
        "context": {
          "reference": "urn:uuid:058ca768-7d16-4e60-ac7b-9cce5e3c6332"
        },
        "onsetDateTime": "2012-09-10T17:45:47-04:00",
        "abatementDateTime": "2012-10-11T12:07:35-04:00",
        "assertedDate": "2012-09-10",
        "resourceType": "Condition"
      }
    },
    {
      "fullUrl": "urn:uuid:f357dab8-f9e5-44f0-85d4-a4900c51a3c6",
      "resource": {
        "id": "f357dab8-f9e5-44f0-85d4-a4900c51a3c6",
        "meta": {
          "profile": [
            "http://standardhealthrecord.org/fhir/StructureDefinition/shr-encounter-Encounter"
          ]
        },
        "status": "finished",
        "class": {
          "code": "outpatient"
        },
        "type": [
          {
            "coding": [
              {
                "system": "http://snomed.info/sct",
                "code": "185349003"
              }
            ],
            "text": "Outpatient Encounter"
          }
        ],
        "subject": {
          "reference": "urn:uuid:b9e07932-15d1-4254-b97b-6be7b4ced7c4"
        },
        "period": {
          "start": "2014-07-06T03:13:35-04:00",
          "end": "2014-07-06T04:13:35-04:00"
        },
        "serviceProvider": {
          "reference": "urn:uuid:94bec074-5c4b-440c-ba5e-409cd9a896a6"
        },
        "resourceType": "Encounter"
      }
    },
    {
      "fullUrl": "urn:uuid:d4316f06-ee0e-45f5-afce-b38a141bcea5",
      "resource": {
        "id": "d4316f06-ee0e-45f5-afce-b38a141bcea5",
        "status": "active",
        "use": "complete",
        "patient": {
          "reference": "urn:uuid:b9e07932-15d1-4254-b97b-6be7b4ced7c4"
        },
        "billablePeriod": {
          "start": "2014-07-06T03:13:35-04:00",
          "end": "2014-07-06T04:13:35-04:00"
        },
        "organization": {
          "reference": {
            "reference": "urn:uuid:94bec074-5c4b-440c-ba5e-409cd9a896a6"
          }
        },
        "item": [
          {
            "sequence": 1,
            "net": {
              "value": 125.0,
              "system": "urn:iso:std:iso:4217",
              "code": "USD"
            },
            "encounter": [
              {
                "reference": {
                  "fullUrl": "urn:uuid:f357dab8-f9e5-44f0-85d4-a4900c51a3c6",
                  "resource": {
                    "id": "f357dab8-f9e5-44f0-85d4-a4900c51a3c6",
                    "meta": {
                      "profile": [
                        "http://standardhealthrecord.org/fhir/StructureDefinition/shr-encounter-Encounter"
                      ]
                    },
                    "status": "finished",
                    "class": {
                      "code": "outpatient"
                    },
                    "type": [
                      {
                        "coding": [
                          {
                            "system": "http://snomed.info/sct",
                            "code": "185349003"
                          }
                        ],
                        "text": "Outpatient Encounter"
                      }
                    ],
                    "subject": {
                      "reference": "urn:uuid:b9e07932-15d1-4254-b97b-6be7b4ced7c4"
                    },
                    "period": {
                      "start": "2014-07-06T03:13:35-04:00",
                      "end": "2014-07-06T04:13:35-04:00"
                    },
                    "serviceProvider": {
                      "reference": "urn:uuid:94bec074-5c4b-440c-ba5e-409cd9a896a6"
                    },
                    "resourceType": "Encounter"
                  }
                }
              }
            ]
          },
          {
            "sequence": 2,
            "category": {
              "coding": [
                {
                  "system": "http://hl7.org/fhir/sid/cvx",
                  "code": "140",
                  "display": "Influenza, seasonal, injectable, preservative free"
                }
              ],
              "text": "Influenza, seasonal, injectable, preservative free"
            },
            "net": {
              "value": 136.0,
              "system": "urn:iso:std:iso:4217",
              "code": "USD"
            }
          }
        ],
        "total": {
          "value": 261.0,
          "system": "urn:iso:std:iso:4217",
          "code": "USD"
        },
        "resourceType": "Claim"
      }
    },
    {
      "fullUrl": "urn:uuid:738ad696-31dc-41d5-bace-b9c18e3555c2",
      "resource": {
        "id": "738ad696-31dc-41d5-bace-b9c18e3555c2",
        "meta": {
          "profile": [
            "http://standardhealthrecord.org/fhir/StructureDefinition/shr-observation-Observation",
            "http://standardhealthrecord.org/fhir/StructureDefinition/shr-vital-VitalSign",
            "http://standardhealthrecord.org/fhir/StructureDefinition/shr-vital-BodyHeight"
          ]
        },
        "status": "final",
        "category": [
          {
            "coding": [
              {
                "system": "http://hl7.org/fhir/observation-category",
                "code": "vital-signs"
              }
            ]
          }
        ],
        "code": {
          "coding": [
            {
              "system": "http://loinc.org",
              "code": "8302-2",
              "display": "Body Height"
            }
          ],
          "text": "Body Height"
        },
        "subject": {
          "reference": "urn:uuid:b9e07932-15d1-4254-b97b-6be7b4ced7c4"
        },
        "context": {
          "reference": "urn:uuid:f357dab8-f9e5-44f0-85d4-a4900c51a3c6"
        },
        "effectiveDateTime": "2014-07-06T03:13:35-04:00",
        "issued": "2014-07-06T03:13:35-04:00",
        "valueQuantity": {
          "value": 179.32431893668016,
          "unit": "cm",
          "system": "http://unitsofmeasure.org/",
          "code": "cm"
        },
        "resourceType": "Observation"
      }
    },
    {
      "fullUrl": "urn:uuid:4274eb17-3df0-4402-b23a-514ca201dbf6",
      "resource": {
        "id": "4274eb17-3df0-4402-b23a-514ca201dbf6",
        "meta": {
          "profile": [
            "http://standardhealthrecord.org/fhir/StructureDefinition/shr-observation-Observation",
            "http://standardhealthrecord.org/fhir/StructureDefinition/shr-vital-VitalSign",
            "http://standardhealthrecord.org/fhir/StructureDefinition/shr-vital-BodyWeight"
          ]
        },
        "status": "final",
        "category": [
          {
            "coding": [
              {
                "system": "http://hl7.org/fhir/observation-category",
                "code": "vital-signs"
              }
            ]
          }
        ],
        "code": {
          "coding": [
            {
              "system": "http://loinc.org",
              "code": "29463-7",
              "display": "Body Weight"
            }
          ],
          "text": "Body Weight"
        },
        "subject": {
          "reference": "urn:uuid:b9e07932-15d1-4254-b97b-6be7b4ced7c4"
        },
        "context": {
          "reference": "urn:uuid:f357dab8-f9e5-44f0-85d4-a4900c51a3c6"
        },
        "effectiveDateTime": "2014-07-06T03:13:35-04:00",
        "issued": "2014-07-06T03:13:35-04:00",
        "valueQuantity": {
          "value": 92.76601976057727,
          "unit": "kg",
          "system": "http://unitsofmeasure.org/",
          "code": "kg"
        },
        "resourceType": "Observation"
      }
    },
    {
      "fullUrl": "urn:uuid:23a3c6c2-4d5a-4611-9c73-4d55c8a16b37",
      "resource": {
        "id": "23a3c6c2-4d5a-4611-9c73-4d55c8a16b37",
        "meta": {
          "profile": [
            "http://standardhealthrecord.org/fhir/StructureDefinition/shr-observation-Observation",
            "http://standardhealthrecord.org/fhir/StructureDefinition/shr-vital-VitalSign",
            "http://standardhealthrecord.org/fhir/StructureDefinition/shr-vital-BodyMassIndex"
          ]
        },
        "status": "final",
        "category": [
          {
            "coding": [
              {
                "system": "http://hl7.org/fhir/observation-category",
                "code": "vital-signs"
              }
            ]
          }
        ],
        "code": {
          "coding": [
            {
              "system": "http://loinc.org",
              "code": "39156-5",
              "display": "Body Mass Index"
            }
          ],
          "text": "Body Mass Index"
        },
        "subject": {
          "reference": "urn:uuid:b9e07932-15d1-4254-b97b-6be7b4ced7c4"
        },
        "context": {
          "reference": "urn:uuid:f357dab8-f9e5-44f0-85d4-a4900c51a3c6"
        },
        "effectiveDateTime": "2014-07-06T03:13:35-04:00",
        "issued": "2014-07-06T03:13:35-04:00",
        "valueQuantity": {
          "value": 28.847656818245696,
          "unit": "kg/m2",
          "system": "http://unitsofmeasure.org/",
          "code": "kg/m2"
        },
        "resourceType": "Observation"
      }
    },
    {
      "fullUrl": "urn:uuid:eb45b4ea-9338-448e-b010-b8972393a4d5",
      "resource": {
        "id": "eb45b4ea-9338-448e-b010-b8972393a4d5",
        "meta": {
          "profile": [
            "http://standardhealthrecord.org/fhir/StructureDefinition/shr-observation-Observation",
            "http://standardhealthrecord.org/fhir/StructureDefinition/shr-vital-BloodPressure"
          ]
        },
        "status": "final",
        "category": [
          {
            "coding": [
              {
                "system": "http://hl7.org/fhir/observation-category",
                "code": "vital-signs"
              }
            ]
          }
        ],
        "code": {
          "coding": [
            {
              "system": "http://loinc.org",
              "code": "55284-4",
              "display": "Blood Pressure"
            }
          ]
        },
        "subject": {
          "reference": "urn:uuid:b9e07932-15d1-4254-b97b-6be7b4ced7c4"
        },
        "context": {
          "reference": "urn:uuid:f357dab8-f9e5-44f0-85d4-a4900c51a3c6"
        },
        "effectiveDateTime": "2014-07-06T03:13:35-04:00",
        "issued": "2014-07-06T03:13:35-04:00",
        "component": [
          {
            "code": {
              "coding": [
                {
                  "system": "http://loinc.org",
                  "code": "8480-6",
                  "display": "Systolic Blood Pressure"
                }
              ],
              "text": "Systolic Blood Pressure"
            },
            "valueQuantity": {
              "value": 131,
              "unit": "mmHg",
              "system": "http://unitsofmeasure.org/",
              "code": "mmHg"
            }
          },
          {
            "code": {
              "coding": [
                {
                  "system": "http://loinc.org",
                  "code": "8462-4",
                  "display": "Diastolic Blood Pressure"
                }
              ],
              "text": "Diastolic Blood Pressure"
            },
            "valueQuantity": {
              "value": 72,
              "unit": "mmHg",
              "system": "http://unitsofmeasure.org/",
              "code": "mmHg"
            }
          }
        ],
        "resourceType": "Observation"
      }
    },
    {
      "fullUrl": "urn:uuid:56d82fc7-2894-49d0-932b-4cd091859c0d",
      "resource": {
        "id": "56d82fc7-2894-49d0-932b-4cd091859c0d",
        "meta": {
          "profile": [
            "http://standardhealthrecord.org/fhir/StructureDefinition/shr-observation-Observation"
          ]
        },
        "status": "final",
        "category": [
          {
            "coding": [
              {
                "system": "http://hl7.org/fhir/observation-category",
                "code": "laboratory"
              }
            ]
          }
        ],
        "code": {
          "coding": [
            {
              "system": "http://loinc.org",
              "code": "2093-3",
              "display": "Total Cholesterol"
            }
          ],
          "text": "Total Cholesterol"
        },
        "subject": {
          "reference": "urn:uuid:b9e07932-15d1-4254-b97b-6be7b4ced7c4"
        },
        "context": {
          "reference": "urn:uuid:f357dab8-f9e5-44f0-85d4-a4900c51a3c6"
        },
        "effectiveDateTime": "2014-07-06T03:13:35-04:00",
        "issued": "2014-07-06T03:13:35-04:00",
        "valueQuantity": {
          "value": 188,
          "unit": "mg/dL",
          "system": "http://unitsofmeasure.org/",
          "code": "mg/dL"
        },
        "resourceType": "Observation"
      }
    },
    {
      "fullUrl": "urn:uuid:f08449b0-6975-43a5-810c-e0727c135bbf",
      "resource": {
        "id": "f08449b0-6975-43a5-810c-e0727c135bbf",
        "meta": {
          "profile": [
            "http://standardhealthrecord.org/fhir/StructureDefinition/shr-observation-Observation"
          ]
        },
        "status": "final",
        "category": [
          {
            "coding": [
              {
                "system": "http://hl7.org/fhir/observation-category",
                "code": "laboratory"
              }
            ]
          }
        ],
        "code": {
          "coding": [
            {
              "system": "http://loinc.org",
              "code": "2571-8",
              "display": "Triglycerides"
            }
          ],
          "text": "Triglycerides"
        },
        "subject": {
          "reference": "urn:uuid:b9e07932-15d1-4254-b97b-6be7b4ced7c4"
        },
        "context": {
          "reference": "urn:uuid:f357dab8-f9e5-44f0-85d4-a4900c51a3c6"
        },
        "effectiveDateTime": "2014-07-06T03:13:35-04:00",
        "issued": "2014-07-06T03:13:35-04:00",
        "valueQuantity": {
          "value": 111,
          "unit": "mg/dL",
          "system": "http://unitsofmeasure.org/",
          "code": "mg/dL"
        },
        "resourceType": "Observation"
      }
    },
    {
      "fullUrl": "urn:uuid:e4dfff54-8081-4db5-86e0-8212d4db1991",
      "resource": {
        "id": "e4dfff54-8081-4db5-86e0-8212d4db1991",
        "meta": {
          "profile": [
            "http://standardhealthrecord.org/fhir/StructureDefinition/shr-observation-Observation"
          ]
        },
        "status": "final",
        "category": [
          {
            "coding": [
              {
                "system": "http://hl7.org/fhir/observation-category",
                "code": "laboratory"
              }
            ]
          }
        ],
        "code": {
          "coding": [
            {
              "system": "http://loinc.org",
              "code": "18262-6",
              "display": "Low Density Lipoprotein Cholesterol"
            }
          ],
          "text": "Low Density Lipoprotein Cholesterol"
        },
        "subject": {
          "reference": "urn:uuid:b9e07932-15d1-4254-b97b-6be7b4ced7c4"
        },
        "context": {
          "reference": "urn:uuid:f357dab8-f9e5-44f0-85d4-a4900c51a3c6"
        },
        "effectiveDateTime": "2014-07-06T03:13:35-04:00",
        "issued": "2014-07-06T03:13:35-04:00",
        "valueQuantity": {
          "value": 94,
          "unit": "mg/dL",
          "system": "http://unitsofmeasure.org/",
          "code": "mg/dL"
        },
        "resourceType": "Observation"
      }
    },
    {
      "fullUrl": "urn:uuid:56c4f28d-6b1f-4b3c-83cc-b17e2603d418",
      "resource": {
        "id": "56c4f28d-6b1f-4b3c-83cc-b17e2603d418",
        "meta": {
          "profile": [
            "http://standardhealthrecord.org/fhir/StructureDefinition/shr-observation-Observation"
          ]
        },
        "status": "final",
        "category": [
          {
            "coding": [
              {
                "system": "http://hl7.org/fhir/observation-category",
                "code": "laboratory"
              }
            ]
          }
        ],
        "code": {
          "coding": [
            {
              "system": "http://loinc.org",
              "code": "2085-9",
              "display": "High Density Lipoprotein Cholesterol"
            }
          ],
          "text": "High Density Lipoprotein Cholesterol"
        },
        "subject": {
          "reference": "urn:uuid:b9e07932-15d1-4254-b97b-6be7b4ced7c4"
        },
        "context": {
          "reference": "urn:uuid:f357dab8-f9e5-44f0-85d4-a4900c51a3c6"
        },
        "effectiveDateTime": "2014-07-06T03:13:35-04:00",
        "issued": "2014-07-06T03:13:35-04:00",
        "valueQuantity": {
          "value": 71,
          "unit": "mg/dL",
          "system": "http://unitsofmeasure.org/",
          "code": "mg/dL"
        },
        "resourceType": "Observation"
      }
    },
    {
      "fullUrl": "urn:uuid:6bdde824-943b-4511-ab99-305b562e2c72",
      "resource": {
        "id": "6bdde824-943b-4511-ab99-305b562e2c72",
        "meta": {
          "profile": [
            "http://standardhealthrecord.org/fhir/StructureDefinition/shr-observation-Panel"
          ]
        },
        "status": "final",
        "code": {
          "coding": [
            {
              "system": "http://loinc.org",
              "code": "57698-3",
              "display": "Lipid Panel"
            }
          ]
        },
        "subject": {
          "reference": "urn:uuid:b9e07932-15d1-4254-b97b-6be7b4ced7c4"
        },
        "context": {
          "reference": "urn:uuid:f357dab8-f9e5-44f0-85d4-a4900c51a3c6"
        },
        "effectiveDateTime": "2014-07-06T03:13:35-04:00",
        "issued": "2014-07-06T03:13:35-04:00",
        "result": [
          {
            "reference": "urn:uuid:56d82fc7-2894-49d0-932b-4cd091859c0d",
            "display": "Total Cholesterol"
          },
          {
            "reference": "urn:uuid:f08449b0-6975-43a5-810c-e0727c135bbf",
            "display": "Triglycerides"
          },
          {
            "reference": "urn:uuid:e4dfff54-8081-4db5-86e0-8212d4db1991",
            "display": "Low Density Lipoprotein Cholesterol"
          },
          {
            "reference": "urn:uuid:56c4f28d-6b1f-4b3c-83cc-b17e2603d418",
            "display": "High Density Lipoprotein Cholesterol"
          }
        ],
        "resourceType": "DiagnosticReport"
      }
    },
    {
      "resource": {
        "meta": {
          "profile": [
            "http://standardhealthrecord.org/fhir/StructureDefinition/shr-immunization-Immunization"
          ]
        },
        "status": "completed",
        "notGiven": false,
        "vaccineCode": {
          "coding": [
            {
              "system": "http://hl7.org/fhir/sid/cvx",
              "code": "140",
              "display": "Influenza, seasonal, injectable, preservative free"
            }
          ],
          "text": "Influenza, seasonal, injectable, preservative free"
        },
        "patient": {
          "reference": "urn:uuid:b9e07932-15d1-4254-b97b-6be7b4ced7c4"
        },
        "encounter": {
          "reference": "urn:uuid:f357dab8-f9e5-44f0-85d4-a4900c51a3c6"
        },
        "date": "2014-07-06T03:13:35-04:00",
        "primarySource": true,
        "resourceType": "Immunization"
      }
    },
    {
      "fullUrl": "urn:uuid:e70f4f5d-b14a-40b2-9f84-9e18d360be56",
      "resource": {
        "id": "e70f4f5d-b14a-40b2-9f84-9e18d360be56",
        "meta": {
          "profile": [
            "http://standardhealthrecord.org/fhir/StructureDefinition/shr-observation-Observation"
          ]
        },
        "status": "final",
        "category": [
          {
            "coding": [
              {
                "system": "http://hl7.org/fhir/observation-category",
                "code": "survey"
              }
            ]
          }
        ],
        "code": {
          "coding": [
            {
              "system": "http://snomed.info/sct",
              "code": "273724008",
              "display": "Quality adjusted life years"
            }
          ],
          "text": "Quality adjusted life years"
        },
        "subject": {
          "reference": "urn:uuid:b9e07932-15d1-4254-b97b-6be7b4ced7c4"
        },
        "effectiveDateTime": "2017-10-31T16:09:28-04:00",
        "issued": "2017-10-31T16:09:28-04:00",
        "valueQuantity": {
          "value": 37.991108874909386,
          "unit": "years",
          "system": "http://unitsofmeasure.org/",
          "code": "years"
        },
        "resourceType": "Observation"
      }
    },
    {
      "fullUrl": "urn:uuid:7eae385f-39a5-4288-873d-45f8556fb631",
      "resource": {
        "id": "7eae385f-39a5-4288-873d-45f8556fb631",
        "meta": {
          "profile": [
            "http://standardhealthrecord.org/fhir/StructureDefinition/shr-observation-Observation"
          ]
        },
        "status": "final",
        "category": [
          {
            "coding": [
              {
                "system": "http://hl7.org/fhir/observation-category",
                "code": "survey"
              }
            ]
          }
        ],
        "code": {
          "coding": [
            {
              "system": "http://snomed.info/sct",
              "code": "273421001",
              "display": "Disability rating scale"
            }
          ],
          "text": "Disability rating scale"
        },
        "subject": {
          "reference": "urn:uuid:b9e07932-15d1-4254-b97b-6be7b4ced7c4"
        },
        "effectiveDateTime": "2017-10-31T16:09:28-04:00",
        "issued": "2017-10-31T16:09:28-04:00",
        "valueQuantity": {
          "value": 0.00889112509061672,
          "unit": "years",
          "system": "http://unitsofmeasure.org/",
          "code": "years"
        },
        "resourceType": "Observation"
      }
    }
  ],
  "resourceType": "Bundle"
}