{
  "type": "collection",
  "entry": [
    {
      "fullUrl": "urn:uuid:a8de2bf7-df00-4933-813c-8418f5a42a66",
      "resource": {
        "id": "a8de2bf7-df00-4933-813c-8418f5a42a66",
        "meta": {
          "profile": [
            "http://standardhealthrecord.org/fhir/StructureDefinition/shr-actor-Organization"
          ]
        },
        "type": [
          {
            "coding": [
              {
                "system": "http://hl7.org/fhir/organization-type",
                "code": "prov",
                "display": "Healthcare Provider"
              }
            ],
            "text": "Healthcare Provider"
          }
        ],
        "name": "NORTH SHORE MED CTR/UNION HOSPITAL",
        "resourceType": "Organization"
      }
    },
    {
      "fullUrl": "urn:uuid:69d4d1d8-f7fc-4686-8bc8-ace676459686",
      "resource": {
        "id": "69d4d1d8-f7fc-4686-8bc8-ace676459686",
        "meta": {
          "profile": [
            "http://standardhealthrecord.org/fhir/StructureDefinition/shr-demographics-PersonOfRecord"
          ]
        },
        "text": {
          "status": "generated",
          "div": "<div xmlns=\"http://www.w3.org/1999/xhtml\">Generated by <a href=\"https://github.com/synthetichealth/synthea\">Synthea</a>. Version identifier: 368ac389f34cd3ce3986aa3a0a08e467bf574db3</div>"
        },
        "extension": [
          {
            "url": "http://hl7.org/fhir/us/core/StructureDefinition/us-core-race",
            "valueCodeableConcept": {
              "coding": [
                {
                  "system": "http://hl7.org/fhir/v3/Race",
                  "code": "2106-3",
                  "display": "White"
                }
              ],
              "text": "race"
            }
          },
          {
            "url": "http://hl7.org/fhir/us/core/StructureDefinition/us-core-ethnicity",
            "valueCodeableConcept": {
              "coding": [
                {
                  "system": "http://hl7.org/fhir/v3/Ethnicity",
                  "code": "2186-5",
                  "display": "Nonhispanic"
                }
              ],
              "text": "ethnicity"
            }
          },
          {
            "url": "http://hl7.org/fhir/StructureDefinition/birthPlace",
            "valueAddress": {
              "city": "Plymouth",
              "state": "MA",
              "country": "US"
            }
          },
          {
            "url": "http://hl7.org/fhir/StructureDefinition/patient-mothersMaidenName",
            "valueString": "Delcie661 Hudson374"
          },
          {
            "url": "http://hl7.org/fhir/us/core/StructureDefinition/us-core-birthsex",
            "valueCode": "M"
          },
          {
            "url": "http://hl7.org/fhir/StructureDefinition/patient-interpreterRequired",
            "valueBoolean": false
          },
          {
            "url": "http://standardhealthrecord.org/fhir/StructureDefinition/shr-actor-FictionalPerson-extension",
            "valueBoolean": true
          },
          {
            "url": "http://standardhealthrecord.org/fhir/StructureDefinition/shr-demographics-FathersName-extension",
            "valueHumanName": {
              "text": "Shawn183 Cole124"
            }
          },
          {
            "url": "http://standardhealthrecord.org/fhir/StructureDefinition/shr-demographics-SocialSecurityNumber-extension",
            "valueString": "999-54-3685"
          }
        ],
        "identifier": [
          {
            "system": "https://github.com/synthetichealth/synthea",
            "value": "f0571e28-8d2c-4764-976a-37d4f7b92135"
          },
          {
            "type": {
              "coding": [
                {
                  "system": "http://hl7.org/fhir/identifier-type",
                  "code": "SB"
                }
              ]
            },
            "system": "http://hl7.org/fhir/sid/us-ssn",
            "value": "999543685"
          },
          {
            "type": {
              "coding": [
                {
                  "system": "http://hl7.org/fhir/v2/0203",
                  "code": "DL"
                }
              ]
            },
            "system": "urn:oid:2.16.840.1.113883.4.3.25",
            "value": "S99937923"
          },
          {
            "type": {
              "coding": [
                {
                  "system": "http://hl7.org/fhir/v2/0203",
                  "code": "MR"
                }
              ]
            },
            "system": "http://hospital.smarthealthit.org",
            "value": "f0571e28-8d2c-4764-976a-37d4f7b92135"
          }
        ],
        "name": [
          {
            "use": "official",
            "family": "Cole124",
            "given": [
              "Eusebio150"
            ],
            "prefix": [
              "Mr."
            ]
          }
        ],
        "telecom": [
          {
            "system": "phone",
            "value": "(381) 251-2458 x85483",
            "use": "home"
          }
        ],
        "gender": "male",
        "birthDate": "1922-10-10",
        "deceasedDateTime": "1999-12-07T04:48:01-05:00",
        "address": [
          {
            "extension": [
              {
                "extension": [
                  {
                    "url": "latitude",
                    "valueDecimal": 42.489975057302814
                  },
                  {
                    "url": "longitude",
                    "valueDecimal": -70.99720357124465
                  }
                ],
                "url": "http://hl7.org/fhir/StructureDefinition/geolocation"
              }
            ],
            "line": [
              "352 Van Tunnel",
              "Suite 583"
            ],
            "city": "Lynn",
            "state": "MA",
            "postalCode": "01904",
            "country": "US"
          }
        ],
        "maritalStatus": {
          "coding": [
            {
              "system": "http://hl7.org/fhir/v3/MaritalStatus",
              "code": "S"
            }
          ],
          "text": "S"
        },
        "multipleBirthBoolean": false,
        "communication": [
          {
            "language": {
              "coding": [
                {
                  "system": "http://hl7.org/fhir/ValueSet/languages",
                  "code": "en-US",
                  "display": "English (United States)"
                }
              ]
            }
          }
        ],
        "generalPractitioner": [
          {
            "reference": "urn:uuid:a8de2bf7-df00-4933-813c-8418f5a42a66"
          }
        ],
        "resourceType": "Patient"
      }
    },
    {
      "fullUrl": "urn:uuid:2990c73a-80a5-48ac-a5db-c523f21d422c",
      "resource": {
        "id": "2990c73a-80a5-48ac-a5db-c523f21d422c",
        "meta": {
          "profile": [
            "http://standardhealthrecord.org/fhir/StructureDefinition/shr-encounter-Encounter"
          ]
        },
        "status": "finished",
        "class": {
          "code": "ambulatory"
        },
        "type": [
          {
            "coding": [
              {
                "system": "http://snomed.info/sct",
                "code": "308646001"
              }
            ],
            "text": "Death Certification"
          }
        ],
        "subject": {
          "reference": "urn:uuid:69d4d1d8-f7fc-4686-8bc8-ace676459686"
        },
        "period": {
          "start": "1999-12-07T04:48:01-05:00",
          "end": "1999-12-07T05:03:01-05:00"
        },
        "serviceProvider": {
          "reference": "urn:uuid:a8de2bf7-df00-4933-813c-8418f5a42a66"
        },
        "resourceType": "Encounter"
      }
    },
    {
      "fullUrl": "urn:uuid:1de3b1c4-07c3-4af4-8cc9-569f97bd00f5",
      "resource": {
        "id": "1de3b1c4-07c3-4af4-8cc9-569f97bd00f5",
        "status": "active",
        "use": "complete",
        "patient": {
          "reference": "urn:uuid:69d4d1d8-f7fc-4686-8bc8-ace676459686"
        },
        "billablePeriod": {
          "start": "1999-12-07T04:48:01-05:00",
          "end": "1999-12-07T05:03:01-05:00"
        },
        "organization": {
          "reference": {
            "reference": "urn:uuid:a8de2bf7-df00-4933-813c-8418f5a42a66"
          }
        },
        "diagnosis": [
          {
            "sequence": 1,
            "diagnosisReference": {
              "reference": "urn:uuid:8425f893-c012-47ef-9f46-766135a0b418"
            }
          }
        ],
        "item": [
          {
            "sequence": 1,
            "net": {
              "value": 125.0,
              "system": "urn:iso:std:iso:4217",
              "code": "USD"
            },
            "encounter": [
              {
                "reference": {
                  "fullUrl": "urn:uuid:2990c73a-80a5-48ac-a5db-c523f21d422c",
                  "resource": {
                    "id": "2990c73a-80a5-48ac-a5db-c523f21d422c",
                    "meta": {
                      "profile": [
                        "http://standardhealthrecord.org/fhir/StructureDefinition/shr-encounter-Encounter"
                      ]
                    },
                    "status": "finished",
                    "class": {
                      "code": "ambulatory"
                    },
                    "type": [
                      {
                        "coding": [
                          {
                            "system": "http://snomed.info/sct",
                            "code": "308646001"
                          }
                        ],
                        "text": "Death Certification"
                      }
                    ],
                    "subject": {
                      "reference": "urn:uuid:69d4d1d8-f7fc-4686-8bc8-ace676459686"
                    },
                    "period": {
                      "start": "1999-12-07T04:48:01-05:00",
                      "end": "1999-12-07T05:03:01-05:00"
                    },
                    "serviceProvider": {
                      "reference": "urn:uuid:a8de2bf7-df00-4933-813c-8418f5a42a66"
                    },
                    "resourceType": "Encounter"
                  }
                }
              }
            ]
          },
          {
            "sequence": 2,
            "diagnosisLinkId": [
              1
            ],
            "net": {
              "value": 0.0,
              "system": "urn:iso:std:iso:4217",
              "code": "USD"
            }
          }
        ],
        "total": {
          "value": 125.0,
          "system": "urn:iso:std:iso:4217",
          "code": "USD"
        },
        "resourceType": "Claim"
      }
    },
    {
      "resource": {
        "meta": {
          "profile": [
            "http://standardhealthrecord.org/fhir/StructureDefinition/shr-allergy-AllergyIntolerance"
          ]
        },
        "modifierExtension": [
          {
            "extension": [
              {
                "url": "http://standardhealthrecord.org/fhir/StructureDefinition/primitive-boolean-extension",
                "valueBoolean": false
              }
            ],
            "url": "http://standardhealthrecord.org/fhir/StructureDefinition/shr-base-NonOccurrenceModifier-extension"
          }
        ],
        "clinicalStatus": "active",
        "verificationStatus": "confirmed",
        "type": "allergy",
        "category": [
          "food"
        ],
        "criticality": "low",
        "code": {
          "coding": [
            {
              "system": "http://snomed.info/sct",
              "code": "300913006",
              "display": "Shellfish allergy"
            }
          ]
        },
        "patient": {
          "reference": "urn:uuid:69d4d1d8-f7fc-4686-8bc8-ace676459686"
        },
        "assertedDate": "1923-09-23T11:34:04-04:00",
        "resourceType": "AllergyIntolerance"
      }
    },
    {
      "fullUrl": "urn:uuid:8425f893-c012-47ef-9f46-766135a0b418",
      "resource": {
        "id": "8425f893-c012-47ef-9f46-766135a0b418",
        "meta": {
          "profile": [
            "http://standardhealthrecord.org/fhir/StructureDefinition/shr-problem-Problem"
          ]
        },
        "clinicalStatus": "active",
        "verificationStatus": "confirmed",
        "code": {
          "coding": [
            {
              "system": "http://snomed.info/sct",
              "code": "230690007",
              "display": "Stroke"
            }
          ],
          "text": "Stroke"
        },
        "subject": {
          "reference": "urn:uuid:69d4d1d8-f7fc-4686-8bc8-ace676459686"
        },
        "context": {
          "reference": "urn:uuid:2990c73a-80a5-48ac-a5db-c523f21d422c"
        },
        "onsetDateTime": "1977-02-22T04:48:01-05:00",
        "assertedDate": "1977-02-22",
        "resourceType": "Condition"
      }
    },
    {
      "fullUrl": "urn:uuid:8f905d27-cdb4-4b3f-86c2-a565a38d2eb5",
      "resource": {
        "id": "8f905d27-cdb4-4b3f-86c2-a565a38d2eb5",
        "meta": {
          "profile": [
            "http://standardhealthrecord.org/fhir/StructureDefinition/shr-observation-Observation"
          ]
        },
        "status": "final",
        "category": [
          {
            "coding": [
              {
                "system": "http://hl7.org/fhir/observation-category"
              }
            ]
          }
        ],
        "code": {
          "coding": [
            {
              "system": "http://loinc.org",
              "code": "69453-9",
              "display": "Cause of Death [US Standard Certificate of Death]"
            }
          ],
          "text": "Cause of Death [US Standard Certificate of Death]"
        },
        "subject": {
          "reference": "urn:uuid:69d4d1d8-f7fc-4686-8bc8-ace676459686"
        },
        "context": {
          "reference": "urn:uuid:2990c73a-80a5-48ac-a5db-c523f21d422c"
        },
        "effectiveDateTime": "1999-12-07T04:48:01-05:00",
        "issued": "1999-12-07T04:48:01-05:00",
        "valueCodeableConcept": {
          "coding": [
            {
              "system": "http://snomed.info/sct",
              "code": "9855000",
              "display": "Natural death with unknown cause"
            }
          ],
          "text": "Natural death with unknown cause"
        },
        "resourceType": "Observation"
      }
    },
    {
      "fullUrl": "urn:uuid:6e3d4315-5ee9-4fcf-ad48-e3c0d8a94466",
      "resource": {
        "id": "6e3d4315-5ee9-4fcf-ad48-e3c0d8a94466",
        "meta": {
          "profile": [
            "http://standardhealthrecord.org/fhir/StructureDefinition/shr-observation-Panel"
          ]
        },
        "status": "final",
        "code": {
          "coding": [
            {
              "system": "http://loinc.org",
              "code": "69409-1",
              "display": "U.S. standard certificate of death - 2003 revision"
            }
          ]
        },
        "subject": {
          "reference": "urn:uuid:69d4d1d8-f7fc-4686-8bc8-ace676459686"
        },
        "context": {
          "reference": "urn:uuid:2990c73a-80a5-48ac-a5db-c523f21d422c"
        },
        "effectiveDateTime": "1999-12-07T04:48:01-05:00",
        "issued": "1999-12-07T04:48:01-05:00",
        "result": [
          {
            "reference": "urn:uuid:8f905d27-cdb4-4b3f-86c2-a565a38d2eb5",
            "display": "Cause of Death [US Standard Certificate of Death]"
          }
        ],
        "resourceType": "DiagnosticReport"
      }
    },
    {
      "resource": {
        "status": "active",
        "intent": "order",
        "category": [
          {
            "coding": [
              {
                "system": "http://snomed.info/sct",
                "code": "326051000000105",
                "display": "Self care"
              }
            ]
          }
        ],
        "subject": {
          "reference": "urn:uuid:69d4d1d8-f7fc-4686-8bc8-ace676459686"
        },
        "context": {
          "reference": "urn:uuid:2990c73a-80a5-48ac-a5db-c523f21d422c"
        },
        "period": {
          "start": "1923-09-06"
        },
        "activity": [
          {
            "detail": {
              "code": {
                "coding": [
                  {
                    "system": "http://snomed.info/sct",
                    "code": "409002",
                    "display": "Food allergy diet"
                  }
                ]
              },
              "status": "in-progress"
            }
          },
          {
            "detail": {
              "code": {
                "coding": [
                  {
                    "system": "http://snomed.info/sct",
                    "code": "58332002",
                    "display": "Allergy education"
                  }
                ]
              },
              "status": "in-progress"
            }
          }
        ],
        "resourceType": "CarePlan"
      }
    },
    {
      "resource": {
        "status": "active",
        "intent": "order",
        "category": [
          {
            "coding": [
              {
                "system": "http://snomed.info/sct",
                "code": "326051000000105",
                "display": "Self care"
              }
            ]
          }
        ],
        "subject": {
          "reference": "urn:uuid:69d4d1d8-f7fc-4686-8bc8-ace676459686"
        },
        "context": {
          "reference": "urn:uuid:2990c73a-80a5-48ac-a5db-c523f21d422c"
        },
        "period": {
          "start": "1923-09-23"
        },
        "activity": [
          {
            "detail": {
              "code": {
                "coding": [
                  {
                    "system": "http://snomed.info/sct",
                    "code": "58332002",
                    "display": "Allergy education"
                  }
                ]
              },
              "status": "in-progress"
            }
          }
        ],
        "resourceType": "CarePlan"
      }
    },
    {
      "resource": {
        "status": "active",
        "intent": "order",
        "category": [
          {
            "coding": [
              {
                "system": "http://snomed.info/sct",
                "code": "698358001",
                "display": "Angina self management plan"
              }
            ]
          }
        ],
        "subject": {
          "reference": "urn:uuid:69d4d1d8-f7fc-4686-8bc8-ace676459686"
        },
        "context": {
          "reference": "urn:uuid:2990c73a-80a5-48ac-a5db-c523f21d422c"
        },
        "period": {
          "start": "1977-06-27"
        },
        "addresses": [
          {
            "reference": "urn:uuid:8425f893-c012-47ef-9f46-766135a0b418"
          }
        ],
        "activity": [
          {
            "detail": {
              "code": {
                "coding": [
                  {
                    "system": "http://snomed.info/sct",
                    "code": "229065009",
                    "display": "Exercise therapy"
                  }
                ]
              },
              "status": "in-progress"
            }
          },
          {
            "detail": {
              "code": {
                "coding": [
                  {
                    "system": "http://snomed.info/sct",
                    "code": "226060000",
                    "display": "Stress management"
                  }
                ]
              },
              "status": "in-progress"
            }
          },
          {
            "detail": {
              "code": {
                "coding": [
                  {
                    "system": "http://snomed.info/sct",
                    "code": "710081004",
                    "display": "Smoking cessation therapy"
                  }
                ]
              },
              "status": "in-progress"
            }
          },
          {
            "detail": {
              "code": {
                "coding": [
                  {
                    "system": "http://snomed.info/sct",
                    "code": "226234005",
                    "display": "Healthy diet"
                  }
                ]
              },
              "status": "in-progress"
            }
          }
        ],
        "resourceType": "CarePlan"
      }
    },
    {
      "fullUrl": "urn:uuid:41030450-0907-4017-91f2-6542b24d8f06",
      "resource": {
        "id": "41030450-0907-4017-91f2-6542b24d8f06",
        "meta": {
          "profile": [
            "http://standardhealthrecord.org/fhir/StructureDefinition/shr-medication-MedicationPrescription"
          ]
        },
        "extension": [
          {
            "url": "http://standardhealthrecord.org/fhir/StructureDefinition/shr-base-ActionCode-extension",
            "valueCodeableConcept": {
              "coding": [
                {
                  "system": "http://snomed.info/sct",
                  "code": "33633005",
                  "display": "Prescription of drug (procedure)"
                }
              ],
              "text": "Prescription of drug (procedure)"
            }
          }
        ],
        "status": "active",
        "intent": "order",
        "medicationCodeableConcept": {
          "coding": [
            {
              "system": "http://www.nlm.nih.gov/research/umls/rxnorm",
              "code": "834060",
              "display": "Penicillin V Potassium 250 MG"
            }
          ],
          "text": "Penicillin V Potassium 250 MG"
        },
        "subject": {
          "reference": "urn:uuid:69d4d1d8-f7fc-4686-8bc8-ace676459686"
        },
        "context": {
          "reference": "urn:uuid:2990c73a-80a5-48ac-a5db-c523f21d422c"
        },
        "authoredOn": "1932-11-18",
        "resourceType": "MedicationRequest"
      }
    },
    {
      "fullUrl": "urn:uuid:876da259-dbfb-4b8c-a018-1124eb0ea832",
      "resource": {
        "id": "876da259-dbfb-4b8c-a018-1124eb0ea832",
        "status": "active",
        "use": "complete",
        "patient": {
          "reference": "urn:uuid:69d4d1d8-f7fc-4686-8bc8-ace676459686"
        },
        "billablePeriod": {
          "start": "1999-12-07T04:48:01-05:00",
          "end": "1999-12-07T05:03:01-05:00"
        },
        "organization": {
          "reference": {
            "reference": "urn:uuid:a8de2bf7-df00-4933-813c-8418f5a42a66"
          }
        },
        "prescription": {
          "reference": "urn:uuid:41030450-0907-4017-91f2-6542b24d8f06"
        },
        "item": [
          {
            "sequence": 1,
            "net": {
              "value": 125.0,
              "system": "urn:iso:std:iso:4217",
              "code": "USD"
            },
            "encounter": [
              {
                "reference": {
                  "fullUrl": "urn:uuid:2990c73a-80a5-48ac-a5db-c523f21d422c",
                  "resource": {
                    "id": "2990c73a-80a5-48ac-a5db-c523f21d422c",
                    "meta": {
                      "profile": [
                        "http://standardhealthrecord.org/fhir/StructureDefinition/shr-encounter-Encounter"
                      ]
                    },
                    "status": "finished",
                    "class": {
                      "code": "ambulatory"
                    },
                    "type": [
                      {
                        "coding": [
                          {
                            "system": "http://snomed.info/sct",
                            "code": "308646001"
                          }
                        ],
                        "text": "Death Certification"
                      }
                    ],
                    "subject": {
                      "reference": "urn:uuid:69d4d1d8-f7fc-4686-8bc8-ace676459686"
                    },
                    "period": {
                      "start": "1999-12-07T04:48:01-05:00",
                      "end": "1999-12-07T05:03:01-05:00"
                    },
                    "serviceProvider": {
                      "reference": "urn:uuid:a8de2bf7-df00-4933-813c-8418f5a42a66"
                    },
                    "resourceType": "Encounter"
                  }
                }
              }
            ]
          },
          {
            "sequence": 1,
            "net": {
              "value": 255.0,
              "system": "urn:iso:std:iso:4217",
              "code": "USD"
            }
          }
        ],
        "total": {
          "value": 255.0,
          "system": "urn:iso:std:iso:4217",
          "code": "USD"
        },
        "resourceType": "Claim"
      }
    },
    {
      "fullUrl": "urn:uuid:aace432a-8b57-4201-8d31-5547983ba84f",
      "resource": {
        "id": "aace432a-8b57-4201-8d31-5547983ba84f",
        "meta": {
          "profile": [
            "http://standardhealthrecord.org/fhir/StructureDefinition/shr-medication-MedicationPrescription"
          ]
        },
        "extension": [
          {
            "url": "http://standardhealthrecord.org/fhir/StructureDefinition/shr-base-ActionCode-extension",
            "valueCodeableConcept": {
              "coding": [
                {
                  "system": "http://snomed.info/sct",
                  "code": "33633005",
                  "display": "Prescription of drug (procedure)"
                }
              ],
              "text": "Prescription of drug (procedure)"
            }
          }
        ],
        "status": "active",
        "intent": "order",
        "medicationCodeableConcept": {
          "coding": [
            {
              "system": "http://www.nlm.nih.gov/research/umls/rxnorm",
              "code": "106258",
              "display": "Hydrocortisone 10 MG/ML Topical Cream"
            }
          ],
          "text": "Hydrocortisone 10 MG/ML Topical Cream"
        },
        "subject": {
          "reference": "urn:uuid:69d4d1d8-f7fc-4686-8bc8-ace676459686"
        },
        "context": {
          "reference": "urn:uuid:2990c73a-80a5-48ac-a5db-c523f21d422c"
        },
        "authoredOn": "1947-09-29",
        "dosageInstruction": [
          {
            "sequence": 1,
            "asNeededBoolean": true
          }
        ],
        "resourceType": "MedicationRequest"
      }
    },
    {
      "fullUrl": "urn:uuid:1bc4f3d8-7d5d-49b7-ad14-363b3fceecf7",
      "resource": {
        "id": "1bc4f3d8-7d5d-49b7-ad14-363b3fceecf7",
        "status": "active",
        "use": "complete",
        "patient": {
          "reference": "urn:uuid:69d4d1d8-f7fc-4686-8bc8-ace676459686"
        },
        "billablePeriod": {
          "start": "1999-12-07T04:48:01-05:00",
          "end": "1999-12-07T05:03:01-05:00"
        },
        "organization": {
          "reference": {
            "reference": "urn:uuid:a8de2bf7-df00-4933-813c-8418f5a42a66"
          }
        },
        "prescription": {
          "reference": "urn:uuid:aace432a-8b57-4201-8d31-5547983ba84f"
        },
        "item": [
          {
            "sequence": 1,
            "net": {
              "value": 125.0,
              "system": "urn:iso:std:iso:4217",
              "code": "USD"
            },
            "encounter": [
              {
                "reference": {
                  "fullUrl": "urn:uuid:2990c73a-80a5-48ac-a5db-c523f21d422c",
                  "resource": {
                    "id": "2990c73a-80a5-48ac-a5db-c523f21d422c",
                    "meta": {
                      "profile": [
                        "http://standardhealthrecord.org/fhir/StructureDefinition/shr-encounter-Encounter"
                      ]
                    },
                    "status": "finished",
                    "class": {
                      "code": "ambulatory"
                    },
                    "type": [
                      {
                        "coding": [
                          {
                            "system": "http://snomed.info/sct",
                            "code": "308646001"
                          }
                        ],
                        "text": "Death Certification"
                      }
                    ],
                    "subject": {
                      "reference": "urn:uuid:69d4d1d8-f7fc-4686-8bc8-ace676459686"
                    },
                    "period": {
                      "start": "1999-12-07T04:48:01-05:00",
                      "end": "1999-12-07T05:03:01-05:00"
                    },
                    "serviceProvider": {
                      "reference": "urn:uuid:a8de2bf7-df00-4933-813c-8418f5a42a66"
                    },
                    "resourceType": "Encounter"
                  }
                }
              }
            ]
          },
          {
            "sequence": 1,
            "net": {
              "value": 255.0,
              "system": "urn:iso:std:iso:4217",
              "code": "USD"
            }
          }
        ],
        "total": {
          "value": 255.0,
          "system": "urn:iso:std:iso:4217",
          "code": "USD"
        },
        "resourceType": "Claim"
      }
    },
    {
      "fullUrl": "urn:uuid:c972f959-8ef3-4783-a86b-862e9a4ebdc5",
      "resource": {
        "id": "c972f959-8ef3-4783-a86b-862e9a4ebdc5",
        "meta": {
          "profile": [
            "http://standardhealthrecord.org/fhir/StructureDefinition/shr-medication-MedicationPrescription"
          ]
        },
        "extension": [
          {
            "url": "http://standardhealthrecord.org/fhir/StructureDefinition/shr-base-ActionCode-extension",
            "valueCodeableConcept": {
              "coding": [
                {
                  "system": "http://snomed.info/sct",
                  "code": "33633005",
                  "display": "Prescription of drug (procedure)"
                }
              ],
              "text": "Prescription of drug (procedure)"
            }
          }
        ],
        "status": "active",
        "intent": "order",
        "medicationCodeableConcept": {
          "coding": [
            {
              "system": "http://www.nlm.nih.gov/research/umls/rxnorm",
              "code": "834101",
              "display": "Penicillin V Potassium 500 MG"
            }
          ],
          "text": "Penicillin V Potassium 500 MG"
        },
        "subject": {
          "reference": "urn:uuid:69d4d1d8-f7fc-4686-8bc8-ace676459686"
        },
        "context": {
          "reference": "urn:uuid:2990c73a-80a5-48ac-a5db-c523f21d422c"
        },
        "authoredOn": "1968-03-13",
        "resourceType": "MedicationRequest"
      }
    },
    {
      "fullUrl": "urn:uuid:ebec28ca-eb49-4003-a4a7-9cbdf1273ec0",
      "resource": {
        "id": "ebec28ca-eb49-4003-a4a7-9cbdf1273ec0",
        "status": "active",
        "use": "complete",
        "patient": {
          "reference": "urn:uuid:69d4d1d8-f7fc-4686-8bc8-ace676459686"
        },
        "billablePeriod": {
          "start": "1999-12-07T04:48:01-05:00",
          "end": "1999-12-07T05:03:01-05:00"
        },
        "organization": {
          "reference": {
            "reference": "urn:uuid:a8de2bf7-df00-4933-813c-8418f5a42a66"
          }
        },
        "prescription": {
          "reference": "urn:uuid:c972f959-8ef3-4783-a86b-862e9a4ebdc5"
        },
        "item": [
          {
            "sequence": 1,
            "net": {
              "value": 125.0,
              "system": "urn:iso:std:iso:4217",
              "code": "USD"
            },
            "encounter": [
              {
                "reference": {
                  "fullUrl": "urn:uuid:2990c73a-80a5-48ac-a5db-c523f21d422c",
                  "resource": {
                    "id": "2990c73a-80a5-48ac-a5db-c523f21d422c",
                    "meta": {
                      "profile": [
                        "http://standardhealthrecord.org/fhir/StructureDefinition/shr-encounter-Encounter"
                      ]
                    },
                    "status": "finished",
                    "class": {
                      "code": "ambulatory"
                    },
                    "type": [
                      {
                        "coding": [
                          {
                            "system": "http://snomed.info/sct",
                            "code": "308646001"
                          }
                        ],
                        "text": "Death Certification"
                      }
                    ],
                    "subject": {
                      "reference": "urn:uuid:69d4d1d8-f7fc-4686-8bc8-ace676459686"
                    },
                    "period": {
                      "start": "1999-12-07T04:48:01-05:00",
                      "end": "1999-12-07T05:03:01-05:00"
                    },
                    "serviceProvider": {
                      "reference": "urn:uuid:a8de2bf7-df00-4933-813c-8418f5a42a66"
                    },
                    "resourceType": "Encounter"
                  }
                }
              }
            ]
          },
          {
            "sequence": 1,
            "net": {
              "value": 255.0,
              "system": "urn:iso:std:iso:4217",
              "code": "USD"
            }
          }
        ],
        "total": {
          "value": 255.0,
          "system": "urn:iso:std:iso:4217",
          "code": "USD"
        },
        "resourceType": "Claim"
      }
    },
    {
      "fullUrl": "urn:uuid:a61a3f39-69c2-42b0-8212-ea375870ceee",
      "resource": {
        "id": "a61a3f39-69c2-42b0-8212-ea375870ceee",
        "meta": {
          "profile": [
            "http://standardhealthrecord.org/fhir/StructureDefinition/shr-observation-Observation"
          ]
        },
        "status": "final",
        "category": [
          {
            "coding": [
              {
                "system": "http://hl7.org/fhir/observation-category",
                "code": "survey"
              }
            ]
          }
        ],
        "code": {
          "coding": [
            {
              "system": "http://snomed.info/sct",
              "code": "273724008",
              "display": "Quality adjusted life years"
            }
          ],
          "text": "Quality adjusted life years"
        },
        "subject": {
          "reference": "urn:uuid:69d4d1d8-f7fc-4686-8bc8-ace676459686"
        },
        "effectiveDateTime": "2017-10-31T16:09:28-04:00",
        "issued": "2017-10-31T16:09:28-04:00",
        "valueQuantity": {
          "value": 75.70530629823021,
          "unit": "years",
          "system": "http://unitsofmeasure.org/",
          "code": "years"
        },
        "resourceType": "Observation"
      }
    },
    {
      "fullUrl": "urn:uuid:86bf174e-5025-458b-9618-25f94785cefe",
      "resource": {
        "id": "86bf174e-5025-458b-9618-25f94785cefe",
        "meta": {
          "profile": [
            "http://standardhealthrecord.org/fhir/StructureDefinition/shr-observation-Observation"
          ]
        },
        "status": "final",
        "category": [
          {
            "coding": [
              {
                "system": "http://hl7.org/fhir/observation-category",
                "code": "survey"
              }
            ]
          }
        ],
        "code": {
          "coding": [
            {
              "system": "http://snomed.info/sct",
              "code": "273421001",
              "display": "Disability rating scale"
            }
          ],
          "text": "Disability rating scale"
        },
        "subject": {
          "reference": "urn:uuid:69d4d1d8-f7fc-4686-8bc8-ace676459686"
        },
        "effectiveDateTime": "2017-10-31T16:09:28-04:00",
        "issued": "2017-10-31T16:09:28-04:00",
        "valueQuantity": {
          "value": 17.364673701769767,
          "unit": "years",
          "system": "http://unitsofmeasure.org/",
          "code": "years"
        },
        "resourceType": "Observation"
      }
    }
  ],
  "resourceType": "Bundle"
}