{
  "type": "collection",
  "entry": [
    {
      "fullUrl": "urn:uuid:efe3c542-d4de-4837-895b-bf980adbe059",
      "resource": {
        "id": "efe3c542-d4de-4837-895b-bf980adbe059",
        "meta": {
          "profile": [
            "http://standardhealthrecord.org/fhir/StructureDefinition/shr-actor-Organization"
          ]
        },
        "type": [
          {
            "coding": [
              {
                "system": "http://hl7.org/fhir/organization-type",
                "code": "prov",
                "display": "Healthcare Provider"
              }
            ],
            "text": "Healthcare Provider"
          }
        ],
        "name": "METROWEST MED CTR/L MORSE CAMPUS",
        "resourceType": "Organization"
      }
    },
    {
      "fullUrl": "urn:uuid:c4252500-3972-4d88-ba55-120456b66abc",
      "resource": {
        "id": "c4252500-3972-4d88-ba55-120456b66abc",
        "meta": {
          "profile": [
            "http://standardhealthrecord.org/fhir/StructureDefinition/shr-demographics-PersonOfRecord"
          ]
        },
        "text": {
          "status": "generated",
          "div": "<div xmlns=\"http://www.w3.org/1999/xhtml\">Generated by <a href=\"https://github.com/synthetichealth/synthea\">Synthea</a>. Version identifier: 368ac389f34cd3ce3986aa3a0a08e467bf574db3</div>"
        },
        "extension": [
          {
            "url": "http://hl7.org/fhir/us/core/StructureDefinition/us-core-race",
            "valueCodeableConcept": {
              "coding": [
                {
                  "system": "http://hl7.org/fhir/v3/Race",
                  "code": "2106-3",
                  "display": "White"
                }
              ],
              "text": "race"
            }
          },
          {
            "url": "http://hl7.org/fhir/us/core/StructureDefinition/us-core-ethnicity",
            "valueCodeableConcept": {
              "coding": [
                {
                  "system": "http://hl7.org/fhir/v3/Ethnicity",
                  "code": "2186-5",
                  "display": "Nonhispanic"
                }
              ],
              "text": "ethnicity"
            }
          },
          {
            "url": "http://hl7.org/fhir/StructureDefinition/birthPlace",
            "valueAddress": {
              "city": "Holden",
              "state": "MA",
              "country": "US"
            }
          },
          {
            "url": "http://hl7.org/fhir/StructureDefinition/patient-mothersMaidenName",
            "valueString": "Pearline337 Muller339"
          },
          {
            "url": "http://hl7.org/fhir/us/core/StructureDefinition/us-core-birthsex",
            "valueCode": "M"
          },
          {
            "url": "http://hl7.org/fhir/StructureDefinition/patient-interpreterRequired",
            "valueBoolean": false
          },
          {
            "url": "http://standardhealthrecord.org/fhir/StructureDefinition/shr-actor-FictionalPerson-extension",
            "valueBoolean": true
          },
          {
            "url": "http://standardhealthrecord.org/fhir/StructureDefinition/shr-demographics-FathersName-extension",
            "valueHumanName": {
              "text": "Cortez797 Collier727"
            }
          },
          {
            "url": "http://standardhealthrecord.org/fhir/StructureDefinition/shr-demographics-SocialSecurityNumber-extension",
            "valueString": "999-14-8127"
          }
        ],
        "identifier": [
          {
            "system": "https://github.com/synthetichealth/synthea",
            "value": "c9a03693-2fa2-4400-928b-58555a992e9d"
          },
          {
            "type": {
              "coding": [
                {
                  "system": "http://hl7.org/fhir/identifier-type",
                  "code": "SB"
                }
              ]
            },
            "system": "http://hl7.org/fhir/sid/us-ssn",
            "value": "999148127"
          },
          {
            "type": {
              "coding": [
                {
                  "system": "http://hl7.org/fhir/v2/0203",
                  "code": "DL"
                }
              ]
            },
            "system": "urn:oid:2.16.840.1.113883.4.3.25",
            "value": "S99988447"
          },
          {
            "type": {
              "coding": [
                {
                  "system": "http://hl7.org/fhir/v2/0203",
                  "code": "PPN"
                }
              ]
            },
            "system": "http://standardhealthrecord.org/fhir/StructureDefinition/passportNumber",
            "value": "X78927077X"
          },
          {
            "type": {
              "coding": [
                {
                  "system": "http://hl7.org/fhir/v2/0203",
                  "code": "MR"
                }
              ]
            },
            "system": "http://hospital.smarthealthit.org",
            "value": "c9a03693-2fa2-4400-928b-58555a992e9d"
          }
        ],
        "name": [
          {
            "use": "official",
            "family": "Collier727",
            "given": [
              "Lacy102"
            ],
            "prefix": [
              "Mr."
            ]
          }
        ],
        "telecom": [
          {
            "system": "phone",
            "value": "(230) 715-8821 x715",
            "use": "home"
          }
        ],
        "gender": "male",
        "birthDate": "1986-01-29",
        "address": [
          {
            "extension": [
              {
                "extension": [
                  {
                    "url": "latitude",
                    "valueDecimal": 42.25977654655347
                  },
                  {
                    "url": "longitude",
                    "valueDecimal": -71.33467833325601
                  }
                ],
                "url": "http://hl7.org/fhir/StructureDefinition/geolocation"
              }
            ],
            "line": [
              "955 White Corner",
              "Suite 912"
            ],
            "city": "Natick",
            "state": "MA",
            "postalCode": "01760",
            "country": "US"
          }
        ],
        "maritalStatus": {
          "coding": [
            {
              "system": "http://hl7.org/fhir/v3/MaritalStatus",
              "code": "M"
            }
          ],
          "text": "M"
        },
        "multipleBirthBoolean": false,
        "communication": [
          {
            "language": {
              "coding": [
                {
                  "system": "http://hl7.org/fhir/ValueSet/languages",
                  "code": "en-US",
                  "display": "English (United States)"
                }
              ]
            }
          }
        ],
        "generalPractitioner": [
          {
            "reference": "urn:uuid:efe3c542-d4de-4837-895b-bf980adbe059"
          }
        ],
        "resourceType": "Patient"
      }
    },
    {
      "fullUrl": "urn:uuid:5c6280a4-bd7b-4d0a-8ac9-4479e422347b",
      "resource": {
        "id": "5c6280a4-bd7b-4d0a-8ac9-4479e422347b",
        "meta": {
          "profile": [
            "http://standardhealthrecord.org/fhir/StructureDefinition/shr-encounter-Encounter"
          ]
        },
        "status": "finished",
        "class": {
          "code": "ambulatory"
        },
        "type": [
          {
            "coding": [
              {
                "system": "http://snomed.info/sct",
                "code": "185345009"
              }
            ],
            "text": "Encounter for symptom"
          }
        ],
        "subject": {
          "reference": "urn:uuid:c4252500-3972-4d88-ba55-120456b66abc"
        },
        "period": {
          "start": "2008-03-30T20:05:36-04:00",
          "end": "2008-03-30T20:05:36-04:00"
        },
        "reason": [
          {
            "coding": [
              {
                "system": "http://snomed.info/sct",
                "code": "195662009",
                "display": "Acute viral pharyngitis (disorder)"
              }
            ]
          }
        ],
        "serviceProvider": {
          "reference": "urn:uuid:efe3c542-d4de-4837-895b-bf980adbe059"
        },
        "resourceType": "Encounter"
      }
    },
    {
      "fullUrl": "urn:uuid:1b32ffbd-7c89-44ca-a048-c42c6b177c61",
      "resource": {
        "id": "1b32ffbd-7c89-44ca-a048-c42c6b177c61",
        "status": "active",
        "use": "complete",
        "patient": {
          "reference": "urn:uuid:c4252500-3972-4d88-ba55-120456b66abc"
        },
        "billablePeriod": {
          "start": "2008-03-30T20:05:36-04:00",
          "end": "2008-03-30T20:05:36-04:00"
        },
        "organization": {
          "reference": {
            "reference": "urn:uuid:efe3c542-d4de-4837-895b-bf980adbe059"
          }
        },
        "diagnosis": [
          {
            "sequence": 1,
            "diagnosisReference": {
              "reference": "urn:uuid:b0cc9017-274f-4d68-897e-fbffc968c596"
            }
          },
          {
            "sequence": 2,
            "diagnosisReference": {
              "reference": "urn:uuid:9defb699-50a9-47e6-afd4-17392d44adea"
            }
          }
        ],
        "item": [
          {
            "sequence": 1,
            "net": {
              "value": 125.0,
              "system": "urn:iso:std:iso:4217",
              "code": "USD"
            },
            "encounter": [
              {
                "reference": {
                  "fullUrl": "urn:uuid:5c6280a4-bd7b-4d0a-8ac9-4479e422347b",
                  "resource": {
                    "id": "5c6280a4-bd7b-4d0a-8ac9-4479e422347b",
                    "meta": {
                      "profile": [
                        "http://standardhealthrecord.org/fhir/StructureDefinition/shr-encounter-Encounter"
                      ]
                    },
                    "status": "finished",
                    "class": {
                      "code": "ambulatory"
                    },
                    "type": [
                      {
                        "coding": [
                          {
                            "system": "http://snomed.info/sct",
                            "code": "185345009"
                          }
                        ],
                        "text": "Encounter for symptom"
                      }
                    ],
                    "subject": {
                      "reference": "urn:uuid:c4252500-3972-4d88-ba55-120456b66abc"
                    },
                    "period": {
                      "start": "2008-03-30T20:05:36-04:00",
                      "end": "2008-03-30T20:05:36-04:00"
                    },
                    "reason": [
                      {
                        "coding": [
                          {
                            "system": "http://snomed.info/sct",
                            "code": "195662009",
                            "display": "Acute viral pharyngitis (disorder)"
                          }
                        ]
                      }
                    ],
                    "serviceProvider": {
                      "reference": "urn:uuid:efe3c542-d4de-4837-895b-bf980adbe059"
                    },
                    "resourceType": "Encounter"
                  }
                }
              }
            ]
          },
          {
            "sequence": 2,
            "diagnosisLinkId": [
              1
            ],
            "net": {
              "value": 0.0,
              "system": "urn:iso:std:iso:4217",
              "code": "USD"
            }
          },
          {
            "sequence": 3,
            "diagnosisLinkId": [
              2
            ],
            "net": {
              "value": 0.0,
              "system": "urn:iso:std:iso:4217",
              "code": "USD"
            }
          }
        ],
        "total": {
          "value": 125.0,
          "system": "urn:iso:std:iso:4217",
          "code": "USD"
        },
        "resourceType": "Claim"
      }
    },
    {
      "fullUrl": "urn:uuid:b0cc9017-274f-4d68-897e-fbffc968c596",
      "resource": {
        "id": "b0cc9017-274f-4d68-897e-fbffc968c596",
        "meta": {
          "profile": [
            "http://standardhealthrecord.org/fhir/StructureDefinition/shr-problem-Problem"
          ]
        },
        "clinicalStatus": "active",
        "verificationStatus": "confirmed",
        "code": {
          "coding": [
            {
              "system": "http://snomed.info/sct",
              "code": "38341003",
              "display": "Hypertension"
            }
          ],
          "text": "Hypertension"
        },
        "subject": {
          "reference": "urn:uuid:c4252500-3972-4d88-ba55-120456b66abc"
        },
        "context": {
          "reference": "urn:uuid:5c6280a4-bd7b-4d0a-8ac9-4479e422347b"
        },
        "onsetDateTime": "2004-08-01T07:40:15-04:00",
        "assertedDate": "2004-08-01",
        "resourceType": "Condition"
      }
    },
    {
      "fullUrl": "urn:uuid:9defb699-50a9-47e6-afd4-17392d44adea",
      "resource": {
        "id": "9defb699-50a9-47e6-afd4-17392d44adea",
        "meta": {
          "profile": [
            "http://standardhealthrecord.org/fhir/StructureDefinition/shr-problem-Problem"
          ]
        },
        "clinicalStatus": "resolved",
        "verificationStatus": "confirmed",
        "code": {
          "coding": [
            {
              "system": "http://snomed.info/sct",
              "code": "195662009",
              "display": "Acute viral pharyngitis (disorder)"
            }
          ],
          "text": "Acute viral pharyngitis (disorder)"
        },
        "subject": {
          "reference": "urn:uuid:c4252500-3972-4d88-ba55-120456b66abc"
        },
        "context": {
          "reference": "urn:uuid:5c6280a4-bd7b-4d0a-8ac9-4479e422347b"
        },
        "onsetDateTime": "2008-03-28T03:30:47-04:00",
        "abatementDateTime": "2008-04-10T01:51:29-04:00",
        "assertedDate": "2008-03-28",
        "resourceType": "Condition"
      }
    },
    {
      "fullUrl": "urn:uuid:ff2da9e9-f933-4a88-b489-03e1271f1669",
      "resource": {
        "id": "ff2da9e9-f933-4a88-b489-03e1271f1669",
        "meta": {
          "profile": [
            "http://standardhealthrecord.org/fhir/StructureDefinition/shr-observation-Observation",
            "http://standardhealthrecord.org/fhir/StructureDefinition/shr-vital-VitalSign"
          ]
        },
        "status": "final",
        "category": [
          {
            "coding": [
              {
                "system": "http://hl7.org/fhir/observation-category",
                "code": "vital-signs"
              }
            ]
          }
        ],
        "code": {
          "coding": [
            {
              "system": "http://loinc.org",
              "code": "8331-1",
              "display": "Oral temperature"
            }
          ],
          "text": "Oral temperature"
        },
        "subject": {
          "reference": "urn:uuid:c4252500-3972-4d88-ba55-120456b66abc"
        },
        "context": {
          "reference": "urn:uuid:5c6280a4-bd7b-4d0a-8ac9-4479e422347b"
        },
        "effectiveDateTime": "2008-03-30T20:05:36-04:00",
        "issued": "2008-03-30T20:05:36-04:00",
        "valueQuantity": {
          "value": 38,
          "unit": "Cel",
          "system": "http://unitsofmeasure.org/",
          "code": "Cel"
        },
        "resourceType": "Observation"
      }
    },
    {
      "fullUrl": "urn:uuid:88c7d659-f90f-4a1c-903d-2abe8d1ac763",
      "resource": {
        "id": "88c7d659-f90f-4a1c-903d-2abe8d1ac763",
        "meta": {
          "profile": [
            "http://standardhealthrecord.org/fhir/StructureDefinition/shr-medication-MedicationPrescription"
          ]
        },
        "extension": [
          {
            "url": "http://standardhealthrecord.org/fhir/StructureDefinition/shr-base-ActionCode-extension",
            "valueCodeableConcept": {
              "coding": [
                {
                  "system": "http://snomed.info/sct",
                  "code": "33633005",
                  "display": "Prescription of drug (procedure)"
                }
              ],
              "text": "Prescription of drug (procedure)"
            }
          }
        ],
        "status": "active",
        "intent": "order",
        "medicationCodeableConcept": {
          "coding": [
            {
              "system": "http://www.nlm.nih.gov/research/umls/rxnorm",
              "code": "834060",
              "display": "Penicillin V Potassium 250 MG"
            }
          ],
          "text": "Penicillin V Potassium 250 MG"
        },
        "subject": {
          "reference": "urn:uuid:c4252500-3972-4d88-ba55-120456b66abc"
        },
        "context": {
          "reference": "urn:uuid:5c6280a4-bd7b-4d0a-8ac9-4479e422347b"
        },
        "authoredOn": "1994-03-19",
        "resourceType": "MedicationRequest"
      }
    },
    {
      "fullUrl": "urn:uuid:7bcd17e9-5eaa-439a-a18c-880c4684e640",
      "resource": {
        "id": "7bcd17e9-5eaa-439a-a18c-880c4684e640",
        "status": "active",
        "use": "complete",
        "patient": {
          "reference": "urn:uuid:c4252500-3972-4d88-ba55-120456b66abc"
        },
        "billablePeriod": {
          "start": "2008-03-30T20:05:36-04:00",
          "end": "2008-03-30T20:05:36-04:00"
        },
        "organization": {
          "reference": {
            "reference": "urn:uuid:efe3c542-d4de-4837-895b-bf980adbe059"
          }
        },
        "prescription": {
          "reference": "urn:uuid:88c7d659-f90f-4a1c-903d-2abe8d1ac763"
        },
        "item": [
          {
            "sequence": 1,
            "net": {
              "value": 125.0,
              "system": "urn:iso:std:iso:4217",
              "code": "USD"
            },
            "encounter": [
              {
                "reference": {
                  "fullUrl": "urn:uuid:5c6280a4-bd7b-4d0a-8ac9-4479e422347b",
                  "resource": {
                    "id": "5c6280a4-bd7b-4d0a-8ac9-4479e422347b",
                    "meta": {
                      "profile": [
                        "http://standardhealthrecord.org/fhir/StructureDefinition/shr-encounter-Encounter"
                      ]
                    },
                    "status": "finished",
                    "class": {
                      "code": "ambulatory"
                    },
                    "type": [
                      {
                        "coding": [
                          {
                            "system": "http://snomed.info/sct",
                            "code": "185345009"
                          }
                        ],
                        "text": "Encounter for symptom"
                      }
                    ],
                    "subject": {
                      "reference": "urn:uuid:c4252500-3972-4d88-ba55-120456b66abc"
                    },
                    "period": {
                      "start": "2008-03-30T20:05:36-04:00",
                      "end": "2008-03-30T20:05:36-04:00"
                    },
                    "reason": [
                      {
                        "coding": [
                          {
                            "system": "http://snomed.info/sct",
                            "code": "195662009",
                            "display": "Acute viral pharyngitis (disorder)"
                          }
                        ]
                      }
                    ],
                    "serviceProvider": {
                      "reference": "urn:uuid:efe3c542-d4de-4837-895b-bf980adbe059"
                    },
                    "resourceType": "Encounter"
                  }
                }
              }
            ]
          },
          {
            "sequence": 1,
            "net": {
              "value": 255.0,
              "system": "urn:iso:std:iso:4217",
              "code": "USD"
            }
          }
        ],
        "total": {
          "value": 255.0,
          "system": "urn:iso:std:iso:4217",
          "code": "USD"
        },
        "resourceType": "Claim"
      }
    },
    {
      "fullUrl": "urn:uuid:14166c4a-4b00-4ebe-84f5-adea252a517e",
      "resource": {
        "id": "14166c4a-4b00-4ebe-84f5-adea252a517e",
        "meta": {
          "profile": [
            "http://standardhealthrecord.org/fhir/StructureDefinition/shr-encounter-Encounter"
          ]
        },
        "status": "finished",
        "class": {
          "code": "outpatient"
        },
        "type": [
          {
            "coding": [
              {
                "system": "http://snomed.info/sct",
                "code": "185349003"
              }
            ],
            "text": "Outpatient Encounter"
          }
        ],
        "subject": {
          "reference": "urn:uuid:c4252500-3972-4d88-ba55-120456b66abc"
        },
        "period": {
          "start": "2010-04-20T01:23:42-04:00",
          "end": "2010-04-20T02:23:42-04:00"
        },
        "serviceProvider": {
          "reference": "urn:uuid:efe3c542-d4de-4837-895b-bf980adbe059"
        },
        "resourceType": "Encounter"
      }
    },
    {
      "fullUrl": "urn:uuid:36b5660c-1aed-4257-b91c-9efb1f1c1d10",
      "resource": {
        "id": "36b5660c-1aed-4257-b91c-9efb1f1c1d10",
        "status": "active",
        "use": "complete",
        "patient": {
          "reference": "urn:uuid:c4252500-3972-4d88-ba55-120456b66abc"
        },
        "billablePeriod": {
          "start": "2010-04-20T01:23:42-04:00",
          "end": "2010-04-20T02:23:42-04:00"
        },
        "organization": {
          "reference": {
            "reference": "urn:uuid:efe3c542-d4de-4837-895b-bf980adbe059"
          }
        },
        "item": [
          {
            "sequence": 1,
            "net": {
              "value": 125.0,
              "system": "urn:iso:std:iso:4217",
              "code": "USD"
            },
            "encounter": [
              {
                "reference": {
                  "fullUrl": "urn:uuid:14166c4a-4b00-4ebe-84f5-adea252a517e",
                  "resource": {
                    "id": "14166c4a-4b00-4ebe-84f5-adea252a517e",
                    "meta": {
                      "profile": [
                        "http://standardhealthrecord.org/fhir/StructureDefinition/shr-encounter-Encounter"
                      ]
                    },
                    "status": "finished",
                    "class": {
                      "code": "outpatient"
                    },
                    "type": [
                      {
                        "coding": [
                          {
                            "system": "http://snomed.info/sct",
                            "code": "185349003"
                          }
                        ],
                        "text": "Outpatient Encounter"
                      }
                    ],
                    "subject": {
                      "reference": "urn:uuid:c4252500-3972-4d88-ba55-120456b66abc"
                    },
                    "period": {
                      "start": "2010-04-20T01:23:42-04:00",
                      "end": "2010-04-20T02:23:42-04:00"
                    },
                    "serviceProvider": {
                      "reference": "urn:uuid:efe3c542-d4de-4837-895b-bf980adbe059"
                    },
                    "resourceType": "Encounter"
                  }
                }
              }
            ]
          },
          {
            "sequence": 2,
            "category": {
              "coding": [
                {
                  "system": "http://hl7.org/fhir/sid/cvx",
                  "code": "140",
                  "display": "Influenza, seasonal, injectable, preservative free"
                }
              ],
              "text": "Influenza, seasonal, injectable, preservative free"
            },
            "net": {
              "value": 136.0,
              "system": "urn:iso:std:iso:4217",
              "code": "USD"
            }
          },
          {
            "sequence": 3,
            "category": {
              "coding": [
                {
                  "system": "http://hl7.org/fhir/sid/cvx",
                  "code": "113",
                  "display": "Td (adult) preservative free"
                }
              ],
              "text": "Td (adult) preservative free"
            },
            "net": {
              "value": 136.0,
              "system": "urn:iso:std:iso:4217",
              "code": "USD"
            }
          }
        ],
        "total": {
          "value": 397.0,
          "system": "urn:iso:std:iso:4217",
          "code": "USD"
        },
        "resourceType": "Claim"
      }
    },
    {
      "fullUrl": "urn:uuid:1ea75f07-0443-4660-8177-dc85857a3088",
      "resource": {
        "id": "1ea75f07-0443-4660-8177-dc85857a3088",
        "meta": {
          "profile": [
            "http://standardhealthrecord.org/fhir/StructureDefinition/shr-observation-Observation",
            "http://standardhealthrecord.org/fhir/StructureDefinition/shr-vital-VitalSign",
            "http://standardhealthrecord.org/fhir/StructureDefinition/shr-vital-BodyHeight"
          ]
        },
        "status": "final",
        "category": [
          {
            "coding": [
              {
                "system": "http://hl7.org/fhir/observation-category",
                "code": "vital-signs"
              }
            ]
          }
        ],
        "code": {
          "coding": [
            {
              "system": "http://loinc.org",
              "code": "8302-2",
              "display": "Body Height"
            }
          ],
          "text": "Body Height"
        },
        "subject": {
          "reference": "urn:uuid:c4252500-3972-4d88-ba55-120456b66abc"
        },
        "context": {
          "reference": "urn:uuid:14166c4a-4b00-4ebe-84f5-adea252a517e"
        },
        "effectiveDateTime": "2010-04-20T01:23:42-04:00",
        "issued": "2010-04-20T01:23:42-04:00",
        "valueQuantity": {
          "value": 170.14174457129187,
          "unit": "cm",
          "system": "http://unitsofmeasure.org/",
          "code": "cm"
        },
        "resourceType": "Observation"
      }
    },
    {
      "fullUrl": "urn:uuid:9beca9aa-aeb8-413e-ad85-dbee97e34f47",
      "resource": {
        "id": "9beca9aa-aeb8-413e-ad85-dbee97e34f47",
        "meta": {
          "profile": [
            "http://standardhealthrecord.org/fhir/StructureDefinition/shr-observation-Observation",
            "http://standardhealthrecord.org/fhir/StructureDefinition/shr-vital-VitalSign",
            "http://standardhealthrecord.org/fhir/StructureDefinition/shr-vital-BodyWeight"
          ]
        },
        "status": "final",
        "category": [
          {
            "coding": [
              {
                "system": "http://hl7.org/fhir/observation-category",
                "code": "vital-signs"
              }
            ]
          }
        ],
        "code": {
          "coding": [
            {
              "system": "http://loinc.org",
              "code": "29463-7",
              "display": "Body Weight"
            }
          ],
          "text": "Body Weight"
        },
        "subject": {
          "reference": "urn:uuid:c4252500-3972-4d88-ba55-120456b66abc"
        },
        "context": {
          "reference": "urn:uuid:14166c4a-4b00-4ebe-84f5-adea252a517e"
        },
        "effectiveDateTime": "2010-04-20T01:23:42-04:00",
        "issued": "2010-04-20T01:23:42-04:00",
        "valueQuantity": {
          "value": 76.40444575005853,
          "unit": "kg",
          "system": "http://unitsofmeasure.org/",
          "code": "kg"
        },
        "resourceType": "Observation"
      }
    },
    {
      "fullUrl": "urn:uuid:2e516071-e0e0-48dc-8003-8f640e2cd07b",
      "resource": {
        "id": "2e516071-e0e0-48dc-8003-8f640e2cd07b",
        "meta": {
          "profile": [
            "http://standardhealthrecord.org/fhir/StructureDefinition/shr-observation-Observation",
            "http://standardhealthrecord.org/fhir/StructureDefinition/shr-vital-VitalSign",
            "http://standardhealthrecord.org/fhir/StructureDefinition/shr-vital-BodyMassIndex"
          ]
        },
        "status": "final",
        "category": [
          {
            "coding": [
              {
                "system": "http://hl7.org/fhir/observation-category",
                "code": "vital-signs"
              }
            ]
          }
        ],
        "code": {
          "coding": [
            {
              "system": "http://loinc.org",
              "code": "39156-5",
              "display": "Body Mass Index"
            }
          ],
          "text": "Body Mass Index"
        },
        "subject": {
          "reference": "urn:uuid:c4252500-3972-4d88-ba55-120456b66abc"
        },
        "context": {
          "reference": "urn:uuid:14166c4a-4b00-4ebe-84f5-adea252a517e"
        },
        "effectiveDateTime": "2010-04-20T01:23:42-04:00",
        "issued": "2010-04-20T01:23:42-04:00",
        "valueQuantity": {
          "value": 26.393492787069395,
          "unit": "kg/m2",
          "system": "http://unitsofmeasure.org/",
          "code": "kg/m2"
        },
        "resourceType": "Observation"
      }
    },
    {
      "fullUrl": "urn:uuid:502609a0-1185-4b6f-9b68-5145f8420967",
      "resource": {
        "id": "502609a0-1185-4b6f-9b68-5145f8420967",
        "meta": {
          "profile": [
            "http://standardhealthrecord.org/fhir/StructureDefinition/shr-observation-Observation",
            "http://standardhealthrecord.org/fhir/StructureDefinition/shr-vital-BloodPressure"
          ]
        },
        "status": "final",
        "category": [
          {
            "coding": [
              {
                "system": "http://hl7.org/fhir/observation-category",
                "code": "vital-signs"
              }
            ]
          }
        ],
        "code": {
          "coding": [
            {
              "system": "http://loinc.org",
              "code": "55284-4",
              "display": "Blood Pressure"
            }
          ]
        },
        "subject": {
          "reference": "urn:uuid:c4252500-3972-4d88-ba55-120456b66abc"
        },
        "context": {
          "reference": "urn:uuid:14166c4a-4b00-4ebe-84f5-adea252a517e"
        },
        "effectiveDateTime": "2010-04-20T01:23:42-04:00",
        "issued": "2010-04-20T01:23:42-04:00",
        "component": [
          {
            "code": {
              "coding": [
                {
                  "system": "http://loinc.org",
                  "code": "8480-6",
                  "display": "Systolic Blood Pressure"
                }
              ],
              "text": "Systolic Blood Pressure"
            },
            "valueQuantity": {
              "value": 164,
              "unit": "mmHg",
              "system": "http://unitsofmeasure.org/",
              "code": "mmHg"
            }
          },
          {
            "code": {
              "coding": [
                {
                  "system": "http://loinc.org",
                  "code": "8462-4",
                  "display": "Diastolic Blood Pressure"
                }
              ],
              "text": "Diastolic Blood Pressure"
            },
            "valueQuantity": {
              "value": 104,
              "unit": "mmHg",
              "system": "http://unitsofmeasure.org/",
              "code": "mmHg"
            }
          }
        ],
        "resourceType": "Observation"
      }
    },
    {
      "fullUrl": "urn:uuid:fae2d3e0-f86c-4c8a-90b6-590ddb2e0c60",
      "resource": {
        "id": "fae2d3e0-f86c-4c8a-90b6-590ddb2e0c60",
        "meta": {
          "profile": [
            "http://standardhealthrecord.org/fhir/StructureDefinition/shr-observation-Observation"
          ]
        },
        "status": "final",
        "category": [
          {
            "coding": [
              {
                "system": "http://hl7.org/fhir/observation-category",
                "code": "laboratory"
              }
            ]
          }
        ],
        "code": {
          "coding": [
            {
              "system": "http://loinc.org",
              "code": "33914-3",
              "display": "Estimated Glomerular Filtration Rate"
            }
          ],
          "text": "Estimated Glomerular Filtration Rate"
        },
        "subject": {
          "reference": "urn:uuid:c4252500-3972-4d88-ba55-120456b66abc"
        },
        "context": {
          "reference": "urn:uuid:14166c4a-4b00-4ebe-84f5-adea252a517e"
        },
        "effectiveDateTime": "2010-04-20T01:23:42-04:00",
        "issued": "2010-04-20T01:23:42-04:00",
        "valueQuantity": {
          "value": 60,
          "unit": "mL/min/{1.73_m2}",
          "system": "http://unitsofmeasure.org/",
          "code": "mL/min/{1.73_m2}"
        },
        "resourceType": "Observation"
      }
    },
    {
      "resource": {
        "meta": {
          "profile": [
            "http://standardhealthrecord.org/fhir/StructureDefinition/shr-immunization-Immunization"
          ]
        },
        "status": "completed",
        "notGiven": false,
        "vaccineCode": {
          "coding": [
            {
              "system": "http://hl7.org/fhir/sid/cvx",
              "code": "140",
              "display": "Influenza, seasonal, injectable, preservative free"
            }
          ],
          "text": "Influenza, seasonal, injectable, preservative free"
        },
        "patient": {
          "reference": "urn:uuid:c4252500-3972-4d88-ba55-120456b66abc"
        },
        "encounter": {
          "reference": "urn:uuid:14166c4a-4b00-4ebe-84f5-adea252a517e"
        },
        "date": "2010-04-20T01:23:42-04:00",
        "primarySource": true,
        "resourceType": "Immunization"
      }
    },
    {
      "resource": {
        "meta": {
          "profile": [
            "http://standardhealthrecord.org/fhir/StructureDefinition/shr-immunization-Immunization"
          ]
        },
        "status": "completed",
        "notGiven": false,
        "vaccineCode": {
          "coding": [
            {
              "system": "http://hl7.org/fhir/sid/cvx",
              "code": "113",
              "display": "Td (adult) preservative free"
            }
          ],
          "text": "Td (adult) preservative free"
        },
        "patient": {
          "reference": "urn:uuid:c4252500-3972-4d88-ba55-120456b66abc"
        },
        "encounter": {
          "reference": "urn:uuid:14166c4a-4b00-4ebe-84f5-adea252a517e"
        },
        "date": "2010-04-20T01:23:42-04:00",
        "primarySource": true,
        "resourceType": "Immunization"
      }
    },
    {
      "fullUrl": "urn:uuid:6a844d23-1f14-4e07-8273-8e7f308ac020",
      "resource": {
        "id": "6a844d23-1f14-4e07-8273-8e7f308ac020",
        "meta": {
          "profile": [
            "http://standardhealthrecord.org/fhir/StructureDefinition/shr-encounter-Encounter"
          ]
        },
        "status": "finished",
        "class": {
          "code": "outpatient"
        },
        "type": [
          {
            "coding": [
              {
                "system": "http://snomed.info/sct",
                "code": "185349003"
              }
            ],
            "text": "Outpatient Encounter"
          }
        ],
        "subject": {
          "reference": "urn:uuid:c4252500-3972-4d88-ba55-120456b66abc"
        },
        "period": {
          "start": "2013-07-10T05:19:58-04:00",
          "end": "2013-07-10T06:19:58-04:00"
        },
        "serviceProvider": {
          "reference": "urn:uuid:efe3c542-d4de-4837-895b-bf980adbe059"
        },
        "resourceType": "Encounter"
      }
    },
    {
      "fullUrl": "urn:uuid:da50ba60-f682-44c6-8571-11f54cb5db7c",
      "resource": {
        "id": "da50ba60-f682-44c6-8571-11f54cb5db7c",
        "status": "active",
        "use": "complete",
        "patient": {
          "reference": "urn:uuid:c4252500-3972-4d88-ba55-120456b66abc"
        },
        "billablePeriod": {
          "start": "2013-07-10T05:19:58-04:00",
          "end": "2013-07-10T06:19:58-04:00"
        },
        "organization": {
          "reference": {
            "reference": "urn:uuid:efe3c542-d4de-4837-895b-bf980adbe059"
          }
        },
        "item": [
          {
            "sequence": 1,
            "net": {
              "value": 125.0,
              "system": "urn:iso:std:iso:4217",
              "code": "USD"
            },
            "encounter": [
              {
                "reference": {
                  "fullUrl": "urn:uuid:6a844d23-1f14-4e07-8273-8e7f308ac020",
                  "resource": {
                    "id": "6a844d23-1f14-4e07-8273-8e7f308ac020",
                    "meta": {
                      "profile": [
                        "http://standardhealthrecord.org/fhir/StructureDefinition/shr-encounter-Encounter"
                      ]
                    },
                    "status": "finished",
                    "class": {
                      "code": "outpatient"
                    },
                    "type": [
                      {
                        "coding": [
                          {
                            "system": "http://snomed.info/sct",
                            "code": "185349003"
                          }
                        ],
                        "text": "Outpatient Encounter"
                      }
                    ],
                    "subject": {
                      "reference": "urn:uuid:c4252500-3972-4d88-ba55-120456b66abc"
                    },
                    "period": {
                      "start": "2013-07-10T05:19:58-04:00",
                      "end": "2013-07-10T06:19:58-04:00"
                    },
                    "serviceProvider": {
                      "reference": "urn:uuid:efe3c542-d4de-4837-895b-bf980adbe059"
                    },
                    "resourceType": "Encounter"
                  }
                }
              }
            ]
          },
          {
            "sequence": 2,
            "category": {
              "coding": [
                {
                  "system": "http://hl7.org/fhir/sid/cvx",
                  "code": "140",
                  "display": "Influenza, seasonal, injectable, preservative free"
                }
              ],
              "text": "Influenza, seasonal, injectable, preservative free"
            },
            "net": {
              "value": 136.0,
              "system": "urn:iso:std:iso:4217",
              "code": "USD"
            }
          }
        ],
        "total": {
          "value": 261.0,
          "system": "urn:iso:std:iso:4217",
          "code": "USD"
        },
        "resourceType": "Claim"
      }
    },
    {
      "fullUrl": "urn:uuid:2ae49ecf-5e8e-4f02-a810-5d9fe93133af",
      "resource": {
        "id": "2ae49ecf-5e8e-4f02-a810-5d9fe93133af",
        "meta": {
          "profile": [
            "http://standardhealthrecord.org/fhir/StructureDefinition/shr-observation-Observation",
            "http://standardhealthrecord.org/fhir/StructureDefinition/shr-vital-VitalSign",
            "http://standardhealthrecord.org/fhir/StructureDefinition/shr-vital-BodyHeight"
          ]
        },
        "status": "final",
        "category": [
          {
            "coding": [
              {
                "system": "http://hl7.org/fhir/observation-category",
                "code": "vital-signs"
              }
            ]
          }
        ],
        "code": {
          "coding": [
            {
              "system": "http://loinc.org",
              "code": "8302-2",
              "display": "Body Height"
            }
          ],
          "text": "Body Height"
        },
        "subject": {
          "reference": "urn:uuid:c4252500-3972-4d88-ba55-120456b66abc"
        },
        "context": {
          "reference": "urn:uuid:6a844d23-1f14-4e07-8273-8e7f308ac020"
        },
        "effectiveDateTime": "2013-07-10T05:19:58-04:00",
        "issued": "2013-07-10T05:19:58-04:00",
        "valueQuantity": {
          "value": 170.14174457129187,
          "unit": "cm",
          "system": "http://unitsofmeasure.org/",
          "code": "cm"
        },
        "resourceType": "Observation"
      }
    },
    {
      "fullUrl": "urn:uuid:0720a354-6b24-49c9-8a3b-377dc8039bcd",
      "resource": {
        "id": "0720a354-6b24-49c9-8a3b-377dc8039bcd",
        "meta": {
          "profile": [
            "http://standardhealthrecord.org/fhir/StructureDefinition/shr-observation-Observation",
            "http://standardhealthrecord.org/fhir/StructureDefinition/shr-vital-VitalSign",
            "http://standardhealthrecord.org/fhir/StructureDefinition/shr-vital-BodyWeight"
          ]
        },
        "status": "final",
        "category": [
          {
            "coding": [
              {
                "system": "http://hl7.org/fhir/observation-category",
                "code": "vital-signs"
              }
            ]
          }
        ],
        "code": {
          "coding": [
            {
              "system": "http://loinc.org",
              "code": "29463-7",
              "display": "Body Weight"
            }
          ],
          "text": "Body Weight"
        },
        "subject": {
          "reference": "urn:uuid:c4252500-3972-4d88-ba55-120456b66abc"
        },
        "context": {
          "reference": "urn:uuid:6a844d23-1f14-4e07-8273-8e7f308ac020"
        },
        "effectiveDateTime": "2013-07-10T05:19:58-04:00",
        "issued": "2013-07-10T05:19:58-04:00",
        "valueQuantity": {
          "value": 80.8608803942822,
          "unit": "kg",
          "system": "http://unitsofmeasure.org/",
          "code": "kg"
        },
        "resourceType": "Observation"
      }
    },
    {
      "fullUrl": "urn:uuid:52736cdf-2bb8-4f15-a195-a97242c17037",
      "resource": {
        "id": "52736cdf-2bb8-4f15-a195-a97242c17037",
        "meta": {
          "profile": [
            "http://standardhealthrecord.org/fhir/StructureDefinition/shr-observation-Observation",
            "http://standardhealthrecord.org/fhir/StructureDefinition/shr-vital-VitalSign",
            "http://standardhealthrecord.org/fhir/StructureDefinition/shr-vital-BodyMassIndex"
          ]
        },
        "status": "final",
        "category": [
          {
            "coding": [
              {
                "system": "http://hl7.org/fhir/observation-category",
                "code": "vital-signs"
              }
            ]
          }
        ],
        "code": {
          "coding": [
            {
              "system": "http://loinc.org",
              "code": "39156-5",
              "display": "Body Mass Index"
            }
          ],
          "text": "Body Mass Index"
        },
        "subject": {
          "reference": "urn:uuid:c4252500-3972-4d88-ba55-120456b66abc"
        },
        "context": {
          "reference": "urn:uuid:6a844d23-1f14-4e07-8273-8e7f308ac020"
        },
        "effectiveDateTime": "2013-07-10T05:19:58-04:00",
        "issued": "2013-07-10T05:19:58-04:00",
        "valueQuantity": {
          "value": 27.932943462794945,
          "unit": "kg/m2",
          "system": "http://unitsofmeasure.org/",
          "code": "kg/m2"
        },
        "resourceType": "Observation"
      }
    },
    {
      "fullUrl": "urn:uuid:41f7cd77-aeca-471a-897d-99d11dc084bf",
      "resource": {
        "id": "41f7cd77-aeca-471a-897d-99d11dc084bf",
        "meta": {
          "profile": [
            "http://standardhealthrecord.org/fhir/StructureDefinition/shr-observation-Observation",
            "http://standardhealthrecord.org/fhir/StructureDefinition/shr-vital-BloodPressure"
          ]
        },
        "status": "final",
        "category": [
          {
            "coding": [
              {
                "system": "http://hl7.org/fhir/observation-category",
                "code": "vital-signs"
              }
            ]
          }
        ],
        "code": {
          "coding": [
            {
              "system": "http://loinc.org",
              "code": "55284-4",
              "display": "Blood Pressure"
            }
          ]
        },
        "subject": {
          "reference": "urn:uuid:c4252500-3972-4d88-ba55-120456b66abc"
        },
        "context": {
          "reference": "urn:uuid:6a844d23-1f14-4e07-8273-8e7f308ac020"
        },
        "effectiveDateTime": "2013-07-10T05:19:58-04:00",
        "issued": "2013-07-10T05:19:58-04:00",
        "component": [
          {
            "code": {
              "coding": [
                {
                  "system": "http://loinc.org",
                  "code": "8480-6",
                  "display": "Systolic Blood Pressure"
                }
              ],
              "text": "Systolic Blood Pressure"
            },
            "valueQuantity": {
              "value": 150,
              "unit": "mmHg",
              "system": "http://unitsofmeasure.org/",
              "code": "mmHg"
            }
          },
          {
            "code": {
              "coding": [
                {
                  "system": "http://loinc.org",
                  "code": "8462-4",
                  "display": "Diastolic Blood Pressure"
                }
              ],
              "text": "Diastolic Blood Pressure"
            },
            "valueQuantity": {
              "value": 97,
              "unit": "mmHg",
              "system": "http://unitsofmeasure.org/",
              "code": "mmHg"
            }
          }
        ],
        "resourceType": "Observation"
      }
    },
    {
      "fullUrl": "urn:uuid:134979dd-3a33-4e9d-a87f-ecd77a0fe785",
      "resource": {
        "id": "134979dd-3a33-4e9d-a87f-ecd77a0fe785",
        "meta": {
          "profile": [
            "http://standardhealthrecord.org/fhir/StructureDefinition/shr-observation-Observation"
          ]
        },
        "status": "final",
        "category": [
          {
            "coding": [
              {
                "system": "http://hl7.org/fhir/observation-category",
                "code": "laboratory"
              }
            ]
          }
        ],
        "code": {
          "coding": [
            {
              "system": "http://loinc.org",
              "code": "33914-3",
              "display": "Estimated Glomerular Filtration Rate"
            }
          ],
          "text": "Estimated Glomerular Filtration Rate"
        },
        "subject": {
          "reference": "urn:uuid:c4252500-3972-4d88-ba55-120456b66abc"
        },
        "context": {
          "reference": "urn:uuid:6a844d23-1f14-4e07-8273-8e7f308ac020"
        },
        "effectiveDateTime": "2013-07-10T05:19:58-04:00",
        "issued": "2013-07-10T05:19:58-04:00",
        "valueQuantity": {
          "value": 60,
          "unit": "mL/min/{1.73_m2}",
          "system": "http://unitsofmeasure.org/",
          "code": "mL/min/{1.73_m2}"
        },
        "resourceType": "Observation"
      }
    },
    {
      "resource": {
        "meta": {
          "profile": [
            "http://standardhealthrecord.org/fhir/StructureDefinition/shr-immunization-Immunization"
          ]
        },
        "status": "completed",
        "notGiven": false,
        "vaccineCode": {
          "coding": [
            {
              "system": "http://hl7.org/fhir/sid/cvx",
              "code": "140",
              "display": "Influenza, seasonal, injectable, preservative free"
            }
          ],
          "text": "Influenza, seasonal, injectable, preservative free"
        },
        "patient": {
          "reference": "urn:uuid:c4252500-3972-4d88-ba55-120456b66abc"
        },
        "encounter": {
          "reference": "urn:uuid:6a844d23-1f14-4e07-8273-8e7f308ac020"
        },
        "date": "2013-07-10T05:19:58-04:00",
        "primarySource": true,
        "resourceType": "Immunization"
      }
    },
    {
      "fullUrl": "urn:uuid:bdf2f234-49d1-4c8e-a463-2b9e77ca9b8d",
      "resource": {
        "id": "bdf2f234-49d1-4c8e-a463-2b9e77ca9b8d",
        "meta": {
          "profile": [
            "http://standardhealthrecord.org/fhir/StructureDefinition/shr-encounter-Encounter"
          ]
        },
        "status": "finished",
        "class": {
          "code": "emergency"
        },
        "type": [
          {
            "coding": [
              {
                "system": "http://snomed.info/sct",
                "code": "50849002"
              }
            ],
            "text": "Emergency room admission"
          }
        ],
        "subject": {
          "reference": "urn:uuid:c4252500-3972-4d88-ba55-120456b66abc"
        },
        "period": {
          "start": "2014-03-12T23:25:16-04:00",
          "end": "2014-03-12T23:25:16-04:00"
        },
        "serviceProvider": {
          "reference": "urn:uuid:efe3c542-d4de-4837-895b-bf980adbe059"
        },
        "resourceType": "Encounter"
      }
    },
    {
      "fullUrl": "urn:uuid:0f087922-3a38-43a6-9268-0aed63f9d9f4",
      "resource": {
        "id": "0f087922-3a38-43a6-9268-0aed63f9d9f4",
        "status": "active",
        "use": "complete",
        "patient": {
          "reference": "urn:uuid:c4252500-3972-4d88-ba55-120456b66abc"
        },
        "billablePeriod": {
          "start": "2014-03-12T23:25:16-04:00",
          "end": "2014-03-12T23:25:16-04:00"
        },
        "organization": {
          "reference": {
            "reference": "urn:uuid:efe3c542-d4de-4837-895b-bf980adbe059"
          }
        },
        "diagnosis": [
          {
            "sequence": 1,
            "diagnosisReference": {
              "reference": "urn:uuid:eba6d228-de74-4bb6-9951-ece27ca52199"
            }
          }
        ],
        "item": [
          {
            "sequence": 1,
            "net": {
              "value": 125.0,
              "system": "urn:iso:std:iso:4217",
              "code": "USD"
            },
            "encounter": [
              {
                "reference": {
                  "fullUrl": "urn:uuid:bdf2f234-49d1-4c8e-a463-2b9e77ca9b8d",
                  "resource": {
                    "id": "bdf2f234-49d1-4c8e-a463-2b9e77ca9b8d",
                    "meta": {
                      "profile": [
                        "http://standardhealthrecord.org/fhir/StructureDefinition/shr-encounter-Encounter"
                      ]
                    },
                    "status": "finished",
                    "class": {
                      "code": "emergency"
                    },
                    "type": [
                      {
                        "coding": [
                          {
                            "system": "http://snomed.info/sct",
                            "code": "50849002"
                          }
                        ],
                        "text": "Emergency room admission"
                      }
                    ],
                    "subject": {
                      "reference": "urn:uuid:c4252500-3972-4d88-ba55-120456b66abc"
                    },
                    "period": {
                      "start": "2014-03-12T23:25:16-04:00",
                      "end": "2014-03-12T23:25:16-04:00"
                    },
                    "serviceProvider": {
                      "reference": "urn:uuid:efe3c542-d4de-4837-895b-bf980adbe059"
                    },
                    "resourceType": "Encounter"
                  }
                }
              }
            ]
          },
          {
            "sequence": 2,
            "diagnosisLinkId": [
              1
            ],
            "net": {
              "value": 0.0,
              "system": "urn:iso:std:iso:4217",
              "code": "USD"
            }
          }
        ],
        "total": {
          "value": 125.0,
          "system": "urn:iso:std:iso:4217",
          "code": "USD"
        },
        "resourceType": "Claim"
      }
    },
    {
      "fullUrl": "urn:uuid:eba6d228-de74-4bb6-9951-ece27ca52199",
      "resource": {
        "id": "eba6d228-de74-4bb6-9951-ece27ca52199",
        "meta": {
          "profile": [
            "http://standardhealthrecord.org/fhir/StructureDefinition/shr-problem-Problem"
          ]
        },
        "clinicalStatus": "resolved",
        "verificationStatus": "confirmed",
        "code": {
          "coding": [
            {
              "system": "http://snomed.info/sct",
              "code": "39848009",
              "display": "Whiplash injury to neck"
            }
          ],
          "text": "Whiplash injury to neck"
        },
        "subject": {
          "reference": "urn:uuid:c4252500-3972-4d88-ba55-120456b66abc"
        },
        "context": {
          "reference": "urn:uuid:bdf2f234-49d1-4c8e-a463-2b9e77ca9b8d"
        },
        "onsetDateTime": "2014-03-12T23:25:16-04:00",
        "abatementDateTime": "2014-04-23T17:11:58-04:00",
        "assertedDate": "2014-03-12",
        "resourceType": "Condition"
      }
    },
    {
      "resource": {
        "status": "completed",
        "intent": "order",
        "category": [
          {
            "coding": [
              {
                "system": "http://snomed.info/sct",
                "code": "872781000000100",
                "display": "Musculoskeletal care"
              }
            ]
          }
        ],
        "subject": {
          "reference": "urn:uuid:c4252500-3972-4d88-ba55-120456b66abc"
        },
        "context": {
          "reference": "urn:uuid:bdf2f234-49d1-4c8e-a463-2b9e77ca9b8d"
        },
        "period": {
          "start": "2014-03-12",
          "end": "2014-04-23"
        },
        "addresses": [
          {
            "reference": "urn:uuid:eba6d228-de74-4bb6-9951-ece27ca52199"
          }
        ],
        "activity": [
          {
            "detail": {
              "code": {
                "coding": [
                  {
                    "system": "http://snomed.info/sct",
                    "code": "266694003",
                    "display": "Heat therapy"
                  }
                ]
              },
              "status": "completed"
            }
          },
          {
            "detail": {
              "code": {
                "coding": [
                  {
                    "system": "http://snomed.info/sct",
                    "code": "183051005",
                    "display": "Recommendation to rest"
                  }
                ]
              },
              "status": "completed"
            }
          }
        ],
        "resourceType": "CarePlan"
      }
    },
    {
      "fullUrl": "urn:uuid:76ba6f73-46bf-480f-b01a-bca864c458e6",
      "resource": {
        "id": "76ba6f73-46bf-480f-b01a-bca864c458e6",
        "meta": {
          "profile": [
            "http://standardhealthrecord.org/fhir/StructureDefinition/shr-medication-MedicationPrescription"
          ]
        },
        "extension": [
          {
            "url": "http://standardhealthrecord.org/fhir/StructureDefinition/shr-base-ActionCode-extension",
            "valueCodeableConcept": {
              "coding": [
                {
                  "system": "http://snomed.info/sct",
                  "code": "33633005",
                  "display": "Prescription of drug (procedure)"
                }
              ],
              "text": "Prescription of drug (procedure)"
            }
          }
        ],
        "status": "stopped",
        "intent": "order",
        "medicationCodeableConcept": {
          "coding": [
            {
              "system": "http://www.nlm.nih.gov/research/umls/rxnorm",
              "code": "849574",
              "display": "Naproxen sodium 220 MG Oral Tablet"
            }
          ],
          "text": "Naproxen sodium 220 MG Oral Tablet"
        },
        "subject": {
          "reference": "urn:uuid:c4252500-3972-4d88-ba55-120456b66abc"
        },
        "context": {
          "reference": "urn:uuid:bdf2f234-49d1-4c8e-a463-2b9e77ca9b8d"
        },
        "authoredOn": "2014-03-12",
        "dosageInstruction": [
          {
            "sequence": 1,
            "asNeededBoolean": true
          }
        ],
        "resourceType": "MedicationRequest"
      }
    },
    {
      "fullUrl": "urn:uuid:3d75830b-b6b1-4ab8-86ae-00a2cca0b843",
      "resource": {
        "id": "3d75830b-b6b1-4ab8-86ae-00a2cca0b843",
        "status": "active",
        "use": "complete",
        "patient": {
          "reference": "urn:uuid:c4252500-3972-4d88-ba55-120456b66abc"
        },
        "billablePeriod": {
          "start": "2014-03-12T23:25:16-04:00",
          "end": "2014-03-12T23:25:16-04:00"
        },
        "organization": {
          "reference": {
            "reference": "urn:uuid:efe3c542-d4de-4837-895b-bf980adbe059"
          }
        },
        "prescription": {
          "reference": "urn:uuid:76ba6f73-46bf-480f-b01a-bca864c458e6"
        },
        "item": [
          {
            "sequence": 1,
            "net": {
              "value": 125.0,
              "system": "urn:iso:std:iso:4217",
              "code": "USD"
            },
            "encounter": [
              {
                "reference": {
                  "fullUrl": "urn:uuid:bdf2f234-49d1-4c8e-a463-2b9e77ca9b8d",
                  "resource": {
                    "id": "bdf2f234-49d1-4c8e-a463-2b9e77ca9b8d",
                    "meta": {
                      "profile": [
                        "http://standardhealthrecord.org/fhir/StructureDefinition/shr-encounter-Encounter"
                      ]
                    },
                    "status": "finished",
                    "class": {
                      "code": "emergency"
                    },
                    "type": [
                      {
                        "coding": [
                          {
                            "system": "http://snomed.info/sct",
                            "code": "50849002"
                          }
                        ],
                        "text": "Emergency room admission"
                      }
                    ],
                    "subject": {
                      "reference": "urn:uuid:c4252500-3972-4d88-ba55-120456b66abc"
                    },
                    "period": {
                      "start": "2014-03-12T23:25:16-04:00",
                      "end": "2014-03-12T23:25:16-04:00"
                    },
                    "serviceProvider": {
                      "reference": "urn:uuid:efe3c542-d4de-4837-895b-bf980adbe059"
                    },
                    "resourceType": "Encounter"
                  }
                }
              }
            ]
          },
          {
            "sequence": 1,
            "net": {
              "value": 255.0,
              "system": "urn:iso:std:iso:4217",
              "code": "USD"
            }
          }
        ],
        "total": {
          "value": 255.0,
          "system": "urn:iso:std:iso:4217",
          "code": "USD"
        },
        "resourceType": "Claim"
      }
    },
    {
      "fullUrl": "urn:uuid:8ebe9acd-d651-4e7c-9eef-5c4803c32af6",
      "resource": {
        "id": "8ebe9acd-d651-4e7c-9eef-5c4803c32af6",
        "meta": {
          "profile": [
            "http://standardhealthrecord.org/fhir/StructureDefinition/shr-encounter-Encounter"
          ]
        },
        "status": "finished",
        "class": {
          "code": "outpatient"
        },
        "type": [
          {
            "coding": [
              {
                "system": "http://snomed.info/sct",
                "code": "185349003"
              }
            ],
            "text": "Outpatient Encounter"
          }
        ],
        "subject": {
          "reference": "urn:uuid:c4252500-3972-4d88-ba55-120456b66abc"
        },
        "period": {
          "start": "2016-11-03T20:09:43-04:00",
          "end": "2016-11-03T21:09:43-04:00"
        },
        "serviceProvider": {
          "reference": "urn:uuid:efe3c542-d4de-4837-895b-bf980adbe059"
        },
        "resourceType": "Encounter"
      }
    },
    {
      "fullUrl": "urn:uuid:38b1d48d-cca3-45a1-aeaf-20f748741454",
      "resource": {
        "id": "38b1d48d-cca3-45a1-aeaf-20f748741454",
        "status": "active",
        "use": "complete",
        "patient": {
          "reference": "urn:uuid:c4252500-3972-4d88-ba55-120456b66abc"
        },
        "billablePeriod": {
          "start": "2016-11-03T20:09:43-04:00",
          "end": "2016-11-03T21:09:43-04:00"
        },
        "organization": {
          "reference": {
            "reference": "urn:uuid:efe3c542-d4de-4837-895b-bf980adbe059"
          }
        },
        "item": [
          {
            "sequence": 1,
            "net": {
              "value": 125.0,
              "system": "urn:iso:std:iso:4217",
              "code": "USD"
            },
            "encounter": [
              {
                "reference": {
                  "fullUrl": "urn:uuid:8ebe9acd-d651-4e7c-9eef-5c4803c32af6",
                  "resource": {
                    "id": "8ebe9acd-d651-4e7c-9eef-5c4803c32af6",
                    "meta": {
                      "profile": [
                        "http://standardhealthrecord.org/fhir/StructureDefinition/shr-encounter-Encounter"
                      ]
                    },
                    "status": "finished",
                    "class": {
                      "code": "outpatient"
                    },
                    "type": [
                      {
                        "coding": [
                          {
                            "system": "http://snomed.info/sct",
                            "code": "185349003"
                          }
                        ],
                        "text": "Outpatient Encounter"
                      }
                    ],
                    "subject": {
                      "reference": "urn:uuid:c4252500-3972-4d88-ba55-120456b66abc"
                    },
                    "period": {
                      "start": "2016-11-03T20:09:43-04:00",
                      "end": "2016-11-03T21:09:43-04:00"
                    },
                    "serviceProvider": {
                      "reference": "urn:uuid:efe3c542-d4de-4837-895b-bf980adbe059"
                    },
                    "resourceType": "Encounter"
                  }
                }
              }
            ]
          },
          {
            "sequence": 2,
            "category": {
              "coding": [
                {
                  "system": "http://hl7.org/fhir/sid/cvx",
                  "code": "140",
                  "display": "Influenza, seasonal, injectable, preservative free"
                }
              ],
              "text": "Influenza, seasonal, injectable, preservative free"
            },
            "net": {
              "value": 136.0,
              "system": "urn:iso:std:iso:4217",
              "code": "USD"
            }
          }
        ],
        "total": {
          "value": 261.0,
          "system": "urn:iso:std:iso:4217",
          "code": "USD"
        },
        "resourceType": "Claim"
      }
    },
    {
      "fullUrl": "urn:uuid:82556de4-3cc1-4f03-88ab-d99fbf02751b",
      "resource": {
        "id": "82556de4-3cc1-4f03-88ab-d99fbf02751b",
        "meta": {
          "profile": [
            "http://standardhealthrecord.org/fhir/StructureDefinition/shr-observation-Observation",
            "http://standardhealthrecord.org/fhir/StructureDefinition/shr-vital-VitalSign",
            "http://standardhealthrecord.org/fhir/StructureDefinition/shr-vital-BodyHeight"
          ]
        },
        "status": "final",
        "category": [
          {
            "coding": [
              {
                "system": "http://hl7.org/fhir/observation-category",
                "code": "vital-signs"
              }
            ]
          }
        ],
        "code": {
          "coding": [
            {
              "system": "http://loinc.org",
              "code": "8302-2",
              "display": "Body Height"
            }
          ],
          "text": "Body Height"
        },
        "subject": {
          "reference": "urn:uuid:c4252500-3972-4d88-ba55-120456b66abc"
        },
        "context": {
          "reference": "urn:uuid:8ebe9acd-d651-4e7c-9eef-5c4803c32af6"
        },
        "effectiveDateTime": "2016-11-03T20:09:43-04:00",
        "issued": "2016-11-03T20:09:43-04:00",
        "valueQuantity": {
          "value": 170.14174457129187,
          "unit": "cm",
          "system": "http://unitsofmeasure.org/",
          "code": "cm"
        },
        "resourceType": "Observation"
      }
    },
    {
      "fullUrl": "urn:uuid:7f3e3072-ed9d-4abe-9e0e-9e0690fb2753",
      "resource": {
        "id": "7f3e3072-ed9d-4abe-9e0e-9e0690fb2753",
        "meta": {
          "profile": [
            "http://standardhealthrecord.org/fhir/StructureDefinition/shr-observation-Observation",
            "http://standardhealthrecord.org/fhir/StructureDefinition/shr-vital-VitalSign",
            "http://standardhealthrecord.org/fhir/StructureDefinition/shr-vital-BodyWeight"
          ]
        },
        "status": "final",
        "category": [
          {
            "coding": [
              {
                "system": "http://hl7.org/fhir/observation-category",
                "code": "vital-signs"
              }
            ]
          }
        ],
        "code": {
          "coding": [
            {
              "system": "http://loinc.org",
              "code": "29463-7",
              "display": "Body Weight"
            }
          ],
          "text": "Body Weight"
        },
        "subject": {
          "reference": "urn:uuid:c4252500-3972-4d88-ba55-120456b66abc"
        },
        "context": {
          "reference": "urn:uuid:8ebe9acd-d651-4e7c-9eef-5c4803c32af6"
        },
        "effectiveDateTime": "2016-11-03T20:09:43-04:00",
        "issued": "2016-11-03T20:09:43-04:00",
        "valueQuantity": {
          "value": 85.23617675305839,
          "unit": "kg",
          "system": "http://unitsofmeasure.org/",
          "code": "kg"
        },
        "resourceType": "Observation"
      }
    },
    {
      "fullUrl": "urn:uuid:6e160b07-3325-4fd5-91b6-d9fef4bb1e2c",
      "resource": {
        "id": "6e160b07-3325-4fd5-91b6-d9fef4bb1e2c",
        "meta": {
          "profile": [
            "http://standardhealthrecord.org/fhir/StructureDefinition/shr-observation-Observation",
            "http://standardhealthrecord.org/fhir/StructureDefinition/shr-vital-VitalSign",
            "http://standardhealthrecord.org/fhir/StructureDefinition/shr-vital-BodyMassIndex"
          ]
        },
        "status": "final",
        "category": [
          {
            "coding": [
              {
                "system": "http://hl7.org/fhir/observation-category",
                "code": "vital-signs"
              }
            ]
          }
        ],
        "code": {
          "coding": [
            {
              "system": "http://loinc.org",
              "code": "39156-5",
              "display": "Body Mass Index"
            }
          ],
          "text": "Body Mass Index"
        },
        "subject": {
          "reference": "urn:uuid:c4252500-3972-4d88-ba55-120456b66abc"
        },
        "context": {
          "reference": "urn:uuid:8ebe9acd-d651-4e7c-9eef-5c4803c32af6"
        },
        "effectiveDateTime": "2016-11-03T20:09:43-04:00",
        "issued": "2016-11-03T20:09:43-04:00",
        "valueQuantity": {
          "value": 29.444365367017863,
          "unit": "kg/m2",
          "system": "http://unitsofmeasure.org/",
          "code": "kg/m2"
        },
        "resourceType": "Observation"
      }
    },
    {
      "fullUrl": "urn:uuid:e16d7948-84c3-4f13-a486-9a024bf17a29",
      "resource": {
        "id": "e16d7948-84c3-4f13-a486-9a024bf17a29",
        "meta": {
          "profile": [
            "http://standardhealthrecord.org/fhir/StructureDefinition/shr-observation-Observation",
            "http://standardhealthrecord.org/fhir/StructureDefinition/shr-vital-BloodPressure"
          ]
        },
        "status": "final",
        "category": [
          {
            "coding": [
              {
                "system": "http://hl7.org/fhir/observation-category",
                "code": "vital-signs"
              }
            ]
          }
        ],
        "code": {
          "coding": [
            {
              "system": "http://loinc.org",
              "code": "55284-4",
              "display": "Blood Pressure"
            }
          ]
        },
        "subject": {
          "reference": "urn:uuid:c4252500-3972-4d88-ba55-120456b66abc"
        },
        "context": {
          "reference": "urn:uuid:8ebe9acd-d651-4e7c-9eef-5c4803c32af6"
        },
        "effectiveDateTime": "2016-11-03T20:09:43-04:00",
        "issued": "2016-11-03T20:09:43-04:00",
        "component": [
          {
            "code": {
              "coding": [
                {
                  "system": "http://loinc.org",
                  "code": "8480-6",
                  "display": "Systolic Blood Pressure"
                }
              ],
              "text": "Systolic Blood Pressure"
            },
            "valueQuantity": {
              "value": 152,
              "unit": "mmHg",
              "system": "http://unitsofmeasure.org/",
              "code": "mmHg"
            }
          },
          {
            "code": {
              "coding": [
                {
                  "system": "http://loinc.org",
                  "code": "8462-4",
                  "display": "Diastolic Blood Pressure"
                }
              ],
              "text": "Diastolic Blood Pressure"
            },
            "valueQuantity": {
              "value": 97,
              "unit": "mmHg",
              "system": "http://unitsofmeasure.org/",
              "code": "mmHg"
            }
          }
        ],
        "resourceType": "Observation"
      }
    },
    {
      "fullUrl": "urn:uuid:64dd0ba9-0ee9-4a82-8526-4dc4d270f7b3",
      "resource": {
        "id": "64dd0ba9-0ee9-4a82-8526-4dc4d270f7b3",
        "meta": {
          "profile": [
            "http://standardhealthrecord.org/fhir/StructureDefinition/shr-observation-Observation"
          ]
        },
        "status": "final",
        "category": [
          {
            "coding": [
              {
                "system": "http://hl7.org/fhir/observation-category",
                "code": "laboratory"
              }
            ]
          }
        ],
        "code": {
          "coding": [
            {
              "system": "http://loinc.org",
              "code": "2093-3",
              "display": "Total Cholesterol"
            }
          ],
          "text": "Total Cholesterol"
        },
        "subject": {
          "reference": "urn:uuid:c4252500-3972-4d88-ba55-120456b66abc"
        },
        "context": {
          "reference": "urn:uuid:8ebe9acd-d651-4e7c-9eef-5c4803c32af6"
        },
        "effectiveDateTime": "2016-11-03T20:09:43-04:00",
        "issued": "2016-11-03T20:09:43-04:00",
        "valueQuantity": {
          "value": 163,
          "unit": "mg/dL",
          "system": "http://unitsofmeasure.org/",
          "code": "mg/dL"
        },
        "resourceType": "Observation"
      }
    },
    {
      "fullUrl": "urn:uuid:f9e10d2d-1fa7-4378-86f5-8b448cf2ec07",
      "resource": {
        "id": "f9e10d2d-1fa7-4378-86f5-8b448cf2ec07",
        "meta": {
          "profile": [
            "http://standardhealthrecord.org/fhir/StructureDefinition/shr-observation-Observation"
          ]
        },
        "status": "final",
        "category": [
          {
            "coding": [
              {
                "system": "http://hl7.org/fhir/observation-category",
                "code": "laboratory"
              }
            ]
          }
        ],
        "code": {
          "coding": [
            {
              "system": "http://loinc.org",
              "code": "2571-8",
              "display": "Triglycerides"
            }
          ],
          "text": "Triglycerides"
        },
        "subject": {
          "reference": "urn:uuid:c4252500-3972-4d88-ba55-120456b66abc"
        },
        "context": {
          "reference": "urn:uuid:8ebe9acd-d651-4e7c-9eef-5c4803c32af6"
        },
        "effectiveDateTime": "2016-11-03T20:09:43-04:00",
        "issued": "2016-11-03T20:09:43-04:00",
        "valueQuantity": {
          "value": 132,
          "unit": "mg/dL",
          "system": "http://unitsofmeasure.org/",
          "code": "mg/dL"
        },
        "resourceType": "Observation"
      }
    },
    {
      "fullUrl": "urn:uuid:5a9aee32-103f-44ba-95f2-2420c9d1440d",
      "resource": {
        "id": "5a9aee32-103f-44ba-95f2-2420c9d1440d",
        "meta": {
          "profile": [
            "http://standardhealthrecord.org/fhir/StructureDefinition/shr-observation-Observation"
          ]
        },
        "status": "final",
        "category": [
          {
            "coding": [
              {
                "system": "http://hl7.org/fhir/observation-category",
                "code": "laboratory"
              }
            ]
          }
        ],
        "code": {
          "coding": [
            {
              "system": "http://loinc.org",
              "code": "18262-6",
              "display": "Low Density Lipoprotein Cholesterol"
            }
          ],
          "text": "Low Density Lipoprotein Cholesterol"
        },
        "subject": {
          "reference": "urn:uuid:c4252500-3972-4d88-ba55-120456b66abc"
        },
        "context": {
          "reference": "urn:uuid:8ebe9acd-d651-4e7c-9eef-5c4803c32af6"
        },
        "effectiveDateTime": "2016-11-03T20:09:43-04:00",
        "issued": "2016-11-03T20:09:43-04:00",
        "valueQuantity": {
          "value": 71,
          "unit": "mg/dL",
          "system": "http://unitsofmeasure.org/",
          "code": "mg/dL"
        },
        "resourceType": "Observation"
      }
    },
    {
      "fullUrl": "urn:uuid:7ffa4883-542d-4452-ba84-e7f2bb5fa7c7",
      "resource": {
        "id": "7ffa4883-542d-4452-ba84-e7f2bb5fa7c7",
        "meta": {
          "profile": [
            "http://standardhealthrecord.org/fhir/StructureDefinition/shr-observation-Observation"
          ]
        },
        "status": "final",
        "category": [
          {
            "coding": [
              {
                "system": "http://hl7.org/fhir/observation-category",
                "code": "laboratory"
              }
            ]
          }
        ],
        "code": {
          "coding": [
            {
              "system": "http://loinc.org",
              "code": "2085-9",
              "display": "High Density Lipoprotein Cholesterol"
            }
          ],
          "text": "High Density Lipoprotein Cholesterol"
        },
        "subject": {
          "reference": "urn:uuid:c4252500-3972-4d88-ba55-120456b66abc"
        },
        "context": {
          "reference": "urn:uuid:8ebe9acd-d651-4e7c-9eef-5c4803c32af6"
        },
        "effectiveDateTime": "2016-11-03T20:09:43-04:00",
        "issued": "2016-11-03T20:09:43-04:00",
        "valueQuantity": {
          "value": 65,
          "unit": "mg/dL",
          "system": "http://unitsofmeasure.org/",
          "code": "mg/dL"
        },
        "resourceType": "Observation"
      }
    },
    {
      "fullUrl": "urn:uuid:681dd205-a2ed-4381-8704-3044e3c76743",
      "resource": {
        "id": "681dd205-a2ed-4381-8704-3044e3c76743",
        "meta": {
          "profile": [
            "http://standardhealthrecord.org/fhir/StructureDefinition/shr-observation-Panel"
          ]
        },
        "status": "final",
        "code": {
          "coding": [
            {
              "system": "http://loinc.org",
              "code": "57698-3",
              "display": "Lipid Panel"
            }
          ]
        },
        "subject": {
          "reference": "urn:uuid:c4252500-3972-4d88-ba55-120456b66abc"
        },
        "context": {
          "reference": "urn:uuid:8ebe9acd-d651-4e7c-9eef-5c4803c32af6"
        },
        "effectiveDateTime": "2016-11-03T20:09:43-04:00",
        "issued": "2016-11-03T20:09:43-04:00",
        "result": [
          {
            "reference": "urn:uuid:64dd0ba9-0ee9-4a82-8526-4dc4d270f7b3",
            "display": "Total Cholesterol"
          },
          {
            "reference": "urn:uuid:f9e10d2d-1fa7-4378-86f5-8b448cf2ec07",
            "display": "Triglycerides"
          },
          {
            "reference": "urn:uuid:5a9aee32-103f-44ba-95f2-2420c9d1440d",
            "display": "Low Density Lipoprotein Cholesterol"
          },
          {
            "reference": "urn:uuid:7ffa4883-542d-4452-ba84-e7f2bb5fa7c7",
            "display": "High Density Lipoprotein Cholesterol"
          }
        ],
        "resourceType": "DiagnosticReport"
      }
    },
    {
      "fullUrl": "urn:uuid:8ee7f7d8-a9de-4404-8d23-7b9fd1042299",
      "resource": {
        "id": "8ee7f7d8-a9de-4404-8d23-7b9fd1042299",
        "meta": {
          "profile": [
            "http://standardhealthrecord.org/fhir/StructureDefinition/shr-observation-Observation"
          ]
        },
        "status": "final",
        "category": [
          {
            "coding": [
              {
                "system": "http://hl7.org/fhir/observation-category",
                "code": "laboratory"
              }
            ]
          }
        ],
        "code": {
          "coding": [
            {
              "system": "http://loinc.org",
              "code": "33914-3",
              "display": "Estimated Glomerular Filtration Rate"
            }
          ],
          "text": "Estimated Glomerular Filtration Rate"
        },
        "subject": {
          "reference": "urn:uuid:c4252500-3972-4d88-ba55-120456b66abc"
        },
        "context": {
          "reference": "urn:uuid:8ebe9acd-d651-4e7c-9eef-5c4803c32af6"
        },
        "effectiveDateTime": "2016-11-03T20:09:43-04:00",
        "issued": "2016-11-03T20:09:43-04:00",
        "valueQuantity": {
          "value": 60,
          "unit": "mL/min/{1.73_m2}",
          "system": "http://unitsofmeasure.org/",
          "code": "mL/min/{1.73_m2}"
        },
        "resourceType": "Observation"
      }
    },
    {
      "resource": {
        "meta": {
          "profile": [
            "http://standardhealthrecord.org/fhir/StructureDefinition/shr-immunization-Immunization"
          ]
        },
        "status": "completed",
        "notGiven": false,
        "vaccineCode": {
          "coding": [
            {
              "system": "http://hl7.org/fhir/sid/cvx",
              "code": "140",
              "display": "Influenza, seasonal, injectable, preservative free"
            }
          ],
          "text": "Influenza, seasonal, injectable, preservative free"
        },
        "patient": {
          "reference": "urn:uuid:c4252500-3972-4d88-ba55-120456b66abc"
        },
        "encounter": {
          "reference": "urn:uuid:8ebe9acd-d651-4e7c-9eef-5c4803c32af6"
        },
        "date": "2016-11-03T20:09:43-04:00",
        "primarySource": true,
        "resourceType": "Immunization"
      }
    },
    {
      "fullUrl": "urn:uuid:15353594-5abb-44b1-962b-eaa38c07844e",
      "resource": {
        "id": "15353594-5abb-44b1-962b-eaa38c07844e",
        "meta": {
          "profile": [
            "http://standardhealthrecord.org/fhir/StructureDefinition/shr-observation-Observation"
          ]
        },
        "status": "final",
        "category": [
          {
            "coding": [
              {
                "system": "http://hl7.org/fhir/observation-category",
                "code": "survey"
              }
            ]
          }
        ],
        "code": {
          "coding": [
            {
              "system": "http://snomed.info/sct",
              "code": "273724008",
              "display": "Quality adjusted life years"
            }
          ],
          "text": "Quality adjusted life years"
        },
        "subject": {
          "reference": "urn:uuid:c4252500-3972-4d88-ba55-120456b66abc"
        },
        "effectiveDateTime": "2017-10-31T16:09:28-04:00",
        "issued": "2017-10-31T16:09:28-04:00",
        "valueQuantity": {
          "value": 30.99265315710905,
          "unit": "years",
          "system": "http://unitsofmeasure.org/",
          "code": "years"
        },
        "resourceType": "Observation"
      }
    },
    {
      "fullUrl": "urn:uuid:28f795c8-95b8-4585-8b58-34eadf14e969",
      "resource": {
        "id": "28f795c8-95b8-4585-8b58-34eadf14e969",
        "meta": {
          "profile": [
            "http://standardhealthrecord.org/fhir/StructureDefinition/shr-observation-Observation"
          ]
        },
        "status": "final",
        "category": [
          {
            "coding": [
              {
                "system": "http://hl7.org/fhir/observation-category",
                "code": "survey"
              }
            ]
          }
        ],
        "code": {
          "coding": [
            {
              "system": "http://snomed.info/sct",
              "code": "273421001",
              "display": "Disability rating scale"
            }
          ],
          "text": "Disability rating scale"
        },
        "subject": {
          "reference": "urn:uuid:c4252500-3972-4d88-ba55-120456b66abc"
        },
        "effectiveDateTime": "2017-10-31T16:09:28-04:00",
        "issued": "2017-10-31T16:09:28-04:00",
        "valueQuantity": {
          "value": 0.007346842890951088,
          "unit": "years",
          "system": "http://unitsofmeasure.org/",
          "code": "years"
        },
        "resourceType": "Observation"
      }
    }
  ],
  "resourceType": "Bundle"
}