{
  "type": "collection",
  "entry": [
    {
      "fullUrl": "urn:uuid:93ec658b-f9c6-4ee3-9bd0-d06d15786a2e",
      "resource": {
        "id": "93ec658b-f9c6-4ee3-9bd0-d06d15786a2e",
        "meta": {
          "profile": [
            "http://standardhealthrecord.org/fhir/StructureDefinition/shr-actor-Organization"
          ]
        },
        "type": [
          {
            "coding": [
              {
                "system": "http://hl7.org/fhir/organization-type",
                "code": "prov",
                "display": "Healthcare Provider"
              }
            ],
            "text": "Healthcare Provider"
          }
        ],
        "name": "CAPE COD & ISLANDS COMMUNITY MENTAL HEALTH CENTER",
        "resourceType": "Organization"
      }
    },
    {
      "fullUrl": "urn:uuid:ffd547ca-5eeb-474d-b1f4-0e47dc2fcec2",
      "resource": {
        "id": "ffd547ca-5eeb-474d-b1f4-0e47dc2fcec2",
        "meta": {
          "profile": [
            "http://standardhealthrecord.org/fhir/StructureDefinition/shr-demographics-PersonOfRecord"
          ]
        },
        "text": {
          "status": "generated",
          "div": "<div xmlns=\"http://www.w3.org/1999/xhtml\">Generated by <a href=\"https://github.com/synthetichealth/synthea\">Synthea</a>. Version identifier: 368ac389f34cd3ce3986aa3a0a08e467bf574db3</div>"
        },
        "extension": [
          {
            "url": "http://hl7.org/fhir/us/core/StructureDefinition/us-core-race",
            "valueCodeableConcept": {
              "coding": [
                {
                  "system": "http://hl7.org/fhir/v3/Race",
                  "code": "2106-3",
                  "display": "White"
                }
              ],
              "text": "race"
            }
          },
          {
            "url": "http://hl7.org/fhir/us/core/StructureDefinition/us-core-ethnicity",
            "valueCodeableConcept": {
              "coding": [
                {
                  "system": "http://hl7.org/fhir/v3/Ethnicity",
                  "code": "2186-5",
                  "display": "Nonhispanic"
                }
              ],
              "text": "ethnicity"
            }
          },
          {
            "url": "http://hl7.org/fhir/StructureDefinition/birthPlace",
            "valueAddress": {
              "city": "Great Barrington",
              "state": "MA",
              "country": "US"
            }
          },
          {
            "url": "http://hl7.org/fhir/StructureDefinition/patient-mothersMaidenName",
            "valueString": "Phylicia977 Herman171"
          },
          {
            "url": "http://hl7.org/fhir/us/core/StructureDefinition/us-core-birthsex",
            "valueCode": "F"
          },
          {
            "url": "http://hl7.org/fhir/StructureDefinition/patient-interpreterRequired",
            "valueBoolean": false
          },
          {
            "url": "http://standardhealthrecord.org/fhir/StructureDefinition/shr-actor-FictionalPerson-extension",
            "valueBoolean": true
          },
          {
            "url": "http://standardhealthrecord.org/fhir/StructureDefinition/shr-demographics-FathersName-extension",
            "valueHumanName": {
              "text": "Dane603 Monahan577"
            }
          },
          {
            "url": "http://standardhealthrecord.org/fhir/StructureDefinition/shr-demographics-SocialSecurityNumber-extension",
            "valueString": "999-66-3872"
          }
        ],
        "identifier": [
          {
            "system": "https://github.com/synthetichealth/synthea",
            "value": "eeb5ff19-1097-4977-a4d2-f49cddb04c17"
          },
          {
            "type": {
              "coding": [
                {
                  "system": "http://hl7.org/fhir/identifier-type",
                  "code": "SB"
                }
              ]
            },
            "system": "http://hl7.org/fhir/sid/us-ssn",
            "value": "999663872"
          },
          {
            "type": {
              "coding": [
                {
                  "system": "http://hl7.org/fhir/v2/0203",
                  "code": "DL"
                }
              ]
            },
            "system": "urn:oid:2.16.840.1.113883.4.3.25",
            "value": "S99923276"
          },
          {
            "type": {
              "coding": [
                {
                  "system": "http://hl7.org/fhir/v2/0203",
                  "code": "PPN"
                }
              ]
            },
            "system": "http://standardhealthrecord.org/fhir/StructureDefinition/passportNumber",
            "value": "X99970706X"
          },
          {
            "type": {
              "coding": [
                {
                  "system": "http://hl7.org/fhir/v2/0203",
                  "code": "MR"
                }
              ]
            },
            "system": "http://hospital.smarthealthit.org",
            "value": "eeb5ff19-1097-4977-a4d2-f49cddb04c17"
          }
        ],
        "name": [
          {
            "use": "official",
            "family": "Connelly550",
            "given": [
              "Emogene39"
            ],
            "prefix": [
              "Mrs."
            ]
          },
          {
            "use": "maiden",
            "family": "Monahan577",
            "given": [
              "Emogene39"
            ]
          }
        ],
        "telecom": [
          {
            "system": "phone",
            "value": "602.833.0471 x8724",
            "use": "home"
          }
        ],
        "gender": "female",
        "birthDate": "1945-08-23",
        "deceasedDateTime": "1979-04-05T20:10:06-05:00",
        "address": [
          {
            "extension": [
              {
                "extension": [
                  {
                    "url": "latitude",
                    "valueDecimal": 41.68141489275729
                  },
                  {
                    "url": "longitude",
                    "valueDecimal": -70.63253794758633
                  }
                ],
                "url": "http://hl7.org/fhir/StructureDefinition/geolocation"
              }
            ],
            "line": [
              "602 Kovacek Course",
              "Suite 879"
            ],
            "city": "Bourne",
            "state": "MA",
            "postalCode": "02532",
            "country": "US"
          }
        ],
        "maritalStatus": {
          "coding": [
            {
              "system": "http://hl7.org/fhir/v3/MaritalStatus",
              "code": "M"
            }
          ],
          "text": "M"
        },
        "multipleBirthBoolean": false,
        "communication": [
          {
            "language": {
              "coding": [
                {
                  "system": "http://hl7.org/fhir/ValueSet/languages",
                  "code": "en-US",
                  "display": "English (United States)"
                }
              ]
            }
          }
        ],
        "generalPractitioner": [
          {
            "reference": "urn:uuid:93ec658b-f9c6-4ee3-9bd0-d06d15786a2e"
          }
        ],
        "resourceType": "Patient"
      }
    },
    {
      "fullUrl": "urn:uuid:c04ed767-f1cb-4f17-867c-5f6cc9b2e3d4",
      "resource": {
        "id": "c04ed767-f1cb-4f17-867c-5f6cc9b2e3d4",
        "meta": {
          "profile": [
            "http://standardhealthrecord.org/fhir/StructureDefinition/shr-encounter-Encounter"
          ]
        },
        "status": "finished",
        "class": {
          "code": "ambulatory"
        },
        "type": [
          {
            "coding": [
              {
                "system": "http://snomed.info/sct",
                "code": "308646001"
              }
            ],
            "text": "Death Certification"
          }
        ],
        "subject": {
          "reference": "urn:uuid:ffd547ca-5eeb-474d-b1f4-0e47dc2fcec2"
        },
        "period": {
          "start": "1979-04-05T20:10:06-05:00",
          "end": "1979-04-05T20:25:06-05:00"
        },
        "serviceProvider": {
          "reference": "urn:uuid:93ec658b-f9c6-4ee3-9bd0-d06d15786a2e"
        },
        "resourceType": "Encounter"
      }
    },
    {
      "fullUrl": "urn:uuid:ff4dffcf-d5cc-40c0-bc29-faf02e83ca64",
      "resource": {
        "id": "ff4dffcf-d5cc-40c0-bc29-faf02e83ca64",
        "status": "active",
        "use": "complete",
        "patient": {
          "reference": "urn:uuid:ffd547ca-5eeb-474d-b1f4-0e47dc2fcec2"
        },
        "billablePeriod": {
          "start": "1979-04-05T20:10:06-05:00",
          "end": "1979-04-05T20:25:06-05:00"
        },
        "organization": {
          "reference": {
            "reference": "urn:uuid:93ec658b-f9c6-4ee3-9bd0-d06d15786a2e"
          }
        },
        "item": [
          {
            "sequence": 1,
            "net": {
              "value": 125.0,
              "system": "urn:iso:std:iso:4217",
              "code": "USD"
            },
            "encounter": [
              {
                "reference": {
                  "fullUrl": "urn:uuid:c04ed767-f1cb-4f17-867c-5f6cc9b2e3d4",
                  "resource": {
                    "id": "c04ed767-f1cb-4f17-867c-5f6cc9b2e3d4",
                    "meta": {
                      "profile": [
                        "http://standardhealthrecord.org/fhir/StructureDefinition/shr-encounter-Encounter"
                      ]
                    },
                    "status": "finished",
                    "class": {
                      "code": "ambulatory"
                    },
                    "type": [
                      {
                        "coding": [
                          {
                            "system": "http://snomed.info/sct",
                            "code": "308646001"
                          }
                        ],
                        "text": "Death Certification"
                      }
                    ],
                    "subject": {
                      "reference": "urn:uuid:ffd547ca-5eeb-474d-b1f4-0e47dc2fcec2"
                    },
                    "period": {
                      "start": "1979-04-05T20:10:06-05:00",
                      "end": "1979-04-05T20:25:06-05:00"
                    },
                    "serviceProvider": {
                      "reference": "urn:uuid:93ec658b-f9c6-4ee3-9bd0-d06d15786a2e"
                    },
                    "resourceType": "Encounter"
                  }
                }
              }
            ]
          }
        ],
        "total": {
          "value": 125.0,
          "system": "urn:iso:std:iso:4217",
          "code": "USD"
        },
        "resourceType": "Claim"
      }
    },
    {
      "fullUrl": "urn:uuid:8088cb06-a271-4f82-abf0-d21727ff9d51",
      "resource": {
        "id": "8088cb06-a271-4f82-abf0-d21727ff9d51",
        "meta": {
          "profile": [
            "http://standardhealthrecord.org/fhir/StructureDefinition/shr-observation-Observation"
          ]
        },
        "status": "final",
        "category": [
          {
            "coding": [
              {
                "system": "http://hl7.org/fhir/observation-category"
              }
            ]
          }
        ],
        "code": {
          "coding": [
            {
              "system": "http://loinc.org",
              "code": "69453-9",
              "display": "Cause of Death [US Standard Certificate of Death]"
            }
          ],
          "text": "Cause of Death [US Standard Certificate of Death]"
        },
        "subject": {
          "reference": "urn:uuid:ffd547ca-5eeb-474d-b1f4-0e47dc2fcec2"
        },
        "context": {
          "reference": "urn:uuid:c04ed767-f1cb-4f17-867c-5f6cc9b2e3d4"
        },
        "effectiveDateTime": "1979-04-05T20:10:06-05:00",
        "issued": "1979-04-05T20:10:06-05:00",
        "valueCodeableConcept": {
          "coding": [
            {
              "system": "http://snomed.info/sct",
              "code": "9855000",
              "display": "Natural death with unknown cause"
            }
          ],
          "text": "Natural death with unknown cause"
        },
        "resourceType": "Observation"
      }
    },
    {
      "fullUrl": "urn:uuid:5c0b3987-7119-4e60-b818-4ebc25f40894",
      "resource": {
        "id": "5c0b3987-7119-4e60-b818-4ebc25f40894",
        "meta": {
          "profile": [
            "http://standardhealthrecord.org/fhir/StructureDefinition/shr-observation-Panel"
          ]
        },
        "status": "final",
        "code": {
          "coding": [
            {
              "system": "http://loinc.org",
              "code": "69409-1",
              "display": "U.S. standard certificate of death - 2003 revision"
            }
          ]
        },
        "subject": {
          "reference": "urn:uuid:ffd547ca-5eeb-474d-b1f4-0e47dc2fcec2"
        },
        "context": {
          "reference": "urn:uuid:c04ed767-f1cb-4f17-867c-5f6cc9b2e3d4"
        },
        "effectiveDateTime": "1979-04-05T20:10:06-05:00",
        "issued": "1979-04-05T20:10:06-05:00",
        "result": [
          {
            "reference": "urn:uuid:8088cb06-a271-4f82-abf0-d21727ff9d51",
            "display": "Cause of Death [US Standard Certificate of Death]"
          }
        ],
        "resourceType": "DiagnosticReport"
      }
    },
    {
      "fullUrl": "urn:uuid:84cc62ca-18f5-4645-a027-c1f902ab2c73",
      "resource": {
        "id": "84cc62ca-18f5-4645-a027-c1f902ab2c73",
        "meta": {
          "profile": [
            "http://standardhealthrecord.org/fhir/StructureDefinition/shr-observation-Observation"
          ]
        },
        "status": "final",
        "category": [
          {
            "coding": [
              {
                "system": "http://hl7.org/fhir/observation-category",
                "code": "survey"
              }
            ]
          }
        ],
        "code": {
          "coding": [
            {
              "system": "http://snomed.info/sct",
              "code": "273724008",
              "display": "Quality adjusted life years"
            }
          ],
          "text": "Quality adjusted life years"
        },
        "subject": {
          "reference": "urn:uuid:ffd547ca-5eeb-474d-b1f4-0e47dc2fcec2"
        },
        "effectiveDateTime": "2017-10-31T16:09:28-04:00",
        "issued": "2017-10-31T16:09:28-04:00",
        "valueQuantity": {
          "value": 32.56238072331135,
          "unit": "years",
          "system": "http://unitsofmeasure.org/",
          "code": "years"
        },
        "resourceType": "Observation"
      }
    },
    {
      "fullUrl": "urn:uuid:6bce8d8e-4b1f-4ff4-b285-a83d186a8370",
      "resource": {
        "id": "6bce8d8e-4b1f-4ff4-b285-a83d186a8370",
        "meta": {
          "profile": [
            "http://standardhealthrecord.org/fhir/StructureDefinition/shr-observation-Observation"
          ]
        },
        "status": "final",
        "category": [
          {
            "coding": [
              {
                "system": "http://hl7.org/fhir/observation-category",
                "code": "survey"
              }
            ]
          }
        ],
        "code": {
          "coding": [
            {
              "system": "http://snomed.info/sct",
              "code": "273421001",
              "display": "Disability rating scale"
            }
          ],
          "text": "Disability rating scale"
        },
        "subject": {
          "reference": "urn:uuid:ffd547ca-5eeb-474d-b1f4-0e47dc2fcec2"
        },
        "effectiveDateTime": "2017-10-31T16:09:28-04:00",
        "issued": "2017-10-31T16:09:28-04:00",
        "valueQuantity": {
          "value": 54.81663927668865,
          "unit": "years",
          "system": "http://unitsofmeasure.org/",
          "code": "years"
        },
        "resourceType": "Observation"
      }
    }
  ],
  "resourceType": "Bundle"
}