{
  "type": "collection",
  "entry": [
    {
      "fullUrl": "urn:uuid:6db15dac-0125-4181-998b-7a2d19dbac8c",
      "resource": {
        "id": "6db15dac-0125-4181-998b-7a2d19dbac8c",
        "meta": {
          "profile": [
            "http://standardhealthrecord.org/fhir/StructureDefinition/shr-actor-Organization"
          ]
        },
        "type": [
          {
            "coding": [
              {
                "system": "http://hl7.org/fhir/organization-type",
                "code": "prov",
                "display": "Healthcare Provider"
              }
            ],
            "text": "Healthcare Provider"
          }
        ],
        "name": "TEWKSBURY HOSPITAL",
        "resourceType": "Organization"
      }
    },
    {
      "fullUrl": "urn:uuid:7e630673-6671-481d-b4b1-debdb8130864",
      "resource": {
        "id": "7e630673-6671-481d-b4b1-debdb8130864",
        "meta": {
          "profile": [
            "http://standardhealthrecord.org/fhir/StructureDefinition/shr-demographics-PersonOfRecord"
          ]
        },
        "text": {
          "status": "generated",
          "div": "<div xmlns=\"http://www.w3.org/1999/xhtml\">Generated by <a href=\"https://github.com/synthetichealth/synthea\">Synthea</a>. Version identifier: 368ac389f34cd3ce3986aa3a0a08e467bf574db3</div>"
        },
        "extension": [
          {
            "url": "http://hl7.org/fhir/us/core/StructureDefinition/us-core-race",
            "valueCodeableConcept": {
              "coding": [
                {
                  "system": "http://hl7.org/fhir/v3/Race",
                  "code": "2106-3",
                  "display": "White"
                }
              ],
              "text": "race"
            }
          },
          {
            "url": "http://hl7.org/fhir/us/core/StructureDefinition/us-core-ethnicity",
            "valueCodeableConcept": {
              "coding": [
                {
                  "system": "http://hl7.org/fhir/v3/Ethnicity",
                  "code": "2186-5",
                  "display": "Nonhispanic"
                }
              ],
              "text": "ethnicity"
            }
          },
          {
            "url": "http://hl7.org/fhir/StructureDefinition/birthPlace",
            "valueAddress": {
              "city": "Springfield",
              "state": "MA",
              "country": "US"
            }
          },
          {
            "url": "http://hl7.org/fhir/StructureDefinition/patient-mothersMaidenName",
            "valueString": "Lora71 Bernhard793"
          },
          {
            "url": "http://hl7.org/fhir/us/core/StructureDefinition/us-core-birthsex",
            "valueCode": "F"
          },
          {
            "url": "http://hl7.org/fhir/StructureDefinition/patient-interpreterRequired",
            "valueBoolean": false
          },
          {
            "url": "http://standardhealthrecord.org/fhir/StructureDefinition/shr-actor-FictionalPerson-extension",
            "valueBoolean": true
          },
          {
            "url": "http://standardhealthrecord.org/fhir/StructureDefinition/shr-demographics-FathersName-extension",
            "valueHumanName": {
              "text": "Sidney661 Moore54"
            }
          },
          {
            "url": "http://standardhealthrecord.org/fhir/StructureDefinition/shr-demographics-SocialSecurityNumber-extension",
            "valueString": "999-44-8240"
          }
        ],
        "identifier": [
          {
            "system": "https://github.com/synthetichealth/synthea",
            "value": "3f82e5eb-20d2-478e-be31-8d77575dab52"
          },
          {
            "type": {
              "coding": [
                {
                  "system": "http://hl7.org/fhir/identifier-type",
                  "code": "SB"
                }
              ]
            },
            "system": "http://hl7.org/fhir/sid/us-ssn",
            "value": "999448240"
          },
          {
            "type": {
              "coding": [
                {
                  "system": "http://hl7.org/fhir/v2/0203",
                  "code": "DL"
                }
              ]
            },
            "system": "urn:oid:2.16.840.1.113883.4.3.25",
            "value": "S99943122"
          },
          {
            "type": {
              "coding": [
                {
                  "system": "http://hl7.org/fhir/v2/0203",
                  "code": "MR"
                }
              ]
            },
            "system": "http://hospital.smarthealthit.org",
            "value": "3f82e5eb-20d2-478e-be31-8d77575dab52"
          }
        ],
        "name": [
          {
            "use": "official",
            "family": "Conn519",
            "given": [
              "Leonor764"
            ],
            "prefix": [
              "Mrs."
            ]
          },
          {
            "use": "maiden",
            "family": "Moore54",
            "given": [
              "Leonor764"
            ]
          }
        ],
        "telecom": [
          {
            "system": "phone",
            "value": "1-672-636-2313 x77007",
            "use": "home"
          }
        ],
        "gender": "female",
        "birthDate": "1923-03-10",
        "deceasedDateTime": "2007-02-17T22:03:09-05:00",
        "address": [
          {
            "extension": [
              {
                "extension": [
                  {
                    "url": "latitude",
                    "valueDecimal": 42.60653863126507
                  },
                  {
                    "url": "longitude",
                    "valueDecimal": -71.20038341785722
                  }
                ],
                "url": "http://hl7.org/fhir/StructureDefinition/geolocation"
              }
            ],
            "line": [
              "1801 Marianne Harbor",
              "Suite 497"
            ],
            "city": "Tewksbury",
            "state": "MA",
            "postalCode": "01876",
            "country": "US"
          }
        ],
        "maritalStatus": {
          "coding": [
            {
              "system": "http://hl7.org/fhir/v3/MaritalStatus",
              "code": "M"
            }
          ],
          "text": "M"
        },
        "multipleBirthBoolean": false,
        "communication": [
          {
            "language": {
              "coding": [
                {
                  "system": "http://hl7.org/fhir/ValueSet/languages",
                  "code": "en-US",
                  "display": "English (United States)"
                }
              ]
            }
          }
        ],
        "generalPractitioner": [
          {
            "reference": "urn:uuid:6db15dac-0125-4181-998b-7a2d19dbac8c"
          }
        ],
        "resourceType": "Patient"
      }
    },
    {
      "fullUrl": "urn:uuid:828cbcae-bc50-4618-8ae8-7a25c7226116",
      "resource": {
        "id": "828cbcae-bc50-4618-8ae8-7a25c7226116",
        "meta": {
          "profile": [
            "http://standardhealthrecord.org/fhir/StructureDefinition/shr-encounter-Encounter"
          ]
        },
        "status": "finished",
        "class": {
          "code": "ambulatory"
        },
        "type": [
          {
            "coding": [
              {
                "system": "http://snomed.info/sct",
                "code": "308646001"
              }
            ],
            "text": "Death Certification"
          }
        ],
        "subject": {
          "reference": "urn:uuid:7e630673-6671-481d-b4b1-debdb8130864"
        },
        "period": {
          "start": "2007-02-17T22:03:09-05:00",
          "end": "2007-02-17T22:18:09-05:00"
        },
        "serviceProvider": {
          "reference": "urn:uuid:6db15dac-0125-4181-998b-7a2d19dbac8c"
        },
        "resourceType": "Encounter"
      }
    },
    {
      "fullUrl": "urn:uuid:27c3c842-2219-47cd-9535-4c01168cb4d0",
      "resource": {
        "id": "27c3c842-2219-47cd-9535-4c01168cb4d0",
        "status": "active",
        "use": "complete",
        "patient": {
          "reference": "urn:uuid:7e630673-6671-481d-b4b1-debdb8130864"
        },
        "billablePeriod": {
          "start": "2007-02-17T22:03:09-05:00",
          "end": "2007-02-17T22:18:09-05:00"
        },
        "organization": {
          "reference": {
            "reference": "urn:uuid:6db15dac-0125-4181-998b-7a2d19dbac8c"
          }
        },
        "diagnosis": [
          {
            "sequence": 1,
            "diagnosisReference": {
              "reference": "urn:uuid:aeb24b21-81ab-4a2a-b8cb-289d79ec8d6c"
            }
          }
        ],
        "item": [
          {
            "sequence": 1,
            "net": {
              "value": 125.0,
              "system": "urn:iso:std:iso:4217",
              "code": "USD"
            },
            "encounter": [
              {
                "reference": {
                  "fullUrl": "urn:uuid:828cbcae-bc50-4618-8ae8-7a25c7226116",
                  "resource": {
                    "id": "828cbcae-bc50-4618-8ae8-7a25c7226116",
                    "meta": {
                      "profile": [
                        "http://standardhealthrecord.org/fhir/StructureDefinition/shr-encounter-Encounter"
                      ]
                    },
                    "status": "finished",
                    "class": {
                      "code": "ambulatory"
                    },
                    "type": [
                      {
                        "coding": [
                          {
                            "system": "http://snomed.info/sct",
                            "code": "308646001"
                          }
                        ],
                        "text": "Death Certification"
                      }
                    ],
                    "subject": {
                      "reference": "urn:uuid:7e630673-6671-481d-b4b1-debdb8130864"
                    },
                    "period": {
                      "start": "2007-02-17T22:03:09-05:00",
                      "end": "2007-02-17T22:18:09-05:00"
                    },
                    "serviceProvider": {
                      "reference": "urn:uuid:6db15dac-0125-4181-998b-7a2d19dbac8c"
                    },
                    "resourceType": "Encounter"
                  }
                }
              }
            ]
          },
          {
            "sequence": 2,
            "diagnosisLinkId": [
              1
            ],
            "net": {
              "value": 0.0,
              "system": "urn:iso:std:iso:4217",
              "code": "USD"
            }
          }
        ],
        "total": {
          "value": 125.0,
          "system": "urn:iso:std:iso:4217",
          "code": "USD"
        },
        "resourceType": "Claim"
      }
    },
    {
      "fullUrl": "urn:uuid:aeb24b21-81ab-4a2a-b8cb-289d79ec8d6c",
      "resource": {
        "id": "aeb24b21-81ab-4a2a-b8cb-289d79ec8d6c",
        "meta": {
          "profile": [
            "http://standardhealthrecord.org/fhir/StructureDefinition/shr-problem-Problem"
          ]
        },
        "clinicalStatus": "active",
        "verificationStatus": "confirmed",
        "code": {
          "coding": [
            {
              "system": "http://snomed.info/sct",
              "code": "15777000",
              "display": "Prediabetes"
            }
          ],
          "text": "Prediabetes"
        },
        "subject": {
          "reference": "urn:uuid:7e630673-6671-481d-b4b1-debdb8130864"
        },
        "context": {
          "reference": "urn:uuid:828cbcae-bc50-4618-8ae8-7a25c7226116"
        },
        "onsetDateTime": "1973-06-02T02:20:38-04:00",
        "assertedDate": "1973-06-02",
        "resourceType": "Condition"
      }
    },
    {
      "fullUrl": "urn:uuid:57946f10-803d-4233-b06e-79de374ab3e5",
      "resource": {
        "id": "57946f10-803d-4233-b06e-79de374ab3e5",
        "meta": {
          "profile": [
            "http://standardhealthrecord.org/fhir/StructureDefinition/shr-observation-Observation"
          ]
        },
        "status": "final",
        "category": [
          {
            "coding": [
              {
                "system": "http://hl7.org/fhir/observation-category"
              }
            ]
          }
        ],
        "code": {
          "coding": [
            {
              "system": "http://loinc.org",
              "code": "69453-9",
              "display": "Cause of Death [US Standard Certificate of Death]"
            }
          ],
          "text": "Cause of Death [US Standard Certificate of Death]"
        },
        "subject": {
          "reference": "urn:uuid:7e630673-6671-481d-b4b1-debdb8130864"
        },
        "context": {
          "reference": "urn:uuid:828cbcae-bc50-4618-8ae8-7a25c7226116"
        },
        "effectiveDateTime": "2007-02-17T22:03:09-05:00",
        "issued": "2007-02-17T22:03:09-05:00",
        "valueCodeableConcept": {
          "coding": [
            {
              "system": "http://snomed.info/sct",
              "code": "9855000",
              "display": "Natural death with unknown cause"
            }
          ],
          "text": "Natural death with unknown cause"
        },
        "resourceType": "Observation"
      }
    },
    {
      "fullUrl": "urn:uuid:b9368c32-6ed2-4648-88e9-481ac5810dca",
      "resource": {
        "id": "b9368c32-6ed2-4648-88e9-481ac5810dca",
        "meta": {
          "profile": [
            "http://standardhealthrecord.org/fhir/StructureDefinition/shr-observation-Panel"
          ]
        },
        "status": "final",
        "code": {
          "coding": [
            {
              "system": "http://loinc.org",
              "code": "69409-1",
              "display": "U.S. standard certificate of death - 2003 revision"
            }
          ]
        },
        "subject": {
          "reference": "urn:uuid:7e630673-6671-481d-b4b1-debdb8130864"
        },
        "context": {
          "reference": "urn:uuid:828cbcae-bc50-4618-8ae8-7a25c7226116"
        },
        "effectiveDateTime": "2007-02-17T22:03:09-05:00",
        "issued": "2007-02-17T22:03:09-05:00",
        "result": [
          {
            "reference": "urn:uuid:57946f10-803d-4233-b06e-79de374ab3e5",
            "display": "Cause of Death [US Standard Certificate of Death]"
          }
        ],
        "resourceType": "DiagnosticReport"
      }
    },
    {
      "fullUrl": "urn:uuid:b5ea6cbd-d48e-4658-9cc6-6a002795f75b",
      "resource": {
        "id": "b5ea6cbd-d48e-4658-9cc6-6a002795f75b",
        "status": "in-progress",
        "description": {
          "text": "Hemoglobin A1c total in Blood < 7.0"
        },
        "addresses": [
          {
            "reference": "urn:uuid:aeb24b21-81ab-4a2a-b8cb-289d79ec8d6c"
          }
        ],
        "resourceType": "Goal"
      }
    },
    {
      "fullUrl": "urn:uuid:ce3d856d-d626-45b9-ae4d-86c41ddffb45",
      "resource": {
        "id": "ce3d856d-d626-45b9-ae4d-86c41ddffb45",
        "status": "in-progress",
        "description": {
          "text": "Glucose [Mass/volume] in Blood < 108"
        },
        "addresses": [
          {
            "reference": "urn:uuid:aeb24b21-81ab-4a2a-b8cb-289d79ec8d6c"
          }
        ],
        "resourceType": "Goal"
      }
    },
    {
      "fullUrl": "urn:uuid:4b55e9e0-9874-449c-bace-b586f5e884b8",
      "resource": {
        "id": "4b55e9e0-9874-449c-bace-b586f5e884b8",
        "status": "in-progress",
        "description": {
          "text": "Maintain blood pressure below 140/90 mmHg"
        },
        "addresses": [
          {
            "reference": "urn:uuid:aeb24b21-81ab-4a2a-b8cb-289d79ec8d6c"
          }
        ],
        "resourceType": "Goal"
      }
    },
    {
      "fullUrl": "urn:uuid:bf0b0b57-118e-4aec-af5c-0b30a7644ce7",
      "resource": {
        "id": "bf0b0b57-118e-4aec-af5c-0b30a7644ce7",
        "status": "in-progress",
        "description": {
          "text": "Improve and maintenance of optimal foot health: aim at early detection of peripheral vascular problems and neuropathy presumed due to diabetes; and prevention of diabetic foot ulcer, gangrene"
        },
        "addresses": [
          {
            "reference": "urn:uuid:aeb24b21-81ab-4a2a-b8cb-289d79ec8d6c"
          }
        ],
        "resourceType": "Goal"
      }
    },
    {
      "fullUrl": "urn:uuid:a852911e-7011-4660-9b3c-8d94ad5f77bb",
      "resource": {
        "id": "a852911e-7011-4660-9b3c-8d94ad5f77bb",
        "status": "in-progress",
        "description": {
          "text": "Address patient knowledge deficit on diabetic self-care"
        },
        "addresses": [
          {
            "reference": "urn:uuid:aeb24b21-81ab-4a2a-b8cb-289d79ec8d6c"
          }
        ],
        "resourceType": "Goal"
      }
    },
    {
      "resource": {
        "status": "active",
        "intent": "order",
        "category": [
          {
            "coding": [
              {
                "system": "http://snomed.info/sct",
                "code": "698360004",
                "display": "Diabetes self management plan"
              }
            ]
          }
        ],
        "subject": {
          "reference": "urn:uuid:7e630673-6671-481d-b4b1-debdb8130864"
        },
        "context": {
          "reference": "urn:uuid:828cbcae-bc50-4618-8ae8-7a25c7226116"
        },
        "period": {
          "start": "1973-06-02"
        },
        "addresses": [
          {
            "reference": "urn:uuid:aeb24b21-81ab-4a2a-b8cb-289d79ec8d6c"
          }
        ],
        "goal": [
          {
            "reference": "urn:uuid:b5ea6cbd-d48e-4658-9cc6-6a002795f75b"
          },
          {
            "reference": "urn:uuid:ce3d856d-d626-45b9-ae4d-86c41ddffb45"
          },
          {
            "reference": "urn:uuid:4b55e9e0-9874-449c-bace-b586f5e884b8"
          },
          {
            "reference": "urn:uuid:bf0b0b57-118e-4aec-af5c-0b30a7644ce7"
          },
          {
            "reference": "urn:uuid:a852911e-7011-4660-9b3c-8d94ad5f77bb"
          }
        ],
        "activity": [
          {
            "detail": {
              "code": {
                "coding": [
                  {
                    "system": "http://snomed.info/sct",
                    "code": "160670007",
                    "display": "Diabetic diet"
                  }
                ]
              },
              "status": "in-progress"
            }
          },
          {
            "detail": {
              "code": {
                "coding": [
                  {
                    "system": "http://snomed.info/sct",
                    "code": "229065009",
                    "display": "Exercise therapy"
                  }
                ]
              },
              "status": "in-progress"
            }
          }
        ],
        "resourceType": "CarePlan"
      }
    },
    {
      "fullUrl": "urn:uuid:f3bab0af-58dd-40ca-a886-6957f9f44d12",
      "resource": {
        "id": "f3bab0af-58dd-40ca-a886-6957f9f44d12",
        "meta": {
          "profile": [
            "http://standardhealthrecord.org/fhir/StructureDefinition/shr-medication-MedicationPrescription"
          ]
        },
        "extension": [
          {
            "url": "http://standardhealthrecord.org/fhir/StructureDefinition/shr-base-ActionCode-extension",
            "valueCodeableConcept": {
              "coding": [
                {
                  "system": "http://snomed.info/sct",
                  "code": "33633005",
                  "display": "Prescription of drug (procedure)"
                }
              ],
              "text": "Prescription of drug (procedure)"
            }
          }
        ],
        "status": "active",
        "intent": "order",
        "medicationCodeableConcept": {
          "coding": [
            {
              "system": "http://www.nlm.nih.gov/research/umls/rxnorm",
              "code": "834101",
              "display": "Penicillin V Potassium 500 MG"
            }
          ],
          "text": "Penicillin V Potassium 500 MG"
        },
        "subject": {
          "reference": "urn:uuid:7e630673-6671-481d-b4b1-debdb8130864"
        },
        "context": {
          "reference": "urn:uuid:828cbcae-bc50-4618-8ae8-7a25c7226116"
        },
        "authoredOn": "1947-01-27",
        "resourceType": "MedicationRequest"
      }
    },
    {
      "fullUrl": "urn:uuid:a6b996d7-00a3-4ab3-9fc5-ec844067261b",
      "resource": {
        "id": "a6b996d7-00a3-4ab3-9fc5-ec844067261b",
        "status": "active",
        "use": "complete",
        "patient": {
          "reference": "urn:uuid:7e630673-6671-481d-b4b1-debdb8130864"
        },
        "billablePeriod": {
          "start": "2007-02-17T22:03:09-05:00",
          "end": "2007-02-17T22:18:09-05:00"
        },
        "organization": {
          "reference": {
            "reference": "urn:uuid:6db15dac-0125-4181-998b-7a2d19dbac8c"
          }
        },
        "prescription": {
          "reference": "urn:uuid:f3bab0af-58dd-40ca-a886-6957f9f44d12"
        },
        "item": [
          {
            "sequence": 1,
            "net": {
              "value": 125.0,
              "system": "urn:iso:std:iso:4217",
              "code": "USD"
            },
            "encounter": [
              {
                "reference": {
                  "fullUrl": "urn:uuid:828cbcae-bc50-4618-8ae8-7a25c7226116",
                  "resource": {
                    "id": "828cbcae-bc50-4618-8ae8-7a25c7226116",
                    "meta": {
                      "profile": [
                        "http://standardhealthrecord.org/fhir/StructureDefinition/shr-encounter-Encounter"
                      ]
                    },
                    "status": "finished",
                    "class": {
                      "code": "ambulatory"
                    },
                    "type": [
                      {
                        "coding": [
                          {
                            "system": "http://snomed.info/sct",
                            "code": "308646001"
                          }
                        ],
                        "text": "Death Certification"
                      }
                    ],
                    "subject": {
                      "reference": "urn:uuid:7e630673-6671-481d-b4b1-debdb8130864"
                    },
                    "period": {
                      "start": "2007-02-17T22:03:09-05:00",
                      "end": "2007-02-17T22:18:09-05:00"
                    },
                    "serviceProvider": {
                      "reference": "urn:uuid:6db15dac-0125-4181-998b-7a2d19dbac8c"
                    },
                    "resourceType": "Encounter"
                  }
                }
              }
            ]
          },
          {
            "sequence": 1,
            "net": {
              "value": 255.0,
              "system": "urn:iso:std:iso:4217",
              "code": "USD"
            }
          }
        ],
        "total": {
          "value": 255.0,
          "system": "urn:iso:std:iso:4217",
          "code": "USD"
        },
        "resourceType": "Claim"
      }
    },
    {
      "fullUrl": "urn:uuid:2e12bc72-3a6d-42a3-882c-c6c4af18ac6d",
      "resource": {
        "id": "2e12bc72-3a6d-42a3-882c-c6c4af18ac6d",
        "meta": {
          "profile": [
            "http://standardhealthrecord.org/fhir/StructureDefinition/shr-observation-Observation"
          ]
        },
        "status": "final",
        "category": [
          {
            "coding": [
              {
                "system": "http://hl7.org/fhir/observation-category",
                "code": "survey"
              }
            ]
          }
        ],
        "code": {
          "coding": [
            {
              "system": "http://snomed.info/sct",
              "code": "273724008",
              "display": "Quality adjusted life years"
            }
          ],
          "text": "Quality adjusted life years"
        },
        "subject": {
          "reference": "urn:uuid:7e630673-6671-481d-b4b1-debdb8130864"
        },
        "effectiveDateTime": "2017-10-31T16:09:28-04:00",
        "issued": "2017-10-31T16:09:28-04:00",
        "valueQuantity": {
          "value": 81.78921477942541,
          "unit": "years",
          "system": "http://unitsofmeasure.org/",
          "code": "years"
        },
        "resourceType": "Observation"
      }
    },
    {
      "fullUrl": "urn:uuid:1b456145-ee1f-4d87-ba64-b0a1cb445270",
      "resource": {
        "id": "1b456145-ee1f-4d87-ba64-b0a1cb445270",
        "meta": {
          "profile": [
            "http://standardhealthrecord.org/fhir/StructureDefinition/shr-observation-Observation"
          ]
        },
        "status": "final",
        "category": [
          {
            "coding": [
              {
                "system": "http://hl7.org/fhir/observation-category",
                "code": "survey"
              }
            ]
          }
        ],
        "code": {
          "coding": [
            {
              "system": "http://snomed.info/sct",
              "code": "273421001",
              "display": "Disability rating scale"
            }
          ],
          "text": "Disability rating scale"
        },
        "subject": {
          "reference": "urn:uuid:7e630673-6671-481d-b4b1-debdb8130864"
        },
        "effectiveDateTime": "2017-10-31T16:09:28-04:00",
        "issued": "2017-10-31T16:09:28-04:00",
        "valueQuantity": {
          "value": 13.91080522057458,
          "unit": "years",
          "system": "http://unitsofmeasure.org/",
          "code": "years"
        },
        "resourceType": "Observation"
      }
    }
  ],
  "resourceType": "Bundle"
}