{
  "type": "collection",
  "entry": [
    {
      "fullUrl": "urn:uuid:7ba109b0-4fc8-4375-ab34-0fba748975a7",
      "resource": {
        "id": "7ba109b0-4fc8-4375-ab34-0fba748975a7",
        "meta": {
          "profile": [
            "http://standardhealthrecord.org/fhir/StructureDefinition/shr-actor-Organization"
          ]
        },
        "type": [
          {
            "coding": [
              {
                "system": "http://hl7.org/fhir/organization-type",
                "code": "prov",
                "display": "Healthcare Provider"
              }
            ],
            "text": "Healthcare Provider"
          }
        ],
        "name": "NEWTON-WELLESLEY AMB CRE CTR NEWTON",
        "resourceType": "Organization"
      }
    },
    {
      "fullUrl": "urn:uuid:70d8bb50-1f1b-4bf4-b91d-97fa91bb1a84",
      "resource": {
        "id": "70d8bb50-1f1b-4bf4-b91d-97fa91bb1a84",
        "meta": {
          "profile": [
            "http://standardhealthrecord.org/fhir/StructureDefinition/shr-demographics-PersonOfRecord"
          ]
        },
        "text": {
          "status": "generated",
          "div": "<div xmlns=\"http://www.w3.org/1999/xhtml\">Generated by <a href=\"https://github.com/synthetichealth/synthea\">Synthea</a>. Version identifier: 368ac389f34cd3ce3986aa3a0a08e467bf574db3</div>"
        },
        "extension": [
          {
            "url": "http://hl7.org/fhir/us/core/StructureDefinition/us-core-race",
            "valueCodeableConcept": {
              "coding": [
                {
                  "system": "http://hl7.org/fhir/v3/Race",
                  "code": "2054-5",
                  "display": "Black"
                }
              ],
              "text": "race"
            }
          },
          {
            "url": "http://hl7.org/fhir/us/core/StructureDefinition/us-core-ethnicity",
            "valueCodeableConcept": {
              "coding": [
                {
                  "system": "http://hl7.org/fhir/v3/Ethnicity",
                  "code": "2186-5",
                  "display": "Nonhispanic"
                }
              ],
              "text": "ethnicity"
            }
          },
          {
            "url": "http://hl7.org/fhir/StructureDefinition/birthPlace",
            "valueAddress": {
              "city": "Stoneham",
              "state": "MA",
              "country": "US"
            }
          },
          {
            "url": "http://hl7.org/fhir/StructureDefinition/patient-mothersMaidenName",
            "valueString": "Lynetta997 Fritsch190"
          },
          {
            "url": "http://hl7.org/fhir/us/core/StructureDefinition/us-core-birthsex",
            "valueCode": "F"
          },
          {
            "url": "http://hl7.org/fhir/StructureDefinition/patient-interpreterRequired",
            "valueBoolean": false
          },
          {
            "url": "http://standardhealthrecord.org/fhir/StructureDefinition/shr-actor-FictionalPerson-extension",
            "valueBoolean": true
          },
          {
            "url": "http://standardhealthrecord.org/fhir/StructureDefinition/shr-demographics-FathersName-extension",
            "valueHumanName": {
              "text": "Brandon914 Sanford282"
            }
          },
          {
            "url": "http://standardhealthrecord.org/fhir/StructureDefinition/shr-demographics-SocialSecurityNumber-extension",
            "valueString": "999-95-3232"
          }
        ],
        "identifier": [
          {
            "system": "https://github.com/synthetichealth/synthea",
            "value": "829beb33-e1ea-47a2-b0d5-3ec6987f6aff"
          },
          {
            "type": {
              "coding": [
                {
                  "system": "http://hl7.org/fhir/identifier-type",
                  "code": "SB"
                }
              ]
            },
            "system": "http://hl7.org/fhir/sid/us-ssn",
            "value": "999953232"
          },
          {
            "type": {
              "coding": [
                {
                  "system": "http://hl7.org/fhir/v2/0203",
                  "code": "DL"
                }
              ]
            },
            "system": "urn:oid:2.16.840.1.113883.4.3.25",
            "value": "S99943863"
          },
          {
            "type": {
              "coding": [
                {
                  "system": "http://hl7.org/fhir/v2/0203",
                  "code": "PPN"
                }
              ]
            },
            "system": "http://standardhealthrecord.org/fhir/StructureDefinition/passportNumber",
            "value": "X75849743X"
          },
          {
            "type": {
              "coding": [
                {
                  "system": "http://hl7.org/fhir/v2/0203",
                  "code": "MR"
                }
              ]
            },
            "system": "http://hospital.smarthealthit.org",
            "value": "829beb33-e1ea-47a2-b0d5-3ec6987f6aff"
          }
        ],
        "name": [
          {
            "use": "official",
            "family": "Conroy4",
            "given": [
              "Exie674"
            ],
            "prefix": [
              "Mrs."
            ],
            "suffix": [
              "JD"
            ]
          },
          {
            "use": "maiden",
            "family": "Sanford282",
            "given": [
              "Exie674"
            ]
          }
        ],
        "telecom": [
          {
            "system": "phone",
            "value": "909-463-9737 x03047",
            "use": "home"
          }
        ],
        "gender": "female",
        "birthDate": "1928-05-08",
        "deceasedDateTime": "2010-01-12T05:54:41-05:00",
        "address": [
          {
            "extension": [
              {
                "extension": [
                  {
                    "url": "latitude",
                    "valueDecimal": 42.31703429529701
                  },
                  {
                    "url": "longitude",
                    "valueDecimal": -71.18423897101317
                  }
                ],
                "url": "http://hl7.org/fhir/StructureDefinition/geolocation"
              }
            ],
            "line": [
              "381 Bartell Islands",
              "Suite 549"
            ],
            "city": "Newton",
            "state": "MA",
            "postalCode": "02467",
            "country": "US"
          }
        ],
        "maritalStatus": {
          "coding": [
            {
              "system": "http://hl7.org/fhir/v3/MaritalStatus",
              "code": "M"
            }
          ],
          "text": "M"
        },
        "multipleBirthBoolean": false,
        "communication": [
          {
            "language": {
              "coding": [
                {
                  "system": "http://hl7.org/fhir/ValueSet/languages",
                  "code": "en-US",
                  "display": "English (United States)"
                }
              ]
            }
          }
        ],
        "generalPractitioner": [
          {
            "reference": "urn:uuid:7ba109b0-4fc8-4375-ab34-0fba748975a7"
          }
        ],
        "resourceType": "Patient"
      }
    },
    {
      "fullUrl": "urn:uuid:d7fdbee0-d40e-434e-88d5-c7e5d52b0c65",
      "resource": {
        "id": "d7fdbee0-d40e-434e-88d5-c7e5d52b0c65",
        "meta": {
          "profile": [
            "http://standardhealthrecord.org/fhir/StructureDefinition/shr-encounter-Encounter"
          ]
        },
        "status": "finished",
        "class": {
          "code": "ambulatory"
        },
        "type": [
          {
            "coding": [
              {
                "system": "http://snomed.info/sct",
                "code": "185345009"
              }
            ],
            "text": "Encounter for symptom"
          }
        ],
        "subject": {
          "reference": "urn:uuid:70d8bb50-1f1b-4bf4-b91d-97fa91bb1a84"
        },
        "period": {
          "start": "2007-11-18T02:15:18-05:00",
          "end": "2007-11-18T02:20:29-05:00"
        },
        "reason": [
          {
            "coding": [
              {
                "system": "http://snomed.info/sct",
                "code": "10509002",
                "display": "Acute bronchitis (disorder)"
              }
            ]
          }
        ],
        "serviceProvider": {
          "reference": "urn:uuid:7ba109b0-4fc8-4375-ab34-0fba748975a7"
        },
        "resourceType": "Encounter"
      }
    },
    {
      "fullUrl": "urn:uuid:0d10b20d-94bc-425a-b002-a37c54b515f8",
      "resource": {
        "id": "0d10b20d-94bc-425a-b002-a37c54b515f8",
        "status": "active",
        "use": "complete",
        "patient": {
          "reference": "urn:uuid:70d8bb50-1f1b-4bf4-b91d-97fa91bb1a84"
        },
        "billablePeriod": {
          "start": "2007-11-18T02:15:18-05:00",
          "end": "2007-11-18T02:20:29-05:00"
        },
        "organization": {
          "reference": {
            "reference": "urn:uuid:7ba109b0-4fc8-4375-ab34-0fba748975a7"
          }
        },
        "diagnosis": [
          {
            "sequence": 1,
            "diagnosisReference": {
              "reference": "urn:uuid:023fb258-8e53-44ad-9030-5c2143ae272a"
            }
          },
          {
            "sequence": 2,
            "diagnosisReference": {
              "reference": "urn:uuid:5d73fdbe-57bf-4471-be46-cf1dde7f0cf9"
            }
          }
        ],
        "procedure": [
          {
            "sequence": 1,
            "procedureReference": {
              "reference": "urn:uuid:63b6f600-4fc5-4ac5-9e38-200b0377db22"
            }
          }
        ],
        "item": [
          {
            "sequence": 1,
            "net": {
              "value": 125.0,
              "system": "urn:iso:std:iso:4217",
              "code": "USD"
            },
            "encounter": [
              {
                "reference": {
                  "fullUrl": "urn:uuid:d7fdbee0-d40e-434e-88d5-c7e5d52b0c65",
                  "resource": {
                    "id": "d7fdbee0-d40e-434e-88d5-c7e5d52b0c65",
                    "meta": {
                      "profile": [
                        "http://standardhealthrecord.org/fhir/StructureDefinition/shr-encounter-Encounter"
                      ]
                    },
                    "status": "finished",
                    "class": {
                      "code": "ambulatory"
                    },
                    "type": [
                      {
                        "coding": [
                          {
                            "system": "http://snomed.info/sct",
                            "code": "185345009"
                          }
                        ],
                        "text": "Encounter for symptom"
                      }
                    ],
                    "subject": {
                      "reference": "urn:uuid:70d8bb50-1f1b-4bf4-b91d-97fa91bb1a84"
                    },
                    "period": {
                      "start": "2007-11-18T02:15:18-05:00",
                      "end": "2007-11-18T02:20:29-05:00"
                    },
                    "reason": [
                      {
                        "coding": [
                          {
                            "system": "http://snomed.info/sct",
                            "code": "10509002",
                            "display": "Acute bronchitis (disorder)"
                          }
                        ]
                      }
                    ],
                    "serviceProvider": {
                      "reference": "urn:uuid:7ba109b0-4fc8-4375-ab34-0fba748975a7"
                    },
                    "resourceType": "Encounter"
                  }
                }
              }
            ]
          },
          {
            "sequence": 2,
            "diagnosisLinkId": [
              1
            ],
            "net": {
              "value": 0.0,
              "system": "urn:iso:std:iso:4217",
              "code": "USD"
            }
          },
          {
            "sequence": 3,
            "diagnosisLinkId": [
              2
            ],
            "net": {
              "value": 0.0,
              "system": "urn:iso:std:iso:4217",
              "code": "USD"
            }
          },
          {
            "sequence": 4,
            "procedureLinkId": [
              2
            ],
            "net": {
              "value": 4.3607601,
              "system": "urn:iso:std:iso:4217",
              "code": "USD"
            }
          },
          {
            "sequence": 5,
            "category": {
              "coding": [
                {
                  "system": "http://hl7.org/fhir/sid/cvx",
                  "code": "140",
                  "display": "Influenza, seasonal, injectable, preservative free"
                }
              ],
              "text": "Influenza, seasonal, injectable, preservative free"
            },
            "net": {
              "value": 136.0,
              "system": "urn:iso:std:iso:4217",
              "code": "USD"
            }
          }
        ],
        "total": {
          "value": 265.3607601,
          "system": "urn:iso:std:iso:4217",
          "code": "USD"
        },
        "resourceType": "Claim"
      }
    },
    {
      "fullUrl": "urn:uuid:023fb258-8e53-44ad-9030-5c2143ae272a",
      "resource": {
        "id": "023fb258-8e53-44ad-9030-5c2143ae272a",
        "meta": {
          "profile": [
            "http://standardhealthrecord.org/fhir/StructureDefinition/shr-problem-Problem"
          ]
        },
        "clinicalStatus": "active",
        "verificationStatus": "confirmed",
        "code": {
          "coding": [
            {
              "system": "http://snomed.info/sct",
              "code": "40055000",
              "display": "Chronic sinusitis (disorder)"
            }
          ],
          "text": "Chronic sinusitis (disorder)"
        },
        "subject": {
          "reference": "urn:uuid:70d8bb50-1f1b-4bf4-b91d-97fa91bb1a84"
        },
        "context": {
          "reference": "urn:uuid:d7fdbee0-d40e-434e-88d5-c7e5d52b0c65"
        },
        "onsetDateTime": "1942-07-12T03:31:37-04:00",
        "assertedDate": "1942-07-12",
        "resourceType": "Condition"
      }
    },
    {
      "fullUrl": "urn:uuid:5d73fdbe-57bf-4471-be46-cf1dde7f0cf9",
      "resource": {
        "id": "5d73fdbe-57bf-4471-be46-cf1dde7f0cf9",
        "meta": {
          "profile": [
            "http://standardhealthrecord.org/fhir/StructureDefinition/shr-problem-Problem"
          ]
        },
        "clinicalStatus": "resolved",
        "verificationStatus": "confirmed",
        "code": {
          "coding": [
            {
              "system": "http://snomed.info/sct",
              "code": "10509002",
              "display": "Acute bronchitis (disorder)"
            }
          ],
          "text": "Acute bronchitis (disorder)"
        },
        "subject": {
          "reference": "urn:uuid:70d8bb50-1f1b-4bf4-b91d-97fa91bb1a84"
        },
        "context": {
          "reference": "urn:uuid:d7fdbee0-d40e-434e-88d5-c7e5d52b0c65"
        },
        "onsetDateTime": "2007-11-18T02:15:18-05:00",
        "abatementDateTime": "2007-12-07T15:17:50-05:00",
        "assertedDate": "2007-11-18",
        "resourceType": "Condition"
      }
    },
    {
      "fullUrl": "urn:uuid:39254249-1b03-4d9d-ac5a-039418a455af",
      "resource": {
        "id": "39254249-1b03-4d9d-ac5a-039418a455af",
        "meta": {
          "profile": [
            "http://standardhealthrecord.org/fhir/StructureDefinition/shr-observation-Observation",
            "http://standardhealthrecord.org/fhir/StructureDefinition/shr-vital-VitalSign",
            "http://standardhealthrecord.org/fhir/StructureDefinition/shr-vital-BodyHeight"
          ]
        },
        "status": "final",
        "category": [
          {
            "coding": [
              {
                "system": "http://hl7.org/fhir/observation-category",
                "code": "vital-signs"
              }
            ]
          }
        ],
        "code": {
          "coding": [
            {
              "system": "http://loinc.org",
              "code": "8302-2",
              "display": "Body Height"
            }
          ],
          "text": "Body Height"
        },
        "subject": {
          "reference": "urn:uuid:70d8bb50-1f1b-4bf4-b91d-97fa91bb1a84"
        },
        "context": {
          "reference": "urn:uuid:d7fdbee0-d40e-434e-88d5-c7e5d52b0c65"
        },
        "effectiveDateTime": "2007-11-17T11:46:14-05:00",
        "issued": "2007-11-17T11:46:14-05:00",
        "valueQuantity": {
          "value": 161.0620259229406,
          "unit": "cm",
          "system": "http://unitsofmeasure.org/",
          "code": "cm"
        },
        "resourceType": "Observation"
      }
    },
    {
      "fullUrl": "urn:uuid:2f9546c3-65ca-4261-bf10-6c9aa113a391",
      "resource": {
        "id": "2f9546c3-65ca-4261-bf10-6c9aa113a391",
        "meta": {
          "profile": [
            "http://standardhealthrecord.org/fhir/StructureDefinition/shr-observation-Observation",
            "http://standardhealthrecord.org/fhir/StructureDefinition/shr-vital-VitalSign",
            "http://standardhealthrecord.org/fhir/StructureDefinition/shr-vital-BodyWeight"
          ]
        },
        "status": "final",
        "category": [
          {
            "coding": [
              {
                "system": "http://hl7.org/fhir/observation-category",
                "code": "vital-signs"
              }
            ]
          }
        ],
        "code": {
          "coding": [
            {
              "system": "http://loinc.org",
              "code": "29463-7",
              "display": "Body Weight"
            }
          ],
          "text": "Body Weight"
        },
        "subject": {
          "reference": "urn:uuid:70d8bb50-1f1b-4bf4-b91d-97fa91bb1a84"
        },
        "context": {
          "reference": "urn:uuid:d7fdbee0-d40e-434e-88d5-c7e5d52b0c65"
        },
        "effectiveDateTime": "2007-11-17T11:46:14-05:00",
        "issued": "2007-11-17T11:46:14-05:00",
        "valueQuantity": {
          "value": 96.47464115871513,
          "unit": "kg",
          "system": "http://unitsofmeasure.org/",
          "code": "kg"
        },
        "resourceType": "Observation"
      }
    },
    {
      "fullUrl": "urn:uuid:88bc09af-c27d-4259-8179-123aa0784d07",
      "resource": {
        "id": "88bc09af-c27d-4259-8179-123aa0784d07",
        "meta": {
          "profile": [
            "http://standardhealthrecord.org/fhir/StructureDefinition/shr-observation-Observation",
            "http://standardhealthrecord.org/fhir/StructureDefinition/shr-vital-VitalSign",
            "http://standardhealthrecord.org/fhir/StructureDefinition/shr-vital-BodyMassIndex"
          ]
        },
        "status": "final",
        "category": [
          {
            "coding": [
              {
                "system": "http://hl7.org/fhir/observation-category",
                "code": "vital-signs"
              }
            ]
          }
        ],
        "code": {
          "coding": [
            {
              "system": "http://loinc.org",
              "code": "39156-5",
              "display": "Body Mass Index"
            }
          ],
          "text": "Body Mass Index"
        },
        "subject": {
          "reference": "urn:uuid:70d8bb50-1f1b-4bf4-b91d-97fa91bb1a84"
        },
        "context": {
          "reference": "urn:uuid:d7fdbee0-d40e-434e-88d5-c7e5d52b0c65"
        },
        "effectiveDateTime": "2007-11-17T11:46:14-05:00",
        "issued": "2007-11-17T11:46:14-05:00",
        "valueQuantity": {
          "value": 37.19005809023261,
          "unit": "kg/m2",
          "system": "http://unitsofmeasure.org/",
          "code": "kg/m2"
        },
        "resourceType": "Observation"
      }
    },
    {
      "fullUrl": "urn:uuid:4ab3689d-a2ab-4a39-a981-7f308afd5316",
      "resource": {
        "id": "4ab3689d-a2ab-4a39-a981-7f308afd5316",
        "meta": {
          "profile": [
            "http://standardhealthrecord.org/fhir/StructureDefinition/shr-observation-Observation",
            "http://standardhealthrecord.org/fhir/StructureDefinition/shr-vital-BloodPressure"
          ]
        },
        "status": "final",
        "category": [
          {
            "coding": [
              {
                "system": "http://hl7.org/fhir/observation-category",
                "code": "vital-signs"
              }
            ]
          }
        ],
        "code": {
          "coding": [
            {
              "system": "http://loinc.org",
              "code": "55284-4",
              "display": "Blood Pressure"
            }
          ]
        },
        "subject": {
          "reference": "urn:uuid:70d8bb50-1f1b-4bf4-b91d-97fa91bb1a84"
        },
        "context": {
          "reference": "urn:uuid:d7fdbee0-d40e-434e-88d5-c7e5d52b0c65"
        },
        "effectiveDateTime": "2007-11-17T11:46:14-05:00",
        "issued": "2007-11-17T11:46:14-05:00",
        "component": [
          {
            "code": {
              "coding": [
                {
                  "system": "http://loinc.org",
                  "code": "8480-6",
                  "display": "Systolic Blood Pressure"
                }
              ],
              "text": "Systolic Blood Pressure"
            },
            "valueQuantity": {
              "value": 111,
              "unit": "mmHg",
              "system": "http://unitsofmeasure.org/",
              "code": "mmHg"
            }
          },
          {
            "code": {
              "coding": [
                {
                  "system": "http://loinc.org",
                  "code": "8462-4",
                  "display": "Diastolic Blood Pressure"
                }
              ],
              "text": "Diastolic Blood Pressure"
            },
            "valueQuantity": {
              "value": 81,
              "unit": "mmHg",
              "system": "http://unitsofmeasure.org/",
              "code": "mmHg"
            }
          }
        ],
        "resourceType": "Observation"
      }
    },
    {
      "fullUrl": "urn:uuid:710cd4b4-8b05-49da-a647-578ad48e41f1",
      "resource": {
        "id": "710cd4b4-8b05-49da-a647-578ad48e41f1",
        "meta": {
          "profile": [
            "http://standardhealthrecord.org/fhir/StructureDefinition/shr-observation-Observation"
          ]
        },
        "status": "final",
        "category": [
          {
            "coding": [
              {
                "system": "http://hl7.org/fhir/observation-category",
                "code": "laboratory"
              }
            ]
          }
        ],
        "code": {
          "coding": [
            {
              "system": "http://loinc.org",
              "code": "2093-3",
              "display": "Total Cholesterol"
            }
          ],
          "text": "Total Cholesterol"
        },
        "subject": {
          "reference": "urn:uuid:70d8bb50-1f1b-4bf4-b91d-97fa91bb1a84"
        },
        "context": {
          "reference": "urn:uuid:d7fdbee0-d40e-434e-88d5-c7e5d52b0c65"
        },
        "effectiveDateTime": "2007-11-17T11:46:14-05:00",
        "issued": "2007-11-17T11:46:14-05:00",
        "valueQuantity": {
          "value": 190,
          "unit": "mg/dL",
          "system": "http://unitsofmeasure.org/",
          "code": "mg/dL"
        },
        "resourceType": "Observation"
      }
    },
    {
      "fullUrl": "urn:uuid:0ad6062f-a7ec-447c-bb62-533c08b2c7b9",
      "resource": {
        "id": "0ad6062f-a7ec-447c-bb62-533c08b2c7b9",
        "meta": {
          "profile": [
            "http://standardhealthrecord.org/fhir/StructureDefinition/shr-observation-Observation"
          ]
        },
        "status": "final",
        "category": [
          {
            "coding": [
              {
                "system": "http://hl7.org/fhir/observation-category",
                "code": "laboratory"
              }
            ]
          }
        ],
        "code": {
          "coding": [
            {
              "system": "http://loinc.org",
              "code": "2571-8",
              "display": "Triglycerides"
            }
          ],
          "text": "Triglycerides"
        },
        "subject": {
          "reference": "urn:uuid:70d8bb50-1f1b-4bf4-b91d-97fa91bb1a84"
        },
        "context": {
          "reference": "urn:uuid:d7fdbee0-d40e-434e-88d5-c7e5d52b0c65"
        },
        "effectiveDateTime": "2007-11-17T11:46:14-05:00",
        "issued": "2007-11-17T11:46:14-05:00",
        "valueQuantity": {
          "value": 107,
          "unit": "mg/dL",
          "system": "http://unitsofmeasure.org/",
          "code": "mg/dL"
        },
        "resourceType": "Observation"
      }
    },
    {
      "fullUrl": "urn:uuid:f4f55e2e-d987-40d3-b316-5bac1f7a70b8",
      "resource": {
        "id": "f4f55e2e-d987-40d3-b316-5bac1f7a70b8",
        "meta": {
          "profile": [
            "http://standardhealthrecord.org/fhir/StructureDefinition/shr-observation-Observation"
          ]
        },
        "status": "final",
        "category": [
          {
            "coding": [
              {
                "system": "http://hl7.org/fhir/observation-category",
                "code": "laboratory"
              }
            ]
          }
        ],
        "code": {
          "coding": [
            {
              "system": "http://loinc.org",
              "code": "18262-6",
              "display": "Low Density Lipoprotein Cholesterol"
            }
          ],
          "text": "Low Density Lipoprotein Cholesterol"
        },
        "subject": {
          "reference": "urn:uuid:70d8bb50-1f1b-4bf4-b91d-97fa91bb1a84"
        },
        "context": {
          "reference": "urn:uuid:d7fdbee0-d40e-434e-88d5-c7e5d52b0c65"
        },
        "effectiveDateTime": "2007-11-17T11:46:14-05:00",
        "issued": "2007-11-17T11:46:14-05:00",
        "valueQuantity": {
          "value": 105,
          "unit": "mg/dL",
          "system": "http://unitsofmeasure.org/",
          "code": "mg/dL"
        },
        "resourceType": "Observation"
      }
    },
    {
      "fullUrl": "urn:uuid:e4e1dec5-6c0b-4e05-87f9-bca6b8eede01",
      "resource": {
        "id": "e4e1dec5-6c0b-4e05-87f9-bca6b8eede01",
        "meta": {
          "profile": [
            "http://standardhealthrecord.org/fhir/StructureDefinition/shr-observation-Observation"
          ]
        },
        "status": "final",
        "category": [
          {
            "coding": [
              {
                "system": "http://hl7.org/fhir/observation-category",
                "code": "laboratory"
              }
            ]
          }
        ],
        "code": {
          "coding": [
            {
              "system": "http://loinc.org",
              "code": "2085-9",
              "display": "High Density Lipoprotein Cholesterol"
            }
          ],
          "text": "High Density Lipoprotein Cholesterol"
        },
        "subject": {
          "reference": "urn:uuid:70d8bb50-1f1b-4bf4-b91d-97fa91bb1a84"
        },
        "context": {
          "reference": "urn:uuid:d7fdbee0-d40e-434e-88d5-c7e5d52b0c65"
        },
        "effectiveDateTime": "2007-11-17T11:46:14-05:00",
        "issued": "2007-11-17T11:46:14-05:00",
        "valueQuantity": {
          "value": 63,
          "unit": "mg/dL",
          "system": "http://unitsofmeasure.org/",
          "code": "mg/dL"
        },
        "resourceType": "Observation"
      }
    },
    {
      "fullUrl": "urn:uuid:644b86e9-0ac3-4101-853d-34de3e0b366e",
      "resource": {
        "id": "644b86e9-0ac3-4101-853d-34de3e0b366e",
        "meta": {
          "profile": [
            "http://standardhealthrecord.org/fhir/StructureDefinition/shr-observation-Panel"
          ]
        },
        "status": "final",
        "code": {
          "coding": [
            {
              "system": "http://loinc.org",
              "code": "57698-3",
              "display": "Lipid Panel"
            }
          ]
        },
        "subject": {
          "reference": "urn:uuid:70d8bb50-1f1b-4bf4-b91d-97fa91bb1a84"
        },
        "context": {
          "reference": "urn:uuid:d7fdbee0-d40e-434e-88d5-c7e5d52b0c65"
        },
        "effectiveDateTime": "2007-11-17T11:46:14-05:00",
        "issued": "2007-11-17T11:46:14-05:00",
        "result": [
          {
            "reference": "urn:uuid:710cd4b4-8b05-49da-a647-578ad48e41f1",
            "display": "Total Cholesterol"
          },
          {
            "reference": "urn:uuid:0ad6062f-a7ec-447c-bb62-533c08b2c7b9",
            "display": "Triglycerides"
          },
          {
            "reference": "urn:uuid:f4f55e2e-d987-40d3-b316-5bac1f7a70b8",
            "display": "Low Density Lipoprotein Cholesterol"
          },
          {
            "reference": "urn:uuid:e4e1dec5-6c0b-4e05-87f9-bca6b8eede01",
            "display": "High Density Lipoprotein Cholesterol"
          }
        ],
        "resourceType": "DiagnosticReport"
      }
    },
    {
      "fullUrl": "urn:uuid:63b6f600-4fc5-4ac5-9e38-200b0377db22",
      "resource": {
        "id": "63b6f600-4fc5-4ac5-9e38-200b0377db22",
        "meta": {
          "profile": [
            "http://standardhealthrecord.org/fhir/StructureDefinition/shr-procedure-Procedure"
          ]
        },
        "extension": [
          {
            "url": "http://standardhealthrecord.org/fhir/StructureDefinition/shr-core-CodeableConcept-extension",
            "valueCodeableConcept": {
              "coding": [
                {
                  "system": "http://snomed.info/sct",
                  "code": "269911007",
                  "display": "Sputum examination (procedure)"
                }
              ],
              "text": "Sputum examination (procedure)"
            }
          }
        ],
        "status": "completed",
        "code": {
          "coding": [
            {
              "system": "http://snomed.info/sct",
              "code": "269911007",
              "display": "Sputum examination (procedure)"
            }
          ],
          "text": "Sputum examination (procedure)"
        },
        "subject": {
          "reference": "urn:uuid:70d8bb50-1f1b-4bf4-b91d-97fa91bb1a84"
        },
        "context": {
          "reference": "urn:uuid:d7fdbee0-d40e-434e-88d5-c7e5d52b0c65"
        },
        "performedPeriod": {
          "start": "2007-11-18T02:15:18-05:00",
          "end": "2007-11-18T02:26:27-05:00"
        },
        "reasonReference": [
          {
            "reference": "urn:uuid:5d73fdbe-57bf-4471-be46-cf1dde7f0cf9",
            "display": "Acute bronchitis (disorder)"
          }
        ],
        "resourceType": "Procedure"
      }
    },
    {
      "resource": {
        "meta": {
          "profile": [
            "http://standardhealthrecord.org/fhir/StructureDefinition/shr-immunization-Immunization"
          ]
        },
        "status": "completed",
        "notGiven": false,
        "vaccineCode": {
          "coding": [
            {
              "system": "http://hl7.org/fhir/sid/cvx",
              "code": "140",
              "display": "Influenza, seasonal, injectable, preservative free"
            }
          ],
          "text": "Influenza, seasonal, injectable, preservative free"
        },
        "patient": {
          "reference": "urn:uuid:70d8bb50-1f1b-4bf4-b91d-97fa91bb1a84"
        },
        "encounter": {
          "reference": "urn:uuid:d7fdbee0-d40e-434e-88d5-c7e5d52b0c65"
        },
        "date": "2007-11-17T11:46:14-05:00",
        "primarySource": true,
        "resourceType": "Immunization"
      }
    },
    {
      "resource": {
        "status": "completed",
        "intent": "order",
        "category": [
          {
            "coding": [
              {
                "system": "http://snomed.info/sct",
                "code": "53950000",
                "display": "Respiratory therapy"
              }
            ]
          }
        ],
        "subject": {
          "reference": "urn:uuid:70d8bb50-1f1b-4bf4-b91d-97fa91bb1a84"
        },
        "context": {
          "reference": "urn:uuid:d7fdbee0-d40e-434e-88d5-c7e5d52b0c65"
        },
        "period": {
          "start": "2007-11-18",
          "end": "2008-11-28"
        },
        "addresses": [
          {
            "reference": "urn:uuid:5d73fdbe-57bf-4471-be46-cf1dde7f0cf9"
          }
        ],
        "activity": [
          {
            "detail": {
              "code": {
                "coding": [
                  {
                    "system": "http://snomed.info/sct",
                    "code": "710081004",
                    "display": "Smoking cessation therapy"
                  }
                ]
              },
              "status": "completed"
            }
          },
          {
            "detail": {
              "code": {
                "coding": [
                  {
                    "system": "http://snomed.info/sct",
                    "code": "304510005",
                    "display": "Recommendation to avoid exercise"
                  }
                ]
              },
              "status": "completed"
            }
          },
          {
            "detail": {
              "code": {
                "coding": [
                  {
                    "system": "http://snomed.info/sct",
                    "code": "371605008",
                    "display": "Deep breathing and coughing exercises"
                  }
                ]
              },
              "status": "completed"
            }
          }
        ],
        "resourceType": "CarePlan"
      }
    },
    {
      "fullUrl": "urn:uuid:e3572e24-1ddf-4e63-adaa-2344521c5b40",
      "resource": {
        "id": "e3572e24-1ddf-4e63-adaa-2344521c5b40",
        "meta": {
          "profile": [
            "http://standardhealthrecord.org/fhir/StructureDefinition/shr-medication-MedicationPrescription"
          ]
        },
        "extension": [
          {
            "url": "http://standardhealthrecord.org/fhir/StructureDefinition/shr-base-ActionCode-extension",
            "valueCodeableConcept": {
              "coding": [
                {
                  "system": "http://snomed.info/sct",
                  "code": "33633005",
                  "display": "Prescription of drug (procedure)"
                }
              ],
              "text": "Prescription of drug (procedure)"
            }
          }
        ],
        "status": "active",
        "intent": "order",
        "medicationCodeableConcept": {
          "coding": [
            {
              "system": "http://www.nlm.nih.gov/research/umls/rxnorm",
              "code": "834060",
              "display": "Penicillin V Potassium 250 MG"
            }
          ],
          "text": "Penicillin V Potassium 250 MG"
        },
        "subject": {
          "reference": "urn:uuid:70d8bb50-1f1b-4bf4-b91d-97fa91bb1a84"
        },
        "context": {
          "reference": "urn:uuid:d7fdbee0-d40e-434e-88d5-c7e5d52b0c65"
        },
        "authoredOn": "1942-07-30",
        "resourceType": "MedicationRequest"
      }
    },
    {
      "fullUrl": "urn:uuid:d3ff59e1-a80e-4950-af1d-7c20ecf4db15",
      "resource": {
        "id": "d3ff59e1-a80e-4950-af1d-7c20ecf4db15",
        "status": "active",
        "use": "complete",
        "patient": {
          "reference": "urn:uuid:70d8bb50-1f1b-4bf4-b91d-97fa91bb1a84"
        },
        "billablePeriod": {
          "start": "2007-11-18T02:15:18-05:00",
          "end": "2007-11-18T02:20:29-05:00"
        },
        "organization": {
          "reference": {
            "reference": "urn:uuid:7ba109b0-4fc8-4375-ab34-0fba748975a7"
          }
        },
        "prescription": {
          "reference": "urn:uuid:e3572e24-1ddf-4e63-adaa-2344521c5b40"
        },
        "item": [
          {
            "sequence": 1,
            "net": {
              "value": 125.0,
              "system": "urn:iso:std:iso:4217",
              "code": "USD"
            },
            "encounter": [
              {
                "reference": {
                  "fullUrl": "urn:uuid:d7fdbee0-d40e-434e-88d5-c7e5d52b0c65",
                  "resource": {
                    "id": "d7fdbee0-d40e-434e-88d5-c7e5d52b0c65",
                    "meta": {
                      "profile": [
                        "http://standardhealthrecord.org/fhir/StructureDefinition/shr-encounter-Encounter"
                      ]
                    },
                    "status": "finished",
                    "class": {
                      "code": "ambulatory"
                    },
                    "type": [
                      {
                        "coding": [
                          {
                            "system": "http://snomed.info/sct",
                            "code": "185345009"
                          }
                        ],
                        "text": "Encounter for symptom"
                      }
                    ],
                    "subject": {
                      "reference": "urn:uuid:70d8bb50-1f1b-4bf4-b91d-97fa91bb1a84"
                    },
                    "period": {
                      "start": "2007-11-18T02:15:18-05:00",
                      "end": "2007-11-18T02:20:29-05:00"
                    },
                    "reason": [
                      {
                        "coding": [
                          {
                            "system": "http://snomed.info/sct",
                            "code": "10509002",
                            "display": "Acute bronchitis (disorder)"
                          }
                        ]
                      }
                    ],
                    "serviceProvider": {
                      "reference": "urn:uuid:7ba109b0-4fc8-4375-ab34-0fba748975a7"
                    },
                    "resourceType": "Encounter"
                  }
                }
              }
            ]
          },
          {
            "sequence": 1,
            "net": {
              "value": 255.0,
              "system": "urn:iso:std:iso:4217",
              "code": "USD"
            }
          }
        ],
        "total": {
          "value": 255.0,
          "system": "urn:iso:std:iso:4217",
          "code": "USD"
        },
        "resourceType": "Claim"
      }
    },
    {
      "fullUrl": "urn:uuid:bb364817-1ee1-4283-8acd-4f3b3daade3f",
      "resource": {
        "id": "bb364817-1ee1-4283-8acd-4f3b3daade3f",
        "meta": {
          "profile": [
            "http://standardhealthrecord.org/fhir/StructureDefinition/shr-medication-MedicationPrescription"
          ]
        },
        "extension": [
          {
            "url": "http://standardhealthrecord.org/fhir/StructureDefinition/shr-base-ActionCode-extension",
            "valueCodeableConcept": {
              "coding": [
                {
                  "system": "http://snomed.info/sct",
                  "code": "33633005",
                  "display": "Prescription of drug (procedure)"
                }
              ],
              "text": "Prescription of drug (procedure)"
            }
          }
        ],
        "status": "active",
        "intent": "order",
        "medicationCodeableConcept": {
          "coding": [
            {
              "system": "http://www.nlm.nih.gov/research/umls/rxnorm",
              "code": "834101",
              "display": "Penicillin V Potassium 500 MG"
            }
          ],
          "text": "Penicillin V Potassium 500 MG"
        },
        "subject": {
          "reference": "urn:uuid:70d8bb50-1f1b-4bf4-b91d-97fa91bb1a84"
        },
        "context": {
          "reference": "urn:uuid:d7fdbee0-d40e-434e-88d5-c7e5d52b0c65"
        },
        "authoredOn": "1952-04-14",
        "resourceType": "MedicationRequest"
      }
    },
    {
      "fullUrl": "urn:uuid:9022fa2e-89d4-4826-b342-677900b9b365",
      "resource": {
        "id": "9022fa2e-89d4-4826-b342-677900b9b365",
        "status": "active",
        "use": "complete",
        "patient": {
          "reference": "urn:uuid:70d8bb50-1f1b-4bf4-b91d-97fa91bb1a84"
        },
        "billablePeriod": {
          "start": "2007-11-18T02:15:18-05:00",
          "end": "2007-11-18T02:20:29-05:00"
        },
        "organization": {
          "reference": {
            "reference": "urn:uuid:7ba109b0-4fc8-4375-ab34-0fba748975a7"
          }
        },
        "prescription": {
          "reference": "urn:uuid:bb364817-1ee1-4283-8acd-4f3b3daade3f"
        },
        "item": [
          {
            "sequence": 1,
            "net": {
              "value": 125.0,
              "system": "urn:iso:std:iso:4217",
              "code": "USD"
            },
            "encounter": [
              {
                "reference": {
                  "fullUrl": "urn:uuid:d7fdbee0-d40e-434e-88d5-c7e5d52b0c65",
                  "resource": {
                    "id": "d7fdbee0-d40e-434e-88d5-c7e5d52b0c65",
                    "meta": {
                      "profile": [
                        "http://standardhealthrecord.org/fhir/StructureDefinition/shr-encounter-Encounter"
                      ]
                    },
                    "status": "finished",
                    "class": {
                      "code": "ambulatory"
                    },
                    "type": [
                      {
                        "coding": [
                          {
                            "system": "http://snomed.info/sct",
                            "code": "185345009"
                          }
                        ],
                        "text": "Encounter for symptom"
                      }
                    ],
                    "subject": {
                      "reference": "urn:uuid:70d8bb50-1f1b-4bf4-b91d-97fa91bb1a84"
                    },
                    "period": {
                      "start": "2007-11-18T02:15:18-05:00",
                      "end": "2007-11-18T02:20:29-05:00"
                    },
                    "reason": [
                      {
                        "coding": [
                          {
                            "system": "http://snomed.info/sct",
                            "code": "10509002",
                            "display": "Acute bronchitis (disorder)"
                          }
                        ]
                      }
                    ],
                    "serviceProvider": {
                      "reference": "urn:uuid:7ba109b0-4fc8-4375-ab34-0fba748975a7"
                    },
                    "resourceType": "Encounter"
                  }
                }
              }
            ]
          },
          {
            "sequence": 1,
            "net": {
              "value": 255.0,
              "system": "urn:iso:std:iso:4217",
              "code": "USD"
            }
          }
        ],
        "total": {
          "value": 255.0,
          "system": "urn:iso:std:iso:4217",
          "code": "USD"
        },
        "resourceType": "Claim"
      }
    },
    {
      "fullUrl": "urn:uuid:0c2faedf-1176-4161-9b24-7d79a30a8df2",
      "resource": {
        "id": "0c2faedf-1176-4161-9b24-7d79a30a8df2",
        "meta": {
          "profile": [
            "http://standardhealthrecord.org/fhir/StructureDefinition/shr-medication-MedicationPrescription"
          ]
        },
        "extension": [
          {
            "url": "http://standardhealthrecord.org/fhir/StructureDefinition/shr-base-ActionCode-extension",
            "valueCodeableConcept": {
              "coding": [
                {
                  "system": "http://snomed.info/sct",
                  "code": "33633005",
                  "display": "Prescription of drug (procedure)"
                }
              ],
              "text": "Prescription of drug (procedure)"
            }
          }
        ],
        "status": "active",
        "intent": "order",
        "medicationCodeableConcept": {
          "coding": [
            {
              "system": "http://www.nlm.nih.gov/research/umls/rxnorm",
              "code": "834101",
              "display": "Penicillin V Potassium 500 MG"
            }
          ],
          "text": "Penicillin V Potassium 500 MG"
        },
        "subject": {
          "reference": "urn:uuid:70d8bb50-1f1b-4bf4-b91d-97fa91bb1a84"
        },
        "context": {
          "reference": "urn:uuid:d7fdbee0-d40e-434e-88d5-c7e5d52b0c65"
        },
        "authoredOn": "1954-10-25",
        "resourceType": "MedicationRequest"
      }
    },
    {
      "fullUrl": "urn:uuid:5e7e54c9-31c2-47a7-95fe-7d068fd2cc30",
      "resource": {
        "id": "5e7e54c9-31c2-47a7-95fe-7d068fd2cc30",
        "status": "active",
        "use": "complete",
        "patient": {
          "reference": "urn:uuid:70d8bb50-1f1b-4bf4-b91d-97fa91bb1a84"
        },
        "billablePeriod": {
          "start": "2007-11-18T02:15:18-05:00",
          "end": "2007-11-18T02:20:29-05:00"
        },
        "organization": {
          "reference": {
            "reference": "urn:uuid:7ba109b0-4fc8-4375-ab34-0fba748975a7"
          }
        },
        "prescription": {
          "reference": "urn:uuid:0c2faedf-1176-4161-9b24-7d79a30a8df2"
        },
        "item": [
          {
            "sequence": 1,
            "net": {
              "value": 125.0,
              "system": "urn:iso:std:iso:4217",
              "code": "USD"
            },
            "encounter": [
              {
                "reference": {
                  "fullUrl": "urn:uuid:d7fdbee0-d40e-434e-88d5-c7e5d52b0c65",
                  "resource": {
                    "id": "d7fdbee0-d40e-434e-88d5-c7e5d52b0c65",
                    "meta": {
                      "profile": [
                        "http://standardhealthrecord.org/fhir/StructureDefinition/shr-encounter-Encounter"
                      ]
                    },
                    "status": "finished",
                    "class": {
                      "code": "ambulatory"
                    },
                    "type": [
                      {
                        "coding": [
                          {
                            "system": "http://snomed.info/sct",
                            "code": "185345009"
                          }
                        ],
                        "text": "Encounter for symptom"
                      }
                    ],
                    "subject": {
                      "reference": "urn:uuid:70d8bb50-1f1b-4bf4-b91d-97fa91bb1a84"
                    },
                    "period": {
                      "start": "2007-11-18T02:15:18-05:00",
                      "end": "2007-11-18T02:20:29-05:00"
                    },
                    "reason": [
                      {
                        "coding": [
                          {
                            "system": "http://snomed.info/sct",
                            "code": "10509002",
                            "display": "Acute bronchitis (disorder)"
                          }
                        ]
                      }
                    ],
                    "serviceProvider": {
                      "reference": "urn:uuid:7ba109b0-4fc8-4375-ab34-0fba748975a7"
                    },
                    "resourceType": "Encounter"
                  }
                }
              }
            ]
          },
          {
            "sequence": 1,
            "net": {
              "value": 255.0,
              "system": "urn:iso:std:iso:4217",
              "code": "USD"
            }
          }
        ],
        "total": {
          "value": 255.0,
          "system": "urn:iso:std:iso:4217",
          "code": "USD"
        },
        "resourceType": "Claim"
      }
    },
    {
      "fullUrl": "urn:uuid:817f7cc9-06c6-4596-91f4-1f838f73b76f",
      "resource": {
        "id": "817f7cc9-06c6-4596-91f4-1f838f73b76f",
        "meta": {
          "profile": [
            "http://standardhealthrecord.org/fhir/StructureDefinition/shr-medication-MedicationPrescription"
          ]
        },
        "extension": [
          {
            "url": "http://standardhealthrecord.org/fhir/StructureDefinition/shr-base-ActionCode-extension",
            "valueCodeableConcept": {
              "coding": [
                {
                  "system": "http://snomed.info/sct",
                  "code": "33633005",
                  "display": "Prescription of drug (procedure)"
                }
              ],
              "text": "Prescription of drug (procedure)"
            }
          }
        ],
        "status": "active",
        "intent": "order",
        "medicationCodeableConcept": {
          "coding": [
            {
              "system": "http://www.nlm.nih.gov/research/umls/rxnorm",
              "code": "834101",
              "display": "Penicillin V Potassium 500 MG"
            }
          ],
          "text": "Penicillin V Potassium 500 MG"
        },
        "subject": {
          "reference": "urn:uuid:70d8bb50-1f1b-4bf4-b91d-97fa91bb1a84"
        },
        "context": {
          "reference": "urn:uuid:d7fdbee0-d40e-434e-88d5-c7e5d52b0c65"
        },
        "authoredOn": "1963-03-08",
        "resourceType": "MedicationRequest"
      }
    },
    {
      "fullUrl": "urn:uuid:1c11dcbd-1163-48c8-8487-042fea1550c3",
      "resource": {
        "id": "1c11dcbd-1163-48c8-8487-042fea1550c3",
        "status": "active",
        "use": "complete",
        "patient": {
          "reference": "urn:uuid:70d8bb50-1f1b-4bf4-b91d-97fa91bb1a84"
        },
        "billablePeriod": {
          "start": "2007-11-18T02:15:18-05:00",
          "end": "2007-11-18T02:20:29-05:00"
        },
        "organization": {
          "reference": {
            "reference": "urn:uuid:7ba109b0-4fc8-4375-ab34-0fba748975a7"
          }
        },
        "prescription": {
          "reference": "urn:uuid:817f7cc9-06c6-4596-91f4-1f838f73b76f"
        },
        "item": [
          {
            "sequence": 1,
            "net": {
              "value": 125.0,
              "system": "urn:iso:std:iso:4217",
              "code": "USD"
            },
            "encounter": [
              {
                "reference": {
                  "fullUrl": "urn:uuid:d7fdbee0-d40e-434e-88d5-c7e5d52b0c65",
                  "resource": {
                    "id": "d7fdbee0-d40e-434e-88d5-c7e5d52b0c65",
                    "meta": {
                      "profile": [
                        "http://standardhealthrecord.org/fhir/StructureDefinition/shr-encounter-Encounter"
                      ]
                    },
                    "status": "finished",
                    "class": {
                      "code": "ambulatory"
                    },
                    "type": [
                      {
                        "coding": [
                          {
                            "system": "http://snomed.info/sct",
                            "code": "185345009"
                          }
                        ],
                        "text": "Encounter for symptom"
                      }
                    ],
                    "subject": {
                      "reference": "urn:uuid:70d8bb50-1f1b-4bf4-b91d-97fa91bb1a84"
                    },
                    "period": {
                      "start": "2007-11-18T02:15:18-05:00",
                      "end": "2007-11-18T02:20:29-05:00"
                    },
                    "reason": [
                      {
                        "coding": [
                          {
                            "system": "http://snomed.info/sct",
                            "code": "10509002",
                            "display": "Acute bronchitis (disorder)"
                          }
                        ]
                      }
                    ],
                    "serviceProvider": {
                      "reference": "urn:uuid:7ba109b0-4fc8-4375-ab34-0fba748975a7"
                    },
                    "resourceType": "Encounter"
                  }
                }
              }
            ]
          },
          {
            "sequence": 1,
            "net": {
              "value": 255.0,
              "system": "urn:iso:std:iso:4217",
              "code": "USD"
            }
          }
        ],
        "total": {
          "value": 255.0,
          "system": "urn:iso:std:iso:4217",
          "code": "USD"
        },
        "resourceType": "Claim"
      }
    },
    {
      "fullUrl": "urn:uuid:3294dfcb-dabe-4ed2-b535-98b9d836273e",
      "resource": {
        "id": "3294dfcb-dabe-4ed2-b535-98b9d836273e",
        "meta": {
          "profile": [
            "http://standardhealthrecord.org/fhir/StructureDefinition/shr-medication-MedicationPrescription"
          ]
        },
        "extension": [
          {
            "url": "http://standardhealthrecord.org/fhir/StructureDefinition/shr-base-ActionCode-extension",
            "valueCodeableConcept": {
              "coding": [
                {
                  "system": "http://snomed.info/sct",
                  "code": "33633005",
                  "display": "Prescription of drug (procedure)"
                }
              ],
              "text": "Prescription of drug (procedure)"
            }
          }
        ],
        "status": "stopped",
        "intent": "order",
        "medicationCodeableConcept": {
          "coding": [
            {
              "system": "http://www.nlm.nih.gov/research/umls/rxnorm",
              "code": "608680",
              "display": "Acetaminophen 160 MG"
            }
          ],
          "text": "Acetaminophen 160 MG"
        },
        "subject": {
          "reference": "urn:uuid:70d8bb50-1f1b-4bf4-b91d-97fa91bb1a84"
        },
        "context": {
          "reference": "urn:uuid:d7fdbee0-d40e-434e-88d5-c7e5d52b0c65"
        },
        "authoredOn": "2007-11-18",
        "reasonReference": [
          {
            "reference": "urn:uuid:5d73fdbe-57bf-4471-be46-cf1dde7f0cf9"
          }
        ],
        "resourceType": "MedicationRequest"
      }
    },
    {
      "fullUrl": "urn:uuid:9e416662-6e3e-43c6-96a3-2b5d6e609a47",
      "resource": {
        "id": "9e416662-6e3e-43c6-96a3-2b5d6e609a47",
        "status": "active",
        "use": "complete",
        "patient": {
          "reference": "urn:uuid:70d8bb50-1f1b-4bf4-b91d-97fa91bb1a84"
        },
        "billablePeriod": {
          "start": "2007-11-18T02:15:18-05:00",
          "end": "2007-11-18T02:20:29-05:00"
        },
        "organization": {
          "reference": {
            "reference": "urn:uuid:7ba109b0-4fc8-4375-ab34-0fba748975a7"
          }
        },
        "prescription": {
          "reference": "urn:uuid:3294dfcb-dabe-4ed2-b535-98b9d836273e"
        },
        "item": [
          {
            "sequence": 1,
            "net": {
              "value": 125.0,
              "system": "urn:iso:std:iso:4217",
              "code": "USD"
            },
            "encounter": [
              {
                "reference": {
                  "fullUrl": "urn:uuid:d7fdbee0-d40e-434e-88d5-c7e5d52b0c65",
                  "resource": {
                    "id": "d7fdbee0-d40e-434e-88d5-c7e5d52b0c65",
                    "meta": {
                      "profile": [
                        "http://standardhealthrecord.org/fhir/StructureDefinition/shr-encounter-Encounter"
                      ]
                    },
                    "status": "finished",
                    "class": {
                      "code": "ambulatory"
                    },
                    "type": [
                      {
                        "coding": [
                          {
                            "system": "http://snomed.info/sct",
                            "code": "185345009"
                          }
                        ],
                        "text": "Encounter for symptom"
                      }
                    ],
                    "subject": {
                      "reference": "urn:uuid:70d8bb50-1f1b-4bf4-b91d-97fa91bb1a84"
                    },
                    "period": {
                      "start": "2007-11-18T02:15:18-05:00",
                      "end": "2007-11-18T02:20:29-05:00"
                    },
                    "reason": [
                      {
                        "coding": [
                          {
                            "system": "http://snomed.info/sct",
                            "code": "10509002",
                            "display": "Acute bronchitis (disorder)"
                          }
                        ]
                      }
                    ],
                    "serviceProvider": {
                      "reference": "urn:uuid:7ba109b0-4fc8-4375-ab34-0fba748975a7"
                    },
                    "resourceType": "Encounter"
                  }
                }
              }
            ]
          },
          {
            "sequence": 1,
            "net": {
              "value": 255.0,
              "system": "urn:iso:std:iso:4217",
              "code": "USD"
            }
          }
        ],
        "total": {
          "value": 255.0,
          "system": "urn:iso:std:iso:4217",
          "code": "USD"
        },
        "resourceType": "Claim"
      }
    },
    {
      "fullUrl": "urn:uuid:b6804601-0ae8-409d-bf1e-555191d696ea",
      "resource": {
        "id": "b6804601-0ae8-409d-bf1e-555191d696ea",
        "meta": {
          "profile": [
            "http://standardhealthrecord.org/fhir/StructureDefinition/shr-encounter-Encounter"
          ]
        },
        "status": "finished",
        "class": {
          "code": "outpatient"
        },
        "type": [
          {
            "coding": [
              {
                "system": "http://snomed.info/sct",
                "code": "185349003"
              }
            ],
            "text": "Outpatient Encounter"
          }
        ],
        "subject": {
          "reference": "urn:uuid:70d8bb50-1f1b-4bf4-b91d-97fa91bb1a84"
        },
        "period": {
          "start": "2007-11-17T11:46:14-05:00",
          "end": "2007-11-17T12:46:14-05:00"
        },
        "serviceProvider": {
          "reference": "urn:uuid:7ba109b0-4fc8-4375-ab34-0fba748975a7"
        },
        "resourceType": "Encounter"
      }
    },
    {
      "fullUrl": "urn:uuid:6dbb4d89-abed-47df-9e0b-8237ed51064a",
      "resource": {
        "id": "6dbb4d89-abed-47df-9e0b-8237ed51064a",
        "status": "active",
        "use": "complete",
        "patient": {
          "reference": "urn:uuid:70d8bb50-1f1b-4bf4-b91d-97fa91bb1a84"
        },
        "billablePeriod": {
          "start": "2007-11-17T11:46:14-05:00",
          "end": "2007-11-17T12:46:14-05:00"
        },
        "organization": {
          "reference": {
            "reference": "urn:uuid:7ba109b0-4fc8-4375-ab34-0fba748975a7"
          }
        },
        "item": [
          {
            "sequence": 1,
            "net": {
              "value": 125.0,
              "system": "urn:iso:std:iso:4217",
              "code": "USD"
            },
            "encounter": [
              {
                "reference": {
                  "fullUrl": "urn:uuid:b6804601-0ae8-409d-bf1e-555191d696ea",
                  "resource": {
                    "id": "b6804601-0ae8-409d-bf1e-555191d696ea",
                    "meta": {
                      "profile": [
                        "http://standardhealthrecord.org/fhir/StructureDefinition/shr-encounter-Encounter"
                      ]
                    },
                    "status": "finished",
                    "class": {
                      "code": "outpatient"
                    },
                    "type": [
                      {
                        "coding": [
                          {
                            "system": "http://snomed.info/sct",
                            "code": "185349003"
                          }
                        ],
                        "text": "Outpatient Encounter"
                      }
                    ],
                    "subject": {
                      "reference": "urn:uuid:70d8bb50-1f1b-4bf4-b91d-97fa91bb1a84"
                    },
                    "period": {
                      "start": "2007-11-17T11:46:14-05:00",
                      "end": "2007-11-17T12:46:14-05:00"
                    },
                    "serviceProvider": {
                      "reference": "urn:uuid:7ba109b0-4fc8-4375-ab34-0fba748975a7"
                    },
                    "resourceType": "Encounter"
                  }
                }
              }
            ]
          }
        ],
        "total": {
          "value": 125.0,
          "system": "urn:iso:std:iso:4217",
          "code": "USD"
        },
        "resourceType": "Claim"
      }
    },
    {
      "fullUrl": "urn:uuid:749c364e-9fce-454d-97c5-0ebd765fe73d",
      "resource": {
        "id": "749c364e-9fce-454d-97c5-0ebd765fe73d",
        "meta": {
          "profile": [
            "http://standardhealthrecord.org/fhir/StructureDefinition/shr-encounter-Encounter"
          ]
        },
        "status": "finished",
        "class": {
          "code": "outpatient"
        },
        "type": [
          {
            "coding": [
              {
                "system": "http://snomed.info/sct",
                "code": "185349003"
              }
            ],
            "text": "Outpatient Encounter"
          }
        ],
        "subject": {
          "reference": "urn:uuid:70d8bb50-1f1b-4bf4-b91d-97fa91bb1a84"
        },
        "period": {
          "start": "2008-11-28T21:37:37-05:00",
          "end": "2008-11-28T22:37:37-05:00"
        },
        "serviceProvider": {
          "reference": "urn:uuid:7ba109b0-4fc8-4375-ab34-0fba748975a7"
        },
        "resourceType": "Encounter"
      }
    },
    {
      "fullUrl": "urn:uuid:117fcaa6-c105-4753-b6bb-fac005b2f088",
      "resource": {
        "id": "117fcaa6-c105-4753-b6bb-fac005b2f088",
        "status": "active",
        "use": "complete",
        "patient": {
          "reference": "urn:uuid:70d8bb50-1f1b-4bf4-b91d-97fa91bb1a84"
        },
        "billablePeriod": {
          "start": "2008-11-28T21:37:37-05:00",
          "end": "2008-11-28T22:37:37-05:00"
        },
        "organization": {
          "reference": {
            "reference": "urn:uuid:7ba109b0-4fc8-4375-ab34-0fba748975a7"
          }
        },
        "diagnosis": [
          {
            "sequence": 1,
            "diagnosisReference": {
              "reference": "urn:uuid:9e6e8c52-53a0-43c6-a40b-c18a3ca34874"
            }
          }
        ],
        "procedure": [
          {
            "sequence": 1,
            "procedureReference": {
              "reference": "urn:uuid:85e31d10-06b7-4c13-bde2-98c1d354766c"
            }
          }
        ],
        "item": [
          {
            "sequence": 1,
            "net": {
              "value": 125.0,
              "system": "urn:iso:std:iso:4217",
              "code": "USD"
            },
            "encounter": [
              {
                "reference": {
                  "fullUrl": "urn:uuid:749c364e-9fce-454d-97c5-0ebd765fe73d",
                  "resource": {
                    "id": "749c364e-9fce-454d-97c5-0ebd765fe73d",
                    "meta": {
                      "profile": [
                        "http://standardhealthrecord.org/fhir/StructureDefinition/shr-encounter-Encounter"
                      ]
                    },
                    "status": "finished",
                    "class": {
                      "code": "outpatient"
                    },
                    "type": [
                      {
                        "coding": [
                          {
                            "system": "http://snomed.info/sct",
                            "code": "185349003"
                          }
                        ],
                        "text": "Outpatient Encounter"
                      }
                    ],
                    "subject": {
                      "reference": "urn:uuid:70d8bb50-1f1b-4bf4-b91d-97fa91bb1a84"
                    },
                    "period": {
                      "start": "2008-11-28T21:37:37-05:00",
                      "end": "2008-11-28T22:37:37-05:00"
                    },
                    "serviceProvider": {
                      "reference": "urn:uuid:7ba109b0-4fc8-4375-ab34-0fba748975a7"
                    },
                    "resourceType": "Encounter"
                  }
                }
              }
            ]
          },
          {
            "sequence": 2,
            "diagnosisLinkId": [
              1
            ],
            "net": {
              "value": 0.0,
              "system": "urn:iso:std:iso:4217",
              "code": "USD"
            }
          },
          {
            "sequence": 3,
            "procedureLinkId": [
              2
            ],
            "net": {
              "value": 1508.6649932999997,
              "system": "urn:iso:std:iso:4217",
              "code": "USD"
            }
          },
          {
            "sequence": 4,
            "category": {
              "coding": [
                {
                  "system": "http://hl7.org/fhir/sid/cvx",
                  "code": "140",
                  "display": "Influenza, seasonal, injectable, preservative free"
                }
              ],
              "text": "Influenza, seasonal, injectable, preservative free"
            },
            "net": {
              "value": 136.0,
              "system": "urn:iso:std:iso:4217",
              "code": "USD"
            }
          }
        ],
        "total": {
          "value": 1769.6649932999997,
          "system": "urn:iso:std:iso:4217",
          "code": "USD"
        },
        "resourceType": "Claim"
      }
    },
    {
      "fullUrl": "urn:uuid:9e6e8c52-53a0-43c6-a40b-c18a3ca34874",
      "resource": {
        "id": "9e6e8c52-53a0-43c6-a40b-c18a3ca34874",
        "meta": {
          "profile": [
            "http://standardhealthrecord.org/fhir/StructureDefinition/shr-problem-Problem"
          ]
        },
        "clinicalStatus": "active",
        "verificationStatus": "confirmed",
        "code": {
          "coding": [
            {
              "system": "http://snomed.info/sct",
              "code": "64859006",
              "display": "Osteoporosis (disorder)"
            }
          ],
          "text": "Osteoporosis (disorder)"
        },
        "subject": {
          "reference": "urn:uuid:70d8bb50-1f1b-4bf4-b91d-97fa91bb1a84"
        },
        "context": {
          "reference": "urn:uuid:749c364e-9fce-454d-97c5-0ebd765fe73d"
        },
        "onsetDateTime": "2008-11-28T21:37:37-05:00",
        "assertedDate": "2008-11-28",
        "resourceType": "Condition"
      }
    },
    {
      "fullUrl": "urn:uuid:9c535ec4-31d5-4cb8-813c-fd69e33b23cf",
      "resource": {
        "id": "9c535ec4-31d5-4cb8-813c-fd69e33b23cf",
        "meta": {
          "profile": [
            "http://standardhealthrecord.org/fhir/StructureDefinition/shr-observation-Observation"
          ]
        },
        "status": "final",
        "category": [
          {
            "coding": [
              {
                "system": "http://hl7.org/fhir/observation-category",
                "code": "procedure"
              }
            ]
          }
        ],
        "code": {
          "coding": [
            {
              "system": "http://loinc.org",
              "code": "38265-5",
              "display": "DXA [T-score] Bone density"
            }
          ],
          "text": "DXA [T-score] Bone density"
        },
        "subject": {
          "reference": "urn:uuid:70d8bb50-1f1b-4bf4-b91d-97fa91bb1a84"
        },
        "context": {
          "reference": "urn:uuid:749c364e-9fce-454d-97c5-0ebd765fe73d"
        },
        "effectiveDateTime": "2008-11-28T21:37:37-05:00",
        "issued": "2008-11-28T21:37:37-05:00",
        "valueQuantity": {
          "value": -3.792230296248948,
          "unit": "{T-score}",
          "system": "http://unitsofmeasure.org/",
          "code": "{T-score}"
        },
        "resourceType": "Observation"
      }
    },
    {
      "fullUrl": "urn:uuid:66356fc6-f590-4130-b3e1-1fe5e79cd036",
      "resource": {
        "id": "66356fc6-f590-4130-b3e1-1fe5e79cd036",
        "meta": {
          "profile": [
            "http://standardhealthrecord.org/fhir/StructureDefinition/shr-observation-Observation",
            "http://standardhealthrecord.org/fhir/StructureDefinition/shr-vital-VitalSign",
            "http://standardhealthrecord.org/fhir/StructureDefinition/shr-vital-BodyHeight"
          ]
        },
        "status": "final",
        "category": [
          {
            "coding": [
              {
                "system": "http://hl7.org/fhir/observation-category",
                "code": "vital-signs"
              }
            ]
          }
        ],
        "code": {
          "coding": [
            {
              "system": "http://loinc.org",
              "code": "8302-2",
              "display": "Body Height"
            }
          ],
          "text": "Body Height"
        },
        "subject": {
          "reference": "urn:uuid:70d8bb50-1f1b-4bf4-b91d-97fa91bb1a84"
        },
        "context": {
          "reference": "urn:uuid:749c364e-9fce-454d-97c5-0ebd765fe73d"
        },
        "effectiveDateTime": "2008-11-28T21:37:37-05:00",
        "issued": "2008-11-28T21:37:37-05:00",
        "valueQuantity": {
          "value": 161.0620259229406,
          "unit": "cm",
          "system": "http://unitsofmeasure.org/",
          "code": "cm"
        },
        "resourceType": "Observation"
      }
    },
    {
      "fullUrl": "urn:uuid:8ba62d29-2667-4ed7-a08e-76ad17812957",
      "resource": {
        "id": "8ba62d29-2667-4ed7-a08e-76ad17812957",
        "meta": {
          "profile": [
            "http://standardhealthrecord.org/fhir/StructureDefinition/shr-observation-Observation",
            "http://standardhealthrecord.org/fhir/StructureDefinition/shr-vital-VitalSign",
            "http://standardhealthrecord.org/fhir/StructureDefinition/shr-vital-BodyWeight"
          ]
        },
        "status": "final",
        "category": [
          {
            "coding": [
              {
                "system": "http://hl7.org/fhir/observation-category",
                "code": "vital-signs"
              }
            ]
          }
        ],
        "code": {
          "coding": [
            {
              "system": "http://loinc.org",
              "code": "29463-7",
              "display": "Body Weight"
            }
          ],
          "text": "Body Weight"
        },
        "subject": {
          "reference": "urn:uuid:70d8bb50-1f1b-4bf4-b91d-97fa91bb1a84"
        },
        "context": {
          "reference": "urn:uuid:749c364e-9fce-454d-97c5-0ebd765fe73d"
        },
        "effectiveDateTime": "2008-11-28T21:37:37-05:00",
        "issued": "2008-11-28T21:37:37-05:00",
        "valueQuantity": {
          "value": 95.02471202368223,
          "unit": "kg",
          "system": "http://unitsofmeasure.org/",
          "code": "kg"
        },
        "resourceType": "Observation"
      }
    },
    {
      "fullUrl": "urn:uuid:a22ccfa2-7f74-4438-a102-6af70f83ab7b",
      "resource": {
        "id": "a22ccfa2-7f74-4438-a102-6af70f83ab7b",
        "meta": {
          "profile": [
            "http://standardhealthrecord.org/fhir/StructureDefinition/shr-observation-Observation",
            "http://standardhealthrecord.org/fhir/StructureDefinition/shr-vital-VitalSign",
            "http://standardhealthrecord.org/fhir/StructureDefinition/shr-vital-BodyMassIndex"
          ]
        },
        "status": "final",
        "category": [
          {
            "coding": [
              {
                "system": "http://hl7.org/fhir/observation-category",
                "code": "vital-signs"
              }
            ]
          }
        ],
        "code": {
          "coding": [
            {
              "system": "http://loinc.org",
              "code": "39156-5",
              "display": "Body Mass Index"
            }
          ],
          "text": "Body Mass Index"
        },
        "subject": {
          "reference": "urn:uuid:70d8bb50-1f1b-4bf4-b91d-97fa91bb1a84"
        },
        "context": {
          "reference": "urn:uuid:749c364e-9fce-454d-97c5-0ebd765fe73d"
        },
        "effectiveDateTime": "2008-11-28T21:37:37-05:00",
        "issued": "2008-11-28T21:37:37-05:00",
        "valueQuantity": {
          "value": 36.63112417650203,
          "unit": "kg/m2",
          "system": "http://unitsofmeasure.org/",
          "code": "kg/m2"
        },
        "resourceType": "Observation"
      }
    },
    {
      "fullUrl": "urn:uuid:f526f695-5fab-4404-94e4-c5ead9d7dfea",
      "resource": {
        "id": "f526f695-5fab-4404-94e4-c5ead9d7dfea",
        "meta": {
          "profile": [
            "http://standardhealthrecord.org/fhir/StructureDefinition/shr-observation-Observation",
            "http://standardhealthrecord.org/fhir/StructureDefinition/shr-vital-BloodPressure"
          ]
        },
        "status": "final",
        "category": [
          {
            "coding": [
              {
                "system": "http://hl7.org/fhir/observation-category",
                "code": "vital-signs"
              }
            ]
          }
        ],
        "code": {
          "coding": [
            {
              "system": "http://loinc.org",
              "code": "55284-4",
              "display": "Blood Pressure"
            }
          ]
        },
        "subject": {
          "reference": "urn:uuid:70d8bb50-1f1b-4bf4-b91d-97fa91bb1a84"
        },
        "context": {
          "reference": "urn:uuid:749c364e-9fce-454d-97c5-0ebd765fe73d"
        },
        "effectiveDateTime": "2008-11-28T21:37:37-05:00",
        "issued": "2008-11-28T21:37:37-05:00",
        "component": [
          {
            "code": {
              "coding": [
                {
                  "system": "http://loinc.org",
                  "code": "8480-6",
                  "display": "Systolic Blood Pressure"
                }
              ],
              "text": "Systolic Blood Pressure"
            },
            "valueQuantity": {
              "value": 137,
              "unit": "mmHg",
              "system": "http://unitsofmeasure.org/",
              "code": "mmHg"
            }
          },
          {
            "code": {
              "coding": [
                {
                  "system": "http://loinc.org",
                  "code": "8462-4",
                  "display": "Diastolic Blood Pressure"
                }
              ],
              "text": "Diastolic Blood Pressure"
            },
            "valueQuantity": {
              "value": 81,
              "unit": "mmHg",
              "system": "http://unitsofmeasure.org/",
              "code": "mmHg"
            }
          }
        ],
        "resourceType": "Observation"
      }
    },
    {
      "fullUrl": "urn:uuid:85e31d10-06b7-4c13-bde2-98c1d354766c",
      "resource": {
        "id": "85e31d10-06b7-4c13-bde2-98c1d354766c",
        "meta": {
          "profile": [
            "http://standardhealthrecord.org/fhir/StructureDefinition/shr-procedure-Procedure"
          ]
        },
        "extension": [
          {
            "url": "http://standardhealthrecord.org/fhir/StructureDefinition/shr-core-CodeableConcept-extension",
            "valueCodeableConcept": {
              "coding": [
                {
                  "system": "http://snomed.info/sct",
                  "code": "312681000",
                  "display": "Bone density scan (procedure)"
                }
              ],
              "text": "Bone density scan (procedure)"
            }
          }
        ],
        "status": "completed",
        "code": {
          "coding": [
            {
              "system": "http://snomed.info/sct",
              "code": "312681000",
              "display": "Bone density scan (procedure)"
            }
          ],
          "text": "Bone density scan (procedure)"
        },
        "subject": {
          "reference": "urn:uuid:70d8bb50-1f1b-4bf4-b91d-97fa91bb1a84"
        },
        "context": {
          "reference": "urn:uuid:749c364e-9fce-454d-97c5-0ebd765fe73d"
        },
        "performedDateTime": "2008-11-28T21:37:37-05:00",
        "resourceType": "Procedure"
      }
    },
    {
      "resource": {
        "meta": {
          "profile": [
            "http://standardhealthrecord.org/fhir/StructureDefinition/shr-immunization-Immunization"
          ]
        },
        "status": "completed",
        "notGiven": false,
        "vaccineCode": {
          "coding": [
            {
              "system": "http://hl7.org/fhir/sid/cvx",
              "code": "140",
              "display": "Influenza, seasonal, injectable, preservative free"
            }
          ],
          "text": "Influenza, seasonal, injectable, preservative free"
        },
        "patient": {
          "reference": "urn:uuid:70d8bb50-1f1b-4bf4-b91d-97fa91bb1a84"
        },
        "encounter": {
          "reference": "urn:uuid:749c364e-9fce-454d-97c5-0ebd765fe73d"
        },
        "date": "2008-11-28T21:37:37-05:00",
        "primarySource": true,
        "resourceType": "Immunization"
      }
    },
    {
      "fullUrl": "urn:uuid:41155207-ea6d-487e-a515-c78b28c845da",
      "resource": {
        "id": "41155207-ea6d-487e-a515-c78b28c845da",
        "meta": {
          "profile": [
            "http://standardhealthrecord.org/fhir/StructureDefinition/shr-medication-MedicationPrescription"
          ]
        },
        "extension": [
          {
            "url": "http://standardhealthrecord.org/fhir/StructureDefinition/shr-base-ActionCode-extension",
            "valueCodeableConcept": {
              "coding": [
                {
                  "system": "http://snomed.info/sct",
                  "code": "33633005",
                  "display": "Prescription of drug (procedure)"
                }
              ],
              "text": "Prescription of drug (procedure)"
            }
          }
        ],
        "status": "active",
        "intent": "order",
        "medicationCodeableConcept": {
          "coding": [
            {
              "system": "http://www.nlm.nih.gov/research/umls/rxnorm",
              "code": "904420",
              "display": "Alendronic acid 10 MG [Fosamax]"
            }
          ],
          "text": "Alendronic acid 10 MG [Fosamax]"
        },
        "subject": {
          "reference": "urn:uuid:70d8bb50-1f1b-4bf4-b91d-97fa91bb1a84"
        },
        "context": {
          "reference": "urn:uuid:749c364e-9fce-454d-97c5-0ebd765fe73d"
        },
        "authoredOn": "2008-11-28",
        "resourceType": "MedicationRequest"
      }
    },
    {
      "fullUrl": "urn:uuid:59510585-eb55-4085-ac14-b47995301316",
      "resource": {
        "id": "59510585-eb55-4085-ac14-b47995301316",
        "status": "active",
        "use": "complete",
        "patient": {
          "reference": "urn:uuid:70d8bb50-1f1b-4bf4-b91d-97fa91bb1a84"
        },
        "billablePeriod": {
          "start": "2008-11-28T21:37:37-05:00",
          "end": "2008-11-28T22:37:37-05:00"
        },
        "organization": {
          "reference": {
            "reference": "urn:uuid:7ba109b0-4fc8-4375-ab34-0fba748975a7"
          }
        },
        "prescription": {
          "reference": "urn:uuid:41155207-ea6d-487e-a515-c78b28c845da"
        },
        "item": [
          {
            "sequence": 1,
            "net": {
              "value": 125.0,
              "system": "urn:iso:std:iso:4217",
              "code": "USD"
            },
            "encounter": [
              {
                "reference": {
                  "fullUrl": "urn:uuid:749c364e-9fce-454d-97c5-0ebd765fe73d",
                  "resource": {
                    "id": "749c364e-9fce-454d-97c5-0ebd765fe73d",
                    "meta": {
                      "profile": [
                        "http://standardhealthrecord.org/fhir/StructureDefinition/shr-encounter-Encounter"
                      ]
                    },
                    "status": "finished",
                    "class": {
                      "code": "outpatient"
                    },
                    "type": [
                      {
                        "coding": [
                          {
                            "system": "http://snomed.info/sct",
                            "code": "185349003"
                          }
                        ],
                        "text": "Outpatient Encounter"
                      }
                    ],
                    "subject": {
                      "reference": "urn:uuid:70d8bb50-1f1b-4bf4-b91d-97fa91bb1a84"
                    },
                    "period": {
                      "start": "2008-11-28T21:37:37-05:00",
                      "end": "2008-11-28T22:37:37-05:00"
                    },
                    "serviceProvider": {
                      "reference": "urn:uuid:7ba109b0-4fc8-4375-ab34-0fba748975a7"
                    },
                    "resourceType": "Encounter"
                  }
                }
              }
            ]
          },
          {
            "sequence": 1,
            "net": {
              "value": 255.0,
              "system": "urn:iso:std:iso:4217",
              "code": "USD"
            }
          }
        ],
        "total": {
          "value": 255.0,
          "system": "urn:iso:std:iso:4217",
          "code": "USD"
        },
        "resourceType": "Claim"
      }
    },
    {
      "fullUrl": "urn:uuid:b9cc61bf-8754-47b3-8710-dab110832363",
      "resource": {
        "id": "b9cc61bf-8754-47b3-8710-dab110832363",
        "meta": {
          "profile": [
            "http://standardhealthrecord.org/fhir/StructureDefinition/shr-encounter-Encounter"
          ]
        },
        "status": "finished",
        "class": {
          "code": "ambulatory"
        },
        "type": [
          {
            "coding": [
              {
                "system": "http://snomed.info/sct",
                "code": "308646001"
              }
            ],
            "text": "Death Certification"
          }
        ],
        "subject": {
          "reference": "urn:uuid:70d8bb50-1f1b-4bf4-b91d-97fa91bb1a84"
        },
        "period": {
          "start": "2010-01-12T05:54:41-05:00",
          "end": "2010-01-12T06:09:41-05:00"
        },
        "serviceProvider": {
          "reference": "urn:uuid:7ba109b0-4fc8-4375-ab34-0fba748975a7"
        },
        "resourceType": "Encounter"
      }
    },
    {
      "fullUrl": "urn:uuid:0025a4c5-7227-4ce5-a542-afb1f0052971",
      "resource": {
        "id": "0025a4c5-7227-4ce5-a542-afb1f0052971",
        "status": "active",
        "use": "complete",
        "patient": {
          "reference": "urn:uuid:70d8bb50-1f1b-4bf4-b91d-97fa91bb1a84"
        },
        "billablePeriod": {
          "start": "2010-01-12T05:54:41-05:00",
          "end": "2010-01-12T06:09:41-05:00"
        },
        "organization": {
          "reference": {
            "reference": "urn:uuid:7ba109b0-4fc8-4375-ab34-0fba748975a7"
          }
        },
        "item": [
          {
            "sequence": 1,
            "net": {
              "value": 125.0,
              "system": "urn:iso:std:iso:4217",
              "code": "USD"
            },
            "encounter": [
              {
                "reference": {
                  "fullUrl": "urn:uuid:b9cc61bf-8754-47b3-8710-dab110832363",
                  "resource": {
                    "id": "b9cc61bf-8754-47b3-8710-dab110832363",
                    "meta": {
                      "profile": [
                        "http://standardhealthrecord.org/fhir/StructureDefinition/shr-encounter-Encounter"
                      ]
                    },
                    "status": "finished",
                    "class": {
                      "code": "ambulatory"
                    },
                    "type": [
                      {
                        "coding": [
                          {
                            "system": "http://snomed.info/sct",
                            "code": "308646001"
                          }
                        ],
                        "text": "Death Certification"
                      }
                    ],
                    "subject": {
                      "reference": "urn:uuid:70d8bb50-1f1b-4bf4-b91d-97fa91bb1a84"
                    },
                    "period": {
                      "start": "2010-01-12T05:54:41-05:00",
                      "end": "2010-01-12T06:09:41-05:00"
                    },
                    "serviceProvider": {
                      "reference": "urn:uuid:7ba109b0-4fc8-4375-ab34-0fba748975a7"
                    },
                    "resourceType": "Encounter"
                  }
                }
              }
            ]
          }
        ],
        "total": {
          "value": 125.0,
          "system": "urn:iso:std:iso:4217",
          "code": "USD"
        },
        "resourceType": "Claim"
      }
    },
    {
      "fullUrl": "urn:uuid:4bbdf1e4-e893-4ce0-901d-e5159cc64252",
      "resource": {
        "id": "4bbdf1e4-e893-4ce0-901d-e5159cc64252",
        "meta": {
          "profile": [
            "http://standardhealthrecord.org/fhir/StructureDefinition/shr-observation-Observation"
          ]
        },
        "status": "final",
        "category": [
          {
            "coding": [
              {
                "system": "http://hl7.org/fhir/observation-category"
              }
            ]
          }
        ],
        "code": {
          "coding": [
            {
              "system": "http://loinc.org",
              "code": "69453-9",
              "display": "Cause of Death [US Standard Certificate of Death]"
            }
          ],
          "text": "Cause of Death [US Standard Certificate of Death]"
        },
        "subject": {
          "reference": "urn:uuid:70d8bb50-1f1b-4bf4-b91d-97fa91bb1a84"
        },
        "context": {
          "reference": "urn:uuid:b9cc61bf-8754-47b3-8710-dab110832363"
        },
        "effectiveDateTime": "2010-01-12T05:54:41-05:00",
        "issued": "2010-01-12T05:54:41-05:00",
        "valueCodeableConcept": {
          "coding": [
            {
              "system": "http://snomed.info/sct",
              "code": "9855000",
              "display": "Natural death with unknown cause"
            }
          ],
          "text": "Natural death with unknown cause"
        },
        "resourceType": "Observation"
      }
    },
    {
      "fullUrl": "urn:uuid:eb3918f5-85e6-448a-9295-990b9d15d023",
      "resource": {
        "id": "eb3918f5-85e6-448a-9295-990b9d15d023",
        "meta": {
          "profile": [
            "http://standardhealthrecord.org/fhir/StructureDefinition/shr-observation-Panel"
          ]
        },
        "status": "final",
        "code": {
          "coding": [
            {
              "system": "http://loinc.org",
              "code": "69409-1",
              "display": "U.S. standard certificate of death - 2003 revision"
            }
          ]
        },
        "subject": {
          "reference": "urn:uuid:70d8bb50-1f1b-4bf4-b91d-97fa91bb1a84"
        },
        "context": {
          "reference": "urn:uuid:b9cc61bf-8754-47b3-8710-dab110832363"
        },
        "effectiveDateTime": "2010-01-12T05:54:41-05:00",
        "issued": "2010-01-12T05:54:41-05:00",
        "result": [
          {
            "reference": "urn:uuid:4bbdf1e4-e893-4ce0-901d-e5159cc64252",
            "display": "Cause of Death [US Standard Certificate of Death]"
          }
        ],
        "resourceType": "DiagnosticReport"
      }
    },
    {
      "fullUrl": "urn:uuid:9dcc34d4-0856-49c1-afda-1d00517bea50",
      "resource": {
        "id": "9dcc34d4-0856-49c1-afda-1d00517bea50",
        "meta": {
          "profile": [
            "http://standardhealthrecord.org/fhir/StructureDefinition/shr-observation-Observation"
          ]
        },
        "status": "final",
        "category": [
          {
            "coding": [
              {
                "system": "http://hl7.org/fhir/observation-category",
                "code": "survey"
              }
            ]
          }
        ],
        "code": {
          "coding": [
            {
              "system": "http://snomed.info/sct",
              "code": "273724008",
              "display": "Quality adjusted life years"
            }
          ],
          "text": "Quality adjusted life years"
        },
        "subject": {
          "reference": "urn:uuid:70d8bb50-1f1b-4bf4-b91d-97fa91bb1a84"
        },
        "effectiveDateTime": "2017-10-31T16:09:28-04:00",
        "issued": "2017-10-31T16:09:28-04:00",
        "valueQuantity": {
          "value": 80.98982701384955,
          "unit": "years",
          "system": "http://unitsofmeasure.org/",
          "code": "years"
        },
        "resourceType": "Observation"
      }
    },
    {
      "fullUrl": "urn:uuid:5297bbd4-35c1-44de-b439-6077e4b476bd",
      "resource": {
        "id": "5297bbd4-35c1-44de-b439-6077e4b476bd",
        "meta": {
          "profile": [
            "http://standardhealthrecord.org/fhir/StructureDefinition/shr-observation-Observation"
          ]
        },
        "status": "final",
        "category": [
          {
            "coding": [
              {
                "system": "http://hl7.org/fhir/observation-category",
                "code": "survey"
              }
            ]
          }
        ],
        "code": {
          "coding": [
            {
              "system": "http://snomed.info/sct",
              "code": "273421001",
              "display": "Disability rating scale"
            }
          ],
          "text": "Disability rating scale"
        },
        "subject": {
          "reference": "urn:uuid:70d8bb50-1f1b-4bf4-b91d-97fa91bb1a84"
        },
        "effectiveDateTime": "2017-10-31T16:09:28-04:00",
        "issued": "2017-10-31T16:09:28-04:00",
        "valueQuantity": {
          "value": 13.76103298615046,
          "unit": "years",
          "system": "http://unitsofmeasure.org/",
          "code": "years"
        },
        "resourceType": "Observation"
      }
    }
  ],
  "resourceType": "Bundle"
}