{
  "type": "collection",
  "entry": [
    {
      "fullUrl": "urn:uuid:efe3c542-d4de-4837-895b-bf980adbe059",
      "resource": {
        "id": "efe3c542-d4de-4837-895b-bf980adbe059",
        "meta": {
          "profile": [
            "http://standardhealthrecord.org/fhir/StructureDefinition/shr-actor-Organization"
          ]
        },
        "type": [
          {
            "coding": [
              {
                "system": "http://hl7.org/fhir/organization-type",
                "code": "prov",
                "display": "Healthcare Provider"
              }
            ],
            "text": "Healthcare Provider"
          }
        ],
        "name": "METROWEST MED CTR/L MORSE CAMPUS",
        "resourceType": "Organization"
      }
    },
    {
      "fullUrl": "urn:uuid:f833cfa7-409e-44c7-9188-0c0fe99181bf",
      "resource": {
        "id": "f833cfa7-409e-44c7-9188-0c0fe99181bf",
        "meta": {
          "profile": [
            "http://standardhealthrecord.org/fhir/StructureDefinition/shr-demographics-PersonOfRecord"
          ]
        },
        "text": {
          "status": "generated",
          "div": "<div xmlns=\"http://www.w3.org/1999/xhtml\">Generated by <a href=\"https://github.com/synthetichealth/synthea\">Synthea</a>. Version identifier: 368ac389f34cd3ce3986aa3a0a08e467bf574db3</div>"
        },
        "extension": [
          {
            "url": "http://hl7.org/fhir/us/core/StructureDefinition/us-core-race",
            "valueCodeableConcept": {
              "coding": [
                {
                  "system": "http://hl7.org/fhir/v3/Race",
                  "code": "2131-1",
                  "display": "Other"
                }
              ],
              "text": "race"
            }
          },
          {
            "url": "http://hl7.org/fhir/us/core/StructureDefinition/us-core-ethnicity",
            "valueCodeableConcept": {
              "coding": [
                {
                  "system": "http://hl7.org/fhir/v3/Ethnicity",
                  "code": "2180-8",
                  "display": "Puerto_rican"
                }
              ],
              "text": "ethnicity"
            }
          },
          {
            "url": "http://hl7.org/fhir/StructureDefinition/birthPlace",
            "valueAddress": {
              "city": "Lawrence",
              "state": "MA",
              "country": "US"
            }
          },
          {
            "url": "http://hl7.org/fhir/StructureDefinition/patient-mothersMaidenName",
            "valueString": "Anisha355 Morar464"
          },
          {
            "url": "http://hl7.org/fhir/us/core/StructureDefinition/us-core-birthsex",
            "valueCode": "F"
          },
          {
            "url": "http://hl7.org/fhir/StructureDefinition/patient-interpreterRequired",
            "valueBoolean": false
          },
          {
            "url": "http://standardhealthrecord.org/fhir/StructureDefinition/shr-actor-FictionalPerson-extension",
            "valueBoolean": true
          },
          {
            "url": "http://standardhealthrecord.org/fhir/StructureDefinition/shr-demographics-FathersName-extension",
            "valueHumanName": {
              "text": "Hubert104 Macejkovic358"
            }
          },
          {
            "url": "http://standardhealthrecord.org/fhir/StructureDefinition/shr-demographics-SocialSecurityNumber-extension",
            "valueString": "999-85-3559"
          }
        ],
        "identifier": [
          {
            "system": "https://github.com/synthetichealth/synthea",
            "value": "2a217b38-c3d1-4c41-89af-cf410d4a3bb4"
          },
          {
            "type": {
              "coding": [
                {
                  "system": "http://hl7.org/fhir/identifier-type",
                  "code": "SB"
                }
              ]
            },
            "system": "http://hl7.org/fhir/sid/us-ssn",
            "value": "999853559"
          },
          {
            "type": {
              "coding": [
                {
                  "system": "http://hl7.org/fhir/v2/0203",
                  "code": "DL"
                }
              ]
            },
            "system": "urn:oid:2.16.840.1.113883.4.3.25",
            "value": "S99961740"
          },
          {
            "type": {
              "coding": [
                {
                  "system": "http://hl7.org/fhir/v2/0203",
                  "code": "PPN"
                }
              ]
            },
            "system": "http://standardhealthrecord.org/fhir/StructureDefinition/passportNumber",
            "value": "X28982128X"
          },
          {
            "type": {
              "coding": [
                {
                  "system": "http://hl7.org/fhir/v2/0203",
                  "code": "MR"
                }
              ]
            },
            "system": "http://hospital.smarthealthit.org",
            "value": "2a217b38-c3d1-4c41-89af-cf410d4a3bb4"
          }
        ],
        "name": [
          {
            "use": "official",
            "family": "Conroy4",
            "given": [
              "Joe416"
            ],
            "prefix": [
              "Mrs."
            ]
          },
          {
            "use": "maiden",
            "family": "Macejkovic358",
            "given": [
              "Joe416"
            ]
          }
        ],
        "telecom": [
          {
            "system": "phone",
            "value": "601-300-6125 x2500",
            "use": "home"
          }
        ],
        "gender": "female",
        "birthDate": "1919-05-23",
        "deceasedDateTime": "1990-02-09T18:22:50-05:00",
        "address": [
          {
            "extension": [
              {
                "extension": [
                  {
                    "url": "latitude",
                    "valueDecimal": 42.27016785643733
                  },
                  {
                    "url": "longitude",
                    "valueDecimal": -71.29905754436291
                  }
                ],
                "url": "http://hl7.org/fhir/StructureDefinition/geolocation"
              }
            ],
            "line": [
              "7875 Schinner Crest",
              "Apt. 850"
            ],
            "city": "Wellesley",
            "state": "MA",
            "postalCode": "02481",
            "country": "US"
          }
        ],
        "maritalStatus": {
          "coding": [
            {
              "system": "http://hl7.org/fhir/v3/MaritalStatus",
              "code": "M"
            }
          ],
          "text": "M"
        },
        "multipleBirthBoolean": false,
        "communication": [
          {
            "language": {
              "coding": [
                {
                  "system": "http://hl7.org/fhir/ValueSet/languages",
                  "code": "es",
                  "display": "Spanish"
                }
              ]
            }
          }
        ],
        "generalPractitioner": [
          {
            "reference": "urn:uuid:efe3c542-d4de-4837-895b-bf980adbe059"
          }
        ],
        "resourceType": "Patient"
      }
    },
    {
      "fullUrl": "urn:uuid:d24ef40a-024e-4622-8c28-5cfe411096df",
      "resource": {
        "id": "d24ef40a-024e-4622-8c28-5cfe411096df",
        "meta": {
          "profile": [
            "http://standardhealthrecord.org/fhir/StructureDefinition/shr-encounter-Encounter"
          ]
        },
        "status": "finished",
        "class": {
          "code": "ambulatory"
        },
        "type": [
          {
            "coding": [
              {
                "system": "http://snomed.info/sct",
                "code": "308646001"
              }
            ],
            "text": "Death Certification"
          }
        ],
        "subject": {
          "reference": "urn:uuid:f833cfa7-409e-44c7-9188-0c0fe99181bf"
        },
        "period": {
          "start": "1990-02-09T18:22:50-05:00",
          "end": "1990-02-09T18:37:50-05:00"
        },
        "serviceProvider": {
          "reference": "urn:uuid:efe3c542-d4de-4837-895b-bf980adbe059"
        },
        "resourceType": "Encounter"
      }
    },
    {
      "fullUrl": "urn:uuid:b1a334ce-8e0f-4c07-b097-bdebe8538514",
      "resource": {
        "id": "b1a334ce-8e0f-4c07-b097-bdebe8538514",
        "status": "active",
        "use": "complete",
        "patient": {
          "reference": "urn:uuid:f833cfa7-409e-44c7-9188-0c0fe99181bf"
        },
        "billablePeriod": {
          "start": "1990-02-09T18:22:50-05:00",
          "end": "1990-02-09T18:37:50-05:00"
        },
        "organization": {
          "reference": {
            "reference": "urn:uuid:efe3c542-d4de-4837-895b-bf980adbe059"
          }
        },
        "item": [
          {
            "sequence": 1,
            "net": {
              "value": 125.0,
              "system": "urn:iso:std:iso:4217",
              "code": "USD"
            },
            "encounter": [
              {
                "reference": {
                  "fullUrl": "urn:uuid:d24ef40a-024e-4622-8c28-5cfe411096df",
                  "resource": {
                    "id": "d24ef40a-024e-4622-8c28-5cfe411096df",
                    "meta": {
                      "profile": [
                        "http://standardhealthrecord.org/fhir/StructureDefinition/shr-encounter-Encounter"
                      ]
                    },
                    "status": "finished",
                    "class": {
                      "code": "ambulatory"
                    },
                    "type": [
                      {
                        "coding": [
                          {
                            "system": "http://snomed.info/sct",
                            "code": "308646001"
                          }
                        ],
                        "text": "Death Certification"
                      }
                    ],
                    "subject": {
                      "reference": "urn:uuid:f833cfa7-409e-44c7-9188-0c0fe99181bf"
                    },
                    "period": {
                      "start": "1990-02-09T18:22:50-05:00",
                      "end": "1990-02-09T18:37:50-05:00"
                    },
                    "serviceProvider": {
                      "reference": "urn:uuid:efe3c542-d4de-4837-895b-bf980adbe059"
                    },
                    "resourceType": "Encounter"
                  }
                }
              }
            ]
          }
        ],
        "total": {
          "value": 125.0,
          "system": "urn:iso:std:iso:4217",
          "code": "USD"
        },
        "resourceType": "Claim"
      }
    },
    {
      "fullUrl": "urn:uuid:69415492-bdac-4c89-bbd9-35a25b0eab73",
      "resource": {
        "id": "69415492-bdac-4c89-bbd9-35a25b0eab73",
        "meta": {
          "profile": [
            "http://standardhealthrecord.org/fhir/StructureDefinition/shr-observation-Observation"
          ]
        },
        "status": "final",
        "category": [
          {
            "coding": [
              {
                "system": "http://hl7.org/fhir/observation-category"
              }
            ]
          }
        ],
        "code": {
          "coding": [
            {
              "system": "http://loinc.org",
              "code": "69453-9",
              "display": "Cause of Death [US Standard Certificate of Death]"
            }
          ],
          "text": "Cause of Death [US Standard Certificate of Death]"
        },
        "subject": {
          "reference": "urn:uuid:f833cfa7-409e-44c7-9188-0c0fe99181bf"
        },
        "context": {
          "reference": "urn:uuid:d24ef40a-024e-4622-8c28-5cfe411096df"
        },
        "effectiveDateTime": "1990-02-09T18:22:50-05:00",
        "issued": "1990-02-09T18:22:50-05:00",
        "valueCodeableConcept": {
          "coding": [
            {
              "system": "http://snomed.info/sct",
              "code": "9855000",
              "display": "Natural death with unknown cause"
            }
          ],
          "text": "Natural death with unknown cause"
        },
        "resourceType": "Observation"
      }
    },
    {
      "fullUrl": "urn:uuid:74228968-586c-47e4-a505-5c669ca0aa28",
      "resource": {
        "id": "74228968-586c-47e4-a505-5c669ca0aa28",
        "meta": {
          "profile": [
            "http://standardhealthrecord.org/fhir/StructureDefinition/shr-observation-Panel"
          ]
        },
        "status": "final",
        "code": {
          "coding": [
            {
              "system": "http://loinc.org",
              "code": "69409-1",
              "display": "U.S. standard certificate of death - 2003 revision"
            }
          ]
        },
        "subject": {
          "reference": "urn:uuid:f833cfa7-409e-44c7-9188-0c0fe99181bf"
        },
        "context": {
          "reference": "urn:uuid:d24ef40a-024e-4622-8c28-5cfe411096df"
        },
        "effectiveDateTime": "1990-02-09T18:22:50-05:00",
        "issued": "1990-02-09T18:22:50-05:00",
        "result": [
          {
            "reference": "urn:uuid:69415492-bdac-4c89-bbd9-35a25b0eab73",
            "display": "Cause of Death [US Standard Certificate of Death]"
          }
        ],
        "resourceType": "DiagnosticReport"
      }
    },
    {
      "resource": {
        "status": "completed",
        "intent": "order",
        "category": [
          {
            "coding": [
              {
                "system": "http://snomed.info/sct",
                "code": "134435003",
                "display": "Routine antenatal care"
              }
            ]
          }
        ],
        "subject": {
          "reference": "urn:uuid:f833cfa7-409e-44c7-9188-0c0fe99181bf"
        },
        "context": {
          "reference": "urn:uuid:d24ef40a-024e-4622-8c28-5cfe411096df"
        },
        "period": {
          "start": "1937-10-29",
          "end": "1938-05-27"
        },
        "activity": [
          {
            "detail": {
              "code": {
                "coding": [
                  {
                    "system": "http://snomed.info/sct",
                    "code": "135892000",
                    "display": "Antenatal education"
                  }
                ]
              },
              "status": "completed"
            }
          },
          {
            "detail": {
              "code": {
                "coding": [
                  {
                    "system": "http://snomed.info/sct",
                    "code": "226060000",
                    "display": "Stress management"
                  }
                ]
              },
              "status": "completed"
            }
          },
          {
            "detail": {
              "code": {
                "coding": [
                  {
                    "system": "http://snomed.info/sct",
                    "code": "171054004",
                    "display": "Pregnancy diet education"
                  }
                ]
              },
              "status": "completed"
            }
          }
        ],
        "resourceType": "CarePlan"
      }
    },
    {
      "resource": {
        "status": "completed",
        "intent": "order",
        "category": [
          {
            "coding": [
              {
                "system": "http://snomed.info/sct",
                "code": "134435003",
                "display": "Routine antenatal care"
              }
            ]
          }
        ],
        "subject": {
          "reference": "urn:uuid:f833cfa7-409e-44c7-9188-0c0fe99181bf"
        },
        "context": {
          "reference": "urn:uuid:d24ef40a-024e-4622-8c28-5cfe411096df"
        },
        "period": {
          "start": "1941-03-21",
          "end": "1948-03-19"
        },
        "activity": [
          {
            "detail": {
              "code": {
                "coding": [
                  {
                    "system": "http://snomed.info/sct",
                    "code": "135892000",
                    "display": "Antenatal education"
                  }
                ]
              },
              "status": "completed"
            }
          },
          {
            "detail": {
              "code": {
                "coding": [
                  {
                    "system": "http://snomed.info/sct",
                    "code": "226060000",
                    "display": "Stress management"
                  }
                ]
              },
              "status": "completed"
            }
          },
          {
            "detail": {
              "code": {
                "coding": [
                  {
                    "system": "http://snomed.info/sct",
                    "code": "171054004",
                    "display": "Pregnancy diet education"
                  }
                ]
              },
              "status": "completed"
            }
          }
        ],
        "resourceType": "CarePlan"
      }
    },
    {
      "resource": {
        "status": "completed",
        "intent": "order",
        "category": [
          {
            "coding": [
              {
                "system": "http://snomed.info/sct",
                "code": "134435003",
                "display": "Routine antenatal care"
              }
            ]
          }
        ],
        "subject": {
          "reference": "urn:uuid:f833cfa7-409e-44c7-9188-0c0fe99181bf"
        },
        "context": {
          "reference": "urn:uuid:d24ef40a-024e-4622-8c28-5cfe411096df"
        },
        "period": {
          "start": "1947-08-08",
          "end": "1950-11-17"
        },
        "activity": [
          {
            "detail": {
              "code": {
                "coding": [
                  {
                    "system": "http://snomed.info/sct",
                    "code": "135892000",
                    "display": "Antenatal education"
                  }
                ]
              },
              "status": "completed"
            }
          },
          {
            "detail": {
              "code": {
                "coding": [
                  {
                    "system": "http://snomed.info/sct",
                    "code": "226060000",
                    "display": "Stress management"
                  }
                ]
              },
              "status": "completed"
            }
          },
          {
            "detail": {
              "code": {
                "coding": [
                  {
                    "system": "http://snomed.info/sct",
                    "code": "171054004",
                    "display": "Pregnancy diet education"
                  }
                ]
              },
              "status": "completed"
            }
          }
        ],
        "resourceType": "CarePlan"
      }
    },
    {
      "resource": {
        "status": "completed",
        "intent": "order",
        "category": [
          {
            "coding": [
              {
                "system": "http://snomed.info/sct",
                "code": "134435003",
                "display": "Routine antenatal care"
              }
            ]
          }
        ],
        "subject": {
          "reference": "urn:uuid:f833cfa7-409e-44c7-9188-0c0fe99181bf"
        },
        "context": {
          "reference": "urn:uuid:d24ef40a-024e-4622-8c28-5cfe411096df"
        },
        "period": {
          "start": "1950-04-07",
          "end": "1952-03-28"
        },
        "activity": [
          {
            "detail": {
              "code": {
                "coding": [
                  {
                    "system": "http://snomed.info/sct",
                    "code": "135892000",
                    "display": "Antenatal education"
                  }
                ]
              },
              "status": "completed"
            }
          },
          {
            "detail": {
              "code": {
                "coding": [
                  {
                    "system": "http://snomed.info/sct",
                    "code": "226060000",
                    "display": "Stress management"
                  }
                ]
              },
              "status": "completed"
            }
          },
          {
            "detail": {
              "code": {
                "coding": [
                  {
                    "system": "http://snomed.info/sct",
                    "code": "171054004",
                    "display": "Pregnancy diet education"
                  }
                ]
              },
              "status": "completed"
            }
          }
        ],
        "resourceType": "CarePlan"
      }
    },
    {
      "resource": {
        "status": "completed",
        "intent": "order",
        "category": [
          {
            "coding": [
              {
                "system": "http://snomed.info/sct",
                "code": "134435003",
                "display": "Routine antenatal care"
              }
            ]
          }
        ],
        "subject": {
          "reference": "urn:uuid:f833cfa7-409e-44c7-9188-0c0fe99181bf"
        },
        "context": {
          "reference": "urn:uuid:d24ef40a-024e-4622-8c28-5cfe411096df"
        },
        "period": {
          "start": "1951-09-14",
          "end": "1953-05-29"
        },
        "activity": [
          {
            "detail": {
              "code": {
                "coding": [
                  {
                    "system": "http://snomed.info/sct",
                    "code": "135892000",
                    "display": "Antenatal education"
                  }
                ]
              },
              "status": "completed"
            }
          },
          {
            "detail": {
              "code": {
                "coding": [
                  {
                    "system": "http://snomed.info/sct",
                    "code": "226060000",
                    "display": "Stress management"
                  }
                ]
              },
              "status": "completed"
            }
          },
          {
            "detail": {
              "code": {
                "coding": [
                  {
                    "system": "http://snomed.info/sct",
                    "code": "171054004",
                    "display": "Pregnancy diet education"
                  }
                ]
              },
              "status": "completed"
            }
          }
        ],
        "resourceType": "CarePlan"
      }
    },
    {
      "resource": {
        "status": "completed",
        "intent": "order",
        "category": [
          {
            "coding": [
              {
                "system": "http://snomed.info/sct",
                "code": "134435003",
                "display": "Routine antenatal care"
              }
            ]
          }
        ],
        "subject": {
          "reference": "urn:uuid:f833cfa7-409e-44c7-9188-0c0fe99181bf"
        },
        "context": {
          "reference": "urn:uuid:d24ef40a-024e-4622-8c28-5cfe411096df"
        },
        "period": {
          "start": "1952-10-17",
          "end": "1957-09-13"
        },
        "activity": [
          {
            "detail": {
              "code": {
                "coding": [
                  {
                    "system": "http://snomed.info/sct",
                    "code": "135892000",
                    "display": "Antenatal education"
                  }
                ]
              },
              "status": "completed"
            }
          },
          {
            "detail": {
              "code": {
                "coding": [
                  {
                    "system": "http://snomed.info/sct",
                    "code": "226060000",
                    "display": "Stress management"
                  }
                ]
              },
              "status": "completed"
            }
          },
          {
            "detail": {
              "code": {
                "coding": [
                  {
                    "system": "http://snomed.info/sct",
                    "code": "171054004",
                    "display": "Pregnancy diet education"
                  }
                ]
              },
              "status": "completed"
            }
          }
        ],
        "resourceType": "CarePlan"
      }
    },
    {
      "resource": {
        "status": "active",
        "intent": "order",
        "category": [
          {
            "coding": [
              {
                "system": "http://snomed.info/sct",
                "code": "134435003",
                "display": "Routine antenatal care"
              }
            ]
          }
        ],
        "subject": {
          "reference": "urn:uuid:f833cfa7-409e-44c7-9188-0c0fe99181bf"
        },
        "context": {
          "reference": "urn:uuid:d24ef40a-024e-4622-8c28-5cfe411096df"
        },
        "period": {
          "start": "1957-02-22"
        },
        "activity": [
          {
            "detail": {
              "code": {
                "coding": [
                  {
                    "system": "http://snomed.info/sct",
                    "code": "135892000",
                    "display": "Antenatal education"
                  }
                ]
              },
              "status": "in-progress"
            }
          },
          {
            "detail": {
              "code": {
                "coding": [
                  {
                    "system": "http://snomed.info/sct",
                    "code": "226060000",
                    "display": "Stress management"
                  }
                ]
              },
              "status": "in-progress"
            }
          },
          {
            "detail": {
              "code": {
                "coding": [
                  {
                    "system": "http://snomed.info/sct",
                    "code": "171054004",
                    "display": "Pregnancy diet education"
                  }
                ]
              },
              "status": "in-progress"
            }
          }
        ],
        "resourceType": "CarePlan"
      }
    },
    {
      "fullUrl": "urn:uuid:41a4ef64-b14b-499f-b1e6-197b3bff61de",
      "resource": {
        "id": "41a4ef64-b14b-499f-b1e6-197b3bff61de",
        "meta": {
          "profile": [
            "http://standardhealthrecord.org/fhir/StructureDefinition/shr-medication-MedicationPrescription"
          ]
        },
        "extension": [
          {
            "url": "http://standardhealthrecord.org/fhir/StructureDefinition/shr-base-ActionCode-extension",
            "valueCodeableConcept": {
              "coding": [
                {
                  "system": "http://snomed.info/sct",
                  "code": "33633005",
                  "display": "Prescription of drug (procedure)"
                }
              ],
              "text": "Prescription of drug (procedure)"
            }
          }
        ],
        "status": "active",
        "intent": "order",
        "medicationCodeableConcept": {
          "coding": [
            {
              "system": "http://www.nlm.nih.gov/research/umls/rxnorm",
              "code": "834060",
              "display": "Penicillin V Potassium 250 MG"
            }
          ],
          "text": "Penicillin V Potassium 250 MG"
        },
        "subject": {
          "reference": "urn:uuid:f833cfa7-409e-44c7-9188-0c0fe99181bf"
        },
        "context": {
          "reference": "urn:uuid:d24ef40a-024e-4622-8c28-5cfe411096df"
        },
        "authoredOn": "1923-11-02",
        "resourceType": "MedicationRequest"
      }
    },
    {
      "fullUrl": "urn:uuid:435080de-4877-4818-90f4-a61541af8ba9",
      "resource": {
        "id": "435080de-4877-4818-90f4-a61541af8ba9",
        "status": "active",
        "use": "complete",
        "patient": {
          "reference": "urn:uuid:f833cfa7-409e-44c7-9188-0c0fe99181bf"
        },
        "billablePeriod": {
          "start": "1990-02-09T18:22:50-05:00",
          "end": "1990-02-09T18:37:50-05:00"
        },
        "organization": {
          "reference": {
            "reference": "urn:uuid:efe3c542-d4de-4837-895b-bf980adbe059"
          }
        },
        "prescription": {
          "reference": "urn:uuid:41a4ef64-b14b-499f-b1e6-197b3bff61de"
        },
        "item": [
          {
            "sequence": 1,
            "net": {
              "value": 125.0,
              "system": "urn:iso:std:iso:4217",
              "code": "USD"
            },
            "encounter": [
              {
                "reference": {
                  "fullUrl": "urn:uuid:d24ef40a-024e-4622-8c28-5cfe411096df",
                  "resource": {
                    "id": "d24ef40a-024e-4622-8c28-5cfe411096df",
                    "meta": {
                      "profile": [
                        "http://standardhealthrecord.org/fhir/StructureDefinition/shr-encounter-Encounter"
                      ]
                    },
                    "status": "finished",
                    "class": {
                      "code": "ambulatory"
                    },
                    "type": [
                      {
                        "coding": [
                          {
                            "system": "http://snomed.info/sct",
                            "code": "308646001"
                          }
                        ],
                        "text": "Death Certification"
                      }
                    ],
                    "subject": {
                      "reference": "urn:uuid:f833cfa7-409e-44c7-9188-0c0fe99181bf"
                    },
                    "period": {
                      "start": "1990-02-09T18:22:50-05:00",
                      "end": "1990-02-09T18:37:50-05:00"
                    },
                    "serviceProvider": {
                      "reference": "urn:uuid:efe3c542-d4de-4837-895b-bf980adbe059"
                    },
                    "resourceType": "Encounter"
                  }
                }
              }
            ]
          },
          {
            "sequence": 1,
            "net": {
              "value": 255.0,
              "system": "urn:iso:std:iso:4217",
              "code": "USD"
            }
          }
        ],
        "total": {
          "value": 255.0,
          "system": "urn:iso:std:iso:4217",
          "code": "USD"
        },
        "resourceType": "Claim"
      }
    },
    {
      "fullUrl": "urn:uuid:5be2fc87-b052-4141-921f-fefa6914f69e",
      "resource": {
        "id": "5be2fc87-b052-4141-921f-fefa6914f69e",
        "meta": {
          "profile": [
            "http://standardhealthrecord.org/fhir/StructureDefinition/shr-medication-MedicationPrescription"
          ]
        },
        "extension": [
          {
            "url": "http://standardhealthrecord.org/fhir/StructureDefinition/shr-base-ActionCode-extension",
            "valueCodeableConcept": {
              "coding": [
                {
                  "system": "http://snomed.info/sct",
                  "code": "33633005",
                  "display": "Prescription of drug (procedure)"
                }
              ],
              "text": "Prescription of drug (procedure)"
            }
          }
        ],
        "status": "active",
        "intent": "order",
        "medicationCodeableConcept": {
          "coding": [
            {
              "system": "http://www.nlm.nih.gov/research/umls/rxnorm",
              "code": "834060",
              "display": "Penicillin V Potassium 250 MG"
            }
          ],
          "text": "Penicillin V Potassium 250 MG"
        },
        "subject": {
          "reference": "urn:uuid:f833cfa7-409e-44c7-9188-0c0fe99181bf"
        },
        "context": {
          "reference": "urn:uuid:d24ef40a-024e-4622-8c28-5cfe411096df"
        },
        "authoredOn": "1934-04-27",
        "resourceType": "MedicationRequest"
      }
    },
    {
      "fullUrl": "urn:uuid:b05b34d1-5183-4318-b190-158610757f32",
      "resource": {
        "id": "b05b34d1-5183-4318-b190-158610757f32",
        "status": "active",
        "use": "complete",
        "patient": {
          "reference": "urn:uuid:f833cfa7-409e-44c7-9188-0c0fe99181bf"
        },
        "billablePeriod": {
          "start": "1990-02-09T18:22:50-05:00",
          "end": "1990-02-09T18:37:50-05:00"
        },
        "organization": {
          "reference": {
            "reference": "urn:uuid:efe3c542-d4de-4837-895b-bf980adbe059"
          }
        },
        "prescription": {
          "reference": "urn:uuid:5be2fc87-b052-4141-921f-fefa6914f69e"
        },
        "item": [
          {
            "sequence": 1,
            "net": {
              "value": 125.0,
              "system": "urn:iso:std:iso:4217",
              "code": "USD"
            },
            "encounter": [
              {
                "reference": {
                  "fullUrl": "urn:uuid:d24ef40a-024e-4622-8c28-5cfe411096df",
                  "resource": {
                    "id": "d24ef40a-024e-4622-8c28-5cfe411096df",
                    "meta": {
                      "profile": [
                        "http://standardhealthrecord.org/fhir/StructureDefinition/shr-encounter-Encounter"
                      ]
                    },
                    "status": "finished",
                    "class": {
                      "code": "ambulatory"
                    },
                    "type": [
                      {
                        "coding": [
                          {
                            "system": "http://snomed.info/sct",
                            "code": "308646001"
                          }
                        ],
                        "text": "Death Certification"
                      }
                    ],
                    "subject": {
                      "reference": "urn:uuid:f833cfa7-409e-44c7-9188-0c0fe99181bf"
                    },
                    "period": {
                      "start": "1990-02-09T18:22:50-05:00",
                      "end": "1990-02-09T18:37:50-05:00"
                    },
                    "serviceProvider": {
                      "reference": "urn:uuid:efe3c542-d4de-4837-895b-bf980adbe059"
                    },
                    "resourceType": "Encounter"
                  }
                }
              }
            ]
          },
          {
            "sequence": 1,
            "net": {
              "value": 255.0,
              "system": "urn:iso:std:iso:4217",
              "code": "USD"
            }
          }
        ],
        "total": {
          "value": 255.0,
          "system": "urn:iso:std:iso:4217",
          "code": "USD"
        },
        "resourceType": "Claim"
      }
    },
    {
      "fullUrl": "urn:uuid:d6b131ab-2e73-42e7-b699-1194c472a1ac",
      "resource": {
        "id": "d6b131ab-2e73-42e7-b699-1194c472a1ac",
        "meta": {
          "profile": [
            "http://standardhealthrecord.org/fhir/StructureDefinition/shr-medication-MedicationPrescription"
          ]
        },
        "extension": [
          {
            "url": "http://standardhealthrecord.org/fhir/StructureDefinition/shr-base-ActionCode-extension",
            "valueCodeableConcept": {
              "coding": [
                {
                  "system": "http://snomed.info/sct",
                  "code": "33633005",
                  "display": "Prescription of drug (procedure)"
                }
              ],
              "text": "Prescription of drug (procedure)"
            }
          }
        ],
        "status": "active",
        "intent": "order",
        "medicationCodeableConcept": {
          "coding": [
            {
              "system": "http://www.nlm.nih.gov/research/umls/rxnorm",
              "code": "861467",
              "display": "Meperidine Hydrochloride 50 MG Oral Tablet"
            }
          ],
          "text": "Meperidine Hydrochloride 50 MG Oral Tablet"
        },
        "subject": {
          "reference": "urn:uuid:f833cfa7-409e-44c7-9188-0c0fe99181bf"
        },
        "context": {
          "reference": "urn:uuid:d24ef40a-024e-4622-8c28-5cfe411096df"
        },
        "authoredOn": "1963-05-14",
        "dosageInstruction": [
          {
            "sequence": 1,
            "timing": {
              "repeat": {
                "frequency": 1,
                "period": 4,
                "periodUnit": "h"
              }
            },
            "asNeededBoolean": false,
            "doseQuantity": {
              "value": 1
            }
          }
        ],
        "dispenseRequest": {
          "quantity": {
            "value": 84,
            "unit": "doses"
          },
          "expectedSupplyDuration": {
            "value": 2,
            "unit": "weeks",
            "system": "http://unitsofmeasure.org",
            "code": "wk"
          }
        },
        "resourceType": "MedicationRequest"
      }
    },
    {
      "fullUrl": "urn:uuid:93c25f86-3a3c-4956-ad4b-082bf4bc47fa",
      "resource": {
        "id": "93c25f86-3a3c-4956-ad4b-082bf4bc47fa",
        "status": "active",
        "use": "complete",
        "patient": {
          "reference": "urn:uuid:f833cfa7-409e-44c7-9188-0c0fe99181bf"
        },
        "billablePeriod": {
          "start": "1990-02-09T18:22:50-05:00",
          "end": "1990-02-09T18:37:50-05:00"
        },
        "organization": {
          "reference": {
            "reference": "urn:uuid:efe3c542-d4de-4837-895b-bf980adbe059"
          }
        },
        "prescription": {
          "reference": "urn:uuid:d6b131ab-2e73-42e7-b699-1194c472a1ac"
        },
        "item": [
          {
            "sequence": 1,
            "net": {
              "value": 125.0,
              "system": "urn:iso:std:iso:4217",
              "code": "USD"
            },
            "encounter": [
              {
                "reference": {
                  "fullUrl": "urn:uuid:d24ef40a-024e-4622-8c28-5cfe411096df",
                  "resource": {
                    "id": "d24ef40a-024e-4622-8c28-5cfe411096df",
                    "meta": {
                      "profile": [
                        "http://standardhealthrecord.org/fhir/StructureDefinition/shr-encounter-Encounter"
                      ]
                    },
                    "status": "finished",
                    "class": {
                      "code": "ambulatory"
                    },
                    "type": [
                      {
                        "coding": [
                          {
                            "system": "http://snomed.info/sct",
                            "code": "308646001"
                          }
                        ],
                        "text": "Death Certification"
                      }
                    ],
                    "subject": {
                      "reference": "urn:uuid:f833cfa7-409e-44c7-9188-0c0fe99181bf"
                    },
                    "period": {
                      "start": "1990-02-09T18:22:50-05:00",
                      "end": "1990-02-09T18:37:50-05:00"
                    },
                    "serviceProvider": {
                      "reference": "urn:uuid:efe3c542-d4de-4837-895b-bf980adbe059"
                    },
                    "resourceType": "Encounter"
                  }
                }
              }
            ]
          },
          {
            "sequence": 1,
            "net": {
              "value": 255.0,
              "system": "urn:iso:std:iso:4217",
              "code": "USD"
            }
          }
        ],
        "total": {
          "value": 255.0,
          "system": "urn:iso:std:iso:4217",
          "code": "USD"
        },
        "resourceType": "Claim"
      }
    },
    {
      "fullUrl": "urn:uuid:fddbda88-08c2-4bda-afc0-c1816b3be21f",
      "resource": {
        "id": "fddbda88-08c2-4bda-afc0-c1816b3be21f",
        "meta": {
          "profile": [
            "http://standardhealthrecord.org/fhir/StructureDefinition/shr-observation-Observation"
          ]
        },
        "status": "final",
        "category": [
          {
            "coding": [
              {
                "system": "http://hl7.org/fhir/observation-category",
                "code": "survey"
              }
            ]
          }
        ],
        "code": {
          "coding": [
            {
              "system": "http://snomed.info/sct",
              "code": "273724008",
              "display": "Quality adjusted life years"
            }
          ],
          "text": "Quality adjusted life years"
        },
        "subject": {
          "reference": "urn:uuid:f833cfa7-409e-44c7-9188-0c0fe99181bf"
        },
        "effectiveDateTime": "2017-10-31T16:09:28-04:00",
        "issued": "2017-10-31T16:09:28-04:00",
        "valueQuantity": {
          "value": 69.9787305260255,
          "unit": "years",
          "system": "http://unitsofmeasure.org/",
          "code": "years"
        },
        "resourceType": "Observation"
      }
    },
    {
      "fullUrl": "urn:uuid:0a3829a2-ae39-42cb-8bfe-0c22b0a6f71d",
      "resource": {
        "id": "0a3829a2-ae39-42cb-8bfe-0c22b0a6f71d",
        "meta": {
          "profile": [
            "http://standardhealthrecord.org/fhir/StructureDefinition/shr-observation-Observation"
          ]
        },
        "status": "final",
        "category": [
          {
            "coding": [
              {
                "system": "http://hl7.org/fhir/observation-category",
                "code": "survey"
              }
            ]
          }
        ],
        "code": {
          "coding": [
            {
              "system": "http://snomed.info/sct",
              "code": "273421001",
              "display": "Disability rating scale"
            }
          ],
          "text": "Disability rating scale"
        },
        "subject": {
          "reference": "urn:uuid:f833cfa7-409e-44c7-9188-0c0fe99181bf"
        },
        "effectiveDateTime": "2017-10-31T16:09:28-04:00",
        "issued": "2017-10-31T16:09:28-04:00",
        "valueQuantity": {
          "value": 20.78726947397451,
          "unit": "years",
          "system": "http://unitsofmeasure.org/",
          "code": "years"
        },
        "resourceType": "Observation"
      }
    }
  ],
  "resourceType": "Bundle"
}