{
  "type": "collection",
  "entry": [
    {
      "fullUrl": "urn:uuid:94bec074-5c4b-440c-ba5e-409cd9a896a6",
      "resource": {
        "id": "94bec074-5c4b-440c-ba5e-409cd9a896a6",
        "meta": {
          "profile": [
            "http://standardhealthrecord.org/fhir/StructureDefinition/shr-actor-Organization"
          ]
        },
        "type": [
          {
            "coding": [
              {
                "system": "http://hl7.org/fhir/organization-type",
                "code": "prov",
                "display": "Healthcare Provider"
              }
            ],
            "text": "Healthcare Provider"
          }
        ],
        "name": "WINTHROP COMM HEALTH CENTER",
        "resourceType": "Organization"
      }
    },
    {
      "fullUrl": "urn:uuid:a57c8ffb-d936-4da1-a30c-f796a6d3859e",
      "resource": {
        "id": "a57c8ffb-d936-4da1-a30c-f796a6d3859e",
        "meta": {
          "profile": [
            "http://standardhealthrecord.org/fhir/StructureDefinition/shr-demographics-PersonOfRecord"
          ]
        },
        "text": {
          "status": "generated",
          "div": "<div xmlns=\"http://www.w3.org/1999/xhtml\">Generated by <a href=\"https://github.com/synthetichealth/synthea\">Synthea</a>. Version identifier: 368ac389f34cd3ce3986aa3a0a08e467bf574db3</div>"
        },
        "extension": [
          {
            "url": "http://hl7.org/fhir/us/core/StructureDefinition/us-core-race",
            "valueCodeableConcept": {
              "coding": [
                {
                  "system": "http://hl7.org/fhir/v3/Race",
                  "code": "2106-3",
                  "display": "White"
                }
              ],
              "text": "race"
            }
          },
          {
            "url": "http://hl7.org/fhir/us/core/StructureDefinition/us-core-ethnicity",
            "valueCodeableConcept": {
              "coding": [
                {
                  "system": "http://hl7.org/fhir/v3/Ethnicity",
                  "code": "2186-5",
                  "display": "Nonhispanic"
                }
              ],
              "text": "ethnicity"
            }
          },
          {
            "url": "http://hl7.org/fhir/StructureDefinition/birthPlace",
            "valueAddress": {
              "city": "Abington",
              "state": "MA",
              "country": "US"
            }
          },
          {
            "url": "http://hl7.org/fhir/StructureDefinition/patient-mothersMaidenName",
            "valueString": "Jacquelynn731 Daugherty265"
          },
          {
            "url": "http://hl7.org/fhir/us/core/StructureDefinition/us-core-birthsex",
            "valueCode": "F"
          },
          {
            "url": "http://hl7.org/fhir/StructureDefinition/patient-interpreterRequired",
            "valueBoolean": false
          },
          {
            "url": "http://standardhealthrecord.org/fhir/StructureDefinition/shr-actor-FictionalPerson-extension",
            "valueBoolean": true
          },
          {
            "url": "http://standardhealthrecord.org/fhir/StructureDefinition/shr-demographics-FathersName-extension",
            "valueHumanName": {
              "text": "Vincent393 Cole124"
            }
          },
          {
            "url": "http://standardhealthrecord.org/fhir/StructureDefinition/shr-demographics-SocialSecurityNumber-extension",
            "valueString": "999-66-2957"
          }
        ],
        "identifier": [
          {
            "system": "https://github.com/synthetichealth/synthea",
            "value": "dc21246d-e19a-47cc-ae3f-5a9f208d78d4"
          },
          {
            "type": {
              "coding": [
                {
                  "system": "http://hl7.org/fhir/identifier-type",
                  "code": "SB"
                }
              ]
            },
            "system": "http://hl7.org/fhir/sid/us-ssn",
            "value": "999662957"
          },
          {
            "type": {
              "coding": [
                {
                  "system": "http://hl7.org/fhir/v2/0203",
                  "code": "DL"
                }
              ]
            },
            "system": "urn:oid:2.16.840.1.113883.4.3.25",
            "value": "S99977760"
          },
          {
            "type": {
              "coding": [
                {
                  "system": "http://hl7.org/fhir/v2/0203",
                  "code": "MR"
                }
              ]
            },
            "system": "http://hospital.smarthealthit.org",
            "value": "dc21246d-e19a-47cc-ae3f-5a9f208d78d4"
          }
        ],
        "name": [
          {
            "use": "official",
            "family": "Corkery49",
            "given": [
              "Marisol301"
            ],
            "prefix": [
              "Mrs."
            ]
          },
          {
            "use": "maiden",
            "family": "Cole124",
            "given": [
              "Marisol301"
            ]
          }
        ],
        "telecom": [
          {
            "system": "phone",
            "value": "841.054.6519",
            "use": "home"
          }
        ],
        "gender": "female",
        "birthDate": "1961-02-27",
        "deceasedDateTime": "1999-12-06T20:42:30-05:00",
        "address": [
          {
            "extension": [
              {
                "extension": [
                  {
                    "url": "latitude",
                    "valueDecimal": 42.32386986736392
                  },
                  {
                    "url": "longitude",
                    "valueDecimal": -70.9308311686264
                  }
                ],
                "url": "http://hl7.org/fhir/StructureDefinition/geolocation"
              }
            ],
            "line": [
              "94083 Casandra Curve"
            ],
            "city": "Boston",
            "state": "MA",
            "postalCode": "02126",
            "country": "US"
          }
        ],
        "maritalStatus": {
          "coding": [
            {
              "system": "http://hl7.org/fhir/v3/MaritalStatus",
              "code": "M"
            }
          ],
          "text": "M"
        },
        "multipleBirthBoolean": false,
        "communication": [
          {
            "language": {
              "coding": [
                {
                  "system": "http://hl7.org/fhir/ValueSet/languages",
                  "code": "en-US",
                  "display": "English (United States)"
                }
              ]
            }
          }
        ],
        "generalPractitioner": [
          {
            "reference": "urn:uuid:94bec074-5c4b-440c-ba5e-409cd9a896a6"
          }
        ],
        "resourceType": "Patient"
      }
    },
    {
      "fullUrl": "urn:uuid:f4794978-0fb5-4f2f-a34e-65c96fa63d53",
      "resource": {
        "id": "f4794978-0fb5-4f2f-a34e-65c96fa63d53",
        "meta": {
          "profile": [
            "http://standardhealthrecord.org/fhir/StructureDefinition/shr-encounter-Encounter"
          ]
        },
        "status": "finished",
        "class": {
          "code": "ambulatory"
        },
        "type": [
          {
            "coding": [
              {
                "system": "http://snomed.info/sct",
                "code": "308646001"
              }
            ],
            "text": "Death Certification"
          }
        ],
        "subject": {
          "reference": "urn:uuid:a57c8ffb-d936-4da1-a30c-f796a6d3859e"
        },
        "period": {
          "start": "1999-12-06T20:42:30-05:00",
          "end": "1999-12-06T20:57:30-05:00"
        },
        "serviceProvider": {
          "reference": "urn:uuid:94bec074-5c4b-440c-ba5e-409cd9a896a6"
        },
        "resourceType": "Encounter"
      }
    },
    {
      "fullUrl": "urn:uuid:0395e330-744f-4cb5-badb-867a3177e60c",
      "resource": {
        "id": "0395e330-744f-4cb5-badb-867a3177e60c",
        "status": "active",
        "use": "complete",
        "patient": {
          "reference": "urn:uuid:a57c8ffb-d936-4da1-a30c-f796a6d3859e"
        },
        "billablePeriod": {
          "start": "1999-12-06T20:42:30-05:00",
          "end": "1999-12-06T20:57:30-05:00"
        },
        "organization": {
          "reference": {
            "reference": "urn:uuid:94bec074-5c4b-440c-ba5e-409cd9a896a6"
          }
        },
        "diagnosis": [
          {
            "sequence": 1,
            "diagnosisReference": {
              "reference": "urn:uuid:4d5563b4-a3fa-42bf-b7e3-8c7ccebdf864"
            }
          }
        ],
        "item": [
          {
            "sequence": 1,
            "net": {
              "value": 125.0,
              "system": "urn:iso:std:iso:4217",
              "code": "USD"
            },
            "encounter": [
              {
                "reference": {
                  "fullUrl": "urn:uuid:f4794978-0fb5-4f2f-a34e-65c96fa63d53",
                  "resource": {
                    "id": "f4794978-0fb5-4f2f-a34e-65c96fa63d53",
                    "meta": {
                      "profile": [
                        "http://standardhealthrecord.org/fhir/StructureDefinition/shr-encounter-Encounter"
                      ]
                    },
                    "status": "finished",
                    "class": {
                      "code": "ambulatory"
                    },
                    "type": [
                      {
                        "coding": [
                          {
                            "system": "http://snomed.info/sct",
                            "code": "308646001"
                          }
                        ],
                        "text": "Death Certification"
                      }
                    ],
                    "subject": {
                      "reference": "urn:uuid:a57c8ffb-d936-4da1-a30c-f796a6d3859e"
                    },
                    "period": {
                      "start": "1999-12-06T20:42:30-05:00",
                      "end": "1999-12-06T20:57:30-05:00"
                    },
                    "serviceProvider": {
                      "reference": "urn:uuid:94bec074-5c4b-440c-ba5e-409cd9a896a6"
                    },
                    "resourceType": "Encounter"
                  }
                }
              }
            ]
          },
          {
            "sequence": 2,
            "diagnosisLinkId": [
              1
            ],
            "net": {
              "value": 0.0,
              "system": "urn:iso:std:iso:4217",
              "code": "USD"
            }
          }
        ],
        "total": {
          "value": 125.0,
          "system": "urn:iso:std:iso:4217",
          "code": "USD"
        },
        "resourceType": "Claim"
      }
    },
    {
      "fullUrl": "urn:uuid:4d5563b4-a3fa-42bf-b7e3-8c7ccebdf864",
      "resource": {
        "id": "4d5563b4-a3fa-42bf-b7e3-8c7ccebdf864",
        "meta": {
          "profile": [
            "http://standardhealthrecord.org/fhir/StructureDefinition/shr-problem-Problem"
          ]
        },
        "clinicalStatus": "active",
        "verificationStatus": "confirmed",
        "code": {
          "coding": [
            {
              "system": "http://snomed.info/sct",
              "code": "87433001",
              "display": "Pulmonary emphysema (disorder)"
            }
          ],
          "text": "Pulmonary emphysema (disorder)"
        },
        "subject": {
          "reference": "urn:uuid:a57c8ffb-d936-4da1-a30c-f796a6d3859e"
        },
        "context": {
          "reference": "urn:uuid:f4794978-0fb5-4f2f-a34e-65c96fa63d53"
        },
        "onsetDateTime": "1988-05-02T03:10:39-04:00",
        "assertedDate": "1988-05-02",
        "resourceType": "Condition"
      }
    },
    {
      "fullUrl": "urn:uuid:1419dcca-e0fb-4d38-a9bf-704079f8439a",
      "resource": {
        "id": "1419dcca-e0fb-4d38-a9bf-704079f8439a",
        "meta": {
          "profile": [
            "http://standardhealthrecord.org/fhir/StructureDefinition/shr-observation-Observation"
          ]
        },
        "status": "final",
        "category": [
          {
            "coding": [
              {
                "system": "http://hl7.org/fhir/observation-category"
              }
            ]
          }
        ],
        "code": {
          "coding": [
            {
              "system": "http://loinc.org",
              "code": "69453-9",
              "display": "Cause of Death [US Standard Certificate of Death]"
            }
          ],
          "text": "Cause of Death [US Standard Certificate of Death]"
        },
        "subject": {
          "reference": "urn:uuid:a57c8ffb-d936-4da1-a30c-f796a6d3859e"
        },
        "context": {
          "reference": "urn:uuid:f4794978-0fb5-4f2f-a34e-65c96fa63d53"
        },
        "effectiveDateTime": "1999-12-06T20:42:30-05:00",
        "issued": "1999-12-06T20:42:30-05:00",
        "valueCodeableConcept": {
          "coding": [
            {
              "system": "http://snomed.info/sct",
              "code": "87433001",
              "display": "Pulmonary emphysema (disorder)"
            }
          ],
          "text": "Pulmonary emphysema (disorder)"
        },
        "resourceType": "Observation"
      }
    },
    {
      "fullUrl": "urn:uuid:08f1dccf-2f75-498c-9f4c-77bdc6c05256",
      "resource": {
        "id": "08f1dccf-2f75-498c-9f4c-77bdc6c05256",
        "meta": {
          "profile": [
            "http://standardhealthrecord.org/fhir/StructureDefinition/shr-observation-Panel"
          ]
        },
        "status": "final",
        "code": {
          "coding": [
            {
              "system": "http://loinc.org",
              "code": "69409-1",
              "display": "U.S. standard certificate of death - 2003 revision"
            }
          ]
        },
        "subject": {
          "reference": "urn:uuid:a57c8ffb-d936-4da1-a30c-f796a6d3859e"
        },
        "context": {
          "reference": "urn:uuid:f4794978-0fb5-4f2f-a34e-65c96fa63d53"
        },
        "effectiveDateTime": "1999-12-06T20:42:30-05:00",
        "issued": "1999-12-06T20:42:30-05:00",
        "result": [
          {
            "reference": "urn:uuid:1419dcca-e0fb-4d38-a9bf-704079f8439a",
            "display": "Cause of Death [US Standard Certificate of Death]"
          }
        ],
        "resourceType": "DiagnosticReport"
      }
    },
    {
      "resource": {
        "status": "active",
        "intent": "order",
        "category": [
          {
            "coding": [
              {
                "system": "http://snomed.info/sct",
                "code": "412776001",
                "display": "Chronic obstructive pulmonary disease clinical management plan"
              }
            ]
          }
        ],
        "subject": {
          "reference": "urn:uuid:a57c8ffb-d936-4da1-a30c-f796a6d3859e"
        },
        "context": {
          "reference": "urn:uuid:f4794978-0fb5-4f2f-a34e-65c96fa63d53"
        },
        "period": {
          "start": "1988-05-02"
        },
        "addresses": [
          {
            "reference": "urn:uuid:4d5563b4-a3fa-42bf-b7e3-8c7ccebdf864"
          }
        ],
        "activity": [
          {
            "detail": {
              "code": {
                "coding": [
                  {
                    "system": "http://snomed.info/sct",
                    "code": "710081004",
                    "display": "Smoking cessation therapy"
                  }
                ]
              },
              "status": "in-progress"
            }
          },
          {
            "detail": {
              "code": {
                "coding": [
                  {
                    "system": "http://snomed.info/sct",
                    "code": "426990007",
                    "display": "Home oxygen therapy (procedure)"
                  }
                ]
              },
              "status": "in-progress"
            }
          }
        ],
        "resourceType": "CarePlan"
      }
    },
    {
      "fullUrl": "urn:uuid:3d15c59f-5f8e-4a33-b573-6dfef5e3b3af",
      "resource": {
        "id": "3d15c59f-5f8e-4a33-b573-6dfef5e3b3af",
        "meta": {
          "profile": [
            "http://standardhealthrecord.org/fhir/StructureDefinition/shr-medication-MedicationPrescription"
          ]
        },
        "extension": [
          {
            "url": "http://standardhealthrecord.org/fhir/StructureDefinition/shr-base-ActionCode-extension",
            "valueCodeableConcept": {
              "coding": [
                {
                  "system": "http://snomed.info/sct",
                  "code": "33633005",
                  "display": "Prescription of drug (procedure)"
                }
              ],
              "text": "Prescription of drug (procedure)"
            }
          }
        ],
        "status": "active",
        "intent": "order",
        "medicationCodeableConcept": {
          "coding": [
            {
              "system": "http://www.nlm.nih.gov/research/umls/rxnorm",
              "code": "834060",
              "display": "Penicillin V Potassium 250 MG"
            }
          ],
          "text": "Penicillin V Potassium 250 MG"
        },
        "subject": {
          "reference": "urn:uuid:a57c8ffb-d936-4da1-a30c-f796a6d3859e"
        },
        "context": {
          "reference": "urn:uuid:f4794978-0fb5-4f2f-a34e-65c96fa63d53"
        },
        "authoredOn": "1967-03-24",
        "resourceType": "MedicationRequest"
      }
    },
    {
      "fullUrl": "urn:uuid:1f537266-f175-4e42-a63e-3135878347f3",
      "resource": {
        "id": "1f537266-f175-4e42-a63e-3135878347f3",
        "status": "active",
        "use": "complete",
        "patient": {
          "reference": "urn:uuid:a57c8ffb-d936-4da1-a30c-f796a6d3859e"
        },
        "billablePeriod": {
          "start": "1999-12-06T20:42:30-05:00",
          "end": "1999-12-06T20:57:30-05:00"
        },
        "organization": {
          "reference": {
            "reference": "urn:uuid:94bec074-5c4b-440c-ba5e-409cd9a896a6"
          }
        },
        "prescription": {
          "reference": "urn:uuid:3d15c59f-5f8e-4a33-b573-6dfef5e3b3af"
        },
        "item": [
          {
            "sequence": 1,
            "net": {
              "value": 125.0,
              "system": "urn:iso:std:iso:4217",
              "code": "USD"
            },
            "encounter": [
              {
                "reference": {
                  "fullUrl": "urn:uuid:f4794978-0fb5-4f2f-a34e-65c96fa63d53",
                  "resource": {
                    "id": "f4794978-0fb5-4f2f-a34e-65c96fa63d53",
                    "meta": {
                      "profile": [
                        "http://standardhealthrecord.org/fhir/StructureDefinition/shr-encounter-Encounter"
                      ]
                    },
                    "status": "finished",
                    "class": {
                      "code": "ambulatory"
                    },
                    "type": [
                      {
                        "coding": [
                          {
                            "system": "http://snomed.info/sct",
                            "code": "308646001"
                          }
                        ],
                        "text": "Death Certification"
                      }
                    ],
                    "subject": {
                      "reference": "urn:uuid:a57c8ffb-d936-4da1-a30c-f796a6d3859e"
                    },
                    "period": {
                      "start": "1999-12-06T20:42:30-05:00",
                      "end": "1999-12-06T20:57:30-05:00"
                    },
                    "serviceProvider": {
                      "reference": "urn:uuid:94bec074-5c4b-440c-ba5e-409cd9a896a6"
                    },
                    "resourceType": "Encounter"
                  }
                }
              }
            ]
          },
          {
            "sequence": 1,
            "net": {
              "value": 255.0,
              "system": "urn:iso:std:iso:4217",
              "code": "USD"
            }
          }
        ],
        "total": {
          "value": 255.0,
          "system": "urn:iso:std:iso:4217",
          "code": "USD"
        },
        "resourceType": "Claim"
      }
    },
    {
      "fullUrl": "urn:uuid:f7e5246e-a0ca-4cca-8260-734cd6929546",
      "resource": {
        "id": "f7e5246e-a0ca-4cca-8260-734cd6929546",
        "meta": {
          "profile": [
            "http://standardhealthrecord.org/fhir/StructureDefinition/shr-medication-MedicationPrescription"
          ]
        },
        "extension": [
          {
            "url": "http://standardhealthrecord.org/fhir/StructureDefinition/shr-base-ActionCode-extension",
            "valueCodeableConcept": {
              "coding": [
                {
                  "system": "http://snomed.info/sct",
                  "code": "33633005",
                  "display": "Prescription of drug (procedure)"
                }
              ],
              "text": "Prescription of drug (procedure)"
            }
          }
        ],
        "status": "active",
        "intent": "order",
        "medicationCodeableConcept": {
          "coding": [
            {
              "system": "http://www.nlm.nih.gov/research/umls/rxnorm",
              "code": "896188",
              "display": "Fluticasone propionate 0.25 MG/ACTUAT / salmeterol 0.05 MG/ACTUAT [Advair]"
            }
          ],
          "text": "Fluticasone propionate 0.25 MG/ACTUAT / salmeterol 0.05 MG/ACTUAT [Advair]"
        },
        "subject": {
          "reference": "urn:uuid:a57c8ffb-d936-4da1-a30c-f796a6d3859e"
        },
        "context": {
          "reference": "urn:uuid:f4794978-0fb5-4f2f-a34e-65c96fa63d53"
        },
        "authoredOn": "1991-09-25",
        "reasonReference": [
          {
            "reference": "urn:uuid:4d5563b4-a3fa-42bf-b7e3-8c7ccebdf864"
          }
        ],
        "resourceType": "MedicationRequest"
      }
    },
    {
      "fullUrl": "urn:uuid:c598c848-a6ec-4d4e-9e41-80779bd0345d",
      "resource": {
        "id": "c598c848-a6ec-4d4e-9e41-80779bd0345d",
        "status": "active",
        "use": "complete",
        "patient": {
          "reference": "urn:uuid:a57c8ffb-d936-4da1-a30c-f796a6d3859e"
        },
        "billablePeriod": {
          "start": "1999-12-06T20:42:30-05:00",
          "end": "1999-12-06T20:57:30-05:00"
        },
        "organization": {
          "reference": {
            "reference": "urn:uuid:94bec074-5c4b-440c-ba5e-409cd9a896a6"
          }
        },
        "prescription": {
          "reference": "urn:uuid:f7e5246e-a0ca-4cca-8260-734cd6929546"
        },
        "item": [
          {
            "sequence": 1,
            "net": {
              "value": 125.0,
              "system": "urn:iso:std:iso:4217",
              "code": "USD"
            },
            "encounter": [
              {
                "reference": {
                  "fullUrl": "urn:uuid:f4794978-0fb5-4f2f-a34e-65c96fa63d53",
                  "resource": {
                    "id": "f4794978-0fb5-4f2f-a34e-65c96fa63d53",
                    "meta": {
                      "profile": [
                        "http://standardhealthrecord.org/fhir/StructureDefinition/shr-encounter-Encounter"
                      ]
                    },
                    "status": "finished",
                    "class": {
                      "code": "ambulatory"
                    },
                    "type": [
                      {
                        "coding": [
                          {
                            "system": "http://snomed.info/sct",
                            "code": "308646001"
                          }
                        ],
                        "text": "Death Certification"
                      }
                    ],
                    "subject": {
                      "reference": "urn:uuid:a57c8ffb-d936-4da1-a30c-f796a6d3859e"
                    },
                    "period": {
                      "start": "1999-12-06T20:42:30-05:00",
                      "end": "1999-12-06T20:57:30-05:00"
                    },
                    "serviceProvider": {
                      "reference": "urn:uuid:94bec074-5c4b-440c-ba5e-409cd9a896a6"
                    },
                    "resourceType": "Encounter"
                  }
                }
              }
            ]
          },
          {
            "sequence": 1,
            "net": {
              "value": 255.0,
              "system": "urn:iso:std:iso:4217",
              "code": "USD"
            }
          }
        ],
        "total": {
          "value": 255.0,
          "system": "urn:iso:std:iso:4217",
          "code": "USD"
        },
        "resourceType": "Claim"
      }
    },
    {
      "fullUrl": "urn:uuid:a6534d16-5714-4be2-9890-fbca2f1d3e99",
      "resource": {
        "id": "a6534d16-5714-4be2-9890-fbca2f1d3e99",
        "meta": {
          "profile": [
            "http://standardhealthrecord.org/fhir/StructureDefinition/shr-observation-Observation"
          ]
        },
        "status": "final",
        "category": [
          {
            "coding": [
              {
                "system": "http://hl7.org/fhir/observation-category",
                "code": "survey"
              }
            ]
          }
        ],
        "code": {
          "coding": [
            {
              "system": "http://snomed.info/sct",
              "code": "273724008",
              "display": "Quality adjusted life years"
            }
          ],
          "text": "Quality adjusted life years"
        },
        "subject": {
          "reference": "urn:uuid:a57c8ffb-d936-4da1-a30c-f796a6d3859e"
        },
        "effectiveDateTime": "2017-10-31T16:09:28-04:00",
        "issued": "2017-10-31T16:09:28-04:00",
        "valueQuantity": {
          "value": 37.677494602996596,
          "unit": "years",
          "system": "http://unitsofmeasure.org/",
          "code": "years"
        },
        "resourceType": "Observation"
      }
    },
    {
      "fullUrl": "urn:uuid:8da300ba-ae09-4205-b261-37b85deed869",
      "resource": {
        "id": "8da300ba-ae09-4205-b261-37b85deed869",
        "meta": {
          "profile": [
            "http://standardhealthrecord.org/fhir/StructureDefinition/shr-observation-Observation"
          ]
        },
        "status": "final",
        "category": [
          {
            "coding": [
              {
                "system": "http://hl7.org/fhir/observation-category",
                "code": "survey"
              }
            ]
          }
        ],
        "code": {
          "coding": [
            {
              "system": "http://snomed.info/sct",
              "code": "273421001",
              "display": "Disability rating scale"
            }
          ],
          "text": "Disability rating scale"
        },
        "subject": {
          "reference": "urn:uuid:a57c8ffb-d936-4da1-a30c-f796a6d3859e"
        },
        "effectiveDateTime": "2017-10-31T16:09:28-04:00",
        "issued": "2017-10-31T16:09:28-04:00",
        "valueQuantity": {
          "value": 49.6696253970034,
          "unit": "years",
          "system": "http://unitsofmeasure.org/",
          "code": "years"
        },
        "resourceType": "Observation"
      }
    }
  ],
  "resourceType": "Bundle"
}