{
  "type": "collection",
  "entry": [
    {
      "fullUrl": "urn:uuid:73d07377-695c-4742-91c7-4e9604f5e752",
      "resource": {
        "id": "73d07377-695c-4742-91c7-4e9604f5e752",
        "meta": {
          "profile": [
            "http://standardhealthrecord.org/fhir/StructureDefinition/shr-actor-Organization"
          ]
        },
        "type": [
          {
            "coding": [
              {
                "system": "http://hl7.org/fhir/organization-type",
                "code": "prov",
                "display": "Healthcare Provider"
              }
            ],
            "text": "Healthcare Provider"
          }
        ],
        "name": "HEALTHSOUTH REHABILITATION HOSPITAL OF WESTERN MA",
        "resourceType": "Organization"
      }
    },
    {
      "fullUrl": "urn:uuid:3a5bda7c-610f-460a-abb6-af7ff0914ce4",
      "resource": {
        "id": "3a5bda7c-610f-460a-abb6-af7ff0914ce4",
        "meta": {
          "profile": [
            "http://standardhealthrecord.org/fhir/StructureDefinition/shr-demographics-PersonOfRecord"
          ]
        },
        "text": {
          "status": "generated",
          "div": "<div xmlns=\"http://www.w3.org/1999/xhtml\">Generated by <a href=\"https://github.com/synthetichealth/synthea\">Synthea</a>. Version identifier: 368ac389f34cd3ce3986aa3a0a08e467bf574db3</div>"
        },
        "extension": [
          {
            "url": "http://hl7.org/fhir/us/core/StructureDefinition/us-core-race",
            "valueCodeableConcept": {
              "coding": [
                {
                  "system": "http://hl7.org/fhir/v3/Race",
                  "code": "2106-3",
                  "display": "White"
                }
              ],
              "text": "race"
            }
          },
          {
            "url": "http://hl7.org/fhir/us/core/StructureDefinition/us-core-ethnicity",
            "valueCodeableConcept": {
              "coding": [
                {
                  "system": "http://hl7.org/fhir/v3/Ethnicity",
                  "code": "2186-5",
                  "display": "Nonhispanic"
                }
              ],
              "text": "ethnicity"
            }
          },
          {
            "url": "http://hl7.org/fhir/StructureDefinition/birthPlace",
            "valueAddress": {
              "city": "Huntington",
              "state": "MA",
              "country": "US"
            }
          },
          {
            "url": "http://hl7.org/fhir/StructureDefinition/patient-mothersMaidenName",
            "valueString": "Kamala314 Tremblay126"
          },
          {
            "url": "http://hl7.org/fhir/us/core/StructureDefinition/us-core-birthsex",
            "valueCode": "F"
          },
          {
            "url": "http://hl7.org/fhir/StructureDefinition/patient-interpreterRequired",
            "valueBoolean": false
          },
          {
            "url": "http://standardhealthrecord.org/fhir/StructureDefinition/shr-actor-FictionalPerson-extension",
            "valueBoolean": true
          },
          {
            "url": "http://standardhealthrecord.org/fhir/StructureDefinition/shr-demographics-FathersName-extension",
            "valueHumanName": {
              "text": "Leopoldo141 Fahey497"
            }
          },
          {
            "url": "http://standardhealthrecord.org/fhir/StructureDefinition/shr-demographics-SocialSecurityNumber-extension",
            "valueString": "999-71-9942"
          }
        ],
        "identifier": [
          {
            "system": "https://github.com/synthetichealth/synthea",
            "value": "2a72054a-617c-415e-bc85-96c4c5ff952c"
          },
          {
            "type": {
              "coding": [
                {
                  "system": "http://hl7.org/fhir/identifier-type",
                  "code": "SB"
                }
              ]
            },
            "system": "http://hl7.org/fhir/sid/us-ssn",
            "value": "999719942"
          },
          {
            "type": {
              "coding": [
                {
                  "system": "http://hl7.org/fhir/v2/0203",
                  "code": "DL"
                }
              ]
            },
            "system": "urn:oid:2.16.840.1.113883.4.3.25",
            "value": "S99992476"
          },
          {
            "type": {
              "coding": [
                {
                  "system": "http://hl7.org/fhir/v2/0203",
                  "code": "PPN"
                }
              ]
            },
            "system": "http://standardhealthrecord.org/fhir/StructureDefinition/passportNumber",
            "value": "X63051313X"
          },
          {
            "type": {
              "coding": [
                {
                  "system": "http://hl7.org/fhir/v2/0203",
                  "code": "MR"
                }
              ]
            },
            "system": "http://hospital.smarthealthit.org",
            "value": "2a72054a-617c-415e-bc85-96c4c5ff952c"
          }
        ],
        "name": [
          {
            "use": "official",
            "family": "Cormier987",
            "given": [
              "Candida463"
            ],
            "prefix": [
              "Mrs."
            ]
          },
          {
            "use": "maiden",
            "family": "Fahey497",
            "given": [
              "Candida463"
            ]
          }
        ],
        "telecom": [
          {
            "system": "phone",
            "value": "(811) 631-7469 x8303",
            "use": "home"
          }
        ],
        "gender": "female",
        "birthDate": "1923-08-06",
        "deceasedDateTime": "1981-05-18T12:19:38-04:00",
        "address": [
          {
            "extension": [
              {
                "extension": [
                  {
                    "url": "latitude",
                    "valueDecimal": 42.191917616935214
                  },
                  {
                    "url": "longitude",
                    "valueDecimal": -72.4481695154895
                  }
                ],
                "url": "http://hl7.org/fhir/StructureDefinition/geolocation"
              }
            ],
            "line": [
              "8675 Dean Cliffs",
              "Apt. 344"
            ],
            "city": "Ludlow",
            "state": "MA",
            "postalCode": "01056",
            "country": "US"
          }
        ],
        "maritalStatus": {
          "coding": [
            {
              "system": "http://hl7.org/fhir/v3/MaritalStatus",
              "code": "M"
            }
          ],
          "text": "M"
        },
        "multipleBirthBoolean": false,
        "communication": [
          {
            "language": {
              "coding": [
                {
                  "system": "http://hl7.org/fhir/ValueSet/languages",
                  "code": "en-US",
                  "display": "English (United States)"
                }
              ]
            }
          }
        ],
        "generalPractitioner": [
          {
            "reference": "urn:uuid:73d07377-695c-4742-91c7-4e9604f5e752"
          }
        ],
        "resourceType": "Patient"
      }
    },
    {
      "fullUrl": "urn:uuid:676c3835-541b-43da-8341-1503d41a6090",
      "resource": {
        "id": "676c3835-541b-43da-8341-1503d41a6090",
        "meta": {
          "profile": [
            "http://standardhealthrecord.org/fhir/StructureDefinition/shr-encounter-Encounter"
          ]
        },
        "status": "finished",
        "class": {
          "code": "ambulatory"
        },
        "type": [
          {
            "coding": [
              {
                "system": "http://snomed.info/sct",
                "code": "308646001"
              }
            ],
            "text": "Death Certification"
          }
        ],
        "subject": {
          "reference": "urn:uuid:3a5bda7c-610f-460a-abb6-af7ff0914ce4"
        },
        "period": {
          "start": "1981-05-18T12:19:38-04:00",
          "end": "1981-05-18T12:34:38-04:00"
        },
        "serviceProvider": {
          "reference": "urn:uuid:73d07377-695c-4742-91c7-4e9604f5e752"
        },
        "resourceType": "Encounter"
      }
    },
    {
      "fullUrl": "urn:uuid:f6408d09-1e48-4388-b3e0-adc41abb95e8",
      "resource": {
        "id": "f6408d09-1e48-4388-b3e0-adc41abb95e8",
        "status": "active",
        "use": "complete",
        "patient": {
          "reference": "urn:uuid:3a5bda7c-610f-460a-abb6-af7ff0914ce4"
        },
        "billablePeriod": {
          "start": "1981-05-18T12:19:38-04:00",
          "end": "1981-05-18T12:34:38-04:00"
        },
        "organization": {
          "reference": {
            "reference": "urn:uuid:73d07377-695c-4742-91c7-4e9604f5e752"
          }
        },
        "diagnosis": [
          {
            "sequence": 1,
            "diagnosisReference": {
              "reference": "urn:uuid:0acd7ec7-d125-4621-a624-da0d3cfb700a"
            }
          }
        ],
        "item": [
          {
            "sequence": 1,
            "net": {
              "value": 125.0,
              "system": "urn:iso:std:iso:4217",
              "code": "USD"
            },
            "encounter": [
              {
                "reference": {
                  "fullUrl": "urn:uuid:676c3835-541b-43da-8341-1503d41a6090",
                  "resource": {
                    "id": "676c3835-541b-43da-8341-1503d41a6090",
                    "meta": {
                      "profile": [
                        "http://standardhealthrecord.org/fhir/StructureDefinition/shr-encounter-Encounter"
                      ]
                    },
                    "status": "finished",
                    "class": {
                      "code": "ambulatory"
                    },
                    "type": [
                      {
                        "coding": [
                          {
                            "system": "http://snomed.info/sct",
                            "code": "308646001"
                          }
                        ],
                        "text": "Death Certification"
                      }
                    ],
                    "subject": {
                      "reference": "urn:uuid:3a5bda7c-610f-460a-abb6-af7ff0914ce4"
                    },
                    "period": {
                      "start": "1981-05-18T12:19:38-04:00",
                      "end": "1981-05-18T12:34:38-04:00"
                    },
                    "serviceProvider": {
                      "reference": "urn:uuid:73d07377-695c-4742-91c7-4e9604f5e752"
                    },
                    "resourceType": "Encounter"
                  }
                }
              }
            ]
          },
          {
            "sequence": 2,
            "diagnosisLinkId": [
              1
            ],
            "net": {
              "value": 0.0,
              "system": "urn:iso:std:iso:4217",
              "code": "USD"
            }
          }
        ],
        "total": {
          "value": 125.0,
          "system": "urn:iso:std:iso:4217",
          "code": "USD"
        },
        "resourceType": "Claim"
      }
    },
    {
      "fullUrl": "urn:uuid:0acd7ec7-d125-4621-a624-da0d3cfb700a",
      "resource": {
        "id": "0acd7ec7-d125-4621-a624-da0d3cfb700a",
        "meta": {
          "profile": [
            "http://standardhealthrecord.org/fhir/StructureDefinition/shr-problem-Problem"
          ]
        },
        "clinicalStatus": "active",
        "verificationStatus": "confirmed",
        "code": {
          "coding": [
            {
              "system": "http://snomed.info/sct",
              "code": "40055000",
              "display": "Chronic sinusitis (disorder)"
            }
          ],
          "text": "Chronic sinusitis (disorder)"
        },
        "subject": {
          "reference": "urn:uuid:3a5bda7c-610f-460a-abb6-af7ff0914ce4"
        },
        "context": {
          "reference": "urn:uuid:676c3835-541b-43da-8341-1503d41a6090"
        },
        "onsetDateTime": "1928-11-26T21:38:42-05:00",
        "assertedDate": "1928-11-26",
        "resourceType": "Condition"
      }
    },
    {
      "fullUrl": "urn:uuid:934fb461-9bec-4ce6-a035-45eb2a9dfe5b",
      "resource": {
        "id": "934fb461-9bec-4ce6-a035-45eb2a9dfe5b",
        "meta": {
          "profile": [
            "http://standardhealthrecord.org/fhir/StructureDefinition/shr-observation-Observation"
          ]
        },
        "status": "final",
        "category": [
          {
            "coding": [
              {
                "system": "http://hl7.org/fhir/observation-category"
              }
            ]
          }
        ],
        "code": {
          "coding": [
            {
              "system": "http://loinc.org",
              "code": "69453-9",
              "display": "Cause of Death [US Standard Certificate of Death]"
            }
          ],
          "text": "Cause of Death [US Standard Certificate of Death]"
        },
        "subject": {
          "reference": "urn:uuid:3a5bda7c-610f-460a-abb6-af7ff0914ce4"
        },
        "context": {
          "reference": "urn:uuid:676c3835-541b-43da-8341-1503d41a6090"
        },
        "effectiveDateTime": "1981-05-18T12:19:38-04:00",
        "issued": "1981-05-18T12:19:38-04:00",
        "valueCodeableConcept": {
          "coding": [
            {
              "system": "http://snomed.info/sct",
              "code": "9855000",
              "display": "Natural death with unknown cause"
            }
          ],
          "text": "Natural death with unknown cause"
        },
        "resourceType": "Observation"
      }
    },
    {
      "fullUrl": "urn:uuid:8db977da-f5e3-40df-be7e-240b5abed288",
      "resource": {
        "id": "8db977da-f5e3-40df-be7e-240b5abed288",
        "meta": {
          "profile": [
            "http://standardhealthrecord.org/fhir/StructureDefinition/shr-observation-Panel"
          ]
        },
        "status": "final",
        "code": {
          "coding": [
            {
              "system": "http://loinc.org",
              "code": "69409-1",
              "display": "U.S. standard certificate of death - 2003 revision"
            }
          ]
        },
        "subject": {
          "reference": "urn:uuid:3a5bda7c-610f-460a-abb6-af7ff0914ce4"
        },
        "context": {
          "reference": "urn:uuid:676c3835-541b-43da-8341-1503d41a6090"
        },
        "effectiveDateTime": "1981-05-18T12:19:38-04:00",
        "issued": "1981-05-18T12:19:38-04:00",
        "result": [
          {
            "reference": "urn:uuid:934fb461-9bec-4ce6-a035-45eb2a9dfe5b",
            "display": "Cause of Death [US Standard Certificate of Death]"
          }
        ],
        "resourceType": "DiagnosticReport"
      }
    },
    {
      "fullUrl": "urn:uuid:98cd1c4d-e7db-4996-b69c-316361887661",
      "resource": {
        "id": "98cd1c4d-e7db-4996-b69c-316361887661",
        "meta": {
          "profile": [
            "http://standardhealthrecord.org/fhir/StructureDefinition/shr-medication-MedicationPrescription"
          ]
        },
        "extension": [
          {
            "url": "http://standardhealthrecord.org/fhir/StructureDefinition/shr-base-ActionCode-extension",
            "valueCodeableConcept": {
              "coding": [
                {
                  "system": "http://snomed.info/sct",
                  "code": "33633005",
                  "display": "Prescription of drug (procedure)"
                }
              ],
              "text": "Prescription of drug (procedure)"
            }
          }
        ],
        "status": "active",
        "intent": "order",
        "medicationCodeableConcept": {
          "coding": [
            {
              "system": "http://www.nlm.nih.gov/research/umls/rxnorm",
              "code": "834060",
              "display": "Penicillin V Potassium 250 MG"
            }
          ],
          "text": "Penicillin V Potassium 250 MG"
        },
        "subject": {
          "reference": "urn:uuid:3a5bda7c-610f-460a-abb6-af7ff0914ce4"
        },
        "context": {
          "reference": "urn:uuid:676c3835-541b-43da-8341-1503d41a6090"
        },
        "authoredOn": "1928-05-31",
        "resourceType": "MedicationRequest"
      }
    },
    {
      "fullUrl": "urn:uuid:26cdc15f-be41-4e7b-b017-0eb266d85165",
      "resource": {
        "id": "26cdc15f-be41-4e7b-b017-0eb266d85165",
        "status": "active",
        "use": "complete",
        "patient": {
          "reference": "urn:uuid:3a5bda7c-610f-460a-abb6-af7ff0914ce4"
        },
        "billablePeriod": {
          "start": "1981-05-18T12:19:38-04:00",
          "end": "1981-05-18T12:34:38-04:00"
        },
        "organization": {
          "reference": {
            "reference": "urn:uuid:73d07377-695c-4742-91c7-4e9604f5e752"
          }
        },
        "prescription": {
          "reference": "urn:uuid:98cd1c4d-e7db-4996-b69c-316361887661"
        },
        "item": [
          {
            "sequence": 1,
            "net": {
              "value": 125.0,
              "system": "urn:iso:std:iso:4217",
              "code": "USD"
            },
            "encounter": [
              {
                "reference": {
                  "fullUrl": "urn:uuid:676c3835-541b-43da-8341-1503d41a6090",
                  "resource": {
                    "id": "676c3835-541b-43da-8341-1503d41a6090",
                    "meta": {
                      "profile": [
                        "http://standardhealthrecord.org/fhir/StructureDefinition/shr-encounter-Encounter"
                      ]
                    },
                    "status": "finished",
                    "class": {
                      "code": "ambulatory"
                    },
                    "type": [
                      {
                        "coding": [
                          {
                            "system": "http://snomed.info/sct",
                            "code": "308646001"
                          }
                        ],
                        "text": "Death Certification"
                      }
                    ],
                    "subject": {
                      "reference": "urn:uuid:3a5bda7c-610f-460a-abb6-af7ff0914ce4"
                    },
                    "period": {
                      "start": "1981-05-18T12:19:38-04:00",
                      "end": "1981-05-18T12:34:38-04:00"
                    },
                    "serviceProvider": {
                      "reference": "urn:uuid:73d07377-695c-4742-91c7-4e9604f5e752"
                    },
                    "resourceType": "Encounter"
                  }
                }
              }
            ]
          },
          {
            "sequence": 1,
            "net": {
              "value": 255.0,
              "system": "urn:iso:std:iso:4217",
              "code": "USD"
            }
          }
        ],
        "total": {
          "value": 255.0,
          "system": "urn:iso:std:iso:4217",
          "code": "USD"
        },
        "resourceType": "Claim"
      }
    },
    {
      "fullUrl": "urn:uuid:591b3b24-02ea-4519-8c41-6e31c7c75a36",
      "resource": {
        "id": "591b3b24-02ea-4519-8c41-6e31c7c75a36",
        "meta": {
          "profile": [
            "http://standardhealthrecord.org/fhir/StructureDefinition/shr-medication-MedicationPrescription"
          ]
        },
        "extension": [
          {
            "url": "http://standardhealthrecord.org/fhir/StructureDefinition/shr-base-ActionCode-extension",
            "valueCodeableConcept": {
              "coding": [
                {
                  "system": "http://snomed.info/sct",
                  "code": "33633005",
                  "display": "Prescription of drug (procedure)"
                }
              ],
              "text": "Prescription of drug (procedure)"
            }
          }
        ],
        "status": "active",
        "intent": "order",
        "medicationCodeableConcept": {
          "coding": [
            {
              "system": "http://www.nlm.nih.gov/research/umls/rxnorm",
              "code": "1049221",
              "display": "Acetaminophen 325 MG / oxyCODONE Hydrochloride 5 MG Oral Tablet"
            }
          ],
          "text": "Acetaminophen 325 MG / oxyCODONE Hydrochloride 5 MG Oral Tablet"
        },
        "subject": {
          "reference": "urn:uuid:3a5bda7c-610f-460a-abb6-af7ff0914ce4"
        },
        "context": {
          "reference": "urn:uuid:676c3835-541b-43da-8341-1503d41a6090"
        },
        "authoredOn": "1939-06-30",
        "dosageInstruction": [
          {
            "sequence": 1,
            "timing": {
              "repeat": {
                "frequency": 1,
                "period": 6,
                "periodUnit": "h"
              }
            },
            "asNeededBoolean": false,
            "doseQuantity": {
              "value": 1
            }
          }
        ],
        "dispenseRequest": {
          "quantity": {
            "value": 56,
            "unit": "doses"
          },
          "expectedSupplyDuration": {
            "value": 2,
            "unit": "weeks",
            "system": "http://unitsofmeasure.org",
            "code": "wk"
          }
        },
        "resourceType": "MedicationRequest"
      }
    },
    {
      "fullUrl": "urn:uuid:dbe5ef9a-31ac-4665-b130-ebbf185a4fbb",
      "resource": {
        "id": "dbe5ef9a-31ac-4665-b130-ebbf185a4fbb",
        "status": "active",
        "use": "complete",
        "patient": {
          "reference": "urn:uuid:3a5bda7c-610f-460a-abb6-af7ff0914ce4"
        },
        "billablePeriod": {
          "start": "1981-05-18T12:19:38-04:00",
          "end": "1981-05-18T12:34:38-04:00"
        },
        "organization": {
          "reference": {
            "reference": "urn:uuid:73d07377-695c-4742-91c7-4e9604f5e752"
          }
        },
        "prescription": {
          "reference": "urn:uuid:591b3b24-02ea-4519-8c41-6e31c7c75a36"
        },
        "item": [
          {
            "sequence": 1,
            "net": {
              "value": 125.0,
              "system": "urn:iso:std:iso:4217",
              "code": "USD"
            },
            "encounter": [
              {
                "reference": {
                  "fullUrl": "urn:uuid:676c3835-541b-43da-8341-1503d41a6090",
                  "resource": {
                    "id": "676c3835-541b-43da-8341-1503d41a6090",
                    "meta": {
                      "profile": [
                        "http://standardhealthrecord.org/fhir/StructureDefinition/shr-encounter-Encounter"
                      ]
                    },
                    "status": "finished",
                    "class": {
                      "code": "ambulatory"
                    },
                    "type": [
                      {
                        "coding": [
                          {
                            "system": "http://snomed.info/sct",
                            "code": "308646001"
                          }
                        ],
                        "text": "Death Certification"
                      }
                    ],
                    "subject": {
                      "reference": "urn:uuid:3a5bda7c-610f-460a-abb6-af7ff0914ce4"
                    },
                    "period": {
                      "start": "1981-05-18T12:19:38-04:00",
                      "end": "1981-05-18T12:34:38-04:00"
                    },
                    "serviceProvider": {
                      "reference": "urn:uuid:73d07377-695c-4742-91c7-4e9604f5e752"
                    },
                    "resourceType": "Encounter"
                  }
                }
              }
            ]
          },
          {
            "sequence": 1,
            "net": {
              "value": 255.0,
              "system": "urn:iso:std:iso:4217",
              "code": "USD"
            }
          }
        ],
        "total": {
          "value": 255.0,
          "system": "urn:iso:std:iso:4217",
          "code": "USD"
        },
        "resourceType": "Claim"
      }
    },
    {
      "fullUrl": "urn:uuid:6e33794a-22ab-4bd1-afef-811cca0dd97a",
      "resource": {
        "id": "6e33794a-22ab-4bd1-afef-811cca0dd97a",
        "meta": {
          "profile": [
            "http://standardhealthrecord.org/fhir/StructureDefinition/shr-observation-Observation"
          ]
        },
        "status": "final",
        "category": [
          {
            "coding": [
              {
                "system": "http://hl7.org/fhir/observation-category",
                "code": "survey"
              }
            ]
          }
        ],
        "code": {
          "coding": [
            {
              "system": "http://snomed.info/sct",
              "code": "273724008",
              "display": "Quality adjusted life years"
            }
          ],
          "text": "Quality adjusted life years"
        },
        "subject": {
          "reference": "urn:uuid:3a5bda7c-610f-460a-abb6-af7ff0914ce4"
        },
        "effectiveDateTime": "2017-10-31T16:09:28-04:00",
        "issued": "2017-10-31T16:09:28-04:00",
        "valueQuantity": {
          "value": 56.98572049345319,
          "unit": "years",
          "system": "http://unitsofmeasure.org/",
          "code": "years"
        },
        "resourceType": "Observation"
      }
    },
    {
      "fullUrl": "urn:uuid:a97b6d0c-783b-463d-bafb-442bad26ec6f",
      "resource": {
        "id": "a97b6d0c-783b-463d-bafb-442bad26ec6f",
        "meta": {
          "profile": [
            "http://standardhealthrecord.org/fhir/StructureDefinition/shr-observation-Observation"
          ]
        },
        "status": "final",
        "category": [
          {
            "coding": [
              {
                "system": "http://hl7.org/fhir/observation-category",
                "code": "survey"
              }
            ]
          }
        ],
        "code": {
          "coding": [
            {
              "system": "http://snomed.info/sct",
              "code": "273421001",
              "display": "Disability rating scale"
            }
          ],
          "text": "Disability rating scale"
        },
        "subject": {
          "reference": "urn:uuid:3a5bda7c-610f-460a-abb6-af7ff0914ce4"
        },
        "effectiveDateTime": "2017-10-31T16:09:28-04:00",
        "issued": "2017-10-31T16:09:28-04:00",
        "valueQuantity": {
          "value": 31.279859506546817,
          "unit": "years",
          "system": "http://unitsofmeasure.org/",
          "code": "years"
        },
        "resourceType": "Observation"
      }
    }
  ],
  "resourceType": "Bundle"
}