{
  "type": "collection",
  "entry": [
    {
      "fullUrl": "urn:uuid:14579035-b4ec-4e29-9c12-6b5f5d4437fd",
      "resource": {
        "id": "14579035-b4ec-4e29-9c12-6b5f5d4437fd",
        "meta": {
          "profile": [
            "http://standardhealthrecord.org/fhir/StructureDefinition/shr-actor-Organization"
          ]
        },
        "type": [
          {
            "coding": [
              {
                "system": "http://hl7.org/fhir/organization-type",
                "code": "prov",
                "display": "Healthcare Provider"
              }
            ],
            "text": "Healthcare Provider"
          }
        ],
        "name": "HOLY FAMILY HOSPITAL",
        "resourceType": "Organization"
      }
    },
    {
      "fullUrl": "urn:uuid:2c83faf5-ae83-4295-b38b-9b919ffad972",
      "resource": {
        "id": "2c83faf5-ae83-4295-b38b-9b919ffad972",
        "meta": {
          "profile": [
            "http://standardhealthrecord.org/fhir/StructureDefinition/shr-demographics-PersonOfRecord"
          ]
        },
        "text": {
          "status": "generated",
          "div": "<div xmlns=\"http://www.w3.org/1999/xhtml\">Generated by <a href=\"https://github.com/synthetichealth/synthea\">Synthea</a>. Version identifier: 368ac389f34cd3ce3986aa3a0a08e467bf574db3</div>"
        },
        "extension": [
          {
            "url": "http://hl7.org/fhir/us/core/StructureDefinition/us-core-race",
            "valueCodeableConcept": {
              "coding": [
                {
                  "system": "http://hl7.org/fhir/v3/Race",
                  "code": "2106-3",
                  "display": "White"
                }
              ],
              "text": "race"
            }
          },
          {
            "url": "http://hl7.org/fhir/us/core/StructureDefinition/us-core-ethnicity",
            "valueCodeableConcept": {
              "coding": [
                {
                  "system": "http://hl7.org/fhir/v3/Ethnicity",
                  "code": "2186-5",
                  "display": "Nonhispanic"
                }
              ],
              "text": "ethnicity"
            }
          },
          {
            "url": "http://hl7.org/fhir/StructureDefinition/birthPlace",
            "valueAddress": {
              "city": "Waltham",
              "state": "MA",
              "country": "US"
            }
          },
          {
            "url": "http://hl7.org/fhir/StructureDefinition/patient-mothersMaidenName",
            "valueString": "Pearl690 Wilkinson177"
          },
          {
            "url": "http://hl7.org/fhir/us/core/StructureDefinition/us-core-birthsex",
            "valueCode": "M"
          },
          {
            "url": "http://hl7.org/fhir/StructureDefinition/patient-interpreterRequired",
            "valueBoolean": false
          },
          {
            "url": "http://standardhealthrecord.org/fhir/StructureDefinition/shr-actor-FictionalPerson-extension",
            "valueBoolean": true
          },
          {
            "url": "http://standardhealthrecord.org/fhir/StructureDefinition/shr-demographics-FathersName-extension",
            "valueHumanName": {
              "text": "Dana2 Corwin670"
            }
          },
          {
            "url": "http://standardhealthrecord.org/fhir/StructureDefinition/shr-demographics-SocialSecurityNumber-extension",
            "valueString": "999-36-9833"
          }
        ],
        "identifier": [
          {
            "system": "https://github.com/synthetichealth/synthea",
            "value": "3cf23a14-bafa-442b-9e03-0ecb60c7310c"
          },
          {
            "type": {
              "coding": [
                {
                  "system": "http://hl7.org/fhir/identifier-type",
                  "code": "SB"
                }
              ]
            },
            "system": "http://hl7.org/fhir/sid/us-ssn",
            "value": "999369833"
          },
          {
            "type": {
              "coding": [
                {
                  "system": "http://hl7.org/fhir/v2/0203",
                  "code": "DL"
                }
              ]
            },
            "system": "urn:oid:2.16.840.1.113883.4.3.25",
            "value": "S99917770"
          },
          {
            "type": {
              "coding": [
                {
                  "system": "http://hl7.org/fhir/v2/0203",
                  "code": "MR"
                }
              ]
            },
            "system": "http://hospital.smarthealthit.org",
            "value": "3cf23a14-bafa-442b-9e03-0ecb60c7310c"
          }
        ],
        "name": [
          {
            "use": "official",
            "family": "Corwin670",
            "given": [
              "Edwin471"
            ],
            "prefix": [
              "Mr."
            ]
          }
        ],
        "telecom": [
          {
            "system": "phone",
            "value": "1-503-055-0968",
            "use": "home"
          }
        ],
        "gender": "male",
        "birthDate": "1936-04-18",
        "deceasedDateTime": "1971-07-19T15:44:33-04:00",
        "address": [
          {
            "extension": [
              {
                "extension": [
                  {
                    "url": "latitude",
                    "valueDecimal": 42.72046152842796
                  },
                  {
                    "url": "longitude",
                    "valueDecimal": -71.24700594151236
                  }
                ],
                "url": "http://hl7.org/fhir/StructureDefinition/geolocation"
              }
            ],
            "line": [
              "536 Greenfelder Freeway"
            ],
            "city": "Methuen Town",
            "state": "MA",
            "postalCode": "01844",
            "country": "US"
          }
        ],
        "maritalStatus": {
          "coding": [
            {
              "system": "http://hl7.org/fhir/v3/MaritalStatus",
              "code": "M"
            }
          ],
          "text": "M"
        },
        "multipleBirthBoolean": false,
        "communication": [
          {
            "language": {
              "coding": [
                {
                  "system": "http://hl7.org/fhir/ValueSet/languages",
                  "code": "en-US",
                  "display": "English (United States)"
                }
              ]
            }
          }
        ],
        "generalPractitioner": [
          {
            "reference": "urn:uuid:14579035-b4ec-4e29-9c12-6b5f5d4437fd"
          }
        ],
        "resourceType": "Patient"
      }
    },
    {
      "fullUrl": "urn:uuid:5aac7f35-8a7c-4686-90cc-6897d7fb0c58",
      "resource": {
        "id": "5aac7f35-8a7c-4686-90cc-6897d7fb0c58",
        "meta": {
          "profile": [
            "http://standardhealthrecord.org/fhir/StructureDefinition/shr-encounter-Encounter"
          ]
        },
        "status": "finished",
        "class": {
          "code": "ambulatory"
        },
        "type": [
          {
            "coding": [
              {
                "system": "http://snomed.info/sct",
                "code": "308646001"
              }
            ],
            "text": "Death Certification"
          }
        ],
        "subject": {
          "reference": "urn:uuid:2c83faf5-ae83-4295-b38b-9b919ffad972"
        },
        "period": {
          "start": "1971-07-19T15:44:33-04:00",
          "end": "1971-07-19T15:59:33-04:00"
        },
        "serviceProvider": {
          "reference": "urn:uuid:14579035-b4ec-4e29-9c12-6b5f5d4437fd"
        },
        "resourceType": "Encounter"
      }
    },
    {
      "fullUrl": "urn:uuid:9cee4996-f980-4911-b7a9-4bcc59e8e1a4",
      "resource": {
        "id": "9cee4996-f980-4911-b7a9-4bcc59e8e1a4",
        "status": "active",
        "use": "complete",
        "patient": {
          "reference": "urn:uuid:2c83faf5-ae83-4295-b38b-9b919ffad972"
        },
        "billablePeriod": {
          "start": "1971-07-19T15:44:33-04:00",
          "end": "1971-07-19T15:59:33-04:00"
        },
        "organization": {
          "reference": {
            "reference": "urn:uuid:14579035-b4ec-4e29-9c12-6b5f5d4437fd"
          }
        },
        "diagnosis": [
          {
            "sequence": 1,
            "diagnosisReference": {
              "reference": "urn:uuid:3a420118-3704-48c7-9f40-acf7a57d00b3"
            }
          },
          {
            "sequence": 2,
            "diagnosisReference": {
              "reference": "urn:uuid:8a20ca46-a230-4472-948d-26c1d684bff3"
            }
          }
        ],
        "item": [
          {
            "sequence": 1,
            "net": {
              "value": 125.0,
              "system": "urn:iso:std:iso:4217",
              "code": "USD"
            },
            "encounter": [
              {
                "reference": {
                  "fullUrl": "urn:uuid:5aac7f35-8a7c-4686-90cc-6897d7fb0c58",
                  "resource": {
                    "id": "5aac7f35-8a7c-4686-90cc-6897d7fb0c58",
                    "meta": {
                      "profile": [
                        "http://standardhealthrecord.org/fhir/StructureDefinition/shr-encounter-Encounter"
                      ]
                    },
                    "status": "finished",
                    "class": {
                      "code": "ambulatory"
                    },
                    "type": [
                      {
                        "coding": [
                          {
                            "system": "http://snomed.info/sct",
                            "code": "308646001"
                          }
                        ],
                        "text": "Death Certification"
                      }
                    ],
                    "subject": {
                      "reference": "urn:uuid:2c83faf5-ae83-4295-b38b-9b919ffad972"
                    },
                    "period": {
                      "start": "1971-07-19T15:44:33-04:00",
                      "end": "1971-07-19T15:59:33-04:00"
                    },
                    "serviceProvider": {
                      "reference": "urn:uuid:14579035-b4ec-4e29-9c12-6b5f5d4437fd"
                    },
                    "resourceType": "Encounter"
                  }
                }
              }
            ]
          },
          {
            "sequence": 2,
            "diagnosisLinkId": [
              1
            ],
            "net": {
              "value": 0.0,
              "system": "urn:iso:std:iso:4217",
              "code": "USD"
            }
          },
          {
            "sequence": 3,
            "diagnosisLinkId": [
              2
            ],
            "net": {
              "value": 0.0,
              "system": "urn:iso:std:iso:4217",
              "code": "USD"
            }
          }
        ],
        "total": {
          "value": 125.0,
          "system": "urn:iso:std:iso:4217",
          "code": "USD"
        },
        "resourceType": "Claim"
      }
    },
    {
      "fullUrl": "urn:uuid:3a420118-3704-48c7-9f40-acf7a57d00b3",
      "resource": {
        "id": "3a420118-3704-48c7-9f40-acf7a57d00b3",
        "meta": {
          "profile": [
            "http://standardhealthrecord.org/fhir/StructureDefinition/shr-problem-Problem"
          ]
        },
        "clinicalStatus": "active",
        "verificationStatus": "confirmed",
        "code": {
          "coding": [
            {
              "system": "http://snomed.info/sct",
              "code": "185086009",
              "display": "Chronic obstructive bronchitis (disorder)"
            }
          ],
          "text": "Chronic obstructive bronchitis (disorder)"
        },
        "subject": {
          "reference": "urn:uuid:2c83faf5-ae83-4295-b38b-9b919ffad972"
        },
        "context": {
          "reference": "urn:uuid:5aac7f35-8a7c-4686-90cc-6897d7fb0c58"
        },
        "onsetDateTime": "1966-04-08T07:10:11-05:00",
        "assertedDate": "1966-04-08",
        "resourceType": "Condition"
      }
    },
    {
      "fullUrl": "urn:uuid:8a20ca46-a230-4472-948d-26c1d684bff3",
      "resource": {
        "id": "8a20ca46-a230-4472-948d-26c1d684bff3",
        "meta": {
          "profile": [
            "http://standardhealthrecord.org/fhir/StructureDefinition/shr-problem-Problem"
          ]
        },
        "clinicalStatus": "active",
        "verificationStatus": "confirmed",
        "code": {
          "coding": [
            {
              "system": "http://snomed.info/sct",
              "code": "15777000",
              "display": "Prediabetes"
            }
          ],
          "text": "Prediabetes"
        },
        "subject": {
          "reference": "urn:uuid:2c83faf5-ae83-4295-b38b-9b919ffad972"
        },
        "context": {
          "reference": "urn:uuid:5aac7f35-8a7c-4686-90cc-6897d7fb0c58"
        },
        "onsetDateTime": "1971-07-19T15:44:33-04:00",
        "assertedDate": "1971-07-19",
        "resourceType": "Condition"
      }
    },
    {
      "fullUrl": "urn:uuid:65517d97-5200-452a-b962-e7599d6cc12a",
      "resource": {
        "id": "65517d97-5200-452a-b962-e7599d6cc12a",
        "meta": {
          "profile": [
            "http://standardhealthrecord.org/fhir/StructureDefinition/shr-observation-Observation"
          ]
        },
        "status": "final",
        "category": [
          {
            "coding": [
              {
                "system": "http://hl7.org/fhir/observation-category"
              }
            ]
          }
        ],
        "code": {
          "coding": [
            {
              "system": "http://loinc.org",
              "code": "69453-9",
              "display": "Cause of Death [US Standard Certificate of Death]"
            }
          ],
          "text": "Cause of Death [US Standard Certificate of Death]"
        },
        "subject": {
          "reference": "urn:uuid:2c83faf5-ae83-4295-b38b-9b919ffad972"
        },
        "context": {
          "reference": "urn:uuid:5aac7f35-8a7c-4686-90cc-6897d7fb0c58"
        },
        "effectiveDateTime": "1971-07-19T15:44:33-04:00",
        "issued": "1971-07-19T15:44:33-04:00",
        "valueCodeableConcept": {
          "coding": [
            {
              "system": "http://snomed.info/sct",
              "code": "185086009",
              "display": "Chronic obstructive bronchitis (disorder)"
            }
          ],
          "text": "Chronic obstructive bronchitis (disorder)"
        },
        "resourceType": "Observation"
      }
    },
    {
      "fullUrl": "urn:uuid:4b07f8ae-aa9a-4754-a81f-07b49b6802e7",
      "resource": {
        "id": "4b07f8ae-aa9a-4754-a81f-07b49b6802e7",
        "meta": {
          "profile": [
            "http://standardhealthrecord.org/fhir/StructureDefinition/shr-observation-Panel"
          ]
        },
        "status": "final",
        "code": {
          "coding": [
            {
              "system": "http://loinc.org",
              "code": "69409-1",
              "display": "U.S. standard certificate of death - 2003 revision"
            }
          ]
        },
        "subject": {
          "reference": "urn:uuid:2c83faf5-ae83-4295-b38b-9b919ffad972"
        },
        "context": {
          "reference": "urn:uuid:5aac7f35-8a7c-4686-90cc-6897d7fb0c58"
        },
        "effectiveDateTime": "1971-07-19T15:44:33-04:00",
        "issued": "1971-07-19T15:44:33-04:00",
        "result": [
          {
            "reference": "urn:uuid:65517d97-5200-452a-b962-e7599d6cc12a",
            "display": "Cause of Death [US Standard Certificate of Death]"
          }
        ],
        "resourceType": "DiagnosticReport"
      }
    },
    {
      "resource": {
        "status": "active",
        "intent": "order",
        "category": [
          {
            "coding": [
              {
                "system": "http://snomed.info/sct",
                "code": "412776001",
                "display": "Chronic obstructive pulmonary disease clinical management plan"
              }
            ]
          }
        ],
        "subject": {
          "reference": "urn:uuid:2c83faf5-ae83-4295-b38b-9b919ffad972"
        },
        "context": {
          "reference": "urn:uuid:5aac7f35-8a7c-4686-90cc-6897d7fb0c58"
        },
        "period": {
          "start": "1966-04-08"
        },
        "addresses": [
          {
            "reference": "urn:uuid:3a420118-3704-48c7-9f40-acf7a57d00b3"
          }
        ],
        "activity": [
          {
            "detail": {
              "code": {
                "coding": [
                  {
                    "system": "http://snomed.info/sct",
                    "code": "710081004",
                    "display": "Smoking cessation therapy"
                  }
                ]
              },
              "status": "in-progress"
            }
          },
          {
            "detail": {
              "code": {
                "coding": [
                  {
                    "system": "http://snomed.info/sct",
                    "code": "426990007",
                    "display": "Home oxygen therapy (procedure)"
                  }
                ]
              },
              "status": "in-progress"
            }
          }
        ],
        "resourceType": "CarePlan"
      }
    },
    {
      "fullUrl": "urn:uuid:939a61ef-ea2b-48b7-bf05-d3aa0c37cc06",
      "resource": {
        "id": "939a61ef-ea2b-48b7-bf05-d3aa0c37cc06",
        "status": "in-progress",
        "description": {
          "text": "Hemoglobin A1c total in Blood < 7.0"
        },
        "addresses": [
          {
            "reference": "urn:uuid:8a20ca46-a230-4472-948d-26c1d684bff3"
          }
        ],
        "resourceType": "Goal"
      }
    },
    {
      "fullUrl": "urn:uuid:a11c15fd-3d47-4abd-bbfc-78aa44e5326b",
      "resource": {
        "id": "a11c15fd-3d47-4abd-bbfc-78aa44e5326b",
        "status": "in-progress",
        "description": {
          "text": "Glucose [Mass/volume] in Blood < 108"
        },
        "addresses": [
          {
            "reference": "urn:uuid:8a20ca46-a230-4472-948d-26c1d684bff3"
          }
        ],
        "resourceType": "Goal"
      }
    },
    {
      "fullUrl": "urn:uuid:1a472a73-fad5-4369-a246-691c0200cb56",
      "resource": {
        "id": "1a472a73-fad5-4369-a246-691c0200cb56",
        "status": "in-progress",
        "description": {
          "text": "Maintain blood pressure below 140/90 mmHg"
        },
        "addresses": [
          {
            "reference": "urn:uuid:8a20ca46-a230-4472-948d-26c1d684bff3"
          }
        ],
        "resourceType": "Goal"
      }
    },
    {
      "fullUrl": "urn:uuid:daf539ae-fe18-4742-b85c-992dab368fda",
      "resource": {
        "id": "daf539ae-fe18-4742-b85c-992dab368fda",
        "status": "in-progress",
        "description": {
          "text": "Improve and maintenance of optimal foot health: aim at early detection of peripheral vascular problems and neuropathy presumed due to diabetes; and prevention of diabetic foot ulcer, gangrene"
        },
        "addresses": [
          {
            "reference": "urn:uuid:8a20ca46-a230-4472-948d-26c1d684bff3"
          }
        ],
        "resourceType": "Goal"
      }
    },
    {
      "fullUrl": "urn:uuid:1e508d97-297a-42aa-a17b-51c08b4fd7ee",
      "resource": {
        "id": "1e508d97-297a-42aa-a17b-51c08b4fd7ee",
        "status": "in-progress",
        "description": {
          "text": "Address patient knowledge deficit on diabetic self-care"
        },
        "addresses": [
          {
            "reference": "urn:uuid:8a20ca46-a230-4472-948d-26c1d684bff3"
          }
        ],
        "resourceType": "Goal"
      }
    },
    {
      "resource": {
        "status": "active",
        "intent": "order",
        "category": [
          {
            "coding": [
              {
                "system": "http://snomed.info/sct",
                "code": "698360004",
                "display": "Diabetes self management plan"
              }
            ]
          }
        ],
        "subject": {
          "reference": "urn:uuid:2c83faf5-ae83-4295-b38b-9b919ffad972"
        },
        "context": {
          "reference": "urn:uuid:5aac7f35-8a7c-4686-90cc-6897d7fb0c58"
        },
        "period": {
          "start": "1971-07-19"
        },
        "addresses": [
          {
            "reference": "urn:uuid:8a20ca46-a230-4472-948d-26c1d684bff3"
          }
        ],
        "goal": [
          {
            "reference": "urn:uuid:939a61ef-ea2b-48b7-bf05-d3aa0c37cc06"
          },
          {
            "reference": "urn:uuid:a11c15fd-3d47-4abd-bbfc-78aa44e5326b"
          },
          {
            "reference": "urn:uuid:1a472a73-fad5-4369-a246-691c0200cb56"
          },
          {
            "reference": "urn:uuid:daf539ae-fe18-4742-b85c-992dab368fda"
          },
          {
            "reference": "urn:uuid:1e508d97-297a-42aa-a17b-51c08b4fd7ee"
          }
        ],
        "activity": [
          {
            "detail": {
              "code": {
                "coding": [
                  {
                    "system": "http://snomed.info/sct",
                    "code": "160670007",
                    "display": "Diabetic diet"
                  }
                ]
              },
              "status": "in-progress"
            }
          },
          {
            "detail": {
              "code": {
                "coding": [
                  {
                    "system": "http://snomed.info/sct",
                    "code": "229065009",
                    "display": "Exercise therapy"
                  }
                ]
              },
              "status": "in-progress"
            }
          }
        ],
        "resourceType": "CarePlan"
      }
    },
    {
      "fullUrl": "urn:uuid:b917a9a1-48e3-4122-adaa-5abc12d11ed4",
      "resource": {
        "id": "b917a9a1-48e3-4122-adaa-5abc12d11ed4",
        "meta": {
          "profile": [
            "http://standardhealthrecord.org/fhir/StructureDefinition/shr-medication-MedicationPrescription"
          ]
        },
        "extension": [
          {
            "url": "http://standardhealthrecord.org/fhir/StructureDefinition/shr-base-ActionCode-extension",
            "valueCodeableConcept": {
              "coding": [
                {
                  "system": "http://snomed.info/sct",
                  "code": "33633005",
                  "display": "Prescription of drug (procedure)"
                }
              ],
              "text": "Prescription of drug (procedure)"
            }
          }
        ],
        "status": "active",
        "intent": "order",
        "medicationCodeableConcept": {
          "coding": [
            {
              "system": "http://www.nlm.nih.gov/research/umls/rxnorm",
              "code": "834060",
              "display": "Penicillin V Potassium 250 MG"
            }
          ],
          "text": "Penicillin V Potassium 250 MG"
        },
        "subject": {
          "reference": "urn:uuid:2c83faf5-ae83-4295-b38b-9b919ffad972"
        },
        "context": {
          "reference": "urn:uuid:5aac7f35-8a7c-4686-90cc-6897d7fb0c58"
        },
        "authoredOn": "1944-07-27",
        "resourceType": "MedicationRequest"
      }
    },
    {
      "fullUrl": "urn:uuid:7f1793c1-846e-4e05-bbef-da87ec50d80c",
      "resource": {
        "id": "7f1793c1-846e-4e05-bbef-da87ec50d80c",
        "status": "active",
        "use": "complete",
        "patient": {
          "reference": "urn:uuid:2c83faf5-ae83-4295-b38b-9b919ffad972"
        },
        "billablePeriod": {
          "start": "1971-07-19T15:44:33-04:00",
          "end": "1971-07-19T15:59:33-04:00"
        },
        "organization": {
          "reference": {
            "reference": "urn:uuid:14579035-b4ec-4e29-9c12-6b5f5d4437fd"
          }
        },
        "prescription": {
          "reference": "urn:uuid:b917a9a1-48e3-4122-adaa-5abc12d11ed4"
        },
        "item": [
          {
            "sequence": 1,
            "net": {
              "value": 125.0,
              "system": "urn:iso:std:iso:4217",
              "code": "USD"
            },
            "encounter": [
              {
                "reference": {
                  "fullUrl": "urn:uuid:5aac7f35-8a7c-4686-90cc-6897d7fb0c58",
                  "resource": {
                    "id": "5aac7f35-8a7c-4686-90cc-6897d7fb0c58",
                    "meta": {
                      "profile": [
                        "http://standardhealthrecord.org/fhir/StructureDefinition/shr-encounter-Encounter"
                      ]
                    },
                    "status": "finished",
                    "class": {
                      "code": "ambulatory"
                    },
                    "type": [
                      {
                        "coding": [
                          {
                            "system": "http://snomed.info/sct",
                            "code": "308646001"
                          }
                        ],
                        "text": "Death Certification"
                      }
                    ],
                    "subject": {
                      "reference": "urn:uuid:2c83faf5-ae83-4295-b38b-9b919ffad972"
                    },
                    "period": {
                      "start": "1971-07-19T15:44:33-04:00",
                      "end": "1971-07-19T15:59:33-04:00"
                    },
                    "serviceProvider": {
                      "reference": "urn:uuid:14579035-b4ec-4e29-9c12-6b5f5d4437fd"
                    },
                    "resourceType": "Encounter"
                  }
                }
              }
            ]
          },
          {
            "sequence": 1,
            "net": {
              "value": 255.0,
              "system": "urn:iso:std:iso:4217",
              "code": "USD"
            }
          }
        ],
        "total": {
          "value": 255.0,
          "system": "urn:iso:std:iso:4217",
          "code": "USD"
        },
        "resourceType": "Claim"
      }
    },
    {
      "fullUrl": "urn:uuid:5b230967-979c-4ac4-9cd7-cf488014d998",
      "resource": {
        "id": "5b230967-979c-4ac4-9cd7-cf488014d998",
        "meta": {
          "profile": [
            "http://standardhealthrecord.org/fhir/StructureDefinition/shr-medication-MedicationPrescription"
          ]
        },
        "extension": [
          {
            "url": "http://standardhealthrecord.org/fhir/StructureDefinition/shr-base-ActionCode-extension",
            "valueCodeableConcept": {
              "coding": [
                {
                  "system": "http://snomed.info/sct",
                  "code": "33633005",
                  "display": "Prescription of drug (procedure)"
                }
              ],
              "text": "Prescription of drug (procedure)"
            }
          }
        ],
        "status": "active",
        "intent": "order",
        "medicationCodeableConcept": {
          "coding": [
            {
              "system": "http://www.nlm.nih.gov/research/umls/rxnorm",
              "code": "896188",
              "display": "Fluticasone propionate 0.25 MG/ACTUAT / salmeterol 0.05 MG/ACTUAT [Advair]"
            }
          ],
          "text": "Fluticasone propionate 0.25 MG/ACTUAT / salmeterol 0.05 MG/ACTUAT [Advair]"
        },
        "subject": {
          "reference": "urn:uuid:2c83faf5-ae83-4295-b38b-9b919ffad972"
        },
        "context": {
          "reference": "urn:uuid:5aac7f35-8a7c-4686-90cc-6897d7fb0c58"
        },
        "authoredOn": "1968-07-09",
        "reasonReference": [
          {
            "reference": "urn:uuid:3a420118-3704-48c7-9f40-acf7a57d00b3"
          }
        ],
        "resourceType": "MedicationRequest"
      }
    },
    {
      "fullUrl": "urn:uuid:dd2c3aed-f326-4444-afbc-c8b5a5cca5d0",
      "resource": {
        "id": "dd2c3aed-f326-4444-afbc-c8b5a5cca5d0",
        "status": "active",
        "use": "complete",
        "patient": {
          "reference": "urn:uuid:2c83faf5-ae83-4295-b38b-9b919ffad972"
        },
        "billablePeriod": {
          "start": "1971-07-19T15:44:33-04:00",
          "end": "1971-07-19T15:59:33-04:00"
        },
        "organization": {
          "reference": {
            "reference": "urn:uuid:14579035-b4ec-4e29-9c12-6b5f5d4437fd"
          }
        },
        "prescription": {
          "reference": "urn:uuid:5b230967-979c-4ac4-9cd7-cf488014d998"
        },
        "item": [
          {
            "sequence": 1,
            "net": {
              "value": 125.0,
              "system": "urn:iso:std:iso:4217",
              "code": "USD"
            },
            "encounter": [
              {
                "reference": {
                  "fullUrl": "urn:uuid:5aac7f35-8a7c-4686-90cc-6897d7fb0c58",
                  "resource": {
                    "id": "5aac7f35-8a7c-4686-90cc-6897d7fb0c58",
                    "meta": {
                      "profile": [
                        "http://standardhealthrecord.org/fhir/StructureDefinition/shr-encounter-Encounter"
                      ]
                    },
                    "status": "finished",
                    "class": {
                      "code": "ambulatory"
                    },
                    "type": [
                      {
                        "coding": [
                          {
                            "system": "http://snomed.info/sct",
                            "code": "308646001"
                          }
                        ],
                        "text": "Death Certification"
                      }
                    ],
                    "subject": {
                      "reference": "urn:uuid:2c83faf5-ae83-4295-b38b-9b919ffad972"
                    },
                    "period": {
                      "start": "1971-07-19T15:44:33-04:00",
                      "end": "1971-07-19T15:59:33-04:00"
                    },
                    "serviceProvider": {
                      "reference": "urn:uuid:14579035-b4ec-4e29-9c12-6b5f5d4437fd"
                    },
                    "resourceType": "Encounter"
                  }
                }
              }
            ]
          },
          {
            "sequence": 1,
            "net": {
              "value": 255.0,
              "system": "urn:iso:std:iso:4217",
              "code": "USD"
            }
          }
        ],
        "total": {
          "value": 255.0,
          "system": "urn:iso:std:iso:4217",
          "code": "USD"
        },
        "resourceType": "Claim"
      }
    },
    {
      "fullUrl": "urn:uuid:caad3c45-af1a-484d-b2e3-c7cd6d40f263",
      "resource": {
        "id": "caad3c45-af1a-484d-b2e3-c7cd6d40f263",
        "meta": {
          "profile": [
            "http://standardhealthrecord.org/fhir/StructureDefinition/shr-observation-Observation"
          ]
        },
        "status": "final",
        "category": [
          {
            "coding": [
              {
                "system": "http://hl7.org/fhir/observation-category",
                "code": "survey"
              }
            ]
          }
        ],
        "code": {
          "coding": [
            {
              "system": "http://snomed.info/sct",
              "code": "273724008",
              "display": "Quality adjusted life years"
            }
          ],
          "text": "Quality adjusted life years"
        },
        "subject": {
          "reference": "urn:uuid:2c83faf5-ae83-4295-b38b-9b919ffad972"
        },
        "effectiveDateTime": "2017-10-31T16:09:28-04:00",
        "issued": "2017-10-31T16:09:28-04:00",
        "valueQuantity": {
          "value": 34.861262263921034,
          "unit": "years",
          "system": "http://unitsofmeasure.org/",
          "code": "years"
        },
        "resourceType": "Observation"
      }
    },
    {
      "fullUrl": "urn:uuid:c4cbf7a5-fd3a-4dd2-82f7-5875fc0076b3",
      "resource": {
        "id": "c4cbf7a5-fd3a-4dd2-82f7-5875fc0076b3",
        "meta": {
          "profile": [
            "http://standardhealthrecord.org/fhir/StructureDefinition/shr-observation-Observation"
          ]
        },
        "status": "final",
        "category": [
          {
            "coding": [
              {
                "system": "http://hl7.org/fhir/observation-category",
                "code": "survey"
              }
            ]
          }
        ],
        "code": {
          "coding": [
            {
              "system": "http://snomed.info/sct",
              "code": "273421001",
              "display": "Disability rating scale"
            }
          ],
          "text": "Disability rating scale"
        },
        "subject": {
          "reference": "urn:uuid:2c83faf5-ae83-4295-b38b-9b919ffad972"
        },
        "effectiveDateTime": "2017-10-31T16:09:28-04:00",
        "issued": "2017-10-31T16:09:28-04:00",
        "valueQuantity": {
          "value": 52.49923773607897,
          "unit": "years",
          "system": "http://unitsofmeasure.org/",
          "code": "years"
        },
        "resourceType": "Observation"
      }
    }
  ],
  "resourceType": "Bundle"
}