{
  "type": "collection",
  "entry": [
    {
      "fullUrl": "urn:uuid:14579035-b4ec-4e29-9c12-6b5f5d4437fd",
      "resource": {
        "id": "14579035-b4ec-4e29-9c12-6b5f5d4437fd",
        "meta": {
          "profile": [
            "http://standardhealthrecord.org/fhir/StructureDefinition/shr-actor-Organization"
          ]
        },
        "type": [
          {
            "coding": [
              {
                "system": "http://hl7.org/fhir/organization-type",
                "code": "prov",
                "display": "Healthcare Provider"
              }
            ],
            "text": "Healthcare Provider"
          }
        ],
        "name": "HOLY FAMILY HOSPITAL",
        "resourceType": "Organization"
      }
    },
    {
      "fullUrl": "urn:uuid:5b2e2b58-d0e8-4a9c-b972-c00f86959505",
      "resource": {
        "id": "5b2e2b58-d0e8-4a9c-b972-c00f86959505",
        "meta": {
          "profile": [
            "http://standardhealthrecord.org/fhir/StructureDefinition/shr-demographics-PersonOfRecord"
          ]
        },
        "text": {
          "status": "generated",
          "div": "<div xmlns=\"http://www.w3.org/1999/xhtml\">Generated by <a href=\"https://github.com/synthetichealth/synthea\">Synthea</a>. Version identifier: 368ac389f34cd3ce3986aa3a0a08e467bf574db3</div>"
        },
        "extension": [
          {
            "url": "http://hl7.org/fhir/us/core/StructureDefinition/us-core-race",
            "valueCodeableConcept": {
              "coding": [
                {
                  "system": "http://hl7.org/fhir/v3/Race",
                  "code": "2106-3",
                  "display": "White"
                }
              ],
              "text": "race"
            }
          },
          {
            "url": "http://hl7.org/fhir/us/core/StructureDefinition/us-core-ethnicity",
            "valueCodeableConcept": {
              "coding": [
                {
                  "system": "http://hl7.org/fhir/v3/Ethnicity",
                  "code": "2186-5",
                  "display": "Nonhispanic"
                }
              ],
              "text": "ethnicity"
            }
          },
          {
            "url": "http://hl7.org/fhir/StructureDefinition/birthPlace",
            "valueAddress": {
              "city": "Worcester",
              "state": "MA",
              "country": "US"
            }
          },
          {
            "url": "http://hl7.org/fhir/StructureDefinition/patient-mothersMaidenName",
            "valueString": "Belva320 Ritchie147"
          },
          {
            "url": "http://hl7.org/fhir/us/core/StructureDefinition/us-core-birthsex",
            "valueCode": "M"
          },
          {
            "url": "http://hl7.org/fhir/StructureDefinition/patient-interpreterRequired",
            "valueBoolean": false
          },
          {
            "url": "http://standardhealthrecord.org/fhir/StructureDefinition/shr-actor-FictionalPerson-extension",
            "valueBoolean": true
          },
          {
            "url": "http://standardhealthrecord.org/fhir/StructureDefinition/shr-demographics-FathersName-extension",
            "valueHumanName": {
              "text": "Homer547 Cronin446"
            }
          },
          {
            "url": "http://standardhealthrecord.org/fhir/StructureDefinition/shr-demographics-SocialSecurityNumber-extension",
            "valueString": "999-29-1186"
          }
        ],
        "identifier": [
          {
            "system": "https://github.com/synthetichealth/synthea",
            "value": "904475a4-1133-4c7d-b881-8195e5a9414e"
          },
          {
            "type": {
              "coding": [
                {
                  "system": "http://hl7.org/fhir/identifier-type",
                  "code": "SB"
                }
              ]
            },
            "system": "http://hl7.org/fhir/sid/us-ssn",
            "value": "999291186"
          },
          {
            "type": {
              "coding": [
                {
                  "system": "http://hl7.org/fhir/v2/0203",
                  "code": "DL"
                }
              ]
            },
            "system": "urn:oid:2.16.840.1.113883.4.3.25",
            "value": "S99974621"
          },
          {
            "type": {
              "coding": [
                {
                  "system": "http://hl7.org/fhir/v2/0203",
                  "code": "MR"
                }
              ]
            },
            "system": "http://hospital.smarthealthit.org",
            "value": "904475a4-1133-4c7d-b881-8195e5a9414e"
          }
        ],
        "name": [
          {
            "use": "official",
            "family": "Cronin446",
            "given": [
              "Jonas555"
            ],
            "prefix": [
              "Mr."
            ]
          }
        ],
        "telecom": [
          {
            "system": "phone",
            "value": "(172) 742-0008 x2698",
            "use": "home"
          }
        ],
        "gender": "male",
        "birthDate": "1975-12-15",
        "address": [
          {
            "extension": [
              {
                "extension": [
                  {
                    "url": "latitude",
                    "valueDecimal": 42.75608006457318
                  },
                  {
                    "url": "longitude",
                    "valueDecimal": -71.16756917159324
                  }
                ],
                "url": "http://hl7.org/fhir/StructureDefinition/geolocation"
              }
            ],
            "line": [
              "8934 Hartmann Road"
            ],
            "city": "Methuen Town",
            "state": "MA",
            "postalCode": "01844",
            "country": "US"
          }
        ],
        "maritalStatus": {
          "coding": [
            {
              "system": "http://hl7.org/fhir/v3/MaritalStatus",
              "code": "M"
            }
          ],
          "text": "M"
        },
        "multipleBirthBoolean": false,
        "communication": [
          {
            "language": {
              "coding": [
                {
                  "system": "http://hl7.org/fhir/ValueSet/languages",
                  "code": "en-US",
                  "display": "English (United States)"
                }
              ]
            }
          }
        ],
        "generalPractitioner": [
          {
            "reference": "urn:uuid:14579035-b4ec-4e29-9c12-6b5f5d4437fd"
          }
        ],
        "resourceType": "Patient"
      }
    },
    {
      "fullUrl": "urn:uuid:21a54966-8f1e-4ab7-b6b1-13b795928e56",
      "resource": {
        "id": "21a54966-8f1e-4ab7-b6b1-13b795928e56",
        "meta": {
          "profile": [
            "http://standardhealthrecord.org/fhir/StructureDefinition/shr-encounter-Encounter"
          ]
        },
        "status": "finished",
        "class": {
          "code": "outpatient"
        },
        "type": [
          {
            "coding": [
              {
                "system": "http://snomed.info/sct",
                "code": "185349003"
              }
            ],
            "text": "Outpatient Encounter"
          }
        ],
        "subject": {
          "reference": "urn:uuid:5b2e2b58-d0e8-4a9c-b972-c00f86959505"
        },
        "period": {
          "start": "2009-01-31T19:54:43-05:00",
          "end": "2009-01-31T20:54:43-05:00"
        },
        "serviceProvider": {
          "reference": "urn:uuid:14579035-b4ec-4e29-9c12-6b5f5d4437fd"
        },
        "resourceType": "Encounter"
      }
    },
    {
      "fullUrl": "urn:uuid:18d83c11-27e4-4287-946f-3096060fbdd8",
      "resource": {
        "id": "18d83c11-27e4-4287-946f-3096060fbdd8",
        "status": "active",
        "use": "complete",
        "patient": {
          "reference": "urn:uuid:5b2e2b58-d0e8-4a9c-b972-c00f86959505"
        },
        "billablePeriod": {
          "start": "2009-01-31T19:54:43-05:00",
          "end": "2009-01-31T20:54:43-05:00"
        },
        "organization": {
          "reference": {
            "reference": "urn:uuid:14579035-b4ec-4e29-9c12-6b5f5d4437fd"
          }
        },
        "procedure": [
          {
            "sequence": 1,
            "procedureReference": {
              "reference": "urn:uuid:d3021b3f-b954-4f62-bda2-bcf643e34dc3"
            }
          }
        ],
        "item": [
          {
            "sequence": 1,
            "net": {
              "value": 125.0,
              "system": "urn:iso:std:iso:4217",
              "code": "USD"
            },
            "encounter": [
              {
                "reference": {
                  "fullUrl": "urn:uuid:21a54966-8f1e-4ab7-b6b1-13b795928e56",
                  "resource": {
                    "id": "21a54966-8f1e-4ab7-b6b1-13b795928e56",
                    "meta": {
                      "profile": [
                        "http://standardhealthrecord.org/fhir/StructureDefinition/shr-encounter-Encounter"
                      ]
                    },
                    "status": "finished",
                    "class": {
                      "code": "outpatient"
                    },
                    "type": [
                      {
                        "coding": [
                          {
                            "system": "http://snomed.info/sct",
                            "code": "185349003"
                          }
                        ],
                        "text": "Outpatient Encounter"
                      }
                    ],
                    "subject": {
                      "reference": "urn:uuid:5b2e2b58-d0e8-4a9c-b972-c00f86959505"
                    },
                    "period": {
                      "start": "2009-01-31T19:54:43-05:00",
                      "end": "2009-01-31T20:54:43-05:00"
                    },
                    "serviceProvider": {
                      "reference": "urn:uuid:14579035-b4ec-4e29-9c12-6b5f5d4437fd"
                    },
                    "resourceType": "Encounter"
                  }
                }
              }
            ]
          },
          {
            "sequence": 2,
            "procedureLinkId": [
              2
            ],
            "net": {
              "value": 1508.6649932999997,
              "system": "urn:iso:std:iso:4217",
              "code": "USD"
            }
          },
          {
            "sequence": 3,
            "category": {
              "coding": [
                {
                  "system": "http://hl7.org/fhir/sid/cvx",
                  "code": "140",
                  "display": "Influenza, seasonal, injectable, preservative free"
                }
              ],
              "text": "Influenza, seasonal, injectable, preservative free"
            },
            "net": {
              "value": 136.0,
              "system": "urn:iso:std:iso:4217",
              "code": "USD"
            }
          },
          {
            "sequence": 4,
            "category": {
              "coding": [
                {
                  "system": "http://hl7.org/fhir/sid/cvx",
                  "code": "113",
                  "display": "Td (adult) preservative free"
                }
              ],
              "text": "Td (adult) preservative free"
            },
            "net": {
              "value": 136.0,
              "system": "urn:iso:std:iso:4217",
              "code": "USD"
            }
          }
        ],
        "total": {
          "value": 1905.6649932999997,
          "system": "urn:iso:std:iso:4217",
          "code": "USD"
        },
        "resourceType": "Claim"
      }
    },
    {
      "fullUrl": "urn:uuid:ed205540-fce6-4477-b125-ab531cb9c0e8",
      "resource": {
        "id": "ed205540-fce6-4477-b125-ab531cb9c0e8",
        "meta": {
          "profile": [
            "http://standardhealthrecord.org/fhir/StructureDefinition/shr-observation-Observation",
            "http://standardhealthrecord.org/fhir/StructureDefinition/shr-vital-VitalSign",
            "http://standardhealthrecord.org/fhir/StructureDefinition/shr-vital-BodyHeight"
          ]
        },
        "status": "final",
        "category": [
          {
            "coding": [
              {
                "system": "http://hl7.org/fhir/observation-category",
                "code": "vital-signs"
              }
            ]
          }
        ],
        "code": {
          "coding": [
            {
              "system": "http://loinc.org",
              "code": "8302-2",
              "display": "Body Height"
            }
          ],
          "text": "Body Height"
        },
        "subject": {
          "reference": "urn:uuid:5b2e2b58-d0e8-4a9c-b972-c00f86959505"
        },
        "context": {
          "reference": "urn:uuid:21a54966-8f1e-4ab7-b6b1-13b795928e56"
        },
        "effectiveDateTime": "2009-01-31T19:54:43-05:00",
        "issued": "2009-01-31T19:54:43-05:00",
        "valueQuantity": {
          "value": 169.62670836646853,
          "unit": "cm",
          "system": "http://unitsofmeasure.org/",
          "code": "cm"
        },
        "resourceType": "Observation"
      }
    },
    {
      "fullUrl": "urn:uuid:a4b9c8eb-9c35-443b-a2d8-ce1fc9bec906",
      "resource": {
        "id": "a4b9c8eb-9c35-443b-a2d8-ce1fc9bec906",
        "meta": {
          "profile": [
            "http://standardhealthrecord.org/fhir/StructureDefinition/shr-observation-Observation",
            "http://standardhealthrecord.org/fhir/StructureDefinition/shr-vital-VitalSign",
            "http://standardhealthrecord.org/fhir/StructureDefinition/shr-vital-BodyWeight"
          ]
        },
        "status": "final",
        "category": [
          {
            "coding": [
              {
                "system": "http://hl7.org/fhir/observation-category",
                "code": "vital-signs"
              }
            ]
          }
        ],
        "code": {
          "coding": [
            {
              "system": "http://loinc.org",
              "code": "29463-7",
              "display": "Body Weight"
            }
          ],
          "text": "Body Weight"
        },
        "subject": {
          "reference": "urn:uuid:5b2e2b58-d0e8-4a9c-b972-c00f86959505"
        },
        "context": {
          "reference": "urn:uuid:21a54966-8f1e-4ab7-b6b1-13b795928e56"
        },
        "effectiveDateTime": "2009-01-31T19:54:43-05:00",
        "issued": "2009-01-31T19:54:43-05:00",
        "valueQuantity": {
          "value": 89.79942015925643,
          "unit": "kg",
          "system": "http://unitsofmeasure.org/",
          "code": "kg"
        },
        "resourceType": "Observation"
      }
    },
    {
      "fullUrl": "urn:uuid:aae6e4b7-dede-4edc-9a1e-b7b3d478f3a2",
      "resource": {
        "id": "aae6e4b7-dede-4edc-9a1e-b7b3d478f3a2",
        "meta": {
          "profile": [
            "http://standardhealthrecord.org/fhir/StructureDefinition/shr-observation-Observation",
            "http://standardhealthrecord.org/fhir/StructureDefinition/shr-vital-VitalSign",
            "http://standardhealthrecord.org/fhir/StructureDefinition/shr-vital-BodyMassIndex"
          ]
        },
        "status": "final",
        "category": [
          {
            "coding": [
              {
                "system": "http://hl7.org/fhir/observation-category",
                "code": "vital-signs"
              }
            ]
          }
        ],
        "code": {
          "coding": [
            {
              "system": "http://loinc.org",
              "code": "39156-5",
              "display": "Body Mass Index"
            }
          ],
          "text": "Body Mass Index"
        },
        "subject": {
          "reference": "urn:uuid:5b2e2b58-d0e8-4a9c-b972-c00f86959505"
        },
        "context": {
          "reference": "urn:uuid:21a54966-8f1e-4ab7-b6b1-13b795928e56"
        },
        "effectiveDateTime": "2009-01-31T19:54:43-05:00",
        "issued": "2009-01-31T19:54:43-05:00",
        "valueQuantity": {
          "value": 31.20937439827697,
          "unit": "kg/m2",
          "system": "http://unitsofmeasure.org/",
          "code": "kg/m2"
        },
        "resourceType": "Observation"
      }
    },
    {
      "fullUrl": "urn:uuid:38a1380a-f1cb-42d8-b7c4-0ec026151103",
      "resource": {
        "id": "38a1380a-f1cb-42d8-b7c4-0ec026151103",
        "meta": {
          "profile": [
            "http://standardhealthrecord.org/fhir/StructureDefinition/shr-observation-Observation",
            "http://standardhealthrecord.org/fhir/StructureDefinition/shr-vital-BloodPressure"
          ]
        },
        "status": "final",
        "category": [
          {
            "coding": [
              {
                "system": "http://hl7.org/fhir/observation-category",
                "code": "vital-signs"
              }
            ]
          }
        ],
        "code": {
          "coding": [
            {
              "system": "http://loinc.org",
              "code": "55284-4",
              "display": "Blood Pressure"
            }
          ]
        },
        "subject": {
          "reference": "urn:uuid:5b2e2b58-d0e8-4a9c-b972-c00f86959505"
        },
        "context": {
          "reference": "urn:uuid:21a54966-8f1e-4ab7-b6b1-13b795928e56"
        },
        "effectiveDateTime": "2009-01-31T19:54:43-05:00",
        "issued": "2009-01-31T19:54:43-05:00",
        "component": [
          {
            "code": {
              "coding": [
                {
                  "system": "http://loinc.org",
                  "code": "8480-6",
                  "display": "Systolic Blood Pressure"
                }
              ],
              "text": "Systolic Blood Pressure"
            },
            "valueQuantity": {
              "value": 119,
              "unit": "mmHg",
              "system": "http://unitsofmeasure.org/",
              "code": "mmHg"
            }
          },
          {
            "code": {
              "coding": [
                {
                  "system": "http://loinc.org",
                  "code": "8462-4",
                  "display": "Diastolic Blood Pressure"
                }
              ],
              "text": "Diastolic Blood Pressure"
            },
            "valueQuantity": {
              "value": 82,
              "unit": "mmHg",
              "system": "http://unitsofmeasure.org/",
              "code": "mmHg"
            }
          }
        ],
        "resourceType": "Observation"
      }
    },
    {
      "fullUrl": "urn:uuid:dd6a115c-2e65-4410-9516-9dfe85512f99",
      "resource": {
        "id": "dd6a115c-2e65-4410-9516-9dfe85512f99",
        "meta": {
          "profile": [
            "http://standardhealthrecord.org/fhir/StructureDefinition/shr-observation-Observation"
          ]
        },
        "status": "final",
        "category": [
          {
            "coding": [
              {
                "system": "http://hl7.org/fhir/observation-category",
                "code": "laboratory"
              }
            ]
          }
        ],
        "code": {
          "coding": [
            {
              "system": "http://loinc.org",
              "code": "2093-3",
              "display": "Total Cholesterol"
            }
          ],
          "text": "Total Cholesterol"
        },
        "subject": {
          "reference": "urn:uuid:5b2e2b58-d0e8-4a9c-b972-c00f86959505"
        },
        "context": {
          "reference": "urn:uuid:21a54966-8f1e-4ab7-b6b1-13b795928e56"
        },
        "effectiveDateTime": "2009-01-31T19:54:43-05:00",
        "issued": "2009-01-31T19:54:43-05:00",
        "valueQuantity": {
          "value": 187,
          "unit": "mg/dL",
          "system": "http://unitsofmeasure.org/",
          "code": "mg/dL"
        },
        "resourceType": "Observation"
      }
    },
    {
      "fullUrl": "urn:uuid:00a2e7e1-cbaf-4a6f-8691-a1279e8cd3be",
      "resource": {
        "id": "00a2e7e1-cbaf-4a6f-8691-a1279e8cd3be",
        "meta": {
          "profile": [
            "http://standardhealthrecord.org/fhir/StructureDefinition/shr-observation-Observation"
          ]
        },
        "status": "final",
        "category": [
          {
            "coding": [
              {
                "system": "http://hl7.org/fhir/observation-category",
                "code": "laboratory"
              }
            ]
          }
        ],
        "code": {
          "coding": [
            {
              "system": "http://loinc.org",
              "code": "2571-8",
              "display": "Triglycerides"
            }
          ],
          "text": "Triglycerides"
        },
        "subject": {
          "reference": "urn:uuid:5b2e2b58-d0e8-4a9c-b972-c00f86959505"
        },
        "context": {
          "reference": "urn:uuid:21a54966-8f1e-4ab7-b6b1-13b795928e56"
        },
        "effectiveDateTime": "2009-01-31T19:54:43-05:00",
        "issued": "2009-01-31T19:54:43-05:00",
        "valueQuantity": {
          "value": 138,
          "unit": "mg/dL",
          "system": "http://unitsofmeasure.org/",
          "code": "mg/dL"
        },
        "resourceType": "Observation"
      }
    },
    {
      "fullUrl": "urn:uuid:c2b1e2ab-25e2-4227-9914-bd2f14ab79da",
      "resource": {
        "id": "c2b1e2ab-25e2-4227-9914-bd2f14ab79da",
        "meta": {
          "profile": [
            "http://standardhealthrecord.org/fhir/StructureDefinition/shr-observation-Observation"
          ]
        },
        "status": "final",
        "category": [
          {
            "coding": [
              {
                "system": "http://hl7.org/fhir/observation-category",
                "code": "laboratory"
              }
            ]
          }
        ],
        "code": {
          "coding": [
            {
              "system": "http://loinc.org",
              "code": "18262-6",
              "display": "Low Density Lipoprotein Cholesterol"
            }
          ],
          "text": "Low Density Lipoprotein Cholesterol"
        },
        "subject": {
          "reference": "urn:uuid:5b2e2b58-d0e8-4a9c-b972-c00f86959505"
        },
        "context": {
          "reference": "urn:uuid:21a54966-8f1e-4ab7-b6b1-13b795928e56"
        },
        "effectiveDateTime": "2009-01-31T19:54:43-05:00",
        "issued": "2009-01-31T19:54:43-05:00",
        "valueQuantity": {
          "value": 91,
          "unit": "mg/dL",
          "system": "http://unitsofmeasure.org/",
          "code": "mg/dL"
        },
        "resourceType": "Observation"
      }
    },
    {
      "fullUrl": "urn:uuid:df18676b-29e1-4b41-988a-886d3a4e60aa",
      "resource": {
        "id": "df18676b-29e1-4b41-988a-886d3a4e60aa",
        "meta": {
          "profile": [
            "http://standardhealthrecord.org/fhir/StructureDefinition/shr-observation-Observation"
          ]
        },
        "status": "final",
        "category": [
          {
            "coding": [
              {
                "system": "http://hl7.org/fhir/observation-category",
                "code": "laboratory"
              }
            ]
          }
        ],
        "code": {
          "coding": [
            {
              "system": "http://loinc.org",
              "code": "2085-9",
              "display": "High Density Lipoprotein Cholesterol"
            }
          ],
          "text": "High Density Lipoprotein Cholesterol"
        },
        "subject": {
          "reference": "urn:uuid:5b2e2b58-d0e8-4a9c-b972-c00f86959505"
        },
        "context": {
          "reference": "urn:uuid:21a54966-8f1e-4ab7-b6b1-13b795928e56"
        },
        "effectiveDateTime": "2009-01-31T19:54:43-05:00",
        "issued": "2009-01-31T19:54:43-05:00",
        "valueQuantity": {
          "value": 68,
          "unit": "mg/dL",
          "system": "http://unitsofmeasure.org/",
          "code": "mg/dL"
        },
        "resourceType": "Observation"
      }
    },
    {
      "fullUrl": "urn:uuid:4c2a7415-be4f-42c5-905e-a6e36f3e6d3e",
      "resource": {
        "id": "4c2a7415-be4f-42c5-905e-a6e36f3e6d3e",
        "meta": {
          "profile": [
            "http://standardhealthrecord.org/fhir/StructureDefinition/shr-observation-Panel"
          ]
        },
        "status": "final",
        "code": {
          "coding": [
            {
              "system": "http://loinc.org",
              "code": "57698-3",
              "display": "Lipid Panel"
            }
          ]
        },
        "subject": {
          "reference": "urn:uuid:5b2e2b58-d0e8-4a9c-b972-c00f86959505"
        },
        "context": {
          "reference": "urn:uuid:21a54966-8f1e-4ab7-b6b1-13b795928e56"
        },
        "effectiveDateTime": "2009-01-31T19:54:43-05:00",
        "issued": "2009-01-31T19:54:43-05:00",
        "result": [
          {
            "reference": "urn:uuid:dd6a115c-2e65-4410-9516-9dfe85512f99",
            "display": "Total Cholesterol"
          },
          {
            "reference": "urn:uuid:00a2e7e1-cbaf-4a6f-8691-a1279e8cd3be",
            "display": "Triglycerides"
          },
          {
            "reference": "urn:uuid:c2b1e2ab-25e2-4227-9914-bd2f14ab79da",
            "display": "Low Density Lipoprotein Cholesterol"
          },
          {
            "reference": "urn:uuid:df18676b-29e1-4b41-988a-886d3a4e60aa",
            "display": "High Density Lipoprotein Cholesterol"
          }
        ],
        "resourceType": "DiagnosticReport"
      }
    },
    {
      "fullUrl": "urn:uuid:d3021b3f-b954-4f62-bda2-bcf643e34dc3",
      "resource": {
        "id": "d3021b3f-b954-4f62-bda2-bcf643e34dc3",
        "meta": {
          "profile": [
            "http://standardhealthrecord.org/fhir/StructureDefinition/shr-procedure-Procedure"
          ]
        },
        "extension": [
          {
            "url": "http://standardhealthrecord.org/fhir/StructureDefinition/shr-core-CodeableConcept-extension",
            "valueCodeableConcept": {
              "coding": [
                {
                  "system": "http://snomed.info/sct",
                  "code": "428191000124101",
                  "display": "Documentation of current medications"
                }
              ],
              "text": "Documentation of current medications"
            }
          }
        ],
        "status": "completed",
        "code": {
          "coding": [
            {
              "system": "http://snomed.info/sct",
              "code": "428191000124101",
              "display": "Documentation of current medications"
            }
          ],
          "text": "Documentation of current medications"
        },
        "subject": {
          "reference": "urn:uuid:5b2e2b58-d0e8-4a9c-b972-c00f86959505"
        },
        "context": {
          "reference": "urn:uuid:21a54966-8f1e-4ab7-b6b1-13b795928e56"
        },
        "performedDateTime": "2009-01-31T19:54:43-05:00",
        "resourceType": "Procedure"
      }
    },
    {
      "resource": {
        "meta": {
          "profile": [
            "http://standardhealthrecord.org/fhir/StructureDefinition/shr-immunization-Immunization"
          ]
        },
        "status": "completed",
        "notGiven": false,
        "vaccineCode": {
          "coding": [
            {
              "system": "http://hl7.org/fhir/sid/cvx",
              "code": "140",
              "display": "Influenza, seasonal, injectable, preservative free"
            }
          ],
          "text": "Influenza, seasonal, injectable, preservative free"
        },
        "patient": {
          "reference": "urn:uuid:5b2e2b58-d0e8-4a9c-b972-c00f86959505"
        },
        "encounter": {
          "reference": "urn:uuid:21a54966-8f1e-4ab7-b6b1-13b795928e56"
        },
        "date": "2009-01-31T19:54:43-05:00",
        "primarySource": true,
        "resourceType": "Immunization"
      }
    },
    {
      "resource": {
        "meta": {
          "profile": [
            "http://standardhealthrecord.org/fhir/StructureDefinition/shr-immunization-Immunization"
          ]
        },
        "status": "completed",
        "notGiven": false,
        "vaccineCode": {
          "coding": [
            {
              "system": "http://hl7.org/fhir/sid/cvx",
              "code": "113",
              "display": "Td (adult) preservative free"
            }
          ],
          "text": "Td (adult) preservative free"
        },
        "patient": {
          "reference": "urn:uuid:5b2e2b58-d0e8-4a9c-b972-c00f86959505"
        },
        "encounter": {
          "reference": "urn:uuid:21a54966-8f1e-4ab7-b6b1-13b795928e56"
        },
        "date": "2009-01-31T19:54:43-05:00",
        "primarySource": true,
        "resourceType": "Immunization"
      }
    },
    {
      "fullUrl": "urn:uuid:422fe929-637b-48dc-b3cd-fe483241e4ac",
      "resource": {
        "id": "422fe929-637b-48dc-b3cd-fe483241e4ac",
        "meta": {
          "profile": [
            "http://standardhealthrecord.org/fhir/StructureDefinition/shr-medication-MedicationPrescription"
          ]
        },
        "extension": [
          {
            "url": "http://standardhealthrecord.org/fhir/StructureDefinition/shr-base-ActionCode-extension",
            "valueCodeableConcept": {
              "coding": [
                {
                  "system": "http://snomed.info/sct",
                  "code": "33633005",
                  "display": "Prescription of drug (procedure)"
                }
              ],
              "text": "Prescription of drug (procedure)"
            }
          }
        ],
        "status": "active",
        "intent": "order",
        "medicationCodeableConcept": {
          "coding": [
            {
              "system": "http://www.nlm.nih.gov/research/umls/rxnorm",
              "code": "834060",
              "display": "Penicillin V Potassium 250 MG"
            }
          ],
          "text": "Penicillin V Potassium 250 MG"
        },
        "subject": {
          "reference": "urn:uuid:5b2e2b58-d0e8-4a9c-b972-c00f86959505"
        },
        "context": {
          "reference": "urn:uuid:21a54966-8f1e-4ab7-b6b1-13b795928e56"
        },
        "authoredOn": "1988-11-10",
        "resourceType": "MedicationRequest"
      }
    },
    {
      "fullUrl": "urn:uuid:57d7338a-9bf1-4496-bdf7-071a234ba905",
      "resource": {
        "id": "57d7338a-9bf1-4496-bdf7-071a234ba905",
        "status": "active",
        "use": "complete",
        "patient": {
          "reference": "urn:uuid:5b2e2b58-d0e8-4a9c-b972-c00f86959505"
        },
        "billablePeriod": {
          "start": "2009-01-31T19:54:43-05:00",
          "end": "2009-01-31T20:54:43-05:00"
        },
        "organization": {
          "reference": {
            "reference": "urn:uuid:14579035-b4ec-4e29-9c12-6b5f5d4437fd"
          }
        },
        "prescription": {
          "reference": "urn:uuid:422fe929-637b-48dc-b3cd-fe483241e4ac"
        },
        "item": [
          {
            "sequence": 1,
            "net": {
              "value": 125.0,
              "system": "urn:iso:std:iso:4217",
              "code": "USD"
            },
            "encounter": [
              {
                "reference": {
                  "fullUrl": "urn:uuid:21a54966-8f1e-4ab7-b6b1-13b795928e56",
                  "resource": {
                    "id": "21a54966-8f1e-4ab7-b6b1-13b795928e56",
                    "meta": {
                      "profile": [
                        "http://standardhealthrecord.org/fhir/StructureDefinition/shr-encounter-Encounter"
                      ]
                    },
                    "status": "finished",
                    "class": {
                      "code": "outpatient"
                    },
                    "type": [
                      {
                        "coding": [
                          {
                            "system": "http://snomed.info/sct",
                            "code": "185349003"
                          }
                        ],
                        "text": "Outpatient Encounter"
                      }
                    ],
                    "subject": {
                      "reference": "urn:uuid:5b2e2b58-d0e8-4a9c-b972-c00f86959505"
                    },
                    "period": {
                      "start": "2009-01-31T19:54:43-05:00",
                      "end": "2009-01-31T20:54:43-05:00"
                    },
                    "serviceProvider": {
                      "reference": "urn:uuid:14579035-b4ec-4e29-9c12-6b5f5d4437fd"
                    },
                    "resourceType": "Encounter"
                  }
                }
              }
            ]
          },
          {
            "sequence": 1,
            "net": {
              "value": 255.0,
              "system": "urn:iso:std:iso:4217",
              "code": "USD"
            }
          }
        ],
        "total": {
          "value": 255.0,
          "system": "urn:iso:std:iso:4217",
          "code": "USD"
        },
        "resourceType": "Claim"
      }
    },
    {
      "fullUrl": "urn:uuid:fbbb29a8-2174-4491-89aa-7cf56e2d0c46",
      "resource": {
        "id": "fbbb29a8-2174-4491-89aa-7cf56e2d0c46",
        "meta": {
          "profile": [
            "http://standardhealthrecord.org/fhir/StructureDefinition/shr-encounter-Encounter"
          ]
        },
        "status": "finished",
        "class": {
          "code": "outpatient"
        },
        "type": [
          {
            "coding": [
              {
                "system": "http://snomed.info/sct",
                "code": "185349003"
              }
            ],
            "text": "Outpatient Encounter"
          }
        ],
        "subject": {
          "reference": "urn:uuid:5b2e2b58-d0e8-4a9c-b972-c00f86959505"
        },
        "period": {
          "start": "2012-02-25T12:46:41-05:00",
          "end": "2012-02-25T13:46:41-05:00"
        },
        "serviceProvider": {
          "reference": "urn:uuid:14579035-b4ec-4e29-9c12-6b5f5d4437fd"
        },
        "resourceType": "Encounter"
      }
    },
    {
      "fullUrl": "urn:uuid:f0b1d89c-4bd6-4bce-96ac-a9b77d80841f",
      "resource": {
        "id": "f0b1d89c-4bd6-4bce-96ac-a9b77d80841f",
        "status": "active",
        "use": "complete",
        "patient": {
          "reference": "urn:uuid:5b2e2b58-d0e8-4a9c-b972-c00f86959505"
        },
        "billablePeriod": {
          "start": "2012-02-25T12:46:41-05:00",
          "end": "2012-02-25T13:46:41-05:00"
        },
        "organization": {
          "reference": {
            "reference": "urn:uuid:14579035-b4ec-4e29-9c12-6b5f5d4437fd"
          }
        },
        "item": [
          {
            "sequence": 1,
            "net": {
              "value": 125.0,
              "system": "urn:iso:std:iso:4217",
              "code": "USD"
            },
            "encounter": [
              {
                "reference": {
                  "fullUrl": "urn:uuid:fbbb29a8-2174-4491-89aa-7cf56e2d0c46",
                  "resource": {
                    "id": "fbbb29a8-2174-4491-89aa-7cf56e2d0c46",
                    "meta": {
                      "profile": [
                        "http://standardhealthrecord.org/fhir/StructureDefinition/shr-encounter-Encounter"
                      ]
                    },
                    "status": "finished",
                    "class": {
                      "code": "outpatient"
                    },
                    "type": [
                      {
                        "coding": [
                          {
                            "system": "http://snomed.info/sct",
                            "code": "185349003"
                          }
                        ],
                        "text": "Outpatient Encounter"
                      }
                    ],
                    "subject": {
                      "reference": "urn:uuid:5b2e2b58-d0e8-4a9c-b972-c00f86959505"
                    },
                    "period": {
                      "start": "2012-02-25T12:46:41-05:00",
                      "end": "2012-02-25T13:46:41-05:00"
                    },
                    "serviceProvider": {
                      "reference": "urn:uuid:14579035-b4ec-4e29-9c12-6b5f5d4437fd"
                    },
                    "resourceType": "Encounter"
                  }
                }
              }
            ]
          },
          {
            "sequence": 2,
            "category": {
              "coding": [
                {
                  "system": "http://hl7.org/fhir/sid/cvx",
                  "code": "140",
                  "display": "Influenza, seasonal, injectable, preservative free"
                }
              ],
              "text": "Influenza, seasonal, injectable, preservative free"
            },
            "net": {
              "value": 136.0,
              "system": "urn:iso:std:iso:4217",
              "code": "USD"
            }
          }
        ],
        "total": {
          "value": 261.0,
          "system": "urn:iso:std:iso:4217",
          "code": "USD"
        },
        "resourceType": "Claim"
      }
    },
    {
      "fullUrl": "urn:uuid:58100484-9d0f-4e17-84c3-be229a43d5d7",
      "resource": {
        "id": "58100484-9d0f-4e17-84c3-be229a43d5d7",
        "meta": {
          "profile": [
            "http://standardhealthrecord.org/fhir/StructureDefinition/shr-observation-Observation",
            "http://standardhealthrecord.org/fhir/StructureDefinition/shr-vital-VitalSign",
            "http://standardhealthrecord.org/fhir/StructureDefinition/shr-vital-BodyHeight"
          ]
        },
        "status": "final",
        "category": [
          {
            "coding": [
              {
                "system": "http://hl7.org/fhir/observation-category",
                "code": "vital-signs"
              }
            ]
          }
        ],
        "code": {
          "coding": [
            {
              "system": "http://loinc.org",
              "code": "8302-2",
              "display": "Body Height"
            }
          ],
          "text": "Body Height"
        },
        "subject": {
          "reference": "urn:uuid:5b2e2b58-d0e8-4a9c-b972-c00f86959505"
        },
        "context": {
          "reference": "urn:uuid:fbbb29a8-2174-4491-89aa-7cf56e2d0c46"
        },
        "effectiveDateTime": "2012-02-25T12:46:41-05:00",
        "issued": "2012-02-25T12:46:41-05:00",
        "valueQuantity": {
          "value": 169.62670836646853,
          "unit": "cm",
          "system": "http://unitsofmeasure.org/",
          "code": "cm"
        },
        "resourceType": "Observation"
      }
    },
    {
      "fullUrl": "urn:uuid:6b57cacd-139b-4e63-ae62-ac54168cadbb",
      "resource": {
        "id": "6b57cacd-139b-4e63-ae62-ac54168cadbb",
        "meta": {
          "profile": [
            "http://standardhealthrecord.org/fhir/StructureDefinition/shr-observation-Observation",
            "http://standardhealthrecord.org/fhir/StructureDefinition/shr-vital-VitalSign",
            "http://standardhealthrecord.org/fhir/StructureDefinition/shr-vital-BodyWeight"
          ]
        },
        "status": "final",
        "category": [
          {
            "coding": [
              {
                "system": "http://hl7.org/fhir/observation-category",
                "code": "vital-signs"
              }
            ]
          }
        ],
        "code": {
          "coding": [
            {
              "system": "http://loinc.org",
              "code": "29463-7",
              "display": "Body Weight"
            }
          ],
          "text": "Body Weight"
        },
        "subject": {
          "reference": "urn:uuid:5b2e2b58-d0e8-4a9c-b972-c00f86959505"
        },
        "context": {
          "reference": "urn:uuid:fbbb29a8-2174-4491-89aa-7cf56e2d0c46"
        },
        "effectiveDateTime": "2012-02-25T12:46:41-05:00",
        "issued": "2012-02-25T12:46:41-05:00",
        "valueQuantity": {
          "value": 94.59940380287505,
          "unit": "kg",
          "system": "http://unitsofmeasure.org/",
          "code": "kg"
        },
        "resourceType": "Observation"
      }
    },
    {
      "fullUrl": "urn:uuid:3e47aa2f-ee1c-47c9-82c5-12828fdce0d2",
      "resource": {
        "id": "3e47aa2f-ee1c-47c9-82c5-12828fdce0d2",
        "meta": {
          "profile": [
            "http://standardhealthrecord.org/fhir/StructureDefinition/shr-observation-Observation",
            "http://standardhealthrecord.org/fhir/StructureDefinition/shr-vital-VitalSign",
            "http://standardhealthrecord.org/fhir/StructureDefinition/shr-vital-BodyMassIndex"
          ]
        },
        "status": "final",
        "category": [
          {
            "coding": [
              {
                "system": "http://hl7.org/fhir/observation-category",
                "code": "vital-signs"
              }
            ]
          }
        ],
        "code": {
          "coding": [
            {
              "system": "http://loinc.org",
              "code": "39156-5",
              "display": "Body Mass Index"
            }
          ],
          "text": "Body Mass Index"
        },
        "subject": {
          "reference": "urn:uuid:5b2e2b58-d0e8-4a9c-b972-c00f86959505"
        },
        "context": {
          "reference": "urn:uuid:fbbb29a8-2174-4491-89aa-7cf56e2d0c46"
        },
        "effectiveDateTime": "2012-02-25T12:46:41-05:00",
        "issued": "2012-02-25T12:46:41-05:00",
        "valueQuantity": {
          "value": 32.87758658020003,
          "unit": "kg/m2",
          "system": "http://unitsofmeasure.org/",
          "code": "kg/m2"
        },
        "resourceType": "Observation"
      }
    },
    {
      "fullUrl": "urn:uuid:4b907090-08d0-4095-a91a-3fd56ae8adae",
      "resource": {
        "id": "4b907090-08d0-4095-a91a-3fd56ae8adae",
        "meta": {
          "profile": [
            "http://standardhealthrecord.org/fhir/StructureDefinition/shr-observation-Observation",
            "http://standardhealthrecord.org/fhir/StructureDefinition/shr-vital-BloodPressure"
          ]
        },
        "status": "final",
        "category": [
          {
            "coding": [
              {
                "system": "http://hl7.org/fhir/observation-category",
                "code": "vital-signs"
              }
            ]
          }
        ],
        "code": {
          "coding": [
            {
              "system": "http://loinc.org",
              "code": "55284-4",
              "display": "Blood Pressure"
            }
          ]
        },
        "subject": {
          "reference": "urn:uuid:5b2e2b58-d0e8-4a9c-b972-c00f86959505"
        },
        "context": {
          "reference": "urn:uuid:fbbb29a8-2174-4491-89aa-7cf56e2d0c46"
        },
        "effectiveDateTime": "2012-02-25T12:46:41-05:00",
        "issued": "2012-02-25T12:46:41-05:00",
        "component": [
          {
            "code": {
              "coding": [
                {
                  "system": "http://loinc.org",
                  "code": "8480-6",
                  "display": "Systolic Blood Pressure"
                }
              ],
              "text": "Systolic Blood Pressure"
            },
            "valueQuantity": {
              "value": 112,
              "unit": "mmHg",
              "system": "http://unitsofmeasure.org/",
              "code": "mmHg"
            }
          },
          {
            "code": {
              "coding": [
                {
                  "system": "http://loinc.org",
                  "code": "8462-4",
                  "display": "Diastolic Blood Pressure"
                }
              ],
              "text": "Diastolic Blood Pressure"
            },
            "valueQuantity": {
              "value": 76,
              "unit": "mmHg",
              "system": "http://unitsofmeasure.org/",
              "code": "mmHg"
            }
          }
        ],
        "resourceType": "Observation"
      }
    },
    {
      "fullUrl": "urn:uuid:c70fae37-5253-49ab-bdb8-eba14e67ab84",
      "resource": {
        "id": "c70fae37-5253-49ab-bdb8-eba14e67ab84",
        "meta": {
          "profile": [
            "http://standardhealthrecord.org/fhir/StructureDefinition/shr-observation-Observation"
          ]
        },
        "status": "final",
        "category": [
          {
            "coding": [
              {
                "system": "http://hl7.org/fhir/observation-category",
                "code": "laboratory"
              }
            ]
          }
        ],
        "code": {
          "coding": [
            {
              "system": "http://loinc.org",
              "code": "2093-3",
              "display": "Total Cholesterol"
            }
          ],
          "text": "Total Cholesterol"
        },
        "subject": {
          "reference": "urn:uuid:5b2e2b58-d0e8-4a9c-b972-c00f86959505"
        },
        "context": {
          "reference": "urn:uuid:fbbb29a8-2174-4491-89aa-7cf56e2d0c46"
        },
        "effectiveDateTime": "2012-02-25T12:46:41-05:00",
        "issued": "2012-02-25T12:46:41-05:00",
        "valueQuantity": {
          "value": 184,
          "unit": "mg/dL",
          "system": "http://unitsofmeasure.org/",
          "code": "mg/dL"
        },
        "resourceType": "Observation"
      }
    },
    {
      "fullUrl": "urn:uuid:89763448-ee25-422e-a503-25ac512666da",
      "resource": {
        "id": "89763448-ee25-422e-a503-25ac512666da",
        "meta": {
          "profile": [
            "http://standardhealthrecord.org/fhir/StructureDefinition/shr-observation-Observation"
          ]
        },
        "status": "final",
        "category": [
          {
            "coding": [
              {
                "system": "http://hl7.org/fhir/observation-category",
                "code": "laboratory"
              }
            ]
          }
        ],
        "code": {
          "coding": [
            {
              "system": "http://loinc.org",
              "code": "2571-8",
              "display": "Triglycerides"
            }
          ],
          "text": "Triglycerides"
        },
        "subject": {
          "reference": "urn:uuid:5b2e2b58-d0e8-4a9c-b972-c00f86959505"
        },
        "context": {
          "reference": "urn:uuid:fbbb29a8-2174-4491-89aa-7cf56e2d0c46"
        },
        "effectiveDateTime": "2012-02-25T12:46:41-05:00",
        "issued": "2012-02-25T12:46:41-05:00",
        "valueQuantity": {
          "value": 117,
          "unit": "mg/dL",
          "system": "http://unitsofmeasure.org/",
          "code": "mg/dL"
        },
        "resourceType": "Observation"
      }
    },
    {
      "fullUrl": "urn:uuid:189eb458-a758-4d1a-972c-593add2ac3db",
      "resource": {
        "id": "189eb458-a758-4d1a-972c-593add2ac3db",
        "meta": {
          "profile": [
            "http://standardhealthrecord.org/fhir/StructureDefinition/shr-observation-Observation"
          ]
        },
        "status": "final",
        "category": [
          {
            "coding": [
              {
                "system": "http://hl7.org/fhir/observation-category",
                "code": "laboratory"
              }
            ]
          }
        ],
        "code": {
          "coding": [
            {
              "system": "http://loinc.org",
              "code": "18262-6",
              "display": "Low Density Lipoprotein Cholesterol"
            }
          ],
          "text": "Low Density Lipoprotein Cholesterol"
        },
        "subject": {
          "reference": "urn:uuid:5b2e2b58-d0e8-4a9c-b972-c00f86959505"
        },
        "context": {
          "reference": "urn:uuid:fbbb29a8-2174-4491-89aa-7cf56e2d0c46"
        },
        "effectiveDateTime": "2012-02-25T12:46:41-05:00",
        "issued": "2012-02-25T12:46:41-05:00",
        "valueQuantity": {
          "value": 82,
          "unit": "mg/dL",
          "system": "http://unitsofmeasure.org/",
          "code": "mg/dL"
        },
        "resourceType": "Observation"
      }
    },
    {
      "fullUrl": "urn:uuid:b11228c6-8cac-4e7b-930b-58b5c3691456",
      "resource": {
        "id": "b11228c6-8cac-4e7b-930b-58b5c3691456",
        "meta": {
          "profile": [
            "http://standardhealthrecord.org/fhir/StructureDefinition/shr-observation-Observation"
          ]
        },
        "status": "final",
        "category": [
          {
            "coding": [
              {
                "system": "http://hl7.org/fhir/observation-category",
                "code": "laboratory"
              }
            ]
          }
        ],
        "code": {
          "coding": [
            {
              "system": "http://loinc.org",
              "code": "2085-9",
              "display": "High Density Lipoprotein Cholesterol"
            }
          ],
          "text": "High Density Lipoprotein Cholesterol"
        },
        "subject": {
          "reference": "urn:uuid:5b2e2b58-d0e8-4a9c-b972-c00f86959505"
        },
        "context": {
          "reference": "urn:uuid:fbbb29a8-2174-4491-89aa-7cf56e2d0c46"
        },
        "effectiveDateTime": "2012-02-25T12:46:41-05:00",
        "issued": "2012-02-25T12:46:41-05:00",
        "valueQuantity": {
          "value": 78,
          "unit": "mg/dL",
          "system": "http://unitsofmeasure.org/",
          "code": "mg/dL"
        },
        "resourceType": "Observation"
      }
    },
    {
      "fullUrl": "urn:uuid:7c378b44-904c-4d77-a24c-33fe83c13716",
      "resource": {
        "id": "7c378b44-904c-4d77-a24c-33fe83c13716",
        "meta": {
          "profile": [
            "http://standardhealthrecord.org/fhir/StructureDefinition/shr-observation-Panel"
          ]
        },
        "status": "final",
        "code": {
          "coding": [
            {
              "system": "http://loinc.org",
              "code": "57698-3",
              "display": "Lipid Panel"
            }
          ]
        },
        "subject": {
          "reference": "urn:uuid:5b2e2b58-d0e8-4a9c-b972-c00f86959505"
        },
        "context": {
          "reference": "urn:uuid:fbbb29a8-2174-4491-89aa-7cf56e2d0c46"
        },
        "effectiveDateTime": "2012-02-25T12:46:41-05:00",
        "issued": "2012-02-25T12:46:41-05:00",
        "result": [
          {
            "reference": "urn:uuid:c70fae37-5253-49ab-bdb8-eba14e67ab84",
            "display": "Total Cholesterol"
          },
          {
            "reference": "urn:uuid:89763448-ee25-422e-a503-25ac512666da",
            "display": "Triglycerides"
          },
          {
            "reference": "urn:uuid:189eb458-a758-4d1a-972c-593add2ac3db",
            "display": "Low Density Lipoprotein Cholesterol"
          },
          {
            "reference": "urn:uuid:b11228c6-8cac-4e7b-930b-58b5c3691456",
            "display": "High Density Lipoprotein Cholesterol"
          }
        ],
        "resourceType": "DiagnosticReport"
      }
    },
    {
      "resource": {
        "meta": {
          "profile": [
            "http://standardhealthrecord.org/fhir/StructureDefinition/shr-immunization-Immunization"
          ]
        },
        "status": "completed",
        "notGiven": false,
        "vaccineCode": {
          "coding": [
            {
              "system": "http://hl7.org/fhir/sid/cvx",
              "code": "140",
              "display": "Influenza, seasonal, injectable, preservative free"
            }
          ],
          "text": "Influenza, seasonal, injectable, preservative free"
        },
        "patient": {
          "reference": "urn:uuid:5b2e2b58-d0e8-4a9c-b972-c00f86959505"
        },
        "encounter": {
          "reference": "urn:uuid:fbbb29a8-2174-4491-89aa-7cf56e2d0c46"
        },
        "date": "2012-02-25T12:46:41-05:00",
        "primarySource": true,
        "resourceType": "Immunization"
      }
    },
    {
      "fullUrl": "urn:uuid:02379dea-a903-4bff-a584-ced665c56f66",
      "resource": {
        "id": "02379dea-a903-4bff-a584-ced665c56f66",
        "meta": {
          "profile": [
            "http://standardhealthrecord.org/fhir/StructureDefinition/shr-encounter-Encounter"
          ]
        },
        "status": "finished",
        "class": {
          "code": "ambulatory"
        },
        "type": [
          {
            "coding": [
              {
                "system": "http://snomed.info/sct",
                "code": "185345009"
              }
            ],
            "text": "Encounter for symptom"
          }
        ],
        "subject": {
          "reference": "urn:uuid:5b2e2b58-d0e8-4a9c-b972-c00f86959505"
        },
        "period": {
          "start": "2015-01-30T03:27:56-05:00",
          "end": "2015-01-30T03:42:39-05:00"
        },
        "reason": [
          {
            "coding": [
              {
                "system": "http://snomed.info/sct",
                "code": "10509002",
                "display": "Acute bronchitis (disorder)"
              }
            ]
          }
        ],
        "serviceProvider": {
          "reference": "urn:uuid:14579035-b4ec-4e29-9c12-6b5f5d4437fd"
        },
        "resourceType": "Encounter"
      }
    },
    {
      "fullUrl": "urn:uuid:9382a33b-ef42-43db-b73a-63c7a0ff9b06",
      "resource": {
        "id": "9382a33b-ef42-43db-b73a-63c7a0ff9b06",
        "status": "active",
        "use": "complete",
        "patient": {
          "reference": "urn:uuid:5b2e2b58-d0e8-4a9c-b972-c00f86959505"
        },
        "billablePeriod": {
          "start": "2015-01-30T03:27:56-05:00",
          "end": "2015-01-30T03:42:39-05:00"
        },
        "organization": {
          "reference": {
            "reference": "urn:uuid:14579035-b4ec-4e29-9c12-6b5f5d4437fd"
          }
        },
        "diagnosis": [
          {
            "sequence": 1,
            "diagnosisReference": {
              "reference": "urn:uuid:b797acc1-42aa-47e1-94d0-a282fd5e5e62"
            }
          }
        ],
        "procedure": [
          {
            "sequence": 1,
            "procedureReference": {
              "reference": "urn:uuid:0cc1d7c6-3200-4d5e-b8b4-96adc3f698c9"
            }
          }
        ],
        "item": [
          {
            "sequence": 1,
            "net": {
              "value": 125.0,
              "system": "urn:iso:std:iso:4217",
              "code": "USD"
            },
            "encounter": [
              {
                "reference": {
                  "fullUrl": "urn:uuid:02379dea-a903-4bff-a584-ced665c56f66",
                  "resource": {
                    "id": "02379dea-a903-4bff-a584-ced665c56f66",
                    "meta": {
                      "profile": [
                        "http://standardhealthrecord.org/fhir/StructureDefinition/shr-encounter-Encounter"
                      ]
                    },
                    "status": "finished",
                    "class": {
                      "code": "ambulatory"
                    },
                    "type": [
                      {
                        "coding": [
                          {
                            "system": "http://snomed.info/sct",
                            "code": "185345009"
                          }
                        ],
                        "text": "Encounter for symptom"
                      }
                    ],
                    "subject": {
                      "reference": "urn:uuid:5b2e2b58-d0e8-4a9c-b972-c00f86959505"
                    },
                    "period": {
                      "start": "2015-01-30T03:27:56-05:00",
                      "end": "2015-01-30T03:42:39-05:00"
                    },
                    "reason": [
                      {
                        "coding": [
                          {
                            "system": "http://snomed.info/sct",
                            "code": "10509002",
                            "display": "Acute bronchitis (disorder)"
                          }
                        ]
                      }
                    ],
                    "serviceProvider": {
                      "reference": "urn:uuid:14579035-b4ec-4e29-9c12-6b5f5d4437fd"
                    },
                    "resourceType": "Encounter"
                  }
                }
              }
            ]
          },
          {
            "sequence": 2,
            "diagnosisLinkId": [
              1
            ],
            "net": {
              "value": 0.0,
              "system": "urn:iso:std:iso:4217",
              "code": "USD"
            }
          },
          {
            "sequence": 3,
            "procedureLinkId": [
              2
            ],
            "net": {
              "value": 4.3607601,
              "system": "urn:iso:std:iso:4217",
              "code": "USD"
            }
          }
        ],
        "total": {
          "value": 129.3607601,
          "system": "urn:iso:std:iso:4217",
          "code": "USD"
        },
        "resourceType": "Claim"
      }
    },
    {
      "fullUrl": "urn:uuid:b797acc1-42aa-47e1-94d0-a282fd5e5e62",
      "resource": {
        "id": "b797acc1-42aa-47e1-94d0-a282fd5e5e62",
        "meta": {
          "profile": [
            "http://standardhealthrecord.org/fhir/StructureDefinition/shr-problem-Problem"
          ]
        },
        "clinicalStatus": "resolved",
        "verificationStatus": "confirmed",
        "code": {
          "coding": [
            {
              "system": "http://snomed.info/sct",
              "code": "10509002",
              "display": "Acute bronchitis (disorder)"
            }
          ],
          "text": "Acute bronchitis (disorder)"
        },
        "subject": {
          "reference": "urn:uuid:5b2e2b58-d0e8-4a9c-b972-c00f86959505"
        },
        "context": {
          "reference": "urn:uuid:02379dea-a903-4bff-a584-ced665c56f66"
        },
        "onsetDateTime": "2015-01-28T18:48:06-05:00",
        "abatementDateTime": "2015-02-17T16:33:34-05:00",
        "assertedDate": "2015-01-28",
        "resourceType": "Condition"
      }
    },
    {
      "fullUrl": "urn:uuid:0cc1d7c6-3200-4d5e-b8b4-96adc3f698c9",
      "resource": {
        "id": "0cc1d7c6-3200-4d5e-b8b4-96adc3f698c9",
        "meta": {
          "profile": [
            "http://standardhealthrecord.org/fhir/StructureDefinition/shr-procedure-Procedure"
          ]
        },
        "extension": [
          {
            "url": "http://standardhealthrecord.org/fhir/StructureDefinition/shr-core-CodeableConcept-extension",
            "valueCodeableConcept": {
              "coding": [
                {
                  "system": "http://snomed.info/sct",
                  "code": "269911007",
                  "display": "Sputum examination (procedure)"
                }
              ],
              "text": "Sputum examination (procedure)"
            }
          }
        ],
        "status": "completed",
        "code": {
          "coding": [
            {
              "system": "http://snomed.info/sct",
              "code": "269911007",
              "display": "Sputum examination (procedure)"
            }
          ],
          "text": "Sputum examination (procedure)"
        },
        "subject": {
          "reference": "urn:uuid:5b2e2b58-d0e8-4a9c-b972-c00f86959505"
        },
        "context": {
          "reference": "urn:uuid:02379dea-a903-4bff-a584-ced665c56f66"
        },
        "performedPeriod": {
          "start": "2015-01-30T03:27:56-05:00",
          "end": "2015-01-30T03:37:09-05:00"
        },
        "reasonReference": [
          {
            "reference": "urn:uuid:b797acc1-42aa-47e1-94d0-a282fd5e5e62",
            "display": "Acute bronchitis (disorder)"
          }
        ],
        "resourceType": "Procedure"
      }
    },
    {
      "resource": {
        "status": "completed",
        "intent": "order",
        "category": [
          {
            "coding": [
              {
                "system": "http://snomed.info/sct",
                "code": "53950000",
                "display": "Respiratory therapy"
              }
            ]
          }
        ],
        "subject": {
          "reference": "urn:uuid:5b2e2b58-d0e8-4a9c-b972-c00f86959505"
        },
        "context": {
          "reference": "urn:uuid:02379dea-a903-4bff-a584-ced665c56f66"
        },
        "period": {
          "start": "2015-01-30",
          "end": "2015-02-28"
        },
        "addresses": [
          {
            "reference": "urn:uuid:b797acc1-42aa-47e1-94d0-a282fd5e5e62"
          }
        ],
        "activity": [
          {
            "detail": {
              "code": {
                "coding": [
                  {
                    "system": "http://snomed.info/sct",
                    "code": "304510005",
                    "display": "Recommendation to avoid exercise"
                  }
                ]
              },
              "status": "completed"
            }
          },
          {
            "detail": {
              "code": {
                "coding": [
                  {
                    "system": "http://snomed.info/sct",
                    "code": "371605008",
                    "display": "Deep breathing and coughing exercises"
                  }
                ]
              },
              "status": "completed"
            }
          }
        ],
        "resourceType": "CarePlan"
      }
    },
    {
      "fullUrl": "urn:uuid:6e6ab20c-0ccf-49bf-9985-8008ef1a855f",
      "resource": {
        "id": "6e6ab20c-0ccf-49bf-9985-8008ef1a855f",
        "meta": {
          "profile": [
            "http://standardhealthrecord.org/fhir/StructureDefinition/shr-medication-MedicationPrescription"
          ]
        },
        "extension": [
          {
            "url": "http://standardhealthrecord.org/fhir/StructureDefinition/shr-base-ActionCode-extension",
            "valueCodeableConcept": {
              "coding": [
                {
                  "system": "http://snomed.info/sct",
                  "code": "33633005",
                  "display": "Prescription of drug (procedure)"
                }
              ],
              "text": "Prescription of drug (procedure)"
            }
          }
        ],
        "status": "stopped",
        "intent": "order",
        "medicationCodeableConcept": {
          "coding": [
            {
              "system": "http://www.nlm.nih.gov/research/umls/rxnorm",
              "code": "608680",
              "display": "Acetaminophen 160 MG"
            }
          ],
          "text": "Acetaminophen 160 MG"
        },
        "subject": {
          "reference": "urn:uuid:5b2e2b58-d0e8-4a9c-b972-c00f86959505"
        },
        "context": {
          "reference": "urn:uuid:02379dea-a903-4bff-a584-ced665c56f66"
        },
        "authoredOn": "2015-01-30",
        "reasonReference": [
          {
            "reference": "urn:uuid:b797acc1-42aa-47e1-94d0-a282fd5e5e62"
          }
        ],
        "resourceType": "MedicationRequest"
      }
    },
    {
      "fullUrl": "urn:uuid:4516cad0-52b1-4933-a013-31bb187352fb",
      "resource": {
        "id": "4516cad0-52b1-4933-a013-31bb187352fb",
        "status": "active",
        "use": "complete",
        "patient": {
          "reference": "urn:uuid:5b2e2b58-d0e8-4a9c-b972-c00f86959505"
        },
        "billablePeriod": {
          "start": "2015-01-30T03:27:56-05:00",
          "end": "2015-01-30T03:42:39-05:00"
        },
        "organization": {
          "reference": {
            "reference": "urn:uuid:14579035-b4ec-4e29-9c12-6b5f5d4437fd"
          }
        },
        "prescription": {
          "reference": "urn:uuid:6e6ab20c-0ccf-49bf-9985-8008ef1a855f"
        },
        "item": [
          {
            "sequence": 1,
            "net": {
              "value": 125.0,
              "system": "urn:iso:std:iso:4217",
              "code": "USD"
            },
            "encounter": [
              {
                "reference": {
                  "fullUrl": "urn:uuid:02379dea-a903-4bff-a584-ced665c56f66",
                  "resource": {
                    "id": "02379dea-a903-4bff-a584-ced665c56f66",
                    "meta": {
                      "profile": [
                        "http://standardhealthrecord.org/fhir/StructureDefinition/shr-encounter-Encounter"
                      ]
                    },
                    "status": "finished",
                    "class": {
                      "code": "ambulatory"
                    },
                    "type": [
                      {
                        "coding": [
                          {
                            "system": "http://snomed.info/sct",
                            "code": "185345009"
                          }
                        ],
                        "text": "Encounter for symptom"
                      }
                    ],
                    "subject": {
                      "reference": "urn:uuid:5b2e2b58-d0e8-4a9c-b972-c00f86959505"
                    },
                    "period": {
                      "start": "2015-01-30T03:27:56-05:00",
                      "end": "2015-01-30T03:42:39-05:00"
                    },
                    "reason": [
                      {
                        "coding": [
                          {
                            "system": "http://snomed.info/sct",
                            "code": "10509002",
                            "display": "Acute bronchitis (disorder)"
                          }
                        ]
                      }
                    ],
                    "serviceProvider": {
                      "reference": "urn:uuid:14579035-b4ec-4e29-9c12-6b5f5d4437fd"
                    },
                    "resourceType": "Encounter"
                  }
                }
              }
            ]
          },
          {
            "sequence": 1,
            "net": {
              "value": 255.0,
              "system": "urn:iso:std:iso:4217",
              "code": "USD"
            }
          }
        ],
        "total": {
          "value": 255.0,
          "system": "urn:iso:std:iso:4217",
          "code": "USD"
        },
        "resourceType": "Claim"
      }
    },
    {
      "fullUrl": "urn:uuid:9096a2a7-514b-4533-bc7f-0b0ebc06b9f4",
      "resource": {
        "id": "9096a2a7-514b-4533-bc7f-0b0ebc06b9f4",
        "meta": {
          "profile": [
            "http://standardhealthrecord.org/fhir/StructureDefinition/shr-encounter-Encounter"
          ]
        },
        "status": "finished",
        "class": {
          "code": "outpatient"
        },
        "type": [
          {
            "coding": [
              {
                "system": "http://snomed.info/sct",
                "code": "185349003"
              }
            ],
            "text": "Outpatient Encounter"
          }
        ],
        "subject": {
          "reference": "urn:uuid:5b2e2b58-d0e8-4a9c-b972-c00f86959505"
        },
        "period": {
          "start": "2015-02-28T09:33:30-05:00",
          "end": "2015-02-28T10:33:30-05:00"
        },
        "serviceProvider": {
          "reference": "urn:uuid:14579035-b4ec-4e29-9c12-6b5f5d4437fd"
        },
        "resourceType": "Encounter"
      }
    },
    {
      "fullUrl": "urn:uuid:844bc23d-7bbb-4c7e-9de7-0216cdbf3b09",
      "resource": {
        "id": "844bc23d-7bbb-4c7e-9de7-0216cdbf3b09",
        "status": "active",
        "use": "complete",
        "patient": {
          "reference": "urn:uuid:5b2e2b58-d0e8-4a9c-b972-c00f86959505"
        },
        "billablePeriod": {
          "start": "2015-02-28T09:33:30-05:00",
          "end": "2015-02-28T10:33:30-05:00"
        },
        "organization": {
          "reference": {
            "reference": "urn:uuid:14579035-b4ec-4e29-9c12-6b5f5d4437fd"
          }
        },
        "item": [
          {
            "sequence": 1,
            "net": {
              "value": 125.0,
              "system": "urn:iso:std:iso:4217",
              "code": "USD"
            },
            "encounter": [
              {
                "reference": {
                  "fullUrl": "urn:uuid:9096a2a7-514b-4533-bc7f-0b0ebc06b9f4",
                  "resource": {
                    "id": "9096a2a7-514b-4533-bc7f-0b0ebc06b9f4",
                    "meta": {
                      "profile": [
                        "http://standardhealthrecord.org/fhir/StructureDefinition/shr-encounter-Encounter"
                      ]
                    },
                    "status": "finished",
                    "class": {
                      "code": "outpatient"
                    },
                    "type": [
                      {
                        "coding": [
                          {
                            "system": "http://snomed.info/sct",
                            "code": "185349003"
                          }
                        ],
                        "text": "Outpatient Encounter"
                      }
                    ],
                    "subject": {
                      "reference": "urn:uuid:5b2e2b58-d0e8-4a9c-b972-c00f86959505"
                    },
                    "period": {
                      "start": "2015-02-28T09:33:30-05:00",
                      "end": "2015-02-28T10:33:30-05:00"
                    },
                    "serviceProvider": {
                      "reference": "urn:uuid:14579035-b4ec-4e29-9c12-6b5f5d4437fd"
                    },
                    "resourceType": "Encounter"
                  }
                }
              }
            ]
          },
          {
            "sequence": 2,
            "category": {
              "coding": [
                {
                  "system": "http://hl7.org/fhir/sid/cvx",
                  "code": "140",
                  "display": "Influenza, seasonal, injectable, preservative free"
                }
              ],
              "text": "Influenza, seasonal, injectable, preservative free"
            },
            "net": {
              "value": 136.0,
              "system": "urn:iso:std:iso:4217",
              "code": "USD"
            }
          }
        ],
        "total": {
          "value": 261.0,
          "system": "urn:iso:std:iso:4217",
          "code": "USD"
        },
        "resourceType": "Claim"
      }
    },
    {
      "fullUrl": "urn:uuid:0c527e75-e3bf-4bd8-8d85-f171ca294211",
      "resource": {
        "id": "0c527e75-e3bf-4bd8-8d85-f171ca294211",
        "meta": {
          "profile": [
            "http://standardhealthrecord.org/fhir/StructureDefinition/shr-observation-Observation",
            "http://standardhealthrecord.org/fhir/StructureDefinition/shr-vital-VitalSign",
            "http://standardhealthrecord.org/fhir/StructureDefinition/shr-vital-BodyHeight"
          ]
        },
        "status": "final",
        "category": [
          {
            "coding": [
              {
                "system": "http://hl7.org/fhir/observation-category",
                "code": "vital-signs"
              }
            ]
          }
        ],
        "code": {
          "coding": [
            {
              "system": "http://loinc.org",
              "code": "8302-2",
              "display": "Body Height"
            }
          ],
          "text": "Body Height"
        },
        "subject": {
          "reference": "urn:uuid:5b2e2b58-d0e8-4a9c-b972-c00f86959505"
        },
        "context": {
          "reference": "urn:uuid:9096a2a7-514b-4533-bc7f-0b0ebc06b9f4"
        },
        "effectiveDateTime": "2015-02-28T09:33:30-05:00",
        "issued": "2015-02-28T09:33:30-05:00",
        "valueQuantity": {
          "value": 169.62670836646853,
          "unit": "cm",
          "system": "http://unitsofmeasure.org/",
          "code": "cm"
        },
        "resourceType": "Observation"
      }
    },
    {
      "fullUrl": "urn:uuid:2c0fde4f-1290-4725-8c23-594e1724dad9",
      "resource": {
        "id": "2c0fde4f-1290-4725-8c23-594e1724dad9",
        "meta": {
          "profile": [
            "http://standardhealthrecord.org/fhir/StructureDefinition/shr-observation-Observation",
            "http://standardhealthrecord.org/fhir/StructureDefinition/shr-vital-VitalSign",
            "http://standardhealthrecord.org/fhir/StructureDefinition/shr-vital-BodyWeight"
          ]
        },
        "status": "final",
        "category": [
          {
            "coding": [
              {
                "system": "http://hl7.org/fhir/observation-category",
                "code": "vital-signs"
              }
            ]
          }
        ],
        "code": {
          "coding": [
            {
              "system": "http://loinc.org",
              "code": "29463-7",
              "display": "Body Weight"
            }
          ],
          "text": "Body Weight"
        },
        "subject": {
          "reference": "urn:uuid:5b2e2b58-d0e8-4a9c-b972-c00f86959505"
        },
        "context": {
          "reference": "urn:uuid:9096a2a7-514b-4533-bc7f-0b0ebc06b9f4"
        },
        "effectiveDateTime": "2015-02-28T09:33:30-05:00",
        "issued": "2015-02-28T09:33:30-05:00",
        "valueQuantity": {
          "value": 98.17607589562202,
          "unit": "kg",
          "system": "http://unitsofmeasure.org/",
          "code": "kg"
        },
        "resourceType": "Observation"
      }
    },
    {
      "fullUrl": "urn:uuid:6f938d93-6112-4c86-9425-b88772912596",
      "resource": {
        "id": "6f938d93-6112-4c86-9425-b88772912596",
        "meta": {
          "profile": [
            "http://standardhealthrecord.org/fhir/StructureDefinition/shr-observation-Observation",
            "http://standardhealthrecord.org/fhir/StructureDefinition/shr-vital-VitalSign",
            "http://standardhealthrecord.org/fhir/StructureDefinition/shr-vital-BodyMassIndex"
          ]
        },
        "status": "final",
        "category": [
          {
            "coding": [
              {
                "system": "http://hl7.org/fhir/observation-category",
                "code": "vital-signs"
              }
            ]
          }
        ],
        "code": {
          "coding": [
            {
              "system": "http://loinc.org",
              "code": "39156-5",
              "display": "Body Mass Index"
            }
          ],
          "text": "Body Mass Index"
        },
        "subject": {
          "reference": "urn:uuid:5b2e2b58-d0e8-4a9c-b972-c00f86959505"
        },
        "context": {
          "reference": "urn:uuid:9096a2a7-514b-4533-bc7f-0b0ebc06b9f4"
        },
        "effectiveDateTime": "2015-02-28T09:33:30-05:00",
        "issued": "2015-02-28T09:33:30-05:00",
        "valueQuantity": {
          "value": 34.120642473483585,
          "unit": "kg/m2",
          "system": "http://unitsofmeasure.org/",
          "code": "kg/m2"
        },
        "resourceType": "Observation"
      }
    },
    {
      "fullUrl": "urn:uuid:9295f4a9-9d3f-46c1-a8af-34e707e8396a",
      "resource": {
        "id": "9295f4a9-9d3f-46c1-a8af-34e707e8396a",
        "meta": {
          "profile": [
            "http://standardhealthrecord.org/fhir/StructureDefinition/shr-observation-Observation",
            "http://standardhealthrecord.org/fhir/StructureDefinition/shr-vital-BloodPressure"
          ]
        },
        "status": "final",
        "category": [
          {
            "coding": [
              {
                "system": "http://hl7.org/fhir/observation-category",
                "code": "vital-signs"
              }
            ]
          }
        ],
        "code": {
          "coding": [
            {
              "system": "http://loinc.org",
              "code": "55284-4",
              "display": "Blood Pressure"
            }
          ]
        },
        "subject": {
          "reference": "urn:uuid:5b2e2b58-d0e8-4a9c-b972-c00f86959505"
        },
        "context": {
          "reference": "urn:uuid:9096a2a7-514b-4533-bc7f-0b0ebc06b9f4"
        },
        "effectiveDateTime": "2015-02-28T09:33:30-05:00",
        "issued": "2015-02-28T09:33:30-05:00",
        "component": [
          {
            "code": {
              "coding": [
                {
                  "system": "http://loinc.org",
                  "code": "8480-6",
                  "display": "Systolic Blood Pressure"
                }
              ],
              "text": "Systolic Blood Pressure"
            },
            "valueQuantity": {
              "value": 135,
              "unit": "mmHg",
              "system": "http://unitsofmeasure.org/",
              "code": "mmHg"
            }
          },
          {
            "code": {
              "coding": [
                {
                  "system": "http://loinc.org",
                  "code": "8462-4",
                  "display": "Diastolic Blood Pressure"
                }
              ],
              "text": "Diastolic Blood Pressure"
            },
            "valueQuantity": {
              "value": 71,
              "unit": "mmHg",
              "system": "http://unitsofmeasure.org/",
              "code": "mmHg"
            }
          }
        ],
        "resourceType": "Observation"
      }
    },
    {
      "fullUrl": "urn:uuid:deb7c3e7-ffad-43b9-aeb7-4e38ffdd3cfe",
      "resource": {
        "id": "deb7c3e7-ffad-43b9-aeb7-4e38ffdd3cfe",
        "meta": {
          "profile": [
            "http://standardhealthrecord.org/fhir/StructureDefinition/shr-observation-Observation"
          ]
        },
        "status": "final",
        "category": [
          {
            "coding": [
              {
                "system": "http://hl7.org/fhir/observation-category",
                "code": "laboratory"
              }
            ]
          }
        ],
        "code": {
          "coding": [
            {
              "system": "http://loinc.org",
              "code": "2093-3",
              "display": "Total Cholesterol"
            }
          ],
          "text": "Total Cholesterol"
        },
        "subject": {
          "reference": "urn:uuid:5b2e2b58-d0e8-4a9c-b972-c00f86959505"
        },
        "context": {
          "reference": "urn:uuid:9096a2a7-514b-4533-bc7f-0b0ebc06b9f4"
        },
        "effectiveDateTime": "2015-02-28T09:33:30-05:00",
        "issued": "2015-02-28T09:33:30-05:00",
        "valueQuantity": {
          "value": 200,
          "unit": "mg/dL",
          "system": "http://unitsofmeasure.org/",
          "code": "mg/dL"
        },
        "resourceType": "Observation"
      }
    },
    {
      "fullUrl": "urn:uuid:cc28bb5f-e0e6-41ac-8f0a-4762d3cae518",
      "resource": {
        "id": "cc28bb5f-e0e6-41ac-8f0a-4762d3cae518",
        "meta": {
          "profile": [
            "http://standardhealthrecord.org/fhir/StructureDefinition/shr-observation-Observation"
          ]
        },
        "status": "final",
        "category": [
          {
            "coding": [
              {
                "system": "http://hl7.org/fhir/observation-category",
                "code": "laboratory"
              }
            ]
          }
        ],
        "code": {
          "coding": [
            {
              "system": "http://loinc.org",
              "code": "2571-8",
              "display": "Triglycerides"
            }
          ],
          "text": "Triglycerides"
        },
        "subject": {
          "reference": "urn:uuid:5b2e2b58-d0e8-4a9c-b972-c00f86959505"
        },
        "context": {
          "reference": "urn:uuid:9096a2a7-514b-4533-bc7f-0b0ebc06b9f4"
        },
        "effectiveDateTime": "2015-02-28T09:33:30-05:00",
        "issued": "2015-02-28T09:33:30-05:00",
        "valueQuantity": {
          "value": 109,
          "unit": "mg/dL",
          "system": "http://unitsofmeasure.org/",
          "code": "mg/dL"
        },
        "resourceType": "Observation"
      }
    },
    {
      "fullUrl": "urn:uuid:7c1997fd-7079-4772-b803-0f3a33a8674d",
      "resource": {
        "id": "7c1997fd-7079-4772-b803-0f3a33a8674d",
        "meta": {
          "profile": [
            "http://standardhealthrecord.org/fhir/StructureDefinition/shr-observation-Observation"
          ]
        },
        "status": "final",
        "category": [
          {
            "coding": [
              {
                "system": "http://hl7.org/fhir/observation-category",
                "code": "laboratory"
              }
            ]
          }
        ],
        "code": {
          "coding": [
            {
              "system": "http://loinc.org",
              "code": "18262-6",
              "display": "Low Density Lipoprotein Cholesterol"
            }
          ],
          "text": "Low Density Lipoprotein Cholesterol"
        },
        "subject": {
          "reference": "urn:uuid:5b2e2b58-d0e8-4a9c-b972-c00f86959505"
        },
        "context": {
          "reference": "urn:uuid:9096a2a7-514b-4533-bc7f-0b0ebc06b9f4"
        },
        "effectiveDateTime": "2015-02-28T09:33:30-05:00",
        "issued": "2015-02-28T09:33:30-05:00",
        "valueQuantity": {
          "value": 107,
          "unit": "mg/dL",
          "system": "http://unitsofmeasure.org/",
          "code": "mg/dL"
        },
        "resourceType": "Observation"
      }
    },
    {
      "fullUrl": "urn:uuid:9d14788b-8420-4a86-8eeb-1598f7a9da01",
      "resource": {
        "id": "9d14788b-8420-4a86-8eeb-1598f7a9da01",
        "meta": {
          "profile": [
            "http://standardhealthrecord.org/fhir/StructureDefinition/shr-observation-Observation"
          ]
        },
        "status": "final",
        "category": [
          {
            "coding": [
              {
                "system": "http://hl7.org/fhir/observation-category",
                "code": "laboratory"
              }
            ]
          }
        ],
        "code": {
          "coding": [
            {
              "system": "http://loinc.org",
              "code": "2085-9",
              "display": "High Density Lipoprotein Cholesterol"
            }
          ],
          "text": "High Density Lipoprotein Cholesterol"
        },
        "subject": {
          "reference": "urn:uuid:5b2e2b58-d0e8-4a9c-b972-c00f86959505"
        },
        "context": {
          "reference": "urn:uuid:9096a2a7-514b-4533-bc7f-0b0ebc06b9f4"
        },
        "effectiveDateTime": "2015-02-28T09:33:30-05:00",
        "issued": "2015-02-28T09:33:30-05:00",
        "valueQuantity": {
          "value": 71,
          "unit": "mg/dL",
          "system": "http://unitsofmeasure.org/",
          "code": "mg/dL"
        },
        "resourceType": "Observation"
      }
    },
    {
      "fullUrl": "urn:uuid:21b17186-61d7-4d11-824c-23d0c646e88d",
      "resource": {
        "id": "21b17186-61d7-4d11-824c-23d0c646e88d",
        "meta": {
          "profile": [
            "http://standardhealthrecord.org/fhir/StructureDefinition/shr-observation-Panel"
          ]
        },
        "status": "final",
        "code": {
          "coding": [
            {
              "system": "http://loinc.org",
              "code": "57698-3",
              "display": "Lipid Panel"
            }
          ]
        },
        "subject": {
          "reference": "urn:uuid:5b2e2b58-d0e8-4a9c-b972-c00f86959505"
        },
        "context": {
          "reference": "urn:uuid:9096a2a7-514b-4533-bc7f-0b0ebc06b9f4"
        },
        "effectiveDateTime": "2015-02-28T09:33:30-05:00",
        "issued": "2015-02-28T09:33:30-05:00",
        "result": [
          {
            "reference": "urn:uuid:deb7c3e7-ffad-43b9-aeb7-4e38ffdd3cfe",
            "display": "Total Cholesterol"
          },
          {
            "reference": "urn:uuid:cc28bb5f-e0e6-41ac-8f0a-4762d3cae518",
            "display": "Triglycerides"
          },
          {
            "reference": "urn:uuid:7c1997fd-7079-4772-b803-0f3a33a8674d",
            "display": "Low Density Lipoprotein Cholesterol"
          },
          {
            "reference": "urn:uuid:9d14788b-8420-4a86-8eeb-1598f7a9da01",
            "display": "High Density Lipoprotein Cholesterol"
          }
        ],
        "resourceType": "DiagnosticReport"
      }
    },
    {
      "resource": {
        "meta": {
          "profile": [
            "http://standardhealthrecord.org/fhir/StructureDefinition/shr-immunization-Immunization"
          ]
        },
        "status": "completed",
        "notGiven": false,
        "vaccineCode": {
          "coding": [
            {
              "system": "http://hl7.org/fhir/sid/cvx",
              "code": "140",
              "display": "Influenza, seasonal, injectable, preservative free"
            }
          ],
          "text": "Influenza, seasonal, injectable, preservative free"
        },
        "patient": {
          "reference": "urn:uuid:5b2e2b58-d0e8-4a9c-b972-c00f86959505"
        },
        "encounter": {
          "reference": "urn:uuid:9096a2a7-514b-4533-bc7f-0b0ebc06b9f4"
        },
        "date": "2015-02-28T09:33:30-05:00",
        "primarySource": true,
        "resourceType": "Immunization"
      }
    },
    {
      "fullUrl": "urn:uuid:ecf28cb8-a8d0-458d-ae99-be1c38d427a9",
      "resource": {
        "id": "ecf28cb8-a8d0-458d-ae99-be1c38d427a9",
        "meta": {
          "profile": [
            "http://standardhealthrecord.org/fhir/StructureDefinition/shr-encounter-Encounter"
          ]
        },
        "status": "finished",
        "class": {
          "code": "outpatient"
        },
        "type": [
          {
            "coding": [
              {
                "system": "http://snomed.info/sct",
                "code": "698314001"
              }
            ],
            "text": "Consultation for treatment"
          }
        ],
        "subject": {
          "reference": "urn:uuid:5b2e2b58-d0e8-4a9c-b972-c00f86959505"
        },
        "period": {
          "start": "2016-01-04T18:42:11-05:00",
          "end": "2016-01-04T18:42:11-05:00"
        },
        "serviceProvider": {
          "reference": "urn:uuid:14579035-b4ec-4e29-9c12-6b5f5d4437fd"
        },
        "resourceType": "Encounter"
      }
    },
    {
      "fullUrl": "urn:uuid:709ef8a5-1931-4cf3-b1d1-ea56e9ab7be0",
      "resource": {
        "id": "709ef8a5-1931-4cf3-b1d1-ea56e9ab7be0",
        "status": "active",
        "use": "complete",
        "patient": {
          "reference": "urn:uuid:5b2e2b58-d0e8-4a9c-b972-c00f86959505"
        },
        "billablePeriod": {
          "start": "2016-01-04T18:42:11-05:00",
          "end": "2016-01-04T18:42:11-05:00"
        },
        "organization": {
          "reference": {
            "reference": "urn:uuid:14579035-b4ec-4e29-9c12-6b5f5d4437fd"
          }
        },
        "item": [
          {
            "sequence": 1,
            "net": {
              "value": 125.0,
              "system": "urn:iso:std:iso:4217",
              "code": "USD"
            },
            "encounter": [
              {
                "reference": {
                  "fullUrl": "urn:uuid:ecf28cb8-a8d0-458d-ae99-be1c38d427a9",
                  "resource": {
                    "id": "ecf28cb8-a8d0-458d-ae99-be1c38d427a9",
                    "meta": {
                      "profile": [
                        "http://standardhealthrecord.org/fhir/StructureDefinition/shr-encounter-Encounter"
                      ]
                    },
                    "status": "finished",
                    "class": {
                      "code": "outpatient"
                    },
                    "type": [
                      {
                        "coding": [
                          {
                            "system": "http://snomed.info/sct",
                            "code": "698314001"
                          }
                        ],
                        "text": "Consultation for treatment"
                      }
                    ],
                    "subject": {
                      "reference": "urn:uuid:5b2e2b58-d0e8-4a9c-b972-c00f86959505"
                    },
                    "period": {
                      "start": "2016-01-04T18:42:11-05:00",
                      "end": "2016-01-04T18:42:11-05:00"
                    },
                    "serviceProvider": {
                      "reference": "urn:uuid:14579035-b4ec-4e29-9c12-6b5f5d4437fd"
                    },
                    "resourceType": "Encounter"
                  }
                }
              }
            ]
          }
        ],
        "total": {
          "value": 125.0,
          "system": "urn:iso:std:iso:4217",
          "code": "USD"
        },
        "resourceType": "Claim"
      }
    },
    {
      "fullUrl": "urn:uuid:e6403af2-a747-4ffa-b766-14f80f103d0f",
      "resource": {
        "id": "e6403af2-a747-4ffa-b766-14f80f103d0f",
        "meta": {
          "profile": [
            "http://standardhealthrecord.org/fhir/StructureDefinition/shr-encounter-Encounter"
          ]
        },
        "status": "finished",
        "class": {
          "code": "outpatient"
        },
        "type": [
          {
            "coding": [
              {
                "system": "http://snomed.info/sct",
                "code": "308335008"
              }
            ],
            "text": "Patient encounter procedure"
          }
        ],
        "subject": {
          "reference": "urn:uuid:5b2e2b58-d0e8-4a9c-b972-c00f86959505"
        },
        "period": {
          "start": "2016-01-14T09:56:28-05:00",
          "end": "2016-01-14T11:27:12-05:00"
        },
        "serviceProvider": {
          "reference": "urn:uuid:14579035-b4ec-4e29-9c12-6b5f5d4437fd"
        },
        "resourceType": "Encounter"
      }
    },
    {
      "fullUrl": "urn:uuid:57b7b282-7f74-442e-b707-beda246248d2",
      "resource": {
        "id": "57b7b282-7f74-442e-b707-beda246248d2",
        "status": "active",
        "use": "complete",
        "patient": {
          "reference": "urn:uuid:5b2e2b58-d0e8-4a9c-b972-c00f86959505"
        },
        "billablePeriod": {
          "start": "2016-01-14T09:56:28-05:00",
          "end": "2016-01-14T11:27:12-05:00"
        },
        "organization": {
          "reference": {
            "reference": "urn:uuid:14579035-b4ec-4e29-9c12-6b5f5d4437fd"
          }
        },
        "procedure": [
          {
            "sequence": 1,
            "procedureReference": {
              "reference": "urn:uuid:d498d999-0344-4776-a7fd-ecc20584c498"
            }
          }
        ],
        "item": [
          {
            "sequence": 1,
            "net": {
              "value": 125.0,
              "system": "urn:iso:std:iso:4217",
              "code": "USD"
            },
            "encounter": [
              {
                "reference": {
                  "fullUrl": "urn:uuid:e6403af2-a747-4ffa-b766-14f80f103d0f",
                  "resource": {
                    "id": "e6403af2-a747-4ffa-b766-14f80f103d0f",
                    "meta": {
                      "profile": [
                        "http://standardhealthrecord.org/fhir/StructureDefinition/shr-encounter-Encounter"
                      ]
                    },
                    "status": "finished",
                    "class": {
                      "code": "outpatient"
                    },
                    "type": [
                      {
                        "coding": [
                          {
                            "system": "http://snomed.info/sct",
                            "code": "308335008"
                          }
                        ],
                        "text": "Patient encounter procedure"
                      }
                    ],
                    "subject": {
                      "reference": "urn:uuid:5b2e2b58-d0e8-4a9c-b972-c00f86959505"
                    },
                    "period": {
                      "start": "2016-01-14T09:56:28-05:00",
                      "end": "2016-01-14T11:27:12-05:00"
                    },
                    "serviceProvider": {
                      "reference": "urn:uuid:14579035-b4ec-4e29-9c12-6b5f5d4437fd"
                    },
                    "resourceType": "Encounter"
                  }
                }
              }
            ]
          },
          {
            "sequence": 2,
            "procedureLinkId": [
              2
            ],
            "net": {
              "value": 0.0,
              "system": "urn:iso:std:iso:4217",
              "code": "USD"
            }
          }
        ],
        "total": {
          "value": 125.0,
          "system": "urn:iso:std:iso:4217",
          "code": "USD"
        },
        "resourceType": "Claim"
      }
    },
    {
      "fullUrl": "urn:uuid:d498d999-0344-4776-a7fd-ecc20584c498",
      "resource": {
        "id": "d498d999-0344-4776-a7fd-ecc20584c498",
        "meta": {
          "profile": [
            "http://standardhealthrecord.org/fhir/StructureDefinition/shr-procedure-Procedure"
          ]
        },
        "extension": [
          {
            "url": "http://standardhealthrecord.org/fhir/StructureDefinition/shr-core-CodeableConcept-extension",
            "valueCodeableConcept": {
              "coding": [
                {
                  "system": "http://snomed.info/sct",
                  "code": "22523008",
                  "display": "Vasectomy"
                }
              ],
              "text": "Vasectomy"
            }
          }
        ],
        "status": "completed",
        "code": {
          "coding": [
            {
              "system": "http://snomed.info/sct",
              "code": "22523008",
              "display": "Vasectomy"
            }
          ],
          "text": "Vasectomy"
        },
        "subject": {
          "reference": "urn:uuid:5b2e2b58-d0e8-4a9c-b972-c00f86959505"
        },
        "context": {
          "reference": "urn:uuid:e6403af2-a747-4ffa-b766-14f80f103d0f"
        },
        "performedPeriod": {
          "start": "2016-01-14T09:56:28-05:00",
          "end": "2016-01-14T11:48:37-05:00"
        },
        "resourceType": "Procedure"
      }
    },
    {
      "resource": {
        "status": "completed",
        "intent": "order",
        "category": [
          {
            "coding": [
              {
                "system": "http://snomed.info/sct",
                "code": "787301000000101",
                "display": "Surgery care management"
              }
            ]
          }
        ],
        "subject": {
          "reference": "urn:uuid:5b2e2b58-d0e8-4a9c-b972-c00f86959505"
        },
        "context": {
          "reference": "urn:uuid:e6403af2-a747-4ffa-b766-14f80f103d0f"
        },
        "period": {
          "start": "2016-01-14",
          "end": "2016-01-27"
        },
        "activity": [
          {
            "detail": {
              "code": {
                "coding": [
                  {
                    "system": "http://snomed.info/sct",
                    "code": "183051005",
                    "display": "Recommendation to rest"
                  }
                ]
              },
              "status": "completed"
            }
          },
          {
            "detail": {
              "code": {
                "coding": [
                  {
                    "system": "http://snomed.info/sct",
                    "code": "243077000",
                    "display": "Recommendation to limit sexual activity"
                  }
                ]
              },
              "status": "completed"
            }
          }
        ],
        "resourceType": "CarePlan"
      }
    },
    {
      "fullUrl": "urn:uuid:8a4c0d3a-9b02-4b23-ac2c-3d2aa3d5645e",
      "resource": {
        "id": "8a4c0d3a-9b02-4b23-ac2c-3d2aa3d5645e",
        "meta": {
          "profile": [
            "http://standardhealthrecord.org/fhir/StructureDefinition/shr-observation-Observation"
          ]
        },
        "status": "final",
        "category": [
          {
            "coding": [
              {
                "system": "http://hl7.org/fhir/observation-category",
                "code": "survey"
              }
            ]
          }
        ],
        "code": {
          "coding": [
            {
              "system": "http://snomed.info/sct",
              "code": "273724008",
              "display": "Quality adjusted life years"
            }
          ],
          "text": "Quality adjusted life years"
        },
        "subject": {
          "reference": "urn:uuid:5b2e2b58-d0e8-4a9c-b972-c00f86959505"
        },
        "effectiveDateTime": "2017-10-31T16:09:28-04:00",
        "issued": "2017-10-31T16:09:28-04:00",
        "valueQuantity": {
          "value": 41,
          "unit": "years",
          "system": "http://unitsofmeasure.org/",
          "code": "years"
        },
        "resourceType": "Observation"
      }
    },
    {
      "fullUrl": "urn:uuid:9ca14228-ca60-4366-8fa6-3b2608b038f7",
      "resource": {
        "id": "9ca14228-ca60-4366-8fa6-3b2608b038f7",
        "meta": {
          "profile": [
            "http://standardhealthrecord.org/fhir/StructureDefinition/shr-observation-Observation"
          ]
        },
        "status": "final",
        "category": [
          {
            "coding": [
              {
                "system": "http://hl7.org/fhir/observation-category",
                "code": "survey"
              }
            ]
          }
        ],
        "code": {
          "coding": [
            {
              "system": "http://snomed.info/sct",
              "code": "273421001",
              "display": "Disability rating scale"
            }
          ],
          "text": "Disability rating scale"
        },
        "subject": {
          "reference": "urn:uuid:5b2e2b58-d0e8-4a9c-b972-c00f86959505"
        },
        "effectiveDateTime": "2017-10-31T16:09:28-04:00",
        "issued": "2017-10-31T16:09:28-04:00",
        "valueQuantity": {
          "value": 0,
          "unit": "years",
          "system": "http://unitsofmeasure.org/",
          "code": "years"
        },
        "resourceType": "Observation"
      }
    }
  ],
  "resourceType": "Bundle"
}