{
  "type": "collection",
  "entry": [
    {
      "fullUrl": "urn:uuid:94bec074-5c4b-440c-ba5e-409cd9a896a6",
      "resource": {
        "id": "94bec074-5c4b-440c-ba5e-409cd9a896a6",
        "meta": {
          "profile": [
            "http://standardhealthrecord.org/fhir/StructureDefinition/shr-actor-Organization"
          ]
        },
        "type": [
          {
            "coding": [
              {
                "system": "http://hl7.org/fhir/organization-type",
                "code": "prov",
                "display": "Healthcare Provider"
              }
            ],
            "text": "Healthcare Provider"
          }
        ],
        "name": "WINTHROP COMM HEALTH CENTER",
        "resourceType": "Organization"
      }
    },
    {
      "fullUrl": "urn:uuid:2a44bcbf-7e9d-46cc-81c7-575bf7faf6ce",
      "resource": {
        "id": "2a44bcbf-7e9d-46cc-81c7-575bf7faf6ce",
        "meta": {
          "profile": [
            "http://standardhealthrecord.org/fhir/StructureDefinition/shr-demographics-PersonOfRecord"
          ]
        },
        "text": {
          "status": "generated",
          "div": "<div xmlns=\"http://www.w3.org/1999/xhtml\">Generated by <a href=\"https://github.com/synthetichealth/synthea\">Synthea</a>. Version identifier: 368ac389f34cd3ce3986aa3a0a08e467bf574db3</div>"
        },
        "extension": [
          {
            "url": "http://hl7.org/fhir/us/core/StructureDefinition/us-core-race",
            "valueCodeableConcept": {
              "coding": [
                {
                  "system": "http://hl7.org/fhir/v3/Race",
                  "code": "2106-3",
                  "display": "White"
                }
              ],
              "text": "race"
            }
          },
          {
            "url": "http://hl7.org/fhir/us/core/StructureDefinition/us-core-ethnicity",
            "valueCodeableConcept": {
              "coding": [
                {
                  "system": "http://hl7.org/fhir/v3/Ethnicity",
                  "code": "2186-5",
                  "display": "Nonhispanic"
                }
              ],
              "text": "ethnicity"
            }
          },
          {
            "url": "http://hl7.org/fhir/StructureDefinition/birthPlace",
            "valueAddress": {
              "city": "Boston",
              "state": "MA",
              "country": "US"
            }
          },
          {
            "url": "http://hl7.org/fhir/StructureDefinition/patient-mothersMaidenName",
            "valueString": "Curtis866 Schaefer836"
          },
          {
            "url": "http://hl7.org/fhir/us/core/StructureDefinition/us-core-birthsex",
            "valueCode": "M"
          },
          {
            "url": "http://hl7.org/fhir/StructureDefinition/patient-interpreterRequired",
            "valueBoolean": false
          },
          {
            "url": "http://standardhealthrecord.org/fhir/StructureDefinition/shr-actor-FictionalPerson-extension",
            "valueBoolean": true
          },
          {
            "url": "http://standardhealthrecord.org/fhir/StructureDefinition/shr-demographics-FathersName-extension",
            "valueHumanName": {
              "text": "Newton145 Crona643"
            }
          },
          {
            "url": "http://standardhealthrecord.org/fhir/StructureDefinition/shr-demographics-SocialSecurityNumber-extension",
            "valueString": "999-40-3520"
          }
        ],
        "identifier": [
          {
            "system": "https://github.com/synthetichealth/synthea",
            "value": "fd5a85ef-b23e-48e8-9c47-789cfbbc757f"
          },
          {
            "type": {
              "coding": [
                {
                  "system": "http://hl7.org/fhir/identifier-type",
                  "code": "SB"
                }
              ]
            },
            "system": "http://hl7.org/fhir/sid/us-ssn",
            "value": "999403520"
          },
          {
            "type": {
              "coding": [
                {
                  "system": "http://hl7.org/fhir/v2/0203",
                  "code": "DL"
                }
              ]
            },
            "system": "urn:oid:2.16.840.1.113883.4.3.25",
            "value": "S99931491"
          },
          {
            "type": {
              "coding": [
                {
                  "system": "http://hl7.org/fhir/v2/0203",
                  "code": "PPN"
                }
              ]
            },
            "system": "http://standardhealthrecord.org/fhir/StructureDefinition/passportNumber",
            "value": "X55411301X"
          },
          {
            "type": {
              "coding": [
                {
                  "system": "http://hl7.org/fhir/v2/0203",
                  "code": "MR"
                }
              ]
            },
            "system": "http://hospital.smarthealthit.org",
            "value": "fd5a85ef-b23e-48e8-9c47-789cfbbc757f"
          }
        ],
        "name": [
          {
            "use": "official",
            "family": "Crona643",
            "given": [
              "Lonnie72"
            ],
            "prefix": [
              "Mr."
            ]
          }
        ],
        "telecom": [
          {
            "system": "phone",
            "value": "759-550-8003 x27660",
            "use": "home"
          }
        ],
        "gender": "male",
        "birthDate": "1934-07-27",
        "deceasedDateTime": "1995-01-07T05:44:14-05:00",
        "address": [
          {
            "extension": [
              {
                "extension": [
                  {
                    "url": "latitude",
                    "valueDecimal": 42.329226133644326
                  },
                  {
                    "url": "longitude",
                    "valueDecimal": -70.9252579352327
                  }
                ],
                "url": "http://hl7.org/fhir/StructureDefinition/geolocation"
              }
            ],
            "line": [
              "15325 Sabryna Knolls"
            ],
            "city": "Boston",
            "state": "MA",
            "postalCode": "02215",
            "country": "US"
          }
        ],
        "maritalStatus": {
          "coding": [
            {
              "system": "http://hl7.org/fhir/v3/MaritalStatus",
              "code": "M"
            }
          ],
          "text": "M"
        },
        "multipleBirthBoolean": false,
        "communication": [
          {
            "language": {
              "coding": [
                {
                  "system": "http://hl7.org/fhir/ValueSet/languages",
                  "code": "en-US",
                  "display": "English (United States)"
                }
              ]
            }
          }
        ],
        "generalPractitioner": [
          {
            "reference": "urn:uuid:94bec074-5c4b-440c-ba5e-409cd9a896a6"
          }
        ],
        "resourceType": "Patient"
      }
    },
    {
      "fullUrl": "urn:uuid:469872bd-9490-4c9a-a728-dfe47d5f969f",
      "resource": {
        "id": "469872bd-9490-4c9a-a728-dfe47d5f969f",
        "meta": {
          "profile": [
            "http://standardhealthrecord.org/fhir/StructureDefinition/shr-encounter-Encounter"
          ]
        },
        "status": "finished",
        "class": {
          "code": "ambulatory"
        },
        "type": [
          {
            "coding": [
              {
                "system": "http://snomed.info/sct",
                "code": "308646001"
              }
            ],
            "text": "Death Certification"
          }
        ],
        "subject": {
          "reference": "urn:uuid:2a44bcbf-7e9d-46cc-81c7-575bf7faf6ce"
        },
        "period": {
          "start": "1995-01-07T05:44:14-05:00",
          "end": "1995-01-07T05:59:14-05:00"
        },
        "serviceProvider": {
          "reference": "urn:uuid:94bec074-5c4b-440c-ba5e-409cd9a896a6"
        },
        "resourceType": "Encounter"
      }
    },
    {
      "fullUrl": "urn:uuid:4dd844e3-94ff-46d6-b45e-360cd8dae027",
      "resource": {
        "id": "4dd844e3-94ff-46d6-b45e-360cd8dae027",
        "status": "active",
        "use": "complete",
        "patient": {
          "reference": "urn:uuid:2a44bcbf-7e9d-46cc-81c7-575bf7faf6ce"
        },
        "billablePeriod": {
          "start": "1995-01-07T05:44:14-05:00",
          "end": "1995-01-07T05:59:14-05:00"
        },
        "organization": {
          "reference": {
            "reference": "urn:uuid:94bec074-5c4b-440c-ba5e-409cd9a896a6"
          }
        },
        "diagnosis": [
          {
            "sequence": 1,
            "diagnosisReference": {
              "reference": "urn:uuid:2b6ddbc3-502d-4d75-a624-d9fcb3ecb6ff"
            }
          },
          {
            "sequence": 2,
            "diagnosisReference": {
              "reference": "urn:uuid:2761b527-4474-42d7-a4d3-cba0257b9a36"
            }
          }
        ],
        "item": [
          {
            "sequence": 1,
            "net": {
              "value": 125.0,
              "system": "urn:iso:std:iso:4217",
              "code": "USD"
            },
            "encounter": [
              {
                "reference": {
                  "fullUrl": "urn:uuid:469872bd-9490-4c9a-a728-dfe47d5f969f",
                  "resource": {
                    "id": "469872bd-9490-4c9a-a728-dfe47d5f969f",
                    "meta": {
                      "profile": [
                        "http://standardhealthrecord.org/fhir/StructureDefinition/shr-encounter-Encounter"
                      ]
                    },
                    "status": "finished",
                    "class": {
                      "code": "ambulatory"
                    },
                    "type": [
                      {
                        "coding": [
                          {
                            "system": "http://snomed.info/sct",
                            "code": "308646001"
                          }
                        ],
                        "text": "Death Certification"
                      }
                    ],
                    "subject": {
                      "reference": "urn:uuid:2a44bcbf-7e9d-46cc-81c7-575bf7faf6ce"
                    },
                    "period": {
                      "start": "1995-01-07T05:44:14-05:00",
                      "end": "1995-01-07T05:59:14-05:00"
                    },
                    "serviceProvider": {
                      "reference": "urn:uuid:94bec074-5c4b-440c-ba5e-409cd9a896a6"
                    },
                    "resourceType": "Encounter"
                  }
                }
              }
            ]
          },
          {
            "sequence": 2,
            "diagnosisLinkId": [
              1
            ],
            "net": {
              "value": 0.0,
              "system": "urn:iso:std:iso:4217",
              "code": "USD"
            }
          },
          {
            "sequence": 3,
            "diagnosisLinkId": [
              2
            ],
            "net": {
              "value": 0.0,
              "system": "urn:iso:std:iso:4217",
              "code": "USD"
            }
          }
        ],
        "total": {
          "value": 125.0,
          "system": "urn:iso:std:iso:4217",
          "code": "USD"
        },
        "resourceType": "Claim"
      }
    },
    {
      "fullUrl": "urn:uuid:2b6ddbc3-502d-4d75-a624-d9fcb3ecb6ff",
      "resource": {
        "id": "2b6ddbc3-502d-4d75-a624-d9fcb3ecb6ff",
        "meta": {
          "profile": [
            "http://standardhealthrecord.org/fhir/StructureDefinition/shr-problem-Problem"
          ]
        },
        "clinicalStatus": "active",
        "verificationStatus": "confirmed",
        "code": {
          "coding": [
            {
              "system": "http://snomed.info/sct",
              "code": "15777000",
              "display": "Prediabetes"
            }
          ],
          "text": "Prediabetes"
        },
        "subject": {
          "reference": "urn:uuid:2a44bcbf-7e9d-46cc-81c7-575bf7faf6ce"
        },
        "context": {
          "reference": "urn:uuid:469872bd-9490-4c9a-a728-dfe47d5f969f"
        },
        "onsetDateTime": "1958-02-27T10:36:56-05:00",
        "assertedDate": "1958-02-27",
        "resourceType": "Condition"
      }
    },
    {
      "fullUrl": "urn:uuid:2761b527-4474-42d7-a4d3-cba0257b9a36",
      "resource": {
        "id": "2761b527-4474-42d7-a4d3-cba0257b9a36",
        "meta": {
          "profile": [
            "http://standardhealthrecord.org/fhir/StructureDefinition/shr-problem-Problem"
          ]
        },
        "clinicalStatus": "active",
        "verificationStatus": "confirmed",
        "code": {
          "coding": [
            {
              "system": "http://snomed.info/sct",
              "code": "87433001",
              "display": "Pulmonary emphysema (disorder)"
            }
          ],
          "text": "Pulmonary emphysema (disorder)"
        },
        "subject": {
          "reference": "urn:uuid:2a44bcbf-7e9d-46cc-81c7-575bf7faf6ce"
        },
        "context": {
          "reference": "urn:uuid:469872bd-9490-4c9a-a728-dfe47d5f969f"
        },
        "onsetDateTime": "1980-05-15T22:56:26-04:00",
        "assertedDate": "1980-05-15",
        "resourceType": "Condition"
      }
    },
    {
      "fullUrl": "urn:uuid:f8306437-1717-41e8-946a-7631a84af5fa",
      "resource": {
        "id": "f8306437-1717-41e8-946a-7631a84af5fa",
        "meta": {
          "profile": [
            "http://standardhealthrecord.org/fhir/StructureDefinition/shr-observation-Observation"
          ]
        },
        "status": "final",
        "category": [
          {
            "coding": [
              {
                "system": "http://hl7.org/fhir/observation-category"
              }
            ]
          }
        ],
        "code": {
          "coding": [
            {
              "system": "http://loinc.org",
              "code": "69453-9",
              "display": "Cause of Death [US Standard Certificate of Death]"
            }
          ],
          "text": "Cause of Death [US Standard Certificate of Death]"
        },
        "subject": {
          "reference": "urn:uuid:2a44bcbf-7e9d-46cc-81c7-575bf7faf6ce"
        },
        "context": {
          "reference": "urn:uuid:469872bd-9490-4c9a-a728-dfe47d5f969f"
        },
        "effectiveDateTime": "1995-01-07T05:44:14-05:00",
        "issued": "1995-01-07T05:44:14-05:00",
        "valueCodeableConcept": {
          "coding": [
            {
              "system": "http://snomed.info/sct",
              "code": "87433001",
              "display": "Pulmonary emphysema (disorder)"
            }
          ],
          "text": "Pulmonary emphysema (disorder)"
        },
        "resourceType": "Observation"
      }
    },
    {
      "fullUrl": "urn:uuid:77d224af-e8b0-4588-b167-973b235c883f",
      "resource": {
        "id": "77d224af-e8b0-4588-b167-973b235c883f",
        "meta": {
          "profile": [
            "http://standardhealthrecord.org/fhir/StructureDefinition/shr-observation-Panel"
          ]
        },
        "status": "final",
        "code": {
          "coding": [
            {
              "system": "http://loinc.org",
              "code": "69409-1",
              "display": "U.S. standard certificate of death - 2003 revision"
            }
          ]
        },
        "subject": {
          "reference": "urn:uuid:2a44bcbf-7e9d-46cc-81c7-575bf7faf6ce"
        },
        "context": {
          "reference": "urn:uuid:469872bd-9490-4c9a-a728-dfe47d5f969f"
        },
        "effectiveDateTime": "1995-01-07T05:44:14-05:00",
        "issued": "1995-01-07T05:44:14-05:00",
        "result": [
          {
            "reference": "urn:uuid:f8306437-1717-41e8-946a-7631a84af5fa",
            "display": "Cause of Death [US Standard Certificate of Death]"
          }
        ],
        "resourceType": "DiagnosticReport"
      }
    },
    {
      "fullUrl": "urn:uuid:8df55be8-06fa-401a-a4f7-befc109dc348",
      "resource": {
        "id": "8df55be8-06fa-401a-a4f7-befc109dc348",
        "status": "in-progress",
        "description": {
          "text": "Hemoglobin A1c total in Blood < 7.0"
        },
        "addresses": [
          {
            "reference": "urn:uuid:2b6ddbc3-502d-4d75-a624-d9fcb3ecb6ff"
          }
        ],
        "resourceType": "Goal"
      }
    },
    {
      "fullUrl": "urn:uuid:867d45b0-636a-4ea8-8026-9a6a1c2215c8",
      "resource": {
        "id": "867d45b0-636a-4ea8-8026-9a6a1c2215c8",
        "status": "in-progress",
        "description": {
          "text": "Glucose [Mass/volume] in Blood < 108"
        },
        "addresses": [
          {
            "reference": "urn:uuid:2b6ddbc3-502d-4d75-a624-d9fcb3ecb6ff"
          }
        ],
        "resourceType": "Goal"
      }
    },
    {
      "fullUrl": "urn:uuid:b8d60abb-699b-43a4-81de-14f0b221a3c5",
      "resource": {
        "id": "b8d60abb-699b-43a4-81de-14f0b221a3c5",
        "status": "in-progress",
        "description": {
          "text": "Maintain blood pressure below 140/90 mmHg"
        },
        "addresses": [
          {
            "reference": "urn:uuid:2b6ddbc3-502d-4d75-a624-d9fcb3ecb6ff"
          }
        ],
        "resourceType": "Goal"
      }
    },
    {
      "fullUrl": "urn:uuid:c56ad4b8-9a30-48c1-8e13-394c3a85a67d",
      "resource": {
        "id": "c56ad4b8-9a30-48c1-8e13-394c3a85a67d",
        "status": "in-progress",
        "description": {
          "text": "Improve and maintenance of optimal foot health: aim at early detection of peripheral vascular problems and neuropathy presumed due to diabetes; and prevention of diabetic foot ulcer, gangrene"
        },
        "addresses": [
          {
            "reference": "urn:uuid:2b6ddbc3-502d-4d75-a624-d9fcb3ecb6ff"
          }
        ],
        "resourceType": "Goal"
      }
    },
    {
      "fullUrl": "urn:uuid:ffdf8c84-374f-4a38-9b3d-cbbde4fb1236",
      "resource": {
        "id": "ffdf8c84-374f-4a38-9b3d-cbbde4fb1236",
        "status": "in-progress",
        "description": {
          "text": "Address patient knowledge deficit on diabetic self-care"
        },
        "addresses": [
          {
            "reference": "urn:uuid:2b6ddbc3-502d-4d75-a624-d9fcb3ecb6ff"
          }
        ],
        "resourceType": "Goal"
      }
    },
    {
      "resource": {
        "status": "active",
        "intent": "order",
        "category": [
          {
            "coding": [
              {
                "system": "http://snomed.info/sct",
                "code": "698360004",
                "display": "Diabetes self management plan"
              }
            ]
          }
        ],
        "subject": {
          "reference": "urn:uuid:2a44bcbf-7e9d-46cc-81c7-575bf7faf6ce"
        },
        "context": {
          "reference": "urn:uuid:469872bd-9490-4c9a-a728-dfe47d5f969f"
        },
        "period": {
          "start": "1958-02-27"
        },
        "addresses": [
          {
            "reference": "urn:uuid:2b6ddbc3-502d-4d75-a624-d9fcb3ecb6ff"
          }
        ],
        "goal": [
          {
            "reference": "urn:uuid:8df55be8-06fa-401a-a4f7-befc109dc348"
          },
          {
            "reference": "urn:uuid:867d45b0-636a-4ea8-8026-9a6a1c2215c8"
          },
          {
            "reference": "urn:uuid:b8d60abb-699b-43a4-81de-14f0b221a3c5"
          },
          {
            "reference": "urn:uuid:c56ad4b8-9a30-48c1-8e13-394c3a85a67d"
          },
          {
            "reference": "urn:uuid:ffdf8c84-374f-4a38-9b3d-cbbde4fb1236"
          }
        ],
        "activity": [
          {
            "detail": {
              "code": {
                "coding": [
                  {
                    "system": "http://snomed.info/sct",
                    "code": "160670007",
                    "display": "Diabetic diet"
                  }
                ]
              },
              "status": "in-progress"
            }
          },
          {
            "detail": {
              "code": {
                "coding": [
                  {
                    "system": "http://snomed.info/sct",
                    "code": "229065009",
                    "display": "Exercise therapy"
                  }
                ]
              },
              "status": "in-progress"
            }
          }
        ],
        "resourceType": "CarePlan"
      }
    },
    {
      "resource": {
        "status": "active",
        "intent": "order",
        "category": [
          {
            "coding": [
              {
                "system": "http://snomed.info/sct",
                "code": "412776001",
                "display": "Chronic obstructive pulmonary disease clinical management plan"
              }
            ]
          }
        ],
        "subject": {
          "reference": "urn:uuid:2a44bcbf-7e9d-46cc-81c7-575bf7faf6ce"
        },
        "context": {
          "reference": "urn:uuid:469872bd-9490-4c9a-a728-dfe47d5f969f"
        },
        "period": {
          "start": "1980-05-15"
        },
        "addresses": [
          {
            "reference": "urn:uuid:2761b527-4474-42d7-a4d3-cba0257b9a36"
          }
        ],
        "activity": [
          {
            "detail": {
              "code": {
                "coding": [
                  {
                    "system": "http://snomed.info/sct",
                    "code": "710081004",
                    "display": "Smoking cessation therapy"
                  }
                ]
              },
              "status": "in-progress"
            }
          },
          {
            "detail": {
              "code": {
                "coding": [
                  {
                    "system": "http://snomed.info/sct",
                    "code": "426990007",
                    "display": "Home oxygen therapy (procedure)"
                  }
                ]
              },
              "status": "in-progress"
            }
          }
        ],
        "resourceType": "CarePlan"
      }
    },
    {
      "fullUrl": "urn:uuid:297f017a-d860-4014-8570-9d1a6045931e",
      "resource": {
        "id": "297f017a-d860-4014-8570-9d1a6045931e",
        "meta": {
          "profile": [
            "http://standardhealthrecord.org/fhir/StructureDefinition/shr-medication-MedicationPrescription"
          ]
        },
        "extension": [
          {
            "url": "http://standardhealthrecord.org/fhir/StructureDefinition/shr-base-ActionCode-extension",
            "valueCodeableConcept": {
              "coding": [
                {
                  "system": "http://snomed.info/sct",
                  "code": "33633005",
                  "display": "Prescription of drug (procedure)"
                }
              ],
              "text": "Prescription of drug (procedure)"
            }
          }
        ],
        "status": "active",
        "intent": "order",
        "medicationCodeableConcept": {
          "coding": [
            {
              "system": "http://www.nlm.nih.gov/research/umls/rxnorm",
              "code": "896188",
              "display": "Fluticasone propionate 0.25 MG/ACTUAT / salmeterol 0.05 MG/ACTUAT [Advair]"
            }
          ],
          "text": "Fluticasone propionate 0.25 MG/ACTUAT / salmeterol 0.05 MG/ACTUAT [Advair]"
        },
        "subject": {
          "reference": "urn:uuid:2a44bcbf-7e9d-46cc-81c7-575bf7faf6ce"
        },
        "context": {
          "reference": "urn:uuid:469872bd-9490-4c9a-a728-dfe47d5f969f"
        },
        "authoredOn": "1982-05-28",
        "reasonReference": [
          {
            "reference": "urn:uuid:2761b527-4474-42d7-a4d3-cba0257b9a36"
          }
        ],
        "resourceType": "MedicationRequest"
      }
    },
    {
      "fullUrl": "urn:uuid:e78003e8-87f5-47b8-a0bd-19def9a2806d",
      "resource": {
        "id": "e78003e8-87f5-47b8-a0bd-19def9a2806d",
        "status": "active",
        "use": "complete",
        "patient": {
          "reference": "urn:uuid:2a44bcbf-7e9d-46cc-81c7-575bf7faf6ce"
        },
        "billablePeriod": {
          "start": "1995-01-07T05:44:14-05:00",
          "end": "1995-01-07T05:59:14-05:00"
        },
        "organization": {
          "reference": {
            "reference": "urn:uuid:94bec074-5c4b-440c-ba5e-409cd9a896a6"
          }
        },
        "prescription": {
          "reference": "urn:uuid:297f017a-d860-4014-8570-9d1a6045931e"
        },
        "item": [
          {
            "sequence": 1,
            "net": {
              "value": 125.0,
              "system": "urn:iso:std:iso:4217",
              "code": "USD"
            },
            "encounter": [
              {
                "reference": {
                  "fullUrl": "urn:uuid:469872bd-9490-4c9a-a728-dfe47d5f969f",
                  "resource": {
                    "id": "469872bd-9490-4c9a-a728-dfe47d5f969f",
                    "meta": {
                      "profile": [
                        "http://standardhealthrecord.org/fhir/StructureDefinition/shr-encounter-Encounter"
                      ]
                    },
                    "status": "finished",
                    "class": {
                      "code": "ambulatory"
                    },
                    "type": [
                      {
                        "coding": [
                          {
                            "system": "http://snomed.info/sct",
                            "code": "308646001"
                          }
                        ],
                        "text": "Death Certification"
                      }
                    ],
                    "subject": {
                      "reference": "urn:uuid:2a44bcbf-7e9d-46cc-81c7-575bf7faf6ce"
                    },
                    "period": {
                      "start": "1995-01-07T05:44:14-05:00",
                      "end": "1995-01-07T05:59:14-05:00"
                    },
                    "serviceProvider": {
                      "reference": "urn:uuid:94bec074-5c4b-440c-ba5e-409cd9a896a6"
                    },
                    "resourceType": "Encounter"
                  }
                }
              }
            ]
          },
          {
            "sequence": 1,
            "net": {
              "value": 255.0,
              "system": "urn:iso:std:iso:4217",
              "code": "USD"
            }
          }
        ],
        "total": {
          "value": 255.0,
          "system": "urn:iso:std:iso:4217",
          "code": "USD"
        },
        "resourceType": "Claim"
      }
    },
    {
      "fullUrl": "urn:uuid:ad508ddd-2a3d-4c9a-af28-a88b92e74fc0",
      "resource": {
        "id": "ad508ddd-2a3d-4c9a-af28-a88b92e74fc0",
        "meta": {
          "profile": [
            "http://standardhealthrecord.org/fhir/StructureDefinition/shr-observation-Observation"
          ]
        },
        "status": "final",
        "category": [
          {
            "coding": [
              {
                "system": "http://hl7.org/fhir/observation-category",
                "code": "survey"
              }
            ]
          }
        ],
        "code": {
          "coding": [
            {
              "system": "http://snomed.info/sct",
              "code": "273724008",
              "display": "Quality adjusted life years"
            }
          ],
          "text": "Quality adjusted life years"
        },
        "subject": {
          "reference": "urn:uuid:2a44bcbf-7e9d-46cc-81c7-575bf7faf6ce"
        },
        "effectiveDateTime": "2017-10-31T16:09:28-04:00",
        "issued": "2017-10-31T16:09:28-04:00",
        "valueQuantity": {
          "value": 57.48420287875263,
          "unit": "years",
          "system": "http://unitsofmeasure.org/",
          "code": "years"
        },
        "resourceType": "Observation"
      }
    },
    {
      "fullUrl": "urn:uuid:0c233f40-e6e7-488d-8d92-c19125b3d966",
      "resource": {
        "id": "0c233f40-e6e7-488d-8d92-c19125b3d966",
        "meta": {
          "profile": [
            "http://standardhealthrecord.org/fhir/StructureDefinition/shr-observation-Observation"
          ]
        },
        "status": "final",
        "category": [
          {
            "coding": [
              {
                "system": "http://hl7.org/fhir/observation-category",
                "code": "survey"
              }
            ]
          }
        ],
        "code": {
          "coding": [
            {
              "system": "http://snomed.info/sct",
              "code": "273421001",
              "display": "Disability rating scale"
            }
          ],
          "text": "Disability rating scale"
        },
        "subject": {
          "reference": "urn:uuid:2a44bcbf-7e9d-46cc-81c7-575bf7faf6ce"
        },
        "effectiveDateTime": "2017-10-31T16:09:28-04:00",
        "issued": "2017-10-31T16:09:28-04:00",
        "valueQuantity": {
          "value": 31.18379712124736,
          "unit": "years",
          "system": "http://unitsofmeasure.org/",
          "code": "years"
        },
        "resourceType": "Observation"
      }
    }
  ],
  "resourceType": "Bundle"
}