{
  "type": "collection",
  "entry": [
    {
      "fullUrl": "urn:uuid:9e820458-63b2-485f-8de9-edf1bc86d863",
      "resource": {
        "id": "9e820458-63b2-485f-8de9-edf1bc86d863",
        "meta": {
          "profile": [
            "http://standardhealthrecord.org/fhir/StructureDefinition/shr-actor-Organization"
          ]
        },
        "type": [
          {
            "coding": [
              {
                "system": "http://hl7.org/fhir/organization-type",
                "code": "prov",
                "display": "Healthcare Provider"
              }
            ],
            "text": "Healthcare Provider"
          }
        ],
        "name": "WHITTIER REHABILITATION HOSPITAL - BRADFORD",
        "resourceType": "Organization"
      }
    },
    {
      "fullUrl": "urn:uuid:50916a72-08fe-43f3-ae7d-f68599fddcfa",
      "resource": {
        "id": "50916a72-08fe-43f3-ae7d-f68599fddcfa",
        "meta": {
          "profile": [
            "http://standardhealthrecord.org/fhir/StructureDefinition/shr-demographics-PersonOfRecord"
          ]
        },
        "text": {
          "status": "generated",
          "div": "<div xmlns=\"http://www.w3.org/1999/xhtml\">Generated by <a href=\"https://github.com/synthetichealth/synthea\">Synthea</a>. Version identifier: 368ac389f34cd3ce3986aa3a0a08e467bf574db3</div>"
        },
        "extension": [
          {
            "url": "http://hl7.org/fhir/us/core/StructureDefinition/us-core-race",
            "valueCodeableConcept": {
              "coding": [
                {
                  "system": "http://hl7.org/fhir/v3/Race",
                  "code": "2106-3",
                  "display": "White"
                }
              ],
              "text": "race"
            }
          },
          {
            "url": "http://hl7.org/fhir/us/core/StructureDefinition/us-core-ethnicity",
            "valueCodeableConcept": {
              "coding": [
                {
                  "system": "http://hl7.org/fhir/v3/Ethnicity",
                  "code": "2186-5",
                  "display": "Nonhispanic"
                }
              ],
              "text": "ethnicity"
            }
          },
          {
            "url": "http://hl7.org/fhir/StructureDefinition/birthPlace",
            "valueAddress": {
              "city": "North Andover",
              "state": "MA",
              "country": "US"
            }
          },
          {
            "url": "http://hl7.org/fhir/StructureDefinition/patient-mothersMaidenName",
            "valueString": "Belva320 Haag157"
          },
          {
            "url": "http://hl7.org/fhir/us/core/StructureDefinition/us-core-birthsex",
            "valueCode": "M"
          },
          {
            "url": "http://hl7.org/fhir/StructureDefinition/patient-interpreterRequired",
            "valueBoolean": false
          },
          {
            "url": "http://standardhealthrecord.org/fhir/StructureDefinition/shr-actor-FictionalPerson-extension",
            "valueBoolean": true
          },
          {
            "url": "http://standardhealthrecord.org/fhir/StructureDefinition/shr-demographics-FathersName-extension",
            "valueHumanName": {
              "text": "Pierre936 Cummerata247"
            }
          },
          {
            "url": "http://standardhealthrecord.org/fhir/StructureDefinition/shr-demographics-SocialSecurityNumber-extension",
            "valueString": "999-50-6822"
          }
        ],
        "identifier": [
          {
            "system": "https://github.com/synthetichealth/synthea",
            "value": "e1ad97f1-a0db-4faa-8fee-e02619a9e1d0"
          },
          {
            "type": {
              "coding": [
                {
                  "system": "http://hl7.org/fhir/identifier-type",
                  "code": "SB"
                }
              ]
            },
            "system": "http://hl7.org/fhir/sid/us-ssn",
            "value": "999506822"
          },
          {
            "type": {
              "coding": [
                {
                  "system": "http://hl7.org/fhir/v2/0203",
                  "code": "DL"
                }
              ]
            },
            "system": "urn:oid:2.16.840.1.113883.4.3.25",
            "value": "S99961677"
          },
          {
            "type": {
              "coding": [
                {
                  "system": "http://hl7.org/fhir/v2/0203",
                  "code": "PPN"
                }
              ]
            },
            "system": "http://standardhealthrecord.org/fhir/StructureDefinition/passportNumber",
            "value": "X42881110X"
          },
          {
            "type": {
              "coding": [
                {
                  "system": "http://hl7.org/fhir/v2/0203",
                  "code": "MR"
                }
              ]
            },
            "system": "http://hospital.smarthealthit.org",
            "value": "e1ad97f1-a0db-4faa-8fee-e02619a9e1d0"
          }
        ],
        "name": [
          {
            "use": "official",
            "family": "Cummerata247",
            "given": [
              "Kim254"
            ],
            "prefix": [
              "Mr."
            ]
          }
        ],
        "telecom": [
          {
            "system": "phone",
            "value": "731-458-6101 x816",
            "use": "home"
          }
        ],
        "gender": "male",
        "birthDate": "1959-09-02",
        "deceasedDateTime": "2006-07-10T14:15:57-04:00",
        "address": [
          {
            "extension": [
              {
                "extension": [
                  {
                    "url": "latitude",
                    "valueDecimal": 42.809748712747854
                  },
                  {
                    "url": "longitude",
                    "valueDecimal": -71.13891668835632
                  }
                ],
                "url": "http://hl7.org/fhir/StructureDefinition/geolocation"
              }
            ],
            "line": [
              "633 Monahan Avenue",
              "Suite 239"
            ],
            "city": "Haverhill",
            "state": "MA",
            "postalCode": "01830",
            "country": "US"
          }
        ],
        "maritalStatus": {
          "coding": [
            {
              "system": "http://hl7.org/fhir/v3/MaritalStatus",
              "code": "M"
            }
          ],
          "text": "M"
        },
        "multipleBirthBoolean": false,
        "communication": [
          {
            "language": {
              "coding": [
                {
                  "system": "http://hl7.org/fhir/ValueSet/languages",
                  "code": "en-US",
                  "display": "English (United States)"
                }
              ]
            }
          }
        ],
        "generalPractitioner": [
          {
            "reference": "urn:uuid:9e820458-63b2-485f-8de9-edf1bc86d863"
          }
        ],
        "resourceType": "Patient"
      }
    },
    {
      "fullUrl": "urn:uuid:9c3fcbe3-f73b-4c61-8db5-738731dc4505",
      "resource": {
        "id": "9c3fcbe3-f73b-4c61-8db5-738731dc4505",
        "meta": {
          "profile": [
            "http://standardhealthrecord.org/fhir/StructureDefinition/shr-encounter-Encounter"
          ]
        },
        "status": "finished",
        "class": {
          "code": "ambulatory"
        },
        "type": [
          {
            "coding": [
              {
                "system": "http://snomed.info/sct",
                "code": "308646001"
              }
            ],
            "text": "Death Certification"
          }
        ],
        "subject": {
          "reference": "urn:uuid:50916a72-08fe-43f3-ae7d-f68599fddcfa"
        },
        "period": {
          "start": "2006-07-10T14:15:57-04:00",
          "end": "2006-07-10T14:30:57-04:00"
        },
        "serviceProvider": {
          "reference": "urn:uuid:9e820458-63b2-485f-8de9-edf1bc86d863"
        },
        "resourceType": "Encounter"
      }
    },
    {
      "fullUrl": "urn:uuid:2331ed7c-acb0-444e-9b7d-c153b83fbf97",
      "resource": {
        "id": "2331ed7c-acb0-444e-9b7d-c153b83fbf97",
        "status": "active",
        "use": "complete",
        "patient": {
          "reference": "urn:uuid:50916a72-08fe-43f3-ae7d-f68599fddcfa"
        },
        "billablePeriod": {
          "start": "2006-07-10T14:15:57-04:00",
          "end": "2006-07-10T14:30:57-04:00"
        },
        "organization": {
          "reference": {
            "reference": "urn:uuid:9e820458-63b2-485f-8de9-edf1bc86d863"
          }
        },
        "diagnosis": [
          {
            "sequence": 1,
            "diagnosisReference": {
              "reference": "urn:uuid:a9d476c0-4893-483f-b472-a7c503e15ab7"
            }
          },
          {
            "sequence": 2,
            "diagnosisReference": {
              "reference": "urn:uuid:d966e7a8-20d4-4f6a-afbb-60aecc3cf76d"
            }
          },
          {
            "sequence": 3,
            "diagnosisReference": {
              "reference": "urn:uuid:aed6b000-518c-45e7-8222-b37526fe2cbf"
            }
          },
          {
            "sequence": 4,
            "diagnosisReference": {
              "reference": "urn:uuid:ffad7fb9-afd0-4b4d-966f-408fbbf07c35"
            }
          }
        ],
        "item": [
          {
            "sequence": 1,
            "net": {
              "value": 125.0,
              "system": "urn:iso:std:iso:4217",
              "code": "USD"
            },
            "encounter": [
              {
                "reference": {
                  "fullUrl": "urn:uuid:9c3fcbe3-f73b-4c61-8db5-738731dc4505",
                  "resource": {
                    "id": "9c3fcbe3-f73b-4c61-8db5-738731dc4505",
                    "meta": {
                      "profile": [
                        "http://standardhealthrecord.org/fhir/StructureDefinition/shr-encounter-Encounter"
                      ]
                    },
                    "status": "finished",
                    "class": {
                      "code": "ambulatory"
                    },
                    "type": [
                      {
                        "coding": [
                          {
                            "system": "http://snomed.info/sct",
                            "code": "308646001"
                          }
                        ],
                        "text": "Death Certification"
                      }
                    ],
                    "subject": {
                      "reference": "urn:uuid:50916a72-08fe-43f3-ae7d-f68599fddcfa"
                    },
                    "period": {
                      "start": "2006-07-10T14:15:57-04:00",
                      "end": "2006-07-10T14:30:57-04:00"
                    },
                    "serviceProvider": {
                      "reference": "urn:uuid:9e820458-63b2-485f-8de9-edf1bc86d863"
                    },
                    "resourceType": "Encounter"
                  }
                }
              }
            ]
          },
          {
            "sequence": 2,
            "diagnosisLinkId": [
              1
            ],
            "net": {
              "value": 0.0,
              "system": "urn:iso:std:iso:4217",
              "code": "USD"
            }
          },
          {
            "sequence": 3,
            "diagnosisLinkId": [
              2
            ],
            "net": {
              "value": 0.0,
              "system": "urn:iso:std:iso:4217",
              "code": "USD"
            }
          },
          {
            "sequence": 4,
            "diagnosisLinkId": [
              3
            ],
            "net": {
              "value": 0.0,
              "system": "urn:iso:std:iso:4217",
              "code": "USD"
            }
          },
          {
            "sequence": 5,
            "diagnosisLinkId": [
              4
            ],
            "net": {
              "value": 0.0,
              "system": "urn:iso:std:iso:4217",
              "code": "USD"
            }
          }
        ],
        "total": {
          "value": 125.0,
          "system": "urn:iso:std:iso:4217",
          "code": "USD"
        },
        "resourceType": "Claim"
      }
    },
    {
      "fullUrl": "urn:uuid:a9d476c0-4893-483f-b472-a7c503e15ab7",
      "resource": {
        "id": "a9d476c0-4893-483f-b472-a7c503e15ab7",
        "meta": {
          "profile": [
            "http://standardhealthrecord.org/fhir/StructureDefinition/shr-problem-Problem"
          ]
        },
        "clinicalStatus": "active",
        "verificationStatus": "confirmed",
        "code": {
          "coding": [
            {
              "system": "http://snomed.info/sct",
              "code": "38341003",
              "display": "Hypertension"
            }
          ],
          "text": "Hypertension"
        },
        "subject": {
          "reference": "urn:uuid:50916a72-08fe-43f3-ae7d-f68599fddcfa"
        },
        "context": {
          "reference": "urn:uuid:9c3fcbe3-f73b-4c61-8db5-738731dc4505"
        },
        "onsetDateTime": "1978-06-16T19:59:55-04:00",
        "assertedDate": "1978-06-16",
        "resourceType": "Condition"
      }
    },
    {
      "fullUrl": "urn:uuid:d966e7a8-20d4-4f6a-afbb-60aecc3cf76d",
      "resource": {
        "id": "d966e7a8-20d4-4f6a-afbb-60aecc3cf76d",
        "meta": {
          "profile": [
            "http://standardhealthrecord.org/fhir/StructureDefinition/shr-problem-Problem"
          ]
        },
        "clinicalStatus": "active",
        "verificationStatus": "confirmed",
        "code": {
          "coding": [
            {
              "system": "http://snomed.info/sct",
              "code": "162573006",
              "display": "Suspected lung cancer (situation)"
            }
          ],
          "text": "Suspected lung cancer (situation)"
        },
        "subject": {
          "reference": "urn:uuid:50916a72-08fe-43f3-ae7d-f68599fddcfa"
        },
        "context": {
          "reference": "urn:uuid:9c3fcbe3-f73b-4c61-8db5-738731dc4505"
        },
        "onsetDateTime": "2005-11-16T20:04:41-05:00",
        "assertedDate": "2005-11-16",
        "resourceType": "Condition"
      }
    },
    {
      "fullUrl": "urn:uuid:aed6b000-518c-45e7-8222-b37526fe2cbf",
      "resource": {
        "id": "aed6b000-518c-45e7-8222-b37526fe2cbf",
        "meta": {
          "profile": [
            "http://standardhealthrecord.org/fhir/StructureDefinition/shr-problem-Problem"
          ]
        },
        "clinicalStatus": "active",
        "verificationStatus": "confirmed",
        "code": {
          "coding": [
            {
              "system": "http://snomed.info/sct",
              "code": "254637007",
              "display": "Non-small cell lung cancer (disorder)"
            }
          ],
          "text": "Non-small cell lung cancer (disorder)"
        },
        "subject": {
          "reference": "urn:uuid:50916a72-08fe-43f3-ae7d-f68599fddcfa"
        },
        "context": {
          "reference": "urn:uuid:9c3fcbe3-f73b-4c61-8db5-738731dc4505"
        },
        "onsetDateTime": "2005-11-30T08:55:26-05:00",
        "assertedDate": "2005-11-30",
        "resourceType": "Condition"
      }
    },
    {
      "fullUrl": "urn:uuid:ffad7fb9-afd0-4b4d-966f-408fbbf07c35",
      "resource": {
        "id": "ffad7fb9-afd0-4b4d-966f-408fbbf07c35",
        "meta": {
          "profile": [
            "http://standardhealthrecord.org/fhir/StructureDefinition/shr-problem-Problem"
          ]
        },
        "clinicalStatus": "active",
        "verificationStatus": "confirmed",
        "code": {
          "coding": [
            {
              "system": "http://snomed.info/sct",
              "code": "423121009",
              "display": "Non-small cell carcinoma of lung, TNM stage 4 (disorder)"
            }
          ],
          "text": "Non-small cell carcinoma of lung, TNM stage 4 (disorder)"
        },
        "subject": {
          "reference": "urn:uuid:50916a72-08fe-43f3-ae7d-f68599fddcfa"
        },
        "context": {
          "reference": "urn:uuid:9c3fcbe3-f73b-4c61-8db5-738731dc4505"
        },
        "onsetDateTime": "2005-12-01T09:51:50-05:00",
        "assertedDate": "2005-12-01",
        "resourceType": "Condition"
      }
    },
    {
      "fullUrl": "urn:uuid:fb2bf611-7aa1-47d0-938e-1d331ec5ee78",
      "resource": {
        "id": "fb2bf611-7aa1-47d0-938e-1d331ec5ee78",
        "meta": {
          "profile": [
            "http://standardhealthrecord.org/fhir/StructureDefinition/shr-observation-Observation"
          ]
        },
        "status": "final",
        "category": [
          {
            "coding": [
              {
                "system": "http://hl7.org/fhir/observation-category"
              }
            ]
          }
        ],
        "code": {
          "coding": [
            {
              "system": "http://loinc.org",
              "code": "69453-9",
              "display": "Cause of Death [US Standard Certificate of Death]"
            }
          ],
          "text": "Cause of Death [US Standard Certificate of Death]"
        },
        "subject": {
          "reference": "urn:uuid:50916a72-08fe-43f3-ae7d-f68599fddcfa"
        },
        "context": {
          "reference": "urn:uuid:9c3fcbe3-f73b-4c61-8db5-738731dc4505"
        },
        "effectiveDateTime": "2006-07-10T14:15:57-04:00",
        "issued": "2006-07-10T14:15:57-04:00",
        "valueCodeableConcept": {
          "coding": [
            {
              "system": "http://snomed.info/sct",
              "code": "254637007",
              "display": "Non-small cell lung cancer (disorder)"
            }
          ],
          "text": "Non-small cell lung cancer (disorder)"
        },
        "resourceType": "Observation"
      }
    },
    {
      "fullUrl": "urn:uuid:47867ebe-363e-42fb-abd0-36ce463a30e2",
      "resource": {
        "id": "47867ebe-363e-42fb-abd0-36ce463a30e2",
        "meta": {
          "profile": [
            "http://standardhealthrecord.org/fhir/StructureDefinition/shr-observation-Panel"
          ]
        },
        "status": "final",
        "code": {
          "coding": [
            {
              "system": "http://loinc.org",
              "code": "69409-1",
              "display": "U.S. standard certificate of death - 2003 revision"
            }
          ]
        },
        "subject": {
          "reference": "urn:uuid:50916a72-08fe-43f3-ae7d-f68599fddcfa"
        },
        "context": {
          "reference": "urn:uuid:9c3fcbe3-f73b-4c61-8db5-738731dc4505"
        },
        "effectiveDateTime": "2006-07-10T14:15:57-04:00",
        "issued": "2006-07-10T14:15:57-04:00",
        "result": [
          {
            "reference": "urn:uuid:fb2bf611-7aa1-47d0-938e-1d331ec5ee78",
            "display": "Cause of Death [US Standard Certificate of Death]"
          }
        ],
        "resourceType": "DiagnosticReport"
      }
    },
    {
      "resource": {
        "status": "active",
        "intent": "order",
        "category": [
          {
            "coding": [
              {
                "system": "http://snomed.info/sct",
                "code": "182964004",
                "display": "Terminal care"
              }
            ]
          }
        ],
        "subject": {
          "reference": "urn:uuid:50916a72-08fe-43f3-ae7d-f68599fddcfa"
        },
        "context": {
          "reference": "urn:uuid:9c3fcbe3-f73b-4c61-8db5-738731dc4505"
        },
        "period": {
          "start": "2005-12-01"
        },
        "addresses": [
          {
            "reference": "urn:uuid:ffad7fb9-afd0-4b4d-966f-408fbbf07c35"
          }
        ],
        "activity": [
          {
            "detail": {
              "code": {
                "coding": [
                  {
                    "system": "http://snomed.info/sct",
                    "code": "133918004",
                    "display": "Comfort measures"
                  }
                ]
              },
              "status": "in-progress"
            }
          },
          {
            "detail": {
              "code": {
                "coding": [
                  {
                    "system": "http://snomed.info/sct",
                    "code": "408957008",
                    "display": "Chronic pain control management"
                  }
                ]
              },
              "status": "in-progress"
            }
          },
          {
            "detail": {
              "code": {
                "coding": [
                  {
                    "system": "http://snomed.info/sct",
                    "code": "243072006",
                    "display": "Cancer education"
                  }
                ]
              },
              "status": "in-progress"
            }
          }
        ],
        "resourceType": "CarePlan"
      }
    },
    {
      "fullUrl": "urn:uuid:33e1b72c-9c58-4933-930b-f1abc0f1d1f6",
      "resource": {
        "id": "33e1b72c-9c58-4933-930b-f1abc0f1d1f6",
        "meta": {
          "profile": [
            "http://standardhealthrecord.org/fhir/StructureDefinition/shr-observation-Observation"
          ]
        },
        "status": "final",
        "category": [
          {
            "coding": [
              {
                "system": "http://hl7.org/fhir/observation-category",
                "code": "survey"
              }
            ]
          }
        ],
        "code": {
          "coding": [
            {
              "system": "http://snomed.info/sct",
              "code": "273724008",
              "display": "Quality adjusted life years"
            }
          ],
          "text": "Quality adjusted life years"
        },
        "subject": {
          "reference": "urn:uuid:50916a72-08fe-43f3-ae7d-f68599fddcfa"
        },
        "effectiveDateTime": "2017-10-31T16:09:28-04:00",
        "issued": "2017-10-31T16:09:28-04:00",
        "valueQuantity": {
          "value": 46,
          "unit": "years",
          "system": "http://unitsofmeasure.org/",
          "code": "years"
        },
        "resourceType": "Observation"
      }
    },
    {
      "fullUrl": "urn:uuid:c6473f63-fd4e-4175-8e13-5a09458e7be7",
      "resource": {
        "id": "c6473f63-fd4e-4175-8e13-5a09458e7be7",
        "meta": {
          "profile": [
            "http://standardhealthrecord.org/fhir/StructureDefinition/shr-observation-Observation"
          ]
        },
        "status": "final",
        "category": [
          {
            "coding": [
              {
                "system": "http://hl7.org/fhir/observation-category",
                "code": "survey"
              }
            ]
          }
        ],
        "code": {
          "coding": [
            {
              "system": "http://snomed.info/sct",
              "code": "273421001",
              "display": "Disability rating scale"
            }
          ],
          "text": "Disability rating scale"
        },
        "subject": {
          "reference": "urn:uuid:50916a72-08fe-43f3-ae7d-f68599fddcfa"
        },
        "effectiveDateTime": "2017-10-31T16:09:28-04:00",
        "issued": "2017-10-31T16:09:28-04:00",
        "valueQuantity": {
          "value": 41.46455999999999,
          "unit": "years",
          "system": "http://unitsofmeasure.org/",
          "code": "years"
        },
        "resourceType": "Observation"
      }
    }
  ],
  "resourceType": "Bundle"
}