{
  "type": "collection",
  "entry": [
    {
      "fullUrl": "urn:uuid:be38798e-e96e-4cdb-9bf0-28ca0a46b4f4",
      "resource": {
        "id": "be38798e-e96e-4cdb-9bf0-28ca0a46b4f4",
        "meta": {
          "profile": [
            "http://standardhealthrecord.org/fhir/StructureDefinition/shr-actor-Organization"
          ]
        },
        "type": [
          {
            "coding": [
              {
                "system": "http://hl7.org/fhir/organization-type",
                "code": "prov",
                "display": "Healthcare Provider"
              }
            ],
            "text": "Healthcare Provider"
          }
        ],
        "name": "SHREWSBURY RADIOLOGY",
        "resourceType": "Organization"
      }
    },
    {
      "fullUrl": "urn:uuid:e4607e83-231e-4cb1-996e-67c36c7d8f6f",
      "resource": {
        "id": "e4607e83-231e-4cb1-996e-67c36c7d8f6f",
        "meta": {
          "profile": [
            "http://standardhealthrecord.org/fhir/StructureDefinition/shr-demographics-PersonOfRecord"
          ]
        },
        "text": {
          "status": "generated",
          "div": "<div xmlns=\"http://www.w3.org/1999/xhtml\">Generated by <a href=\"https://github.com/synthetichealth/synthea\">Synthea</a>. Version identifier: 368ac389f34cd3ce3986aa3a0a08e467bf574db3</div>"
        },
        "extension": [
          {
            "url": "http://hl7.org/fhir/us/core/StructureDefinition/us-core-race",
            "valueCodeableConcept": {
              "coding": [
                {
                  "system": "http://hl7.org/fhir/v3/Race",
                  "code": "2106-3",
                  "display": "White"
                }
              ],
              "text": "race"
            }
          },
          {
            "url": "http://hl7.org/fhir/us/core/StructureDefinition/us-core-ethnicity",
            "valueCodeableConcept": {
              "coding": [
                {
                  "system": "http://hl7.org/fhir/v3/Ethnicity",
                  "code": "2186-5",
                  "display": "Nonhispanic"
                }
              ],
              "text": "ethnicity"
            }
          },
          {
            "url": "http://hl7.org/fhir/StructureDefinition/birthPlace",
            "valueAddress": {
              "city": "Attleboro",
              "state": "MA",
              "country": "US"
            }
          },
          {
            "url": "http://hl7.org/fhir/StructureDefinition/patient-mothersMaidenName",
            "valueString": "Allie532 Marvin25"
          },
          {
            "url": "http://hl7.org/fhir/us/core/StructureDefinition/us-core-birthsex",
            "valueCode": "M"
          },
          {
            "url": "http://hl7.org/fhir/StructureDefinition/patient-interpreterRequired",
            "valueBoolean": false
          },
          {
            "url": "http://standardhealthrecord.org/fhir/StructureDefinition/shr-actor-FictionalPerson-extension",
            "valueBoolean": true
          },
          {
            "url": "http://standardhealthrecord.org/fhir/StructureDefinition/shr-demographics-FathersName-extension",
            "valueHumanName": {
              "text": "Avery529 D'Amore839"
            }
          },
          {
            "url": "http://standardhealthrecord.org/fhir/StructureDefinition/shr-demographics-SocialSecurityNumber-extension",
            "valueString": "999-87-1689"
          }
        ],
        "identifier": [
          {
            "system": "https://github.com/synthetichealth/synthea",
            "value": "d5e5765c-c310-4b25-9fc9-22053cf9d6d3"
          },
          {
            "type": {
              "coding": [
                {
                  "system": "http://hl7.org/fhir/identifier-type",
                  "code": "SB"
                }
              ]
            },
            "system": "http://hl7.org/fhir/sid/us-ssn",
            "value": "999871689"
          },
          {
            "type": {
              "coding": [
                {
                  "system": "http://hl7.org/fhir/v2/0203",
                  "code": "DL"
                }
              ]
            },
            "system": "urn:oid:2.16.840.1.113883.4.3.25",
            "value": "S99950498"
          },
          {
            "type": {
              "coding": [
                {
                  "system": "http://hl7.org/fhir/v2/0203",
                  "code": "MR"
                }
              ]
            },
            "system": "http://hospital.smarthealthit.org",
            "value": "d5e5765c-c310-4b25-9fc9-22053cf9d6d3"
          }
        ],
        "name": [
          {
            "use": "official",
            "family": "D'Amore839",
            "given": [
              "Isidro983"
            ],
            "prefix": [
              "Mr."
            ]
          }
        ],
        "telecom": [
          {
            "system": "phone",
            "value": "789-831-0248",
            "use": "home"
          }
        ],
        "gender": "male",
        "birthDate": "1918-11-29",
        "deceasedDateTime": "1996-12-13T08:01:44-05:00",
        "address": [
          {
            "extension": [
              {
                "extension": [
                  {
                    "url": "latitude",
                    "valueDecimal": 42.24441491561068
                  },
                  {
                    "url": "longitude",
                    "valueDecimal": -71.66934464456969
                  }
                ],
                "url": "http://hl7.org/fhir/StructureDefinition/geolocation"
              }
            ],
            "line": [
              "54477 Torp Cape"
            ],
            "city": "Grafton",
            "state": "MA",
            "postalCode": "01519",
            "country": "US"
          }
        ],
        "maritalStatus": {
          "coding": [
            {
              "system": "http://hl7.org/fhir/v3/MaritalStatus",
              "code": "M"
            }
          ],
          "text": "M"
        },
        "multipleBirthBoolean": false,
        "communication": [
          {
            "language": {
              "coding": [
                {
                  "system": "http://hl7.org/fhir/ValueSet/languages",
                  "code": "en-US",
                  "display": "English (United States)"
                }
              ]
            }
          }
        ],
        "generalPractitioner": [
          {
            "reference": "urn:uuid:be38798e-e96e-4cdb-9bf0-28ca0a46b4f4"
          }
        ],
        "resourceType": "Patient"
      }
    },
    {
      "fullUrl": "urn:uuid:4df88bdf-1d8b-44ce-adee-a8cf586da832",
      "resource": {
        "id": "4df88bdf-1d8b-44ce-adee-a8cf586da832",
        "meta": {
          "profile": [
            "http://standardhealthrecord.org/fhir/StructureDefinition/shr-encounter-Encounter"
          ]
        },
        "status": "finished",
        "class": {
          "code": "ambulatory"
        },
        "type": [
          {
            "coding": [
              {
                "system": "http://snomed.info/sct",
                "code": "308646001"
              }
            ],
            "text": "Death Certification"
          }
        ],
        "subject": {
          "reference": "urn:uuid:e4607e83-231e-4cb1-996e-67c36c7d8f6f"
        },
        "period": {
          "start": "1996-12-13T08:01:44-05:00",
          "end": "1996-12-13T08:16:44-05:00"
        },
        "serviceProvider": {
          "reference": "urn:uuid:be38798e-e96e-4cdb-9bf0-28ca0a46b4f4"
        },
        "resourceType": "Encounter"
      }
    },
    {
      "fullUrl": "urn:uuid:1039487a-c843-43ea-99d3-b1b6c1335d77",
      "resource": {
        "id": "1039487a-c843-43ea-99d3-b1b6c1335d77",
        "status": "active",
        "use": "complete",
        "patient": {
          "reference": "urn:uuid:e4607e83-231e-4cb1-996e-67c36c7d8f6f"
        },
        "billablePeriod": {
          "start": "1996-12-13T08:01:44-05:00",
          "end": "1996-12-13T08:16:44-05:00"
        },
        "organization": {
          "reference": {
            "reference": "urn:uuid:be38798e-e96e-4cdb-9bf0-28ca0a46b4f4"
          }
        },
        "diagnosis": [
          {
            "sequence": 1,
            "diagnosisReference": {
              "reference": "urn:uuid:a10a3edc-5f9e-4f49-90b7-c424040e7395"
            }
          },
          {
            "sequence": 2,
            "diagnosisReference": {
              "reference": "urn:uuid:4326b0c1-328b-4301-814a-da00e3bb8917"
            }
          },
          {
            "sequence": 3,
            "diagnosisReference": {
              "reference": "urn:uuid:921e483b-4f3d-4edd-8ed2-3cf6bf457d38"
            }
          }
        ],
        "item": [
          {
            "sequence": 1,
            "net": {
              "value": 125.0,
              "system": "urn:iso:std:iso:4217",
              "code": "USD"
            },
            "encounter": [
              {
                "reference": {
                  "fullUrl": "urn:uuid:4df88bdf-1d8b-44ce-adee-a8cf586da832",
                  "resource": {
                    "id": "4df88bdf-1d8b-44ce-adee-a8cf586da832",
                    "meta": {
                      "profile": [
                        "http://standardhealthrecord.org/fhir/StructureDefinition/shr-encounter-Encounter"
                      ]
                    },
                    "status": "finished",
                    "class": {
                      "code": "ambulatory"
                    },
                    "type": [
                      {
                        "coding": [
                          {
                            "system": "http://snomed.info/sct",
                            "code": "308646001"
                          }
                        ],
                        "text": "Death Certification"
                      }
                    ],
                    "subject": {
                      "reference": "urn:uuid:e4607e83-231e-4cb1-996e-67c36c7d8f6f"
                    },
                    "period": {
                      "start": "1996-12-13T08:01:44-05:00",
                      "end": "1996-12-13T08:16:44-05:00"
                    },
                    "serviceProvider": {
                      "reference": "urn:uuid:be38798e-e96e-4cdb-9bf0-28ca0a46b4f4"
                    },
                    "resourceType": "Encounter"
                  }
                }
              }
            ]
          },
          {
            "sequence": 2,
            "diagnosisLinkId": [
              1
            ],
            "net": {
              "value": 0.0,
              "system": "urn:iso:std:iso:4217",
              "code": "USD"
            }
          },
          {
            "sequence": 3,
            "diagnosisLinkId": [
              2
            ],
            "net": {
              "value": 0.0,
              "system": "urn:iso:std:iso:4217",
              "code": "USD"
            }
          },
          {
            "sequence": 4,
            "diagnosisLinkId": [
              3
            ],
            "net": {
              "value": 0.0,
              "system": "urn:iso:std:iso:4217",
              "code": "USD"
            }
          }
        ],
        "total": {
          "value": 125.0,
          "system": "urn:iso:std:iso:4217",
          "code": "USD"
        },
        "resourceType": "Claim"
      }
    },
    {
      "fullUrl": "urn:uuid:a10a3edc-5f9e-4f49-90b7-c424040e7395",
      "resource": {
        "id": "a10a3edc-5f9e-4f49-90b7-c424040e7395",
        "meta": {
          "profile": [
            "http://standardhealthrecord.org/fhir/StructureDefinition/shr-problem-Problem"
          ]
        },
        "clinicalStatus": "active",
        "verificationStatus": "confirmed",
        "code": {
          "coding": [
            {
              "system": "http://snomed.info/sct",
              "code": "40055000",
              "display": "Chronic sinusitis (disorder)"
            }
          ],
          "text": "Chronic sinusitis (disorder)"
        },
        "subject": {
          "reference": "urn:uuid:e4607e83-231e-4cb1-996e-67c36c7d8f6f"
        },
        "context": {
          "reference": "urn:uuid:4df88bdf-1d8b-44ce-adee-a8cf586da832"
        },
        "onsetDateTime": "1947-02-04T15:24:27-05:00",
        "assertedDate": "1947-02-04",
        "resourceType": "Condition"
      }
    },
    {
      "fullUrl": "urn:uuid:4326b0c1-328b-4301-814a-da00e3bb8917",
      "resource": {
        "id": "4326b0c1-328b-4301-814a-da00e3bb8917",
        "meta": {
          "profile": [
            "http://standardhealthrecord.org/fhir/StructureDefinition/shr-problem-Problem"
          ]
        },
        "clinicalStatus": "active",
        "verificationStatus": "confirmed",
        "code": {
          "coding": [
            {
              "system": "http://snomed.info/sct",
              "code": "15777000",
              "display": "Prediabetes"
            }
          ],
          "text": "Prediabetes"
        },
        "subject": {
          "reference": "urn:uuid:e4607e83-231e-4cb1-996e-67c36c7d8f6f"
        },
        "context": {
          "reference": "urn:uuid:4df88bdf-1d8b-44ce-adee-a8cf586da832"
        },
        "onsetDateTime": "1965-03-04T12:33:53-05:00",
        "assertedDate": "1965-03-04",
        "resourceType": "Condition"
      }
    },
    {
      "fullUrl": "urn:uuid:921e483b-4f3d-4edd-8ed2-3cf6bf457d38",
      "resource": {
        "id": "921e483b-4f3d-4edd-8ed2-3cf6bf457d38",
        "meta": {
          "profile": [
            "http://standardhealthrecord.org/fhir/StructureDefinition/shr-problem-Problem"
          ]
        },
        "clinicalStatus": "active",
        "verificationStatus": "confirmed",
        "code": {
          "coding": [
            {
              "system": "http://snomed.info/sct",
              "code": "87433001",
              "display": "Pulmonary emphysema (disorder)"
            }
          ],
          "text": "Pulmonary emphysema (disorder)"
        },
        "subject": {
          "reference": "urn:uuid:e4607e83-231e-4cb1-996e-67c36c7d8f6f"
        },
        "context": {
          "reference": "urn:uuid:4df88bdf-1d8b-44ce-adee-a8cf586da832"
        },
        "onsetDateTime": "1984-01-13T00:11:56-05:00",
        "assertedDate": "1984-01-13",
        "resourceType": "Condition"
      }
    },
    {
      "fullUrl": "urn:uuid:feefa83e-0be8-4dde-9a3f-cbc0b6e227f9",
      "resource": {
        "id": "feefa83e-0be8-4dde-9a3f-cbc0b6e227f9",
        "meta": {
          "profile": [
            "http://standardhealthrecord.org/fhir/StructureDefinition/shr-observation-Observation"
          ]
        },
        "status": "final",
        "category": [
          {
            "coding": [
              {
                "system": "http://hl7.org/fhir/observation-category"
              }
            ]
          }
        ],
        "code": {
          "coding": [
            {
              "system": "http://loinc.org",
              "code": "69453-9",
              "display": "Cause of Death [US Standard Certificate of Death]"
            }
          ],
          "text": "Cause of Death [US Standard Certificate of Death]"
        },
        "subject": {
          "reference": "urn:uuid:e4607e83-231e-4cb1-996e-67c36c7d8f6f"
        },
        "context": {
          "reference": "urn:uuid:4df88bdf-1d8b-44ce-adee-a8cf586da832"
        },
        "effectiveDateTime": "1996-12-13T08:01:44-05:00",
        "issued": "1996-12-13T08:01:44-05:00",
        "valueCodeableConcept": {
          "coding": [
            {
              "system": "http://snomed.info/sct",
              "code": "9855000",
              "display": "Natural death with unknown cause"
            }
          ],
          "text": "Natural death with unknown cause"
        },
        "resourceType": "Observation"
      }
    },
    {
      "fullUrl": "urn:uuid:3d2f10a8-eaf0-4d6e-900c-d70f6a89dd1b",
      "resource": {
        "id": "3d2f10a8-eaf0-4d6e-900c-d70f6a89dd1b",
        "meta": {
          "profile": [
            "http://standardhealthrecord.org/fhir/StructureDefinition/shr-observation-Panel"
          ]
        },
        "status": "final",
        "code": {
          "coding": [
            {
              "system": "http://loinc.org",
              "code": "69409-1",
              "display": "U.S. standard certificate of death - 2003 revision"
            }
          ]
        },
        "subject": {
          "reference": "urn:uuid:e4607e83-231e-4cb1-996e-67c36c7d8f6f"
        },
        "context": {
          "reference": "urn:uuid:4df88bdf-1d8b-44ce-adee-a8cf586da832"
        },
        "effectiveDateTime": "1996-12-13T08:01:44-05:00",
        "issued": "1996-12-13T08:01:44-05:00",
        "result": [
          {
            "reference": "urn:uuid:feefa83e-0be8-4dde-9a3f-cbc0b6e227f9",
            "display": "Cause of Death [US Standard Certificate of Death]"
          }
        ],
        "resourceType": "DiagnosticReport"
      }
    },
    {
      "fullUrl": "urn:uuid:669582cb-78b3-42f2-82a5-8f46bfdc7f3d",
      "resource": {
        "id": "669582cb-78b3-42f2-82a5-8f46bfdc7f3d",
        "status": "in-progress",
        "description": {
          "text": "Hemoglobin A1c total in Blood < 7.0"
        },
        "addresses": [
          {
            "reference": "urn:uuid:4326b0c1-328b-4301-814a-da00e3bb8917"
          }
        ],
        "resourceType": "Goal"
      }
    },
    {
      "fullUrl": "urn:uuid:8e085053-e242-4472-b5b7-3e2ebd7ad307",
      "resource": {
        "id": "8e085053-e242-4472-b5b7-3e2ebd7ad307",
        "status": "in-progress",
        "description": {
          "text": "Glucose [Mass/volume] in Blood < 108"
        },
        "addresses": [
          {
            "reference": "urn:uuid:4326b0c1-328b-4301-814a-da00e3bb8917"
          }
        ],
        "resourceType": "Goal"
      }
    },
    {
      "fullUrl": "urn:uuid:55b52aab-e327-4003-be2d-e7791650afdd",
      "resource": {
        "id": "55b52aab-e327-4003-be2d-e7791650afdd",
        "status": "in-progress",
        "description": {
          "text": "Maintain blood pressure below 140/90 mmHg"
        },
        "addresses": [
          {
            "reference": "urn:uuid:4326b0c1-328b-4301-814a-da00e3bb8917"
          }
        ],
        "resourceType": "Goal"
      }
    },
    {
      "fullUrl": "urn:uuid:abde6ffc-1bce-44cc-857c-3b239c06b675",
      "resource": {
        "id": "abde6ffc-1bce-44cc-857c-3b239c06b675",
        "status": "in-progress",
        "description": {
          "text": "Improve and maintenance of optimal foot health: aim at early detection of peripheral vascular problems and neuropathy presumed due to diabetes; and prevention of diabetic foot ulcer, gangrene"
        },
        "addresses": [
          {
            "reference": "urn:uuid:4326b0c1-328b-4301-814a-da00e3bb8917"
          }
        ],
        "resourceType": "Goal"
      }
    },
    {
      "fullUrl": "urn:uuid:db263713-c33d-4d49-b07b-eaee04605a38",
      "resource": {
        "id": "db263713-c33d-4d49-b07b-eaee04605a38",
        "status": "in-progress",
        "description": {
          "text": "Address patient knowledge deficit on diabetic self-care"
        },
        "addresses": [
          {
            "reference": "urn:uuid:4326b0c1-328b-4301-814a-da00e3bb8917"
          }
        ],
        "resourceType": "Goal"
      }
    },
    {
      "resource": {
        "status": "active",
        "intent": "order",
        "category": [
          {
            "coding": [
              {
                "system": "http://snomed.info/sct",
                "code": "698360004",
                "display": "Diabetes self management plan"
              }
            ]
          }
        ],
        "subject": {
          "reference": "urn:uuid:e4607e83-231e-4cb1-996e-67c36c7d8f6f"
        },
        "context": {
          "reference": "urn:uuid:4df88bdf-1d8b-44ce-adee-a8cf586da832"
        },
        "period": {
          "start": "1965-03-04"
        },
        "addresses": [
          {
            "reference": "urn:uuid:4326b0c1-328b-4301-814a-da00e3bb8917"
          }
        ],
        "goal": [
          {
            "reference": "urn:uuid:669582cb-78b3-42f2-82a5-8f46bfdc7f3d"
          },
          {
            "reference": "urn:uuid:8e085053-e242-4472-b5b7-3e2ebd7ad307"
          },
          {
            "reference": "urn:uuid:55b52aab-e327-4003-be2d-e7791650afdd"
          },
          {
            "reference": "urn:uuid:abde6ffc-1bce-44cc-857c-3b239c06b675"
          },
          {
            "reference": "urn:uuid:db263713-c33d-4d49-b07b-eaee04605a38"
          }
        ],
        "activity": [
          {
            "detail": {
              "code": {
                "coding": [
                  {
                    "system": "http://snomed.info/sct",
                    "code": "160670007",
                    "display": "Diabetic diet"
                  }
                ]
              },
              "status": "in-progress"
            }
          },
          {
            "detail": {
              "code": {
                "coding": [
                  {
                    "system": "http://snomed.info/sct",
                    "code": "229065009",
                    "display": "Exercise therapy"
                  }
                ]
              },
              "status": "in-progress"
            }
          }
        ],
        "resourceType": "CarePlan"
      }
    },
    {
      "resource": {
        "status": "active",
        "intent": "order",
        "category": [
          {
            "coding": [
              {
                "system": "http://snomed.info/sct",
                "code": "412776001",
                "display": "Chronic obstructive pulmonary disease clinical management plan"
              }
            ]
          }
        ],
        "subject": {
          "reference": "urn:uuid:e4607e83-231e-4cb1-996e-67c36c7d8f6f"
        },
        "context": {
          "reference": "urn:uuid:4df88bdf-1d8b-44ce-adee-a8cf586da832"
        },
        "period": {
          "start": "1984-01-13"
        },
        "addresses": [
          {
            "reference": "urn:uuid:921e483b-4f3d-4edd-8ed2-3cf6bf457d38"
          }
        ],
        "activity": [
          {
            "detail": {
              "code": {
                "coding": [
                  {
                    "system": "http://snomed.info/sct",
                    "code": "710081004",
                    "display": "Smoking cessation therapy"
                  }
                ]
              },
              "status": "in-progress"
            }
          },
          {
            "detail": {
              "code": {
                "coding": [
                  {
                    "system": "http://snomed.info/sct",
                    "code": "426990007",
                    "display": "Home oxygen therapy (procedure)"
                  }
                ]
              },
              "status": "in-progress"
            }
          }
        ],
        "resourceType": "CarePlan"
      }
    },
    {
      "fullUrl": "urn:uuid:e79a78f6-8ecd-40b1-83f1-4b1a5170e7a7",
      "resource": {
        "id": "e79a78f6-8ecd-40b1-83f1-4b1a5170e7a7",
        "meta": {
          "profile": [
            "http://standardhealthrecord.org/fhir/StructureDefinition/shr-medication-MedicationPrescription"
          ]
        },
        "extension": [
          {
            "url": "http://standardhealthrecord.org/fhir/StructureDefinition/shr-base-ActionCode-extension",
            "valueCodeableConcept": {
              "coding": [
                {
                  "system": "http://snomed.info/sct",
                  "code": "33633005",
                  "display": "Prescription of drug (procedure)"
                }
              ],
              "text": "Prescription of drug (procedure)"
            }
          }
        ],
        "status": "active",
        "intent": "order",
        "medicationCodeableConcept": {
          "coding": [
            {
              "system": "http://www.nlm.nih.gov/research/umls/rxnorm",
              "code": "834101",
              "display": "Penicillin V Potassium 500 MG"
            }
          ],
          "text": "Penicillin V Potassium 500 MG"
        },
        "subject": {
          "reference": "urn:uuid:e4607e83-231e-4cb1-996e-67c36c7d8f6f"
        },
        "context": {
          "reference": "urn:uuid:4df88bdf-1d8b-44ce-adee-a8cf586da832"
        },
        "authoredOn": "1968-10-31",
        "resourceType": "MedicationRequest"
      }
    },
    {
      "fullUrl": "urn:uuid:bfea73c1-cff3-4133-a4ad-b4278813142b",
      "resource": {
        "id": "bfea73c1-cff3-4133-a4ad-b4278813142b",
        "status": "active",
        "use": "complete",
        "patient": {
          "reference": "urn:uuid:e4607e83-231e-4cb1-996e-67c36c7d8f6f"
        },
        "billablePeriod": {
          "start": "1996-12-13T08:01:44-05:00",
          "end": "1996-12-13T08:16:44-05:00"
        },
        "organization": {
          "reference": {
            "reference": "urn:uuid:be38798e-e96e-4cdb-9bf0-28ca0a46b4f4"
          }
        },
        "prescription": {
          "reference": "urn:uuid:e79a78f6-8ecd-40b1-83f1-4b1a5170e7a7"
        },
        "item": [
          {
            "sequence": 1,
            "net": {
              "value": 125.0,
              "system": "urn:iso:std:iso:4217",
              "code": "USD"
            },
            "encounter": [
              {
                "reference": {
                  "fullUrl": "urn:uuid:4df88bdf-1d8b-44ce-adee-a8cf586da832",
                  "resource": {
                    "id": "4df88bdf-1d8b-44ce-adee-a8cf586da832",
                    "meta": {
                      "profile": [
                        "http://standardhealthrecord.org/fhir/StructureDefinition/shr-encounter-Encounter"
                      ]
                    },
                    "status": "finished",
                    "class": {
                      "code": "ambulatory"
                    },
                    "type": [
                      {
                        "coding": [
                          {
                            "system": "http://snomed.info/sct",
                            "code": "308646001"
                          }
                        ],
                        "text": "Death Certification"
                      }
                    ],
                    "subject": {
                      "reference": "urn:uuid:e4607e83-231e-4cb1-996e-67c36c7d8f6f"
                    },
                    "period": {
                      "start": "1996-12-13T08:01:44-05:00",
                      "end": "1996-12-13T08:16:44-05:00"
                    },
                    "serviceProvider": {
                      "reference": "urn:uuid:be38798e-e96e-4cdb-9bf0-28ca0a46b4f4"
                    },
                    "resourceType": "Encounter"
                  }
                }
              }
            ]
          },
          {
            "sequence": 1,
            "net": {
              "value": 255.0,
              "system": "urn:iso:std:iso:4217",
              "code": "USD"
            }
          }
        ],
        "total": {
          "value": 255.0,
          "system": "urn:iso:std:iso:4217",
          "code": "USD"
        },
        "resourceType": "Claim"
      }
    },
    {
      "fullUrl": "urn:uuid:d4f7ef72-fc83-425d-820b-d334516b34fe",
      "resource": {
        "id": "d4f7ef72-fc83-425d-820b-d334516b34fe",
        "meta": {
          "profile": [
            "http://standardhealthrecord.org/fhir/StructureDefinition/shr-medication-MedicationPrescription"
          ]
        },
        "extension": [
          {
            "url": "http://standardhealthrecord.org/fhir/StructureDefinition/shr-base-ActionCode-extension",
            "valueCodeableConcept": {
              "coding": [
                {
                  "system": "http://snomed.info/sct",
                  "code": "33633005",
                  "display": "Prescription of drug (procedure)"
                }
              ],
              "text": "Prescription of drug (procedure)"
            }
          }
        ],
        "status": "active",
        "intent": "order",
        "medicationCodeableConcept": {
          "coding": [
            {
              "system": "http://www.nlm.nih.gov/research/umls/rxnorm",
              "code": "896188",
              "display": "Fluticasone propionate 0.25 MG/ACTUAT / salmeterol 0.05 MG/ACTUAT [Advair]"
            }
          ],
          "text": "Fluticasone propionate 0.25 MG/ACTUAT / salmeterol 0.05 MG/ACTUAT [Advair]"
        },
        "subject": {
          "reference": "urn:uuid:e4607e83-231e-4cb1-996e-67c36c7d8f6f"
        },
        "context": {
          "reference": "urn:uuid:4df88bdf-1d8b-44ce-adee-a8cf586da832"
        },
        "authoredOn": "1985-01-24",
        "reasonReference": [
          {
            "reference": "urn:uuid:921e483b-4f3d-4edd-8ed2-3cf6bf457d38"
          }
        ],
        "resourceType": "MedicationRequest"
      }
    },
    {
      "fullUrl": "urn:uuid:4404a21a-9d13-414b-a541-38813ed288c8",
      "resource": {
        "id": "4404a21a-9d13-414b-a541-38813ed288c8",
        "status": "active",
        "use": "complete",
        "patient": {
          "reference": "urn:uuid:e4607e83-231e-4cb1-996e-67c36c7d8f6f"
        },
        "billablePeriod": {
          "start": "1996-12-13T08:01:44-05:00",
          "end": "1996-12-13T08:16:44-05:00"
        },
        "organization": {
          "reference": {
            "reference": "urn:uuid:be38798e-e96e-4cdb-9bf0-28ca0a46b4f4"
          }
        },
        "prescription": {
          "reference": "urn:uuid:d4f7ef72-fc83-425d-820b-d334516b34fe"
        },
        "item": [
          {
            "sequence": 1,
            "net": {
              "value": 125.0,
              "system": "urn:iso:std:iso:4217",
              "code": "USD"
            },
            "encounter": [
              {
                "reference": {
                  "fullUrl": "urn:uuid:4df88bdf-1d8b-44ce-adee-a8cf586da832",
                  "resource": {
                    "id": "4df88bdf-1d8b-44ce-adee-a8cf586da832",
                    "meta": {
                      "profile": [
                        "http://standardhealthrecord.org/fhir/StructureDefinition/shr-encounter-Encounter"
                      ]
                    },
                    "status": "finished",
                    "class": {
                      "code": "ambulatory"
                    },
                    "type": [
                      {
                        "coding": [
                          {
                            "system": "http://snomed.info/sct",
                            "code": "308646001"
                          }
                        ],
                        "text": "Death Certification"
                      }
                    ],
                    "subject": {
                      "reference": "urn:uuid:e4607e83-231e-4cb1-996e-67c36c7d8f6f"
                    },
                    "period": {
                      "start": "1996-12-13T08:01:44-05:00",
                      "end": "1996-12-13T08:16:44-05:00"
                    },
                    "serviceProvider": {
                      "reference": "urn:uuid:be38798e-e96e-4cdb-9bf0-28ca0a46b4f4"
                    },
                    "resourceType": "Encounter"
                  }
                }
              }
            ]
          },
          {
            "sequence": 1,
            "net": {
              "value": 255.0,
              "system": "urn:iso:std:iso:4217",
              "code": "USD"
            }
          }
        ],
        "total": {
          "value": 255.0,
          "system": "urn:iso:std:iso:4217",
          "code": "USD"
        },
        "resourceType": "Claim"
      }
    },
    {
      "fullUrl": "urn:uuid:b8d2e03a-6bbf-48d0-b566-700dac0d8be7",
      "resource": {
        "id": "b8d2e03a-6bbf-48d0-b566-700dac0d8be7",
        "meta": {
          "profile": [
            "http://standardhealthrecord.org/fhir/StructureDefinition/shr-observation-Observation"
          ]
        },
        "status": "final",
        "category": [
          {
            "coding": [
              {
                "system": "http://hl7.org/fhir/observation-category",
                "code": "survey"
              }
            ]
          }
        ],
        "code": {
          "coding": [
            {
              "system": "http://snomed.info/sct",
              "code": "273724008",
              "display": "Quality adjusted life years"
            }
          ],
          "text": "Quality adjusted life years"
        },
        "subject": {
          "reference": "urn:uuid:e4607e83-231e-4cb1-996e-67c36c7d8f6f"
        },
        "effectiveDateTime": "2017-10-31T16:09:28-04:00",
        "issued": "2017-10-31T16:09:28-04:00",
        "valueQuantity": {
          "value": 76.55621775226955,
          "unit": "years",
          "system": "http://unitsofmeasure.org/",
          "code": "years"
        },
        "resourceType": "Observation"
      }
    },
    {
      "fullUrl": "urn:uuid:02571edb-3a1e-40ea-b823-395d3cba8f5a",
      "resource": {
        "id": "02571edb-3a1e-40ea-b823-395d3cba8f5a",
        "meta": {
          "profile": [
            "http://standardhealthrecord.org/fhir/StructureDefinition/shr-observation-Observation"
          ]
        },
        "status": "final",
        "category": [
          {
            "coding": [
              {
                "system": "http://hl7.org/fhir/observation-category",
                "code": "survey"
              }
            ]
          }
        ],
        "code": {
          "coding": [
            {
              "system": "http://snomed.info/sct",
              "code": "273421001",
              "display": "Disability rating scale"
            }
          ],
          "text": "Disability rating scale"
        },
        "subject": {
          "reference": "urn:uuid:e4607e83-231e-4cb1-996e-67c36c7d8f6f"
        },
        "effectiveDateTime": "2017-10-31T16:09:28-04:00",
        "issued": "2017-10-31T16:09:28-04:00",
        "valueQuantity": {
          "value": 16.90770224773045,
          "unit": "years",
          "system": "http://unitsofmeasure.org/",
          "code": "years"
        },
        "resourceType": "Observation"
      }
    }
  ],
  "resourceType": "Bundle"
}